ply
format ascii 1.0
element vertex 4500
property float x
property float y
property float z
property float nx
property float ny
property float nz
property float f_dc_0
property float f_dc_1
property float f_dc_2
property float opacity
property float scale_0
property float scale_1
property float scale_2
property float rot_0
property float rot_1
property float rot_2
property float rot_3
end_header
-2.323046 0.022701 -51.838818 0.000000 0.000000 0.000000 -1.134370 -1.063472 -0.992574 4.200000 -2.407946 -3.352407 -2.407946 1.000000 0.000000 0.000000 0.000000
-3.847031 0.017976 23.553342 0.000000 0.000000 0.000000 -1.134370 -1.063472 -0.992574 4.200000 -2.407946 -3.352407 -2.407946 1.000000 0.000000 0.000000 0.000000
4.576645 0.013832 -36.671804 0.000000 0.000000 0.000000 -1.134370 -1.063472 -0.992574 4.200000 -2.407946 -3.352407 -2.407946 1.000000 0.000000 0.000000 0.000000
5.610477 0.005226 15.435527 0.000000 0.000000 0.000000 -1.134370 -1.063472 -0.992574 4.200000 -2.407946 -3.352407 -2.407946 1.000000 0.000000 0.000000 0.000000
5.049611 0.007934 30.858667 0.000000 0.000000 0.000000 -1.134370 -1.063472 -0.992574 4.200000 -2.407946 -3.352407 -2.407946 1.000000 0.000000 0.000000 0.000000
4.569923 0.015910 47.787987 0.000000 0.000000 0.000000 -1.134370 -1.063472 -0.992574 4.200000 -2.407946 -3.352407 -2.407946 1.000000 0.000000 0.000000 0.000000
-0.498300 0.012624 -14.519302 0.000000 0.000000 0.000000 -1.134370 -1.063472 -0.992574 4.200000 -2.407946 -3.352407 -2.407946 1.000000 0.000000 0.000000 0.000000
2.567137 0.022533 9.887618 0.000000 0.000000 0.000000 -1.134370 -1.063472 -0.992574 4.200000 -2.407946 -3.352407 -2.407946 1.000000 0.000000 0.000000 0.000000
-1.377798 0.020640 -25.138859 0.000000 0.000000 0.000000 -1.134370 -1.063472 -0.992574 4.200000 -2.407946 -3.352407 -2.407946 1.000000 0.000000 0.000000 0.000000
2.317460 0.020492 1.083141 0.000000 0.000000 0.000000 -1.134370 -1.063472 -0.992574 4.200000 -2.407946 -3.352407 -2.407946 1.000000 0.000000 0.000000 0.000000
3.242815 0.007714 -54.142340 0.000000 0.000000 0.000000 -1.134370 -1.063472 -0.992574 4.200000 -2.407946 -3.352407 -2.407946 1.000000 0.000000 0.000000 0.000000
1.526601 0.011023 52.756101 0.000000 0.000000 0.000000 -1.134370 -1.063472 -0.992574 4.200000 -2.407946 -3.352407 -2.407946 1.000000 0.000000 0.000000 0.000000
-0.105821 0.027795 25.336543 0.000000 0.000000 0.000000 -1.134370 -1.063472 -0.992574 4.200000 -2.407946 -3.352407 -2.407946 1.000000 0.000000 0.000000 0.000000
-4.205811 0.011756 -54.986535 0.000000 0.000000 0.000000 -1.134370 -1.063472 -0.992574 4.200000 -2.407946 -3.352407 -2.407946 1.000000 0.000000 0.000000 0.000000
-1.612461 0.003307 -5.123274 0.000000 0.000000 0.000000 -1.134370 -1.063472 -0.992574 4.200000 -2.407946 -3.352407 -2.407946 1.000000 0.000000 0.000000 0.000000
-4.445093 0.003238 55.968980 0.000000 0.000000 0.000000 -1.134370 -1.063472 -0.992574 4.200000 -2.407946 -3.352407 -2.407946 1.000000 0.000000 0.000000 0.000000
-4.816843 0.008246 30.230261 0.000000 0.000000 0.000000 -1.134370 -1.063472 -0.992574 4.200000 -2.407946 -3.352407 -2.407946 1.000000 0.000000 0.000000 0.000000
-2.576245 0.008645 -13.104883 0.000000 0.000000 0.000000 -1.134370 -1.063472 -0.992574 4.200000 -2.407946 -3.352407 -2.407946 1.000000 0.000000 0.000000 0.000000
-2.751852 0.028215 -37.962173 0.000000 0.000000 0.000000 -1.134370 -1.063472 -0.992574 4.200000 -2.407946 -3.352407 -2.407946 1.000000 0.000000 0.000000 0.000000
3.660097 0.027648 -24.022226 0.000000 0.000000 0.000000 -1.134370 -1.063472 -0.992574 4.200000 -2.407946 -3.352407 -2.407946 1.000000 0.000000 0.000000 0.000000
-4.692170 0.021178 16.813316 0.000000 0.000000 0.000000 -1.134370 -1.063472 -0.992574 4.200000 -2.407946 -3.352407 -2.407946 1.000000 0.000000 0.000000 0.000000
-4.384158 0.002923 36.616713 0.000000 0.000000 0.000000 -1.134370 -1.063472 -0.992574 4.200000 -2.407946 -3.352407 -2.407946 1.000000 0.000000 0.000000 0.000000
-5.082704 0.024342 -26.299309 0.000000 0.000000 0.000000 -1.134370 -1.063472 -0.992574 4.200000 -2.407946 -3.352407 -2.407946 1.000000 0.000000 0.000000 0.000000
-0.086918 0.008259 35.968770 0.000000 0.000000 0.000000 -1.134370 -1.063472 -0.992574 4.200000 -2.407946 -3.352407 -2.407946 1.000000 0.000000 0.000000 0.000000
-5.372862 0.005294 -54.342324 0.000000 0.000000 0.000000 -1.134370 -1.063472 -0.992574 4.200000 -2.407946 -3.352407 -2.407946 1.000000 0.000000 0.000000 0.000000
1.427596 0.017072 48.373129 0.000000 0.000000 0.000000 -1.134370 -1.063472 -0.992574 4.200000 -2.407946 -3.352407 -2.407946 1.000000 0.000000 0.000000 0.000000
4.450612 0.016075 7.944826 0.000000 0.000000 0.000000 -1.134370 -1.063472 -0.992574 4.200000 -2.407946 -3.352407 -2.407946 1.000000 0.000000 0.000000 0.000000
3.002893 0.010708 24.590322 0.000000 0.000000 0.000000 -1.134370 -1.063472 -0.992574 4.200000 -2.407946 -3.352407 -2.407946 1.000000 0.000000 0.000000 0.000000
2.448582 0.008642 53.973295 0.000000 0.000000 0.000000 -1.134370 -1.063472 -0.992574 4.200000 -2.407946 -3.352407 -2.407946 1.000000 0.000000 0.000000 0.000000
0.724430 0.021538 29.825887 0.000000 0.000000 0.000000 -1.134370 -1.063472 -0.992574 4.200000 -2.407946 -3.352407 -2.407946 1.000000 0.000000 0.000000 0.000000
2.371938 0.001554 38.179187 0.000000 0.000000 0.000000 -1.134370 -1.063472 -0.992574 4.200000 -2.407946 -3.352407 -2.407946 1.000000 0.000000 0.000000 0.000000
0.646340 0.004299 -42.151801 0.000000 0.000000 0.000000 -1.134370 -1.063472 -0.992574 4.200000 -2.407946 -3.352407 -2.407946 1.000000 0.000000 0.000000 0.000000
2.391059 0.029351 -14.874602 0.000000 0.000000 0.000000 -1.134370 -1.063472 -0.992574 4.200000 -2.407946 -3.352407 -2.407946 1.000000 0.000000 0.000000 0.000000
0.181222 0.001900 -38.032078 0.000000 0.000000 0.000000 -1.134370 -1.063472 -0.992574 4.200000 -2.407946 -3.352407 -2.407946 1.000000 0.000000 0.000000 0.000000
-1.258391 0.000803 -12.292732 0.000000 0.000000 0.000000 -1.134370 -1.063472 -0.992574 4.200000 -2.407946 -3.352407 -2.407946 1.000000 0.000000 0.000000 0.000000
-5.827583 0.024785 -4.310272 0.000000 0.000000 0.000000 -1.134370 -1.063472 -0.992574 4.200000 -2.407946 -3.352407 -2.407946 1.000000 0.000000 0.000000 0.000000
-1.922525 0.020265 -37.679986 0.000000 0.000000 0.000000 -1.134370 -1.063472 -0.992574 4.200000 -2.407946 -3.352407 -2.407946 1.000000 0.000000 0.000000 0.000000
4.348019 0.015186 -16.910449 0.000000 0.000000 0.000000 -1.134370 -1.063472 -0.992574 4.200000 -2.407946 -3.352407 -2.407946 1.000000 0.000000 0.000000 0.000000
-1.534891 0.013466 -42.438167 0.000000 0.000000 0.000000 -1.134370 -1.063472 -0.992574 4.200000 -2.407946 -3.352407 -2.407946 1.000000 0.000000 0.000000 0.000000
-5.785290 0.021318 -8.403757 0.000000 0.000000 0.000000 -1.134370 -1.063472 -0.992574 4.200000 -2.407946 -3.352407 -2.407946 1.000000 0.000000 0.000000 0.000000
3.820100 0.018233 45.126397 0.000000 0.000000 0.000000 -1.134370 -1.063472 -0.992574 4.200000 -2.407946 -3.352407 -2.407946 1.000000 0.000000 0.000000 0.000000
3.359095 0.010052 -30.190756 0.000000 0.000000 0.000000 -1.134370 -1.063472 -0.992574 4.200000 -2.407946 -3.352407 -2.407946 1.000000 0.000000 0.000000 0.000000
-2.158170 0.003619 23.062951 0.000000 0.000000 0.000000 -1.134370 -1.063472 -0.992574 4.200000 -2.407946 -3.352407 -2.407946 1.000000 0.000000 0.000000 0.000000
4.471560 0.010160 -36.924124 0.000000 0.000000 0.000000 -1.134370 -1.063472 -0.992574 4.200000 -2.407946 -3.352407 -2.407946 1.000000 0.000000 0.000000 0.000000
0.137477 0.017803 -57.740061 0.000000 0.000000 0.000000 -1.134370 -1.063472 -0.992574 4.200000 -2.407946 -3.352407 -2.407946 1.000000 0.000000 0.000000 0.000000
5.092805 0.029926 32.011336 0.000000 0.000000 0.000000 -1.134370 -1.063472 -0.992574 4.200000 -2.407946 -3.352407 -2.407946 1.000000 0.000000 0.000000 0.000000
5.618175 0.000730 54.740225 0.000000 0.000000 0.000000 -1.134370 -1.063472 -0.992574 4.200000 -2.407946 -3.352407 -2.407946 1.000000 0.000000 0.000000 0.000000
3.053743 0.016784 22.897757 0.000000 0.000000 0.000000 -1.134370 -1.063472 -0.992574 4.200000 -2.407946 -3.352407 -2.407946 1.000000 0.000000 0.000000 0.000000
-2.880046 0.014909 17.694049 0.000000 0.000000 0.000000 -1.134370 -1.063472 -0.992574 4.200000 -2.407946 -3.352407 -2.407946 1.000000 0.000000 0.000000 0.000000
-2.013191 0.021837 -8.198970 0.000000 0.000000 0.000000 -1.134370 -1.063472 -0.992574 4.200000 -2.407946 -3.352407 -2.407946 1.000000 0.000000 0.000000 0.000000
4.616291 0.006861 -14.265289 0.000000 0.000000 0.000000 -1.134370 -1.063472 -0.992574 4.200000 -2.407946 -3.352407 -2.407946 1.000000 0.000000 0.000000 0.000000
-4.069059 0.029046 6.390504 0.000000 0.000000 0.000000 -1.134370 -1.063472 -0.992574 4.200000 -2.407946 -3.352407 -2.407946 1.000000 0.000000 0.000000 0.000000
0.049228 0.009752 -22.035396 0.000000 0.000000 0.000000 -1.134370 -1.063472 -0.992574 4.200000 -2.407946 -3.352407 -2.407946 1.000000 0.000000 0.000000 0.000000
-3.097815 0.004975 -21.447786 0.000000 0.000000 0.000000 -1.134370 -1.063472 -0.992574 4.200000 -2.407946 -3.352407 -2.407946 1.000000 0.000000 0.000000 0.000000
1.138945 0.001989 -41.917879 0.000000 0.000000 0.000000 -1.134370 -1.063472 -0.992574 4.200000 -2.407946 -3.352407 -2.407946 1.000000 0.000000 0.000000 0.000000
2.375285 0.013701 -23.067463 0.000000 0.000000 0.000000 -1.134370 -1.063472 -0.992574 4.200000 -2.407946 -3.352407 -2.407946 1.000000 0.000000 0.000000 0.000000
1.942556 0.006728 -24.940398 0.000000 0.000000 0.000000 -1.134370 -1.063472 -0.992574 4.200000 -2.407946 -3.352407 -2.407946 1.000000 0.000000 0.000000 0.000000
0.934254 0.015829 -24.106406 0.000000 0.000000 0.000000 -1.134370 -1.063472 -0.992574 4.200000 -2.407946 -3.352407 -2.407946 1.000000 0.000000 0.000000 0.000000
2.185652 0.020550 -29.841403 0.000000 0.000000 0.000000 -1.134370 -1.063472 -0.992574 4.200000 -2.407946 -3.352407 -2.407946 1.000000 0.000000 0.000000 0.000000
5.842189 0.022503 42.706028 0.000000 0.000000 0.000000 -1.134370 -1.063472 -0.992574 4.200000 -2.407946 -3.352407 -2.407946 1.000000 0.000000 0.000000 0.000000
0.255294 0.007393 53.363682 0.000000 0.000000 0.000000 -1.134370 -1.063472 -0.992574 4.200000 -2.407946 -3.352407 -2.407946 1.000000 0.000000 0.000000 0.000000
-5.504828 0.003865 8.632366 0.000000 0.000000 0.000000 -1.134370 -1.063472 -0.992574 4.200000 -2.407946 -3.352407 -2.407946 1.000000 0.000000 0.000000 0.000000
-2.797273 0.028013 20.196357 0.000000 0.000000 0.000000 -1.134370 -1.063472 -0.992574 4.200000 -2.407946 -3.352407 -2.407946 1.000000 0.000000 0.000000 0.000000
-4.549524 0.022443 35.006994 0.000000 0.000000 0.000000 -1.134370 -1.063472 -0.992574 4.200000 -2.407946 -3.352407 -2.407946 1.000000 0.000000 0.000000 0.000000
-4.361430 0.026833 -38.135702 0.000000 0.000000 0.000000 -1.134370 -1.063472 -0.992574 4.200000 -2.407946 -3.352407 -2.407946 1.000000 0.000000 0.000000 0.000000
-2.456166 0.025299 -25.076383 0.000000 0.000000 0.000000 -1.134370 -1.063472 -0.992574 4.200000 -2.407946 -3.352407 -2.407946 1.000000 0.000000 0.000000 0.000000
-5.311195 0.000736 -27.478016 0.000000 0.000000 0.000000 -1.134370 -1.063472 -0.992574 4.200000 -2.407946 -3.352407 -2.407946 1.000000 0.000000 0.000000 0.000000
-4.318606 0.009330 -53.801853 0.000000 0.000000 0.000000 -1.134370 -1.063472 -0.992574 4.200000 -2.407946 -3.352407 -2.407946 1.000000 0.000000 0.000000 0.000000
-4.385507 0.029421 -12.690043 0.000000 0.000000 0.000000 -1.134370 -1.063472 -0.992574 4.200000 -2.407946 -3.352407 -2.407946 1.000000 0.000000 0.000000 0.000000
-5.495054 0.018813 -17.487531 0.000000 0.000000 0.000000 -1.134370 -1.063472 -0.992574 4.200000 -2.407946 -3.352407 -2.407946 1.000000 0.000000 0.000000 0.000000
5.106999 0.028080 -13.922364 0.000000 0.000000 0.000000 -1.134370 -1.063472 -0.992574 4.200000 -2.407946 -3.352407 -2.407946 1.000000 0.000000 0.000000 0.000000
5.111943 0.011197 -50.131930 0.000000 0.000000 0.000000 -1.134370 -1.063472 -0.992574 4.200000 -2.407946 -3.352407 -2.407946 1.000000 0.000000 0.000000 0.000000
-0.542029 0.000617 -23.097991 0.000000 0.000000 0.000000 -1.134370 -1.063472 -0.992574 4.200000 -2.407946 -3.352407 -2.407946 1.000000 0.000000 0.000000 0.000000
1.214622 0.011367 33.404910 0.000000 0.000000 0.000000 -1.134370 -1.063472 -0.992574 4.200000 -2.407946 -3.352407 -2.407946 1.000000 0.000000 0.000000 0.000000
-2.468642 0.008629 18.861631 0.000000 0.000000 0.000000 -1.134370 -1.063472 -0.992574 4.200000 -2.407946 -3.352407 -2.407946 1.000000 0.000000 0.000000 0.000000
1.844148 0.013584 -46.989216 0.000000 0.000000 0.000000 -1.134370 -1.063472 -0.992574 4.200000 -2.407946 -3.352407 -2.407946 1.000000 0.000000 0.000000 0.000000
1.406108 0.015578 -28.773498 0.000000 0.000000 0.000000 -1.134370 -1.063472 -0.992574 4.200000 -2.407946 -3.352407 -2.407946 1.000000 0.000000 0.000000 0.000000
5.241176 0.024576 3.384022 0.000000 0.000000 0.000000 -1.134370 -1.063472 -0.992574 4.200000 -2.407946 -3.352407 -2.407946 1.000000 0.000000 0.000000 0.000000
-0.002912 0.009294 25.222612 0.000000 0.000000 0.000000 -1.134370 -1.063472 -0.992574 4.200000 -2.407946 -3.352407 -2.407946 1.000000 0.000000 0.000000 0.000000
-2.816896 0.010731 -22.893248 0.000000 0.000000 0.000000 -1.134370 -1.063472 -0.992574 4.200000 -2.407946 -3.352407 -2.407946 1.000000 0.000000 0.000000 0.000000
-1.300308 0.005877 5.740245 0.000000 0.000000 0.000000 -1.134370 -1.063472 -0.992574 4.200000 -2.407946 -3.352407 -2.407946 1.000000 0.000000 0.000000 0.000000
-4.229378 0.016591 -37.621952 0.000000 0.000000 0.000000 -1.134370 -1.063472 -0.992574 4.200000 -2.407946 -3.352407 -2.407946 1.000000 0.000000 0.000000 0.000000
1.506349 0.013957 -27.709181 0.000000 0.000000 0.000000 -1.134370 -1.063472 -0.992574 4.200000 -2.407946 -3.352407 -2.407946 1.000000 0.000000 0.000000 0.000000
5.664684 0.023286 -26.138894 0.000000 0.000000 0.000000 -1.134370 -1.063472 -0.992574 4.200000 -2.407946 -3.352407 -2.407946 1.000000 0.000000 0.000000 0.000000
4.705640 0.028638 53.078921 0.000000 0.000000 0.000000 -1.134370 -1.063472 -0.992574 4.200000 -2.407946 -3.352407 -2.407946 1.000000 0.000000 0.000000 0.000000
-5.878188 0.028663 14.967652 0.000000 0.000000 0.000000 -1.134370 -1.063472 -0.992574 4.200000 -2.407946 -3.352407 -2.407946 1.000000 0.000000 0.000000 0.000000
5.711113 0.015455 39.229096 0.000000 0.000000 0.000000 -1.134370 -1.063472 -0.992574 4.200000 -2.407946 -3.352407 -2.407946 1.000000 0.000000 0.000000 0.000000
-2.064261 0.010910 -27.992468 0.000000 0.000000 0.000000 -1.134370 -1.063472 -0.992574 4.200000 -2.407946 -3.352407 -2.407946 1.000000 0.000000 0.000000 0.000000
4.486159 0.028848 7.139778 0.000000 0.000000 0.000000 -1.134370 -1.063472 -0.992574 4.200000 -2.407946 -3.352407 -2.407946 1.000000 0.000000 0.000000 0.000000
4.062111 0.004818 14.079723 0.000000 0.000000 0.000000 -1.134370 -1.063472 -0.992574 4.200000 -2.407946 -3.352407 -2.407946 1.000000 0.000000 0.000000 0.000000
0.132427 0.025038 39.631876 0.000000 0.000000 0.000000 -1.134370 -1.063472 -0.992574 4.200000 -2.407946 -3.352407 -2.407946 1.000000 0.000000 0.000000 0.000000
-1.176122 0.015543 57.813273 0.000000 0.000000 0.000000 -1.134370 -1.063472 -0.992574 4.200000 -2.407946 -3.352407 -2.407946 1.000000 0.000000 0.000000 0.000000
-0.234170 0.015862 4.514664 0.000000 0.000000 0.000000 -1.134370 -1.063472 -0.992574 4.200000 -2.407946 -3.352407 -2.407946 1.000000 0.000000 0.000000 0.000000
-0.410598 0.025291 -29.073210 0.000000 0.000000 0.000000 -1.134370 -1.063472 -0.992574 4.200000 -2.407946 -3.352407 -2.407946 1.000000 0.000000 0.000000 0.000000
-4.960522 0.018697 36.638437 0.000000 0.000000 0.000000 -1.134370 -1.063472 -0.992574 4.200000 -2.407946 -3.352407 -2.407946 1.000000 0.000000 0.000000 0.000000
-5.176465 0.011755 10.574324 0.000000 0.000000 0.000000 -1.134370 -1.063472 -0.992574 4.200000 -2.407946 -3.352407 -2.407946 1.000000 0.000000 0.000000 0.000000
0.997189 0.028206 -18.097662 0.000000 0.000000 0.000000 -1.134370 -1.063472 -0.992574 4.200000 -2.407946 -3.352407 -2.407946 1.000000 0.000000 0.000000 0.000000
5.964112 0.009496 -40.046813 0.000000 0.000000 0.000000 -1.134370 -1.063472 -0.992574 4.200000 -2.407946 -3.352407 -2.407946 1.000000 0.000000 0.000000 0.000000
-2.473650 0.023853 -26.715686 0.000000 0.000000 0.000000 -1.134370 -1.063472 -0.992574 4.200000 -2.407946 -3.352407 -2.407946 1.000000 0.000000 0.000000 0.000000
-5.324349 0.002827 12.453110 0.000000 0.000000 0.000000 -1.134370 -1.063472 -0.992574 4.200000 -2.407946 -3.352407 -2.407946 1.000000 0.000000 0.000000 0.000000
1.843696 0.016336 5.781561 0.000000 0.000000 0.000000 -1.134370 -1.063472 -0.992574 4.200000 -2.407946 -3.352407 -2.407946 1.000000 0.000000 0.000000 0.000000
3.430358 0.009498 26.197087 0.000000 0.000000 0.000000 -1.134370 -1.063472 -0.992574 4.200000 -2.407946 -3.352407 -2.407946 1.000000 0.000000 0.000000 0.000000
2.368075 0.029805 46.553195 0.000000 0.000000 0.000000 -1.134370 -1.063472 -0.992574 4.200000 -2.407946 -3.352407 -2.407946 1.000000 0.000000 0.000000 0.000000
-5.699389 0.002631 28.273261 0.000000 0.000000 0.000000 -1.134370 -1.063472 -0.992574 4.200000 -2.407946 -3.352407 -2.407946 1.000000 0.000000 0.000000 0.000000
-2.548576 0.026333 28.928826 0.000000 0.000000 0.000000 -1.134370 -1.063472 -0.992574 4.200000 -2.407946 -3.352407 -2.407946 1.000000 0.000000 0.000000 0.000000
4.475733 0.004261 16.976669 0.000000 0.000000 0.000000 -1.134370 -1.063472 -0.992574 4.200000 -2.407946 -3.352407 -2.407946 1.000000 0.000000 0.000000 0.000000
-1.239610 0.029928 4.662006 0.000000 0.000000 0.000000 -1.134370 -1.063472 -0.992574 4.200000 -2.407946 -3.352407 -2.407946 1.000000 0.000000 0.000000 0.000000
2.856023 0.004693 -34.395930 0.000000 0.000000 0.000000 -1.134370 -1.063472 -0.992574 4.200000 -2.407946 -3.352407 -2.407946 1.000000 0.000000 0.000000 0.000000
-2.641764 0.007043 -37.376013 0.000000 0.000000 0.000000 -1.134370 -1.063472 -0.992574 4.200000 -2.407946 -3.352407 -2.407946 1.000000 0.000000 0.000000 0.000000
3.949871 0.018929 47.087516 0.000000 0.000000 0.000000 -1.134370 -1.063472 -0.992574 4.200000 -2.407946 -3.352407 -2.407946 1.000000 0.000000 0.000000 0.000000
-1.269161 0.005640 50.852943 0.000000 0.000000 0.000000 -1.134370 -1.063472 -0.992574 4.200000 -2.407946 -3.352407 -2.407946 1.000000 0.000000 0.000000 0.000000
2.864838 0.000202 -44.140297 0.000000 0.000000 0.000000 -1.134370 -1.063472 -0.992574 4.200000 -2.407946 -3.352407 -2.407946 1.000000 0.000000 0.000000 0.000000
-4.676398 0.026580 50.419899 0.000000 0.000000 0.000000 -1.134370 -1.063472 -0.992574 4.200000 -2.407946 -3.352407 -2.407946 1.000000 0.000000 0.000000 0.000000
5.515639 0.021899 -21.238095 0.000000 0.000000 0.000000 -1.134370 -1.063472 -0.992574 4.200000 -2.407946 -3.352407 -2.407946 1.000000 0.000000 0.000000 0.000000
-1.766887 0.014071 -55.266813 0.000000 0.000000 0.000000 -1.134370 -1.063472 -0.992574 4.200000 -2.407946 -3.352407 -2.407946 1.000000 0.000000 0.000000 0.000000
5.807711 0.016665 41.452909 0.000000 0.000000 0.000000 -1.134370 -1.063472 -0.992574 4.200000 -2.407946 -3.352407 -2.407946 1.000000 0.000000 0.000000 0.000000
3.038283 0.012380 -54.225848 0.000000 0.000000 0.000000 -1.134370 -1.063472 -0.992574 4.200000 -2.407946 -3.352407 -2.407946 1.000000 0.000000 0.000000 0.000000
4.120291 0.016906 -6.921643 0.000000 0.000000 0.000000 -1.134370 -1.063472 -0.992574 4.200000 -2.407946 -3.352407 -2.407946 1.000000 0.000000 0.000000 0.000000
-5.407695 0.022709 -2.899324 0.000000 0.000000 0.000000 -1.134370 -1.063472 -0.992574 4.200000 -2.407946 -3.352407 -2.407946 1.000000 0.000000 0.000000 0.000000
0.515419 0.009834 -0.399880 0.000000 0.000000 0.000000 -1.134370 -1.063472 -0.992574 4.200000 -2.407946 -3.352407 -2.407946 1.000000 0.000000 0.000000 0.000000
-3.438087 0.020809 37.199722 0.000000 0.000000 0.000000 -1.134370 -1.063472 -0.992574 4.200000 -2.407946 -3.352407 -2.407946 1.000000 0.000000 0.000000 0.000000
4.312615 0.021640 6.565783 0.000000 0.000000 0.000000 -1.134370 -1.063472 -0.992574 4.200000 -2.407946 -3.352407 -2.407946 1.000000 0.000000 0.000000 0.000000
-1.699438 0.024236 9.688012 0.000000 0.000000 0.000000 -1.134370 -1.063472 -0.992574 4.200000 -2.407946 -3.352407 -2.407946 1.000000 0.000000 0.000000 0.000000
-5.049239 0.005369 35.672005 0.000000 0.000000 0.000000 -1.134370 -1.063472 -0.992574 4.200000 -2.407946 -3.352407 -2.407946 1.000000 0.000000 0.000000 0.000000
4.551232 0.010322 -34.742740 0.000000 0.000000 0.000000 -1.134370 -1.063472 -0.992574 4.200000 -2.407946 -3.352407 -2.407946 1.000000 0.000000 0.000000 0.000000
4.010388 0.022191 38.092686 0.000000 0.000000 0.000000 -1.134370 -1.063472 -0.992574 4.200000 -2.407946 -3.352407 -2.407946 1.000000 0.000000 0.000000 0.000000
-4.005494 0.003187 -11.596411 0.000000 0.000000 0.000000 -1.134370 -1.063472 -0.992574 4.200000 -2.407946 -3.352407 -2.407946 1.000000 0.000000 0.000000 0.000000
3.046196 0.004589 -56.573611 0.000000 0.000000 0.000000 -1.134370 -1.063472 -0.992574 4.200000 -2.407946 -3.352407 -2.407946 1.000000 0.000000 0.000000 0.000000
-4.570689 0.002884 -54.001642 0.000000 0.000000 0.000000 -1.134370 -1.063472 -0.992574 4.200000 -2.407946 -3.352407 -2.407946 1.000000 0.000000 0.000000 0.000000
2.618670 0.020764 25.497826 0.000000 0.000000 0.000000 -1.134370 -1.063472 -0.992574 4.200000 -2.407946 -3.352407 -2.407946 1.000000 0.000000 0.000000 0.000000
-5.723094 0.014405 -50.913229 0.000000 0.000000 0.000000 -1.134370 -1.063472 -0.992574 4.200000 -2.407946 -3.352407 -2.407946 1.000000 0.000000 0.000000 0.000000
1.224371 0.006055 -37.469924 0.000000 0.000000 0.000000 -1.134370 -1.063472 -0.992574 4.200000 -2.407946 -3.352407 -2.407946 1.000000 0.000000 0.000000 0.000000
4.386250 0.018222 -35.567563 0.000000 0.000000 0.000000 -1.134370 -1.063472 -0.992574 4.200000 -2.407946 -3.352407 -2.407946 1.000000 0.000000 0.000000 0.000000
-0.019862 0.027700 -31.189170 0.000000 0.000000 0.000000 -1.134370 -1.063472 -0.992574 4.200000 -2.407946 -3.352407 -2.407946 1.000000 0.000000 0.000000 0.000000
-5.152758 0.007916 -7.621081 0.000000 0.000000 0.000000 -1.134370 -1.063472 -0.992574 4.200000 -2.407946 -3.352407 -2.407946 1.000000 0.000000 0.000000 0.000000
-0.587698 0.026532 23.643151 0.000000 0.000000 0.000000 -1.134370 -1.063472 -0.992574 4.200000 -2.407946 -3.352407 -2.407946 1.000000 0.000000 0.000000 0.000000
-2.635807 0.005433 23.395328 0.000000 0.000000 0.000000 -1.134370 -1.063472 -0.992574 4.200000 -2.407946 -3.352407 -2.407946 1.000000 0.000000 0.000000 0.000000
3.751607 0.027158 11.234935 0.000000 0.000000 0.000000 -1.134370 -1.063472 -0.992574 4.200000 -2.407946 -3.352407 -2.407946 1.000000 0.000000 0.000000 0.000000
-2.461148 0.007968 2.188311 0.000000 0.000000 0.000000 -1.134370 -1.063472 -0.992574 4.200000 -2.407946 -3.352407 -2.407946 1.000000 0.000000 0.000000 0.000000
3.780136 0.029590 0.084786 0.000000 0.000000 0.000000 -1.134370 -1.063472 -0.992574 4.200000 -2.407946 -3.352407 -2.407946 1.000000 0.000000 0.000000 0.000000
-3.225543 0.014264 -40.440888 0.000000 0.000000 0.000000 -1.134370 -1.063472 -0.992574 4.200000 -2.407946 -3.352407 -2.407946 1.000000 0.000000 0.000000 0.000000
-5.884143 0.004719 11.482169 0.000000 0.000000 0.000000 -1.134370 -1.063472 -0.992574 4.200000 -2.407946 -3.352407 -2.407946 1.000000 0.000000 0.000000 0.000000
-1.292554 0.012994 30.648765 0.000000 0.000000 0.000000 -1.134370 -1.063472 -0.992574 4.200000 -2.407946 -3.352407 -2.407946 1.000000 0.000000 0.000000 0.000000
5.823572 0.009922 -21.830657 0.000000 0.000000 0.000000 -1.134370 -1.063472 -0.992574 4.200000 -2.407946 -3.352407 -2.407946 1.000000 0.000000 0.000000 0.000000
-1.627318 0.021253 -22.042856 0.000000 0.000000 0.000000 -1.134370 -1.063472 -0.992574 4.200000 -2.407946 -3.352407 -2.407946 1.000000 0.000000 0.000000 0.000000
-2.548491 0.027923 -5.667304 0.000000 0.000000 0.000000 -1.134370 -1.063472 -0.992574 4.200000 -2.407946 -3.352407 -2.407946 1.000000 0.000000 0.000000 0.000000
-5.764165 0.002207 38.047641 0.000000 0.000000 0.000000 -1.134370 -1.063472 -0.992574 4.200000 -2.407946 -3.352407 -2.407946 1.000000 0.000000 0.000000 0.000000
4.028769 0.009711 -22.720759 0.000000 0.000000 0.000000 -1.134370 -1.063472 -0.992574 4.200000 -2.407946 -3.352407 -2.407946 1.000000 0.000000 0.000000 0.000000
5.190871 0.027571 49.972621 0.000000 0.000000 0.000000 -1.134370 -1.063472 -0.992574 4.200000 -2.407946 -3.352407 -2.407946 1.000000 0.000000 0.000000 0.000000
3.755925 0.010968 -48.706957 0.000000 0.000000 0.000000 -1.134370 -1.063472 -0.992574 4.200000 -2.407946 -3.352407 -2.407946 1.000000 0.000000 0.000000 0.000000
-2.248213 0.006526 -19.494495 0.000000 0.000000 0.000000 -1.134370 -1.063472 -0.992574 4.200000 -2.407946 -3.352407 -2.407946 1.000000 0.000000 0.000000 0.000000
-1.346890 0.008166 -56.111767 0.000000 0.000000 0.000000 -1.134370 -1.063472 -0.992574 4.200000 -2.407946 -3.352407 -2.407946 1.000000 0.000000 0.000000 0.000000
1.759093 0.027115 35.011361 0.000000 0.000000 0.000000 -1.134370 -1.063472 -0.992574 4.200000 -2.407946 -3.352407 -2.407946 1.000000 0.000000 0.000000 0.000000
-3.846850 0.002567 -43.050394 0.000000 0.000000 0.000000 -1.134370 -1.063472 -0.992574 4.200000 -2.407946 -3.352407 -2.407946 1.000000 0.000000 0.000000 0.000000
-4.355299 0.017754 -53.723413 0.000000 0.000000 0.000000 -1.134370 -1.063472 -0.992574 4.200000 -2.407946 -3.352407 -2.407946 1.000000 0.000000 0.000000 0.000000
-5.702501 0.012687 45.006462 0.000000 0.000000 0.000000 -1.134370 -1.063472 -0.992574 4.200000 -2.407946 -3.352407 -2.407946 1.000000 0.000000 0.000000 0.000000
5.313513 0.027244 -6.896527 0.000000 0.000000 0.000000 -1.134370 -1.063472 -0.992574 4.200000 -2.407946 -3.352407 -2.407946 1.000000 0.000000 0.000000 0.000000
-5.186850 0.027680 -4.176521 0.000000 0.000000 0.000000 -1.134370 -1.063472 -0.992574 4.200000 -2.407946 -3.352407 -2.407946 1.000000 0.000000 0.000000 0.000000
3.511398 0.019985 -47.853182 0.000000 0.000000 0.000000 -1.134370 -1.063472 -0.992574 4.200000 -2.407946 -3.352407 -2.407946 1.000000 0.000000 0.000000 0.000000
4.527292 0.007875 29.735305 0.000000 0.000000 0.000000 -1.134370 -1.063472 -0.992574 4.200000 -2.407946 -3.352407 -2.407946 1.000000 0.000000 0.000000 0.000000
1.511531 0.008312 44.358131 0.000000 0.000000 0.000000 -1.134370 -1.063472 -0.992574 4.200000 -2.407946 -3.352407 -2.407946 1.000000 0.000000 0.000000 0.000000
-4.270666 0.013849 -30.253681 0.000000 0.000000 0.000000 -1.134370 -1.063472 -0.992574 4.200000 -2.407946 -3.352407 -2.407946 1.000000 0.000000 0.000000 0.000000
2.478406 0.006638 16.506239 0.000000 0.000000 0.000000 -1.134370 -1.063472 -0.992574 4.200000 -2.407946 -3.352407 -2.407946 1.000000 0.000000 0.000000 0.000000
1.171601 0.026171 -1.199068 0.000000 0.000000 0.000000 -1.134370 -1.063472 -0.992574 4.200000 -2.407946 -3.352407 -2.407946 1.000000 0.000000 0.000000 0.000000
0.405753 0.023452 53.168424 0.000000 0.000000 0.000000 -1.134370 -1.063472 -0.992574 4.200000 -2.407946 -3.352407 -2.407946 1.000000 0.000000 0.000000 0.000000
-3.724339 0.020912 34.038892 0.000000 0.000000 0.000000 -1.134370 -1.063472 -0.992574 4.200000 -2.407946 -3.352407 -2.407946 1.000000 0.000000 0.000000 0.000000
-4.521604 0.010775 -49.932160 0.000000 0.000000 0.000000 -1.134370 -1.063472 -0.992574 4.200000 -2.407946 -3.352407 -2.407946 1.000000 0.000000 0.000000 0.000000
-1.726075 0.001612 35.487661 0.000000 0.000000 0.000000 -1.134370 -1.063472 -0.992574 4.200000 -2.407946 -3.352407 -2.407946 1.000000 0.000000 0.000000 0.000000
-0.694687 0.028595 -47.522324 0.000000 0.000000 0.000000 -1.134370 -1.063472 -0.992574 4.200000 -2.407946 -3.352407 -2.407946 1.000000 0.000000 0.000000 0.000000
3.928141 0.016588 27.034166 0.000000 0.000000 0.000000 -1.134370 -1.063472 -0.992574 4.200000 -2.407946 -3.352407 -2.407946 1.000000 0.000000 0.000000 0.000000
3.891648 0.001827 -54.581407 0.000000 0.000000 0.000000 -1.134370 -1.063472 -0.992574 4.200000 -2.407946 -3.352407 -2.407946 1.000000 0.000000 0.000000 0.000000
-4.234458 0.013756 20.145448 0.000000 0.000000 0.000000 -1.134370 -1.063472 -0.992574 4.200000 -2.407946 -3.352407 -2.407946 1.000000 0.000000 0.000000 0.000000
-5.710525 0.011099 51.392458 0.000000 0.000000 0.000000 -1.134370 -1.063472 -0.992574 4.200000 -2.407946 -3.352407 -2.407946 1.000000 0.000000 0.000000 0.000000
4.778213 0.001726 -13.508612 0.000000 0.000000 0.000000 -1.134370 -1.063472 -0.992574 4.200000 -2.407946 -3.352407 -2.407946 1.000000 0.000000 0.000000 0.000000
5.588220 0.009628 -28.217819 0.000000 0.000000 0.000000 -1.134370 -1.063472 -0.992574 4.200000 -2.407946 -3.352407 -2.407946 1.000000 0.000000 0.000000 0.000000
3.782998 0.027512 -28.117152 0.000000 0.000000 0.000000 -1.134370 -1.063472 -0.992574 4.200000 -2.407946 -3.352407 -2.407946 1.000000 0.000000 0.000000 0.000000
1.224284 0.019053 -6.605037 0.000000 0.000000 0.000000 -1.134370 -1.063472 -0.992574 4.200000 -2.407946 -3.352407 -2.407946 1.000000 0.000000 0.000000 0.000000
-1.539387 0.009532 -48.588356 0.000000 0.000000 0.000000 -1.134370 -1.063472 -0.992574 4.200000 -2.407946 -3.352407 -2.407946 1.000000 0.000000 0.000000 0.000000
-3.836941 0.024403 -17.319241 0.000000 0.000000 0.000000 -1.134370 -1.063472 -0.992574 4.200000 -2.407946 -3.352407 -2.407946 1.000000 0.000000 0.000000 0.000000
2.676915 0.003438 -46.465983 0.000000 0.000000 0.000000 -1.134370 -1.063472 -0.992574 4.200000 -2.407946 -3.352407 -2.407946 1.000000 0.000000 0.000000 0.000000
1.909728 0.023168 17.100633 0.000000 0.000000 0.000000 -1.134370 -1.063472 -0.992574 4.200000 -2.407946 -3.352407 -2.407946 1.000000 0.000000 0.000000 0.000000
-5.370562 0.013782 48.527582 0.000000 0.000000 0.000000 -1.134370 -1.063472 -0.992574 4.200000 -2.407946 -3.352407 -2.407946 1.000000 0.000000 0.000000 0.000000
-0.835588 0.009027 -54.256866 0.000000 0.000000 0.000000 -1.134370 -1.063472 -0.992574 4.200000 -2.407946 -3.352407 -2.407946 1.000000 0.000000 0.000000 0.000000
-2.964998 0.023554 -32.898389 0.000000 0.000000 0.000000 -1.134370 -1.063472 -0.992574 4.200000 -2.407946 -3.352407 -2.407946 1.000000 0.000000 0.000000 0.000000
-1.440339 0.021466 -50.815794 0.000000 0.000000 0.000000 -1.134370 -1.063472 -0.992574 4.200000 -2.407946 -3.352407 -2.407946 1.000000 0.000000 0.000000 0.000000
1.461073 0.002517 47.282886 0.000000 0.000000 0.000000 -1.134370 -1.063472 -0.992574 4.200000 -2.407946 -3.352407 -2.407946 1.000000 0.000000 0.000000 0.000000
2.741067 0.004755 -50.465663 0.000000 0.000000 0.000000 -1.134370 -1.063472 -0.992574 4.200000 -2.407946 -3.352407 -2.407946 1.000000 0.000000 0.000000 0.000000
3.021333 0.006292 33.025672 0.000000 0.000000 0.000000 -1.134370 -1.063472 -0.992574 4.200000 -2.407946 -3.352407 -2.407946 1.000000 0.000000 0.000000 0.000000
1.446902 0.017996 -25.561321 0.000000 0.000000 0.000000 -1.134370 -1.063472 -0.992574 4.200000 -2.407946 -3.352407 -2.407946 1.000000 0.000000 0.000000 0.000000
-1.287207 0.014374 1.707937 0.000000 0.000000 0.000000 -1.134370 -1.063472 -0.992574 4.200000 -2.407946 -3.352407 -2.407946 1.000000 0.000000 0.000000 0.000000
-4.563996 0.019125 -55.670540 0.000000 0.000000 0.000000 -1.134370 -1.063472 -0.992574 4.200000 -2.407946 -3.352407 -2.407946 1.000000 0.000000 0.000000 0.000000
-3.033094 0.021860 -1.513832 0.000000 0.000000 0.000000 -1.134370 -1.063472 -0.992574 4.200000 -2.407946 -3.352407 -2.407946 1.000000 0.000000 0.000000 0.000000
3.019451 0.004495 55.632914 0.000000 0.000000 0.000000 -1.134370 -1.063472 -0.992574 4.200000 -2.407946 -3.352407 -2.407946 1.000000 0.000000 0.000000 0.000000
-4.113149 0.009429 -27.246891 0.000000 0.000000 0.000000 -1.134370 -1.063472 -0.992574 4.200000 -2.407946 -3.352407 -2.407946 1.000000 0.000000 0.000000 0.000000
-2.667327 0.015554 -28.945790 0.000000 0.000000 0.000000 -1.134370 -1.063472 -0.992574 4.200000 -2.407946 -3.352407 -2.407946 1.000000 0.000000 0.000000 0.000000
-1.279271 0.006834 28.408290 0.000000 0.000000 0.000000 -1.134370 -1.063472 -0.992574 4.200000 -2.407946 -3.352407 -2.407946 1.000000 0.000000 0.000000 0.000000
-2.817693 0.010508 13.761183 0.000000 0.000000 0.000000 -1.134370 -1.063472 -0.992574 4.200000 -2.407946 -3.352407 -2.407946 1.000000 0.000000 0.000000 0.000000
3.677782 0.015792 -50.126272 0.000000 0.000000 0.000000 -1.134370 -1.063472 -0.992574 4.200000 -2.407946 -3.352407 -2.407946 1.000000 0.000000 0.000000 0.000000
-3.659384 0.020563 35.027278 0.000000 0.000000 0.000000 -1.134370 -1.063472 -0.992574 4.200000 -2.407946 -3.352407 -2.407946 1.000000 0.000000 0.000000 0.000000
2.592814 0.026003 -27.914637 0.000000 0.000000 0.000000 -1.134370 -1.063472 -0.992574 4.200000 -2.407946 -3.352407 -2.407946 1.000000 0.000000 0.000000 0.000000
3.427591 0.021121 -31.971580 0.000000 0.000000 0.000000 -1.134370 -1.063472 -0.992574 4.200000 -2.407946 -3.352407 -2.407946 1.000000 0.000000 0.000000 0.000000
0.115853 0.021039 20.057303 0.000000 0.000000 0.000000 -1.134370 -1.063472 -0.992574 4.200000 -2.407946 -3.352407 -2.407946 1.000000 0.000000 0.000000 0.000000
5.308283 0.005133 5.423368 0.000000 0.000000 0.000000 -1.134370 -1.063472 -0.992574 4.200000 -2.407946 -3.352407 -2.407946 1.000000 0.000000 0.000000 0.000000
-1.915046 0.004610 -25.589839 0.000000 0.000000 0.000000 -1.134370 -1.063472 -0.992574 4.200000 -2.407946 -3.352407 -2.407946 1.000000 0.000000 0.000000 0.000000
4.288307 0.007500 -53.974853 0.000000 0.000000 0.000000 -1.134370 -1.063472 -0.992574 4.200000 -2.407946 -3.352407 -2.407946 1.000000 0.000000 0.000000 0.000000
4.704439 0.015365 -56.122464 0.000000 0.000000 0.000000 -1.134370 -1.063472 -0.992574 4.200000 -2.407946 -3.352407 -2.407946 1.000000 0.000000 0.000000 0.000000
0.383911 0.003870 23.558970 0.000000 0.000000 0.000000 -1.134370 -1.063472 -0.992574 4.200000 -2.407946 -3.352407 -2.407946 1.000000 0.000000 0.000000 0.000000
1.994025 0.014152 -5.314156 0.000000 0.000000 0.000000 -1.134370 -1.063472 -0.992574 4.200000 -2.407946 -3.352407 -2.407946 1.000000 0.000000 0.000000 0.000000
2.876966 0.014878 34.309463 0.000000 0.000000 0.000000 -1.134370 -1.063472 -0.992574 4.200000 -2.407946 -3.352407 -2.407946 1.000000 0.000000 0.000000 0.000000
1.542588 0.011016 6.109357 0.000000 0.000000 0.000000 -1.134370 -1.063472 -0.992574 4.200000 -2.407946 -3.352407 -2.407946 1.000000 0.000000 0.000000 0.000000
1.595918 0.010672 24.010572 0.000000 0.000000 0.000000 -1.134370 -1.063472 -0.992574 4.200000 -2.407946 -3.352407 -2.407946 1.000000 0.000000 0.000000 0.000000
0.308163 0.007941 13.274987 0.000000 0.000000 0.000000 -1.134370 -1.063472 -0.992574 4.200000 -2.407946 -3.352407 -2.407946 1.000000 0.000000 0.000000 0.000000
-3.602225 0.008576 51.588713 0.000000 0.000000 0.000000 -1.134370 -1.063472 -0.992574 4.200000 -2.407946 -3.352407 -2.407946 1.000000 0.000000 0.000000 0.000000
-1.839981 0.002456 -25.876300 0.000000 0.000000 0.000000 -1.134370 -1.063472 -0.992574 4.200000 -2.407946 -3.352407 -2.407946 1.000000 0.000000 0.000000 0.000000
1.120162 0.027743 -19.510885 0.000000 0.000000 0.000000 -1.134370 -1.063472 -0.992574 4.200000 -2.407946 -3.352407 -2.407946 1.000000 0.000000 0.000000 0.000000
3.609535 0.026008 23.998400 0.000000 0.000000 0.000000 -1.134370 -1.063472 -0.992574 4.200000 -2.407946 -3.352407 -2.407946 1.000000 0.000000 0.000000 0.000000
2.529564 0.002733 -56.656266 0.000000 0.000000 0.000000 -1.134370 -1.063472 -0.992574 4.200000 -2.407946 -3.352407 -2.407946 1.000000 0.000000 0.000000 0.000000
0.559242 0.025978 -0.764735 0.000000 0.000000 0.000000 -1.134370 -1.063472 -0.992574 4.200000 -2.407946 -3.352407 -2.407946 1.000000 0.000000 0.000000 0.000000
5.553806 0.021255 -18.195064 0.000000 0.000000 0.000000 -1.134370 -1.063472 -0.992574 4.200000 -2.407946 -3.352407 -2.407946 1.000000 0.000000 0.000000 0.000000
-4.545379 0.023977 38.287919 0.000000 0.000000 0.000000 -1.134370 -1.063472 -0.992574 4.200000 -2.407946 -3.352407 -2.407946 1.000000 0.000000 0.000000 0.000000
2.884248 0.015852 -38.344989 0.000000 0.000000 0.000000 -1.134370 -1.063472 -0.992574 4.200000 -2.407946 -3.352407 -2.407946 1.000000 0.000000 0.000000 0.000000
0.805811 0.006679 7.813996 0.000000 0.000000 0.000000 -1.134370 -1.063472 -0.992574 4.200000 -2.407946 -3.352407 -2.407946 1.000000 0.000000 0.000000 0.000000
4.555451 0.018757 52.268562 0.000000 0.000000 0.000000 -1.134370 -1.063472 -0.992574 4.200000 -2.407946 -3.352407 -2.407946 1.000000 0.000000 0.000000 0.000000
-2.227213 0.003479 -24.531754 0.000000 0.000000 0.000000 -1.134370 -1.063472 -0.992574 4.200000 -2.407946 -3.352407 -2.407946 1.000000 0.000000 0.000000 0.000000
3.848540 0.014245 -43.921386 0.000000 0.000000 0.000000 -1.134370 -1.063472 -0.992574 4.200000 -2.407946 -3.352407 -2.407946 1.000000 0.000000 0.000000 0.000000
-4.560616 0.010783 -38.894558 0.000000 0.000000 0.000000 -1.134370 -1.063472 -0.992574 4.200000 -2.407946 -3.352407 -2.407946 1.000000 0.000000 0.000000 0.000000
0.925971 0.005132 -42.092854 0.000000 0.000000 0.000000 -1.134370 -1.063472 -0.992574 4.200000 -2.407946 -3.352407 -2.407946 1.000000 0.000000 0.000000 0.000000
2.497505 0.004752 -33.184190 0.000000 0.000000 0.000000 -1.134370 -1.063472 -0.992574 4.200000 -2.407946 -3.352407 -2.407946 1.000000 0.000000 0.000000 0.000000
-4.898630 0.008592 -9.392641 0.000000 0.000000 0.000000 -1.134370 -1.063472 -0.992574 4.200000 -2.407946 -3.352407 -2.407946 1.000000 0.000000 0.000000 0.000000
-1.822911 0.009732 -34.883046 0.000000 0.000000 0.000000 -1.134370 -1.063472 -0.992574 4.200000 -2.407946 -3.352407 -2.407946 1.000000 0.000000 0.000000 0.000000
-2.861592 0.000456 55.350167 0.000000 0.000000 0.000000 -1.134370 -1.063472 -0.992574 4.200000 -2.407946 -3.352407 -2.407946 1.000000 0.000000 0.000000 0.000000
5.603940 0.023063 -14.288853 0.000000 0.000000 0.000000 -1.134370 -1.063472 -0.992574 4.200000 -2.407946 -3.352407 -2.407946 1.000000 0.000000 0.000000 0.000000
-1.068591 0.007056 -29.540602 0.000000 0.000000 0.000000 -1.134370 -1.063472 -0.992574 4.200000 -2.407946 -3.352407 -2.407946 1.000000 0.000000 0.000000 0.000000
0.343777 0.019152 44.189210 0.000000 0.000000 0.000000 -1.134370 -1.063472 -0.992574 4.200000 -2.407946 -3.352407 -2.407946 1.000000 0.000000 0.000000 0.000000
1.452829 0.018854 -14.566142 0.000000 0.000000 0.000000 -1.134370 -1.063472 -0.992574 4.200000 -2.407946 -3.352407 -2.407946 1.000000 0.000000 0.000000 0.000000
-5.315146 0.014133 -17.277957 0.000000 0.000000 0.000000 -1.134370 -1.063472 -0.992574 4.200000 -2.407946 -3.352407 -2.407946 1.000000 0.000000 0.000000 0.000000
1.679610 0.010959 15.721155 0.000000 0.000000 0.000000 -1.134370 -1.063472 -0.992574 4.200000 -2.407946 -3.352407 -2.407946 1.000000 0.000000 0.000000 0.000000
-2.101830 0.003932 -30.902552 0.000000 0.000000 0.000000 -1.134370 -1.063472 -0.992574 4.200000 -2.407946 -3.352407 -2.407946 1.000000 0.000000 0.000000 0.000000
-3.221887 0.013743 -41.628265 0.000000 0.000000 0.000000 -1.134370 -1.063472 -0.992574 4.200000 -2.407946 -3.352407 -2.407946 1.000000 0.000000 0.000000 0.000000
-3.874642 0.010936 -14.732394 0.000000 0.000000 0.000000 -1.134370 -1.063472 -0.992574 4.200000 -2.407946 -3.352407 -2.407946 1.000000 0.000000 0.000000 0.000000
2.724909 0.014625 10.472727 0.000000 0.000000 0.000000 -1.134370 -1.063472 -0.992574 4.200000 -2.407946 -3.352407 -2.407946 1.000000 0.000000 0.000000 0.000000
2.446494 0.008118 -43.375347 0.000000 0.000000 0.000000 -1.134370 -1.063472 -0.992574 4.200000 -2.407946 -3.352407 -2.407946 1.000000 0.000000 0.000000 0.000000
4.145142 0.002795 -33.110289 0.000000 0.000000 0.000000 -1.134370 -1.063472 -0.992574 4.200000 -2.407946 -3.352407 -2.407946 1.000000 0.000000 0.000000 0.000000
-3.212393 0.012538 5.212964 0.000000 0.000000 0.000000 -1.134370 -1.063472 -0.992574 4.200000 -2.407946 -3.352407 -2.407946 1.000000 0.000000 0.000000 0.000000
-5.362299 0.011163 -0.275883 0.000000 0.000000 0.000000 -1.134370 -1.063472 -0.992574 4.200000 -2.407946 -3.352407 -2.407946 1.000000 0.000000 0.000000 0.000000
2.042486 0.000574 -37.552425 0.000000 0.000000 0.000000 -1.134370 -1.063472 -0.992574 4.200000 -2.407946 -3.352407 -2.407946 1.000000 0.000000 0.000000 0.000000
5.049648 0.009059 -52.761248 0.000000 0.000000 0.000000 -1.134370 -1.063472 -0.992574 4.200000 -2.407946 -3.352407 -2.407946 1.000000 0.000000 0.000000 0.000000
-3.337816 0.024016 -2.464988 0.000000 0.000000 0.000000 -1.134370 -1.063472 -0.992574 4.200000 -2.407946 -3.352407 -2.407946 1.000000 0.000000 0.000000 0.000000
0.043147 0.022083 -35.620437 0.000000 0.000000 0.000000 -1.134370 -1.063472 -0.992574 4.200000 -2.407946 -3.352407 -2.407946 1.000000 0.000000 0.000000 0.000000
3.989332 0.004750 -19.369746 0.000000 0.000000 0.000000 -1.134370 -1.063472 -0.992574 4.200000 -2.407946 -3.352407 -2.407946 1.000000 0.000000 0.000000 0.000000
0.667312 0.029059 18.168420 0.000000 0.000000 0.000000 -1.134370 -1.063472 -0.992574 4.200000 -2.407946 -3.352407 -2.407946 1.000000 0.000000 0.000000 0.000000
5.078954 0.029961 56.606058 0.000000 0.000000 0.000000 -1.134370 -1.063472 -0.992574 4.200000 -2.407946 -3.352407 -2.407946 1.000000 0.000000 0.000000 0.000000
-3.410599 0.025679 -22.446366 0.000000 0.000000 0.000000 -1.134370 -1.063472 -0.992574 4.200000 -2.407946 -3.352407 -2.407946 1.000000 0.000000 0.000000 0.000000
-5.730347 0.007491 -51.531902 0.000000 0.000000 0.000000 -1.134370 -1.063472 -0.992574 4.200000 -2.407946 -3.352407 -2.407946 1.000000 0.000000 0.000000 0.000000
-0.565398 0.025553 -9.073846 0.000000 0.000000 0.000000 -1.134370 -1.063472 -0.992574 4.200000 -2.407946 -3.352407 -2.407946 1.000000 0.000000 0.000000 0.000000
-5.842236 0.005240 44.425000 0.000000 0.000000 0.000000 -1.134370 -1.063472 -0.992574 4.200000 -2.407946 -3.352407 -2.407946 1.000000 0.000000 0.000000 0.000000
-1.819839 0.003093 -36.985277 0.000000 0.000000 0.000000 -1.134370 -1.063472 -0.992574 4.200000 -2.407946 -3.352407 -2.407946 1.000000 0.000000 0.000000 0.000000
-0.237926 0.011382 14.653584 0.000000 0.000000 0.000000 -1.134370 -1.063472 -0.992574 4.200000 -2.407946 -3.352407 -2.407946 1.000000 0.000000 0.000000 0.000000
-4.384591 0.018113 6.233269 0.000000 0.000000 0.000000 -1.134370 -1.063472 -0.992574 4.200000 -2.407946 -3.352407 -2.407946 1.000000 0.000000 0.000000 0.000000
-0.865007 0.021862 51.730549 0.000000 0.000000 0.000000 -1.134370 -1.063472 -0.992574 4.200000 -2.407946 -3.352407 -2.407946 1.000000 0.000000 0.000000 0.000000
-4.636484 0.000638 -51.729916 0.000000 0.000000 0.000000 -1.134370 -1.063472 -0.992574 4.200000 -2.407946 -3.352407 -2.407946 1.000000 0.000000 0.000000 0.000000
2.294550 0.016076 -5.993092 0.000000 0.000000 0.000000 -1.134370 -1.063472 -0.992574 4.200000 -2.407946 -3.352407 -2.407946 1.000000 0.000000 0.000000 0.000000
-5.114595 0.016573 52.301729 0.000000 0.000000 0.000000 -1.134370 -1.063472 -0.992574 4.200000 -2.407946 -3.352407 -2.407946 1.000000 0.000000 0.000000 0.000000
-2.818502 0.001538 -19.441959 0.000000 0.000000 0.000000 -1.134370 -1.063472 -0.992574 4.200000 -2.407946 -3.352407 -2.407946 1.000000 0.000000 0.000000 0.000000
0.854941 0.015670 56.749105 0.000000 0.000000 0.000000 -1.134370 -1.063472 -0.992574 4.200000 -2.407946 -3.352407 -2.407946 1.000000 0.000000 0.000000 0.000000
-2.180442 0.020635 -33.067082 0.000000 0.000000 0.000000 -1.134370 -1.063472 -0.992574 4.200000 -2.407946 -3.352407 -2.407946 1.000000 0.000000 0.000000 0.000000
-1.247596 0.017375 -21.009166 0.000000 0.000000 0.000000 -1.134370 -1.063472 -0.992574 4.200000 -2.407946 -3.352407 -2.407946 1.000000 0.000000 0.000000 0.000000
-0.229424 0.009437 -56.006683 0.000000 0.000000 0.000000 -1.134370 -1.063472 -0.992574 4.200000 -2.407946 -3.352407 -2.407946 1.000000 0.000000 0.000000 0.000000
-4.824839 0.011141 -21.507443 0.000000 0.000000 0.000000 -1.134370 -1.063472 -0.992574 4.200000 -2.407946 -3.352407 -2.407946 1.000000 0.000000 0.000000 0.000000
0.333245 0.012111 5.645792 0.000000 0.000000 0.000000 -1.134370 -1.063472 -0.992574 4.200000 -2.407946 -3.352407 -2.407946 1.000000 0.000000 0.000000 0.000000
3.244623 0.024617 29.402869 0.000000 0.000000 0.000000 -1.134370 -1.063472 -0.992574 4.200000 -2.407946 -3.352407 -2.407946 1.000000 0.000000 0.000000 0.000000
-0.563779 0.002449 -4.353326 0.000000 0.000000 0.000000 -1.134370 -1.063472 -0.992574 4.200000 -2.407946 -3.352407 -2.407946 1.000000 0.000000 0.000000 0.000000
-2.570387 0.000742 7.160950 0.000000 0.000000 0.000000 -1.134370 -1.063472 -0.992574 4.200000 -2.407946 -3.352407 -2.407946 1.000000 0.000000 0.000000 0.000000
0.391948 0.029144 22.659983 0.000000 0.000000 0.000000 -1.134370 -1.063472 -0.992574 4.200000 -2.407946 -3.352407 -2.407946 1.000000 0.000000 0.000000 0.000000
-5.621936 0.026288 -10.198338 0.000000 0.000000 0.000000 -1.134370 -1.063472 -0.992574 4.200000 -2.407946 -3.352407 -2.407946 1.000000 0.000000 0.000000 0.000000
-1.666942 0.029404 -28.146970 0.000000 0.000000 0.000000 -1.134370 -1.063472 -0.992574 4.200000 -2.407946 -3.352407 -2.407946 1.000000 0.000000 0.000000 0.000000
-1.646813 0.001037 -2.923189 0.000000 0.000000 0.000000 -1.134370 -1.063472 -0.992574 4.200000 -2.407946 -3.352407 -2.407946 1.000000 0.000000 0.000000 0.000000
0.568453 0.027912 26.024447 0.000000 0.000000 0.000000 -1.134370 -1.063472 -0.992574 4.200000 -2.407946 -3.352407 -2.407946 1.000000 0.000000 0.000000 0.000000
0.523603 0.018413 57.307375 0.000000 0.000000 0.000000 -1.134370 -1.063472 -0.992574 4.200000 -2.407946 -3.352407 -2.407946 1.000000 0.000000 0.000000 0.000000
1.468997 0.020939 23.143984 0.000000 0.000000 0.000000 -1.134370 -1.063472 -0.992574 4.200000 -2.407946 -3.352407 -2.407946 1.000000 0.000000 0.000000 0.000000
0.659940 0.011326 -37.896013 0.000000 0.000000 0.000000 -1.134370 -1.063472 -0.992574 4.200000 -2.407946 -3.352407 -2.407946 1.000000 0.000000 0.000000 0.000000
4.359564 0.012235 -54.071771 0.000000 0.000000 0.000000 -1.134370 -1.063472 -0.992574 4.200000 -2.407946 -3.352407 -2.407946 1.000000 0.000000 0.000000 0.000000
2.736304 0.005736 -30.203318 0.000000 0.000000 0.000000 -1.134370 -1.063472 -0.992574 4.200000 -2.407946 -3.352407 -2.407946 1.000000 0.000000 0.000000 0.000000
-5.171814 0.015197 52.745465 0.000000 0.000000 0.000000 -1.134370 -1.063472 -0.992574 4.200000 -2.407946 -3.352407 -2.407946 1.000000 0.000000 0.000000 0.000000
5.145561 0.029764 -35.352796 0.000000 0.000000 0.000000 -1.134370 -1.063472 -0.992574 4.200000 -2.407946 -3.352407 -2.407946 1.000000 0.000000 0.000000 0.000000
3.582572 0.003295 17.847485 0.000000 0.000000 0.000000 -1.134370 -1.063472 -0.992574 4.200000 -2.407946 -3.352407 -2.407946 1.000000 0.000000 0.000000 0.000000
-4.864843 0.019497 -5.679566 0.000000 0.000000 0.000000 -1.134370 -1.063472 -0.992574 4.200000 -2.407946 -3.352407 -2.407946 1.000000 0.000000 0.000000 0.000000
-1.088056 0.028238 25.387335 0.000000 0.000000 0.000000 -1.134370 -1.063472 -0.992574 4.200000 -2.407946 -3.352407 -2.407946 1.000000 0.000000 0.000000 0.000000
5.391394 0.002336 -25.545209 0.000000 0.000000 0.000000 -1.134370 -1.063472 -0.992574 4.200000 -2.407946 -3.352407 -2.407946 1.000000 0.000000 0.000000 0.000000
1.140512 0.028930 57.180503 0.000000 0.000000 0.000000 -1.134370 -1.063472 -0.992574 4.200000 -2.407946 -3.352407 -2.407946 1.000000 0.000000 0.000000 0.000000
-5.426419 0.006687 -31.792570 0.000000 0.000000 0.000000 -1.134370 -1.063472 -0.992574 4.200000 -2.407946 -3.352407 -2.407946 1.000000 0.000000 0.000000 0.000000
-0.898517 0.018533 5.617524 0.000000 0.000000 0.000000 -1.134370 -1.063472 -0.992574 4.200000 -2.407946 -3.352407 -2.407946 1.000000 0.000000 0.000000 0.000000
4.405168 0.001928 56.656374 0.000000 0.000000 0.000000 -1.134370 -1.063472 -0.992574 4.200000 -2.407946 -3.352407 -2.407946 1.000000 0.000000 0.000000 0.000000
-2.706156 0.003288 3.643274 0.000000 0.000000 0.000000 -1.134370 -1.063472 -0.992574 4.200000 -2.407946 -3.352407 -2.407946 1.000000 0.000000 0.000000 0.000000
-3.155064 0.002133 2.547236 0.000000 0.000000 0.000000 -1.134370 -1.063472 -0.992574 4.200000 -2.407946 -3.352407 -2.407946 1.000000 0.000000 0.000000 0.000000
4.647665 0.025948 52.441103 0.000000 0.000000 0.000000 -1.134370 -1.063472 -0.992574 4.200000 -2.407946 -3.352407 -2.407946 1.000000 0.000000 0.000000 0.000000
3.648934 0.028639 -49.988018 0.000000 0.000000 0.000000 -1.134370 -1.063472 -0.992574 4.200000 -2.407946 -3.352407 -2.407946 1.000000 0.000000 0.000000 0.000000
2.912904 0.005378 35.558198 0.000000 0.000000 0.000000 -1.134370 -1.063472 -0.992574 4.200000 -2.407946 -3.352407 -2.407946 1.000000 0.000000 0.000000 0.000000
0.970164 0.002745 27.773319 0.000000 0.000000 0.000000 -1.134370 -1.063472 -0.992574 4.200000 -2.407946 -3.352407 -2.407946 1.000000 0.000000 0.000000 0.000000
-2.888871 0.008829 -20.747309 0.000000 0.000000 0.000000 -1.134370 -1.063472 -0.992574 4.200000 -2.407946 -3.352407 -2.407946 1.000000 0.000000 0.000000 0.000000
-2.483905 0.028767 34.212448 0.000000 0.000000 0.000000 -1.134370 -1.063472 -0.992574 4.200000 -2.407946 -3.352407 -2.407946 1.000000 0.000000 0.000000 0.000000
-0.541691 0.014541 -8.051179 0.000000 0.000000 0.000000 -1.134370 -1.063472 -0.992574 4.200000 -2.407946 -3.352407 -2.407946 1.000000 0.000000 0.000000 0.000000
0.591173 0.005850 11.881565 0.000000 0.000000 0.000000 -1.134370 -1.063472 -0.992574 4.200000 -2.407946 -3.352407 -2.407946 1.000000 0.000000 0.000000 0.000000
3.268313 0.011620 7.994872 0.000000 0.000000 0.000000 -1.134370 -1.063472 -0.992574 4.200000 -2.407946 -3.352407 -2.407946 1.000000 0.000000 0.000000 0.000000
-3.951030 0.017882 -11.391190 0.000000 0.000000 0.000000 -1.134370 -1.063472 -0.992574 4.200000 -2.407946 -3.352407 -2.407946 1.000000 0.000000 0.000000 0.000000
-1.247632 0.023355 -16.476061 0.000000 0.000000 0.000000 -1.134370 -1.063472 -0.992574 4.200000 -2.407946 -3.352407 -2.407946 1.000000 0.000000 0.000000 0.000000
-0.738861 0.028002 -8.365743 0.000000 0.000000 0.000000 -1.134370 -1.063472 -0.992574 4.200000 -2.407946 -3.352407 -2.407946 1.000000 0.000000 0.000000 0.000000
-5.828365 0.018149 57.356234 0.000000 0.000000 0.000000 -1.134370 -1.063472 -0.992574 4.200000 -2.407946 -3.352407 -2.407946 1.000000 0.000000 0.000000 0.000000
3.623667 0.017603 0.391298 0.000000 0.000000 0.000000 -1.134370 -1.063472 -0.992574 4.200000 -2.407946 -3.352407 -2.407946 1.000000 0.000000 0.000000 0.000000
3.811273 0.018870 -26.863918 0.000000 0.000000 0.000000 -1.134370 -1.063472 -0.992574 4.200000 -2.407946 -3.352407 -2.407946 1.000000 0.000000 0.000000 0.000000
5.067623 0.010204 4.563444 0.000000 0.000000 0.000000 -1.134370 -1.063472 -0.992574 4.200000 -2.407946 -3.352407 -2.407946 1.000000 0.000000 0.000000 0.000000
-0.367580 0.015495 20.436744 0.000000 0.000000 0.000000 -1.134370 -1.063472 -0.992574 4.200000 -2.407946 -3.352407 -2.407946 1.000000 0.000000 0.000000 0.000000
-3.879153 0.016148 -6.416953 0.000000 0.000000 0.000000 -1.134370 -1.063472 -0.992574 4.200000 -2.407946 -3.352407 -2.407946 1.000000 0.000000 0.000000 0.000000
-3.038411 0.005412 -11.962522 0.000000 0.000000 0.000000 -1.134370 -1.063472 -0.992574 4.200000 -2.407946 -3.352407 -2.407946 1.000000 0.000000 0.000000 0.000000
1.598707 0.012833 -57.467335 0.000000 0.000000 0.000000 -1.134370 -1.063472 -0.992574 4.200000 -2.407946 -3.352407 -2.407946 1.000000 0.000000 0.000000 0.000000
2.927980 0.009577 -41.078618 0.000000 0.000000 0.000000 -1.134370 -1.063472 -0.992574 4.200000 -2.407946 -3.352407 -2.407946 1.000000 0.000000 0.000000 0.000000
2.132822 0.023268 -1.510757 0.000000 0.000000 0.000000 -1.134370 -1.063472 -0.992574 4.200000 -2.407946 -3.352407 -2.407946 1.000000 0.000000 0.000000 0.000000
-3.534915 0.021695 43.208368 0.000000 0.000000 0.000000 -1.134370 -1.063472 -0.992574 4.200000 -2.407946 -3.352407 -2.407946 1.000000 0.000000 0.000000 0.000000
0.601338 0.012396 5.191678 0.000000 0.000000 0.000000 -1.134370 -1.063472 -0.992574 4.200000 -2.407946 -3.352407 -2.407946 1.000000 0.000000 0.000000 0.000000
3.474838 0.007473 46.474731 0.000000 0.000000 0.000000 -1.134370 -1.063472 -0.992574 4.200000 -2.407946 -3.352407 -2.407946 1.000000 0.000000 0.000000 0.000000
-4.059461 0.007408 40.305983 0.000000 0.000000 0.000000 -1.134370 -1.063472 -0.992574 4.200000 -2.407946 -3.352407 -2.407946 1.000000 0.000000 0.000000 0.000000
1.896148 0.028362 -28.404098 0.000000 0.000000 0.000000 -1.134370 -1.063472 -0.992574 4.200000 -2.407946 -3.352407 -2.407946 1.000000 0.000000 0.000000 0.000000
-3.735210 0.000290 36.813760 0.000000 0.000000 0.000000 -1.134370 -1.063472 -0.992574 4.200000 -2.407946 -3.352407 -2.407946 1.000000 0.000000 0.000000 0.000000
-1.071619 0.029900 28.689192 0.000000 0.000000 0.000000 -1.134370 -1.063472 -0.992574 4.200000 -2.407946 -3.352407 -2.407946 1.000000 0.000000 0.000000 0.000000
-0.299927 0.017593 18.013948 0.000000 0.000000 0.000000 -1.134370 -1.063472 -0.992574 4.200000 -2.407946 -3.352407 -2.407946 1.000000 0.000000 0.000000 0.000000
3.328401 0.018760 -55.098689 0.000000 0.000000 0.000000 -1.134370 -1.063472 -0.992574 4.200000 -2.407946 -3.352407 -2.407946 1.000000 0.000000 0.000000 0.000000
3.738009 0.021273 -13.581270 0.000000 0.000000 0.000000 -1.134370 -1.063472 -0.992574 4.200000 -2.407946 -3.352407 -2.407946 1.000000 0.000000 0.000000 0.000000
3.818959 0.021305 -15.656837 0.000000 0.000000 0.000000 -1.134370 -1.063472 -0.992574 4.200000 -2.407946 -3.352407 -2.407946 1.000000 0.000000 0.000000 0.000000
5.566655 0.014245 -11.718203 0.000000 0.000000 0.000000 -1.134370 -1.063472 -0.992574 4.200000 -2.407946 -3.352407 -2.407946 1.000000 0.000000 0.000000 0.000000
-0.907400 0.004842 -6.105110 0.000000 0.000000 0.000000 -1.134370 -1.063472 -0.992574 4.200000 -2.407946 -3.352407 -2.407946 1.000000 0.000000 0.000000 0.000000
-2.954989 0.000337 29.799225 0.000000 0.000000 0.000000 -1.134370 -1.063472 -0.992574 4.200000 -2.407946 -3.352407 -2.407946 1.000000 0.000000 0.000000 0.000000
-4.182505 0.012464 22.052620 0.000000 0.000000 0.000000 -1.134370 -1.063472 -0.992574 4.200000 -2.407946 -3.352407 -2.407946 1.000000 0.000000 0.000000 0.000000
-4.933977 0.029126 -40.589708 0.000000 0.000000 0.000000 -1.134370 -1.063472 -0.992574 4.200000 -2.407946 -3.352407 -2.407946 1.000000 0.000000 0.000000 0.000000
-5.815285 0.024668 -20.265700 0.000000 0.000000 0.000000 -1.134370 -1.063472 -0.992574 4.200000 -2.407946 -3.352407 -2.407946 1.000000 0.000000 0.000000 0.000000
5.332669 0.005224 17.860824 0.000000 0.000000 0.000000 -1.134370 -1.063472 -0.992574 4.200000 -2.407946 -3.352407 -2.407946 1.000000 0.000000 0.000000 0.000000
2.052445 0.009672 3.547844 0.000000 0.000000 0.000000 -1.134370 -1.063472 -0.992574 4.200000 -2.407946 -3.352407 -2.407946 1.000000 0.000000 0.000000 0.000000
-1.831869 0.005912 49.198099 0.000000 0.000000 0.000000 -1.134370 -1.063472 -0.992574 4.200000 -2.407946 -3.352407 -2.407946 1.000000 0.000000 0.000000 0.000000
-2.210457 0.012578 31.787874 0.000000 0.000000 0.000000 -1.134370 -1.063472 -0.992574 4.200000 -2.407946 -3.352407 -2.407946 1.000000 0.000000 0.000000 0.000000
-3.399170 0.025545 29.170640 0.000000 0.000000 0.000000 -1.134370 -1.063472 -0.992574 4.200000 -2.407946 -3.352407 -2.407946 1.000000 0.000000 0.000000 0.000000
-1.938667 0.027051 18.735035 0.000000 0.000000 0.000000 -1.134370 -1.063472 -0.992574 4.200000 -2.407946 -3.352407 -2.407946 1.000000 0.000000 0.000000 0.000000
-3.521172 0.003281 6.393937 0.000000 0.000000 0.000000 -1.134370 -1.063472 -0.992574 4.200000 -2.407946 -3.352407 -2.407946 1.000000 0.000000 0.000000 0.000000
-2.960651 0.024075 -39.274790 0.000000 0.000000 0.000000 -1.134370 -1.063472 -0.992574 4.200000 -2.407946 -3.352407 -2.407946 1.000000 0.000000 0.000000 0.000000
-0.655275 0.020836 -41.322908 0.000000 0.000000 0.000000 -1.134370 -1.063472 -0.992574 4.200000 -2.407946 -3.352407 -2.407946 1.000000 0.000000 0.000000 0.000000
5.667870 0.014454 -4.011981 0.000000 0.000000 0.000000 -1.134370 -1.063472 -0.992574 4.200000 -2.407946 -3.352407 -2.407946 1.000000 0.000000 0.000000 0.000000
2.475767 0.026817 -39.869369 0.000000 0.000000 0.000000 -1.134370 -1.063472 -0.992574 4.200000 -2.407946 -3.352407 -2.407946 1.000000 0.000000 0.000000 0.000000
5.441003 0.023741 -16.768740 0.000000 0.000000 0.000000 -1.134370 -1.063472 -0.992574 4.200000 -2.407946 -3.352407 -2.407946 1.000000 0.000000 0.000000 0.000000
-5.848509 0.027548 -50.240009 0.000000 0.000000 0.000000 -1.134370 -1.063472 -0.992574 4.200000 -2.407946 -3.352407 -2.407946 1.000000 0.000000 0.000000 0.000000
0.699878 0.004941 48.540217 0.000000 0.000000 0.000000 -1.134370 -1.063472 -0.992574 4.200000 -2.407946 -3.352407 -2.407946 1.000000 0.000000 0.000000 0.000000
0.939326 0.001602 -42.708409 0.000000 0.000000 0.000000 -1.134370 -1.063472 -0.992574 4.200000 -2.407946 -3.352407 -2.407946 1.000000 0.000000 0.000000 0.000000
5.775730 0.025209 -42.559506 0.000000 0.000000 0.000000 -1.134370 -1.063472 -0.992574 4.200000 -2.407946 -3.352407 -2.407946 1.000000 0.000000 0.000000 0.000000
1.186371 0.009743 34.592508 0.000000 0.000000 0.000000 -1.134370 -1.063472 -0.992574 4.200000 -2.407946 -3.352407 -2.407946 1.000000 0.000000 0.000000 0.000000
-1.412515 0.010698 2.906308 0.000000 0.000000 0.000000 -1.134370 -1.063472 -0.992574 4.200000 -2.407946 -3.352407 -2.407946 1.000000 0.000000 0.000000 0.000000
-0.889277 0.021455 -57.048141 0.000000 0.000000 0.000000 -1.134370 -1.063472 -0.992574 4.200000 -2.407946 -3.352407 -2.407946 1.000000 0.000000 0.000000 0.000000
-4.788912 0.005091 -45.614268 0.000000 0.000000 0.000000 -1.134370 -1.063472 -0.992574 4.200000 -2.407946 -3.352407 -2.407946 1.000000 0.000000 0.000000 0.000000
5.129391 0.000535 25.983011 0.000000 0.000000 0.000000 -1.134370 -1.063472 -0.992574 4.200000 -2.407946 -3.352407 -2.407946 1.000000 0.000000 0.000000 0.000000
3.867866 0.020723 48.239411 0.000000 0.000000 0.000000 -1.134370 -1.063472 -0.992574 4.200000 -2.407946 -3.352407 -2.407946 1.000000 0.000000 0.000000 0.000000
4.039023 0.015881 -54.017364 0.000000 0.000000 0.000000 -1.134370 -1.063472 -0.992574 4.200000 -2.407946 -3.352407 -2.407946 1.000000 0.000000 0.000000 0.000000
-0.709702 0.004326 41.258628 0.000000 0.000000 0.000000 -1.134370 -1.063472 -0.992574 4.200000 -2.407946 -3.352407 -2.407946 1.000000 0.000000 0.000000 0.000000
5.075979 0.012267 -22.528822 0.000000 0.000000 0.000000 -1.134370 -1.063472 -0.992574 4.200000 -2.407946 -3.352407 -2.407946 1.000000 0.000000 0.000000 0.000000
3.268617 0.011887 -50.069770 0.000000 0.000000 0.000000 -1.134370 -1.063472 -0.992574 4.200000 -2.407946 -3.352407 -2.407946 1.000000 0.000000 0.000000 0.000000
0.956113 0.015854 -25.959988 0.000000 0.000000 0.000000 -1.134370 -1.063472 -0.992574 4.200000 -2.407946 -3.352407 -2.407946 1.000000 0.000000 0.000000 0.000000
-3.187673 0.025004 35.515508 0.000000 0.000000 0.000000 -1.134370 -1.063472 -0.992574 4.200000 -2.407946 -3.352407 -2.407946 1.000000 0.000000 0.000000 0.000000
4.898170 0.008351 37.529032 0.000000 0.000000 0.000000 -1.134370 -1.063472 -0.992574 4.200000 -2.407946 -3.352407 -2.407946 1.000000 0.000000 0.000000 0.000000
-1.607011 0.006941 -14.940763 0.000000 0.000000 0.000000 -1.134370 -1.063472 -0.992574 4.200000 -2.407946 -3.352407 -2.407946 1.000000 0.000000 0.000000 0.000000
-4.904144 0.005437 40.263617 0.000000 0.000000 0.000000 -1.134370 -1.063472 -0.992574 4.200000 -2.407946 -3.352407 -2.407946 1.000000 0.000000 0.000000 0.000000
-1.330697 0.025457 -11.028433 0.000000 0.000000 0.000000 -1.134370 -1.063472 -0.992574 4.200000 -2.407946 -3.352407 -2.407946 1.000000 0.000000 0.000000 0.000000
0.525794 0.023069 10.232681 0.000000 0.000000 0.000000 -1.134370 -1.063472 -0.992574 4.200000 -2.407946 -3.352407 -2.407946 1.000000 0.000000 0.000000 0.000000
5.375511 0.010755 -15.470374 0.000000 0.000000 0.000000 -1.134370 -1.063472 -0.992574 4.200000 -2.407946 -3.352407 -2.407946 1.000000 0.000000 0.000000 0.000000
-0.362029 0.012512 -57.265081 0.000000 0.000000 0.000000 -1.134370 -1.063472 -0.992574 4.200000 -2.407946 -3.352407 -2.407946 1.000000 0.000000 0.000000 0.000000
-5.030873 0.024278 -38.358588 0.000000 0.000000 0.000000 -1.134370 -1.063472 -0.992574 4.200000 -2.407946 -3.352407 -2.407946 1.000000 0.000000 0.000000 0.000000
3.384206 0.015972 -13.160935 0.000000 0.000000 0.000000 -1.134370 -1.063472 -0.992574 4.200000 -2.407946 -3.352407 -2.407946 1.000000 0.000000 0.000000 0.000000
1.016486 0.011666 32.061370 0.000000 0.000000 0.000000 -1.134370 -1.063472 -0.992574 4.200000 -2.407946 -3.352407 -2.407946 1.000000 0.000000 0.000000 0.000000
-5.983670 0.003104 -25.254888 0.000000 0.000000 0.000000 -1.134370 -1.063472 -0.992574 4.200000 -2.407946 -3.352407 -2.407946 1.000000 0.000000 0.000000 0.000000
-4.738765 0.009888 26.966346 0.000000 0.000000 0.000000 -1.134370 -1.063472 -0.992574 4.200000 -2.407946 -3.352407 -2.407946 1.000000 0.000000 0.000000 0.000000
2.914173 0.002657 57.540278 0.000000 0.000000 0.000000 -1.134370 -1.063472 -0.992574 4.200000 -2.407946 -3.352407 -2.407946 1.000000 0.000000 0.000000 0.000000
-5.909069 0.010886 33.375390 0.000000 0.000000 0.000000 -1.134370 -1.063472 -0.992574 4.200000 -2.407946 -3.352407 -2.407946 1.000000 0.000000 0.000000 0.000000
5.710115 0.004963 25.018600 0.000000 0.000000 0.000000 -1.134370 -1.063472 -0.992574 4.200000 -2.407946 -3.352407 -2.407946 1.000000 0.000000 0.000000 0.000000
5.588922 0.008898 -18.061507 0.000000 0.000000 0.000000 -1.134370 -1.063472 -0.992574 4.200000 -2.407946 -3.352407 -2.407946 1.000000 0.000000 0.000000 0.000000
4.182713 0.006700 -16.598068 0.000000 0.000000 0.000000 -1.134370 -1.063472 -0.992574 4.200000 -2.407946 -3.352407 -2.407946 1.000000 0.000000 0.000000 0.000000
-4.830032 0.027339 -6.075043 0.000000 0.000000 0.000000 -1.134370 -1.063472 -0.992574 4.200000 -2.407946 -3.352407 -2.407946 1.000000 0.000000 0.000000 0.000000
-0.756971 0.010147 -53.478264 0.000000 0.000000 0.000000 -1.134370 -1.063472 -0.992574 4.200000 -2.407946 -3.352407 -2.407946 1.000000 0.000000 0.000000 0.000000
5.746757 0.023013 -45.739109 0.000000 0.000000 0.000000 -1.134370 -1.063472 -0.992574 4.200000 -2.407946 -3.352407 -2.407946 1.000000 0.000000 0.000000 0.000000
-0.136901 0.005976 -32.602995 0.000000 0.000000 0.000000 -1.134370 -1.063472 -0.992574 4.200000 -2.407946 -3.352407 -2.407946 1.000000 0.000000 0.000000 0.000000
1.963223 0.022226 24.898936 0.000000 0.000000 0.000000 -1.134370 -1.063472 -0.992574 4.200000 -2.407946 -3.352407 -2.407946 1.000000 0.000000 0.000000 0.000000
1.163555 0.024651 -28.443583 0.000000 0.000000 0.000000 -1.134370 -1.063472 -0.992574 4.200000 -2.407946 -3.352407 -2.407946 1.000000 0.000000 0.000000 0.000000
-2.281878 0.015247 -55.943548 0.000000 0.000000 0.000000 -1.134370 -1.063472 -0.992574 4.200000 -2.407946 -3.352407 -2.407946 1.000000 0.000000 0.000000 0.000000
-0.753748 0.017672 -23.683991 0.000000 0.000000 0.000000 -1.134370 -1.063472 -0.992574 4.200000 -2.407946 -3.352407 -2.407946 1.000000 0.000000 0.000000 0.000000
0.201754 0.012934 -44.927501 0.000000 0.000000 0.000000 -1.134370 -1.063472 -0.992574 4.200000 -2.407946 -3.352407 -2.407946 1.000000 0.000000 0.000000 0.000000
0.461212 0.007008 54.669519 0.000000 0.000000 0.000000 -1.134370 -1.063472 -0.992574 4.200000 -2.407946 -3.352407 -2.407946 1.000000 0.000000 0.000000 0.000000
0.848225 0.015536 56.155576 0.000000 0.000000 0.000000 -1.134370 -1.063472 -0.992574 4.200000 -2.407946 -3.352407 -2.407946 1.000000 0.000000 0.000000 0.000000
1.903559 0.017444 44.205634 0.000000 0.000000 0.000000 -1.134370 -1.063472 -0.992574 4.200000 -2.407946 -3.352407 -2.407946 1.000000 0.000000 0.000000 0.000000
-0.120721 0.003243 9.934524 0.000000 0.000000 0.000000 -1.134370 -1.063472 -0.992574 4.200000 -2.407946 -3.352407 -2.407946 1.000000 0.000000 0.000000 0.000000
0.163307 0.013283 -44.626820 0.000000 0.000000 0.000000 -1.134370 -1.063472 -0.992574 4.200000 -2.407946 -3.352407 -2.407946 1.000000 0.000000 0.000000 0.000000
3.192430 0.022429 6.638689 0.000000 0.000000 0.000000 -1.134370 -1.063472 -0.992574 4.200000 -2.407946 -3.352407 -2.407946 1.000000 0.000000 0.000000 0.000000
-3.592295 0.025637 -16.537429 0.000000 0.000000 0.000000 -1.134370 -1.063472 -0.992574 4.200000 -2.407946 -3.352407 -2.407946 1.000000 0.000000 0.000000 0.000000
-3.315358 0.010000 44.535616 0.000000 0.000000 0.000000 -1.134370 -1.063472 -0.992574 4.200000 -2.407946 -3.352407 -2.407946 1.000000 0.000000 0.000000 0.000000
-0.498338 0.005078 -4.538352 0.000000 0.000000 0.000000 -1.134370 -1.063472 -0.992574 4.200000 -2.407946 -3.352407 -2.407946 1.000000 0.000000 0.000000 0.000000
-3.981314 0.000373 37.635328 0.000000 0.000000 0.000000 -1.134370 -1.063472 -0.992574 4.200000 -2.407946 -3.352407 -2.407946 1.000000 0.000000 0.000000 0.000000
1.214916 0.023332 -19.820593 0.000000 0.000000 0.000000 -1.134370 -1.063472 -0.992574 4.200000 -2.407946 -3.352407 -2.407946 1.000000 0.000000 0.000000 0.000000
-0.725123 0.013306 2.463108 0.000000 0.000000 0.000000 -1.134370 -1.063472 -0.992574 4.200000 -2.407946 -3.352407 -2.407946 1.000000 0.000000 0.000000 0.000000
0.974504 0.002283 17.883982 0.000000 0.000000 0.000000 -1.134370 -1.063472 -0.992574 4.200000 -2.407946 -3.352407 -2.407946 1.000000 0.000000 0.000000 0.000000
3.489422 0.010437 53.030108 0.000000 0.000000 0.000000 -1.134370 -1.063472 -0.992574 4.200000 -2.407946 -3.352407 -2.407946 1.000000 0.000000 0.000000 0.000000
4.840411 0.012155 45.797206 0.000000 0.000000 0.000000 -1.134370 -1.063472 -0.992574 4.200000 -2.407946 -3.352407 -2.407946 1.000000 0.000000 0.000000 0.000000
-2.491432 0.017483 32.357381 0.000000 0.000000 0.000000 -1.134370 -1.063472 -0.992574 4.200000 -2.407946 -3.352407 -2.407946 1.000000 0.000000 0.000000 0.000000
-5.105789 0.008254 10.348405 0.000000 0.000000 0.000000 -1.134370 -1.063472 -0.992574 4.200000 -2.407946 -3.352407 -2.407946 1.000000 0.000000 0.000000 0.000000
-2.122586 0.014000 -15.991759 0.000000 0.000000 0.000000 -1.134370 -1.063472 -0.992574 4.200000 -2.407946 -3.352407 -2.407946 1.000000 0.000000 0.000000 0.000000
-3.764387 0.012522 -39.407907 0.000000 0.000000 0.000000 -1.134370 -1.063472 -0.992574 4.200000 -2.407946 -3.352407 -2.407946 1.000000 0.000000 0.000000 0.000000
-1.053583 0.016734 51.054486 0.000000 0.000000 0.000000 -1.134370 -1.063472 -0.992574 4.200000 -2.407946 -3.352407 -2.407946 1.000000 0.000000 0.000000 0.000000
4.014363 0.026020 -28.453287 0.000000 0.000000 0.000000 -1.134370 -1.063472 -0.992574 4.200000 -2.407946 -3.352407 -2.407946 1.000000 0.000000 0.000000 0.000000
4.226551 0.026300 -27.853564 0.000000 0.000000 0.000000 -1.134370 -1.063472 -0.992574 4.200000 -2.407946 -3.352407 -2.407946 1.000000 0.000000 0.000000 0.000000
3.998964 0.015141 -17.310644 0.000000 0.000000 0.000000 -1.134370 -1.063472 -0.992574 4.200000 -2.407946 -3.352407 -2.407946 1.000000 0.000000 0.000000 0.000000
1.420941 0.006216 17.686832 0.000000 0.000000 0.000000 -1.134370 -1.063472 -0.992574 4.200000 -2.407946 -3.352407 -2.407946 1.000000 0.000000 0.000000 0.000000
-1.696397 0.018864 4.992512 0.000000 0.000000 0.000000 -1.134370 -1.063472 -0.992574 4.200000 -2.407946 -3.352407 -2.407946 1.000000 0.000000 0.000000 0.000000
2.478519 0.024949 41.335228 0.000000 0.000000 0.000000 -1.134370 -1.063472 -0.992574 4.200000 -2.407946 -3.352407 -2.407946 1.000000 0.000000 0.000000 0.000000
1.647175 0.003661 43.948210 0.000000 0.000000 0.000000 -1.134370 -1.063472 -0.992574 4.200000 -2.407946 -3.352407 -2.407946 1.000000 0.000000 0.000000 0.000000
1.001342 0.020346 33.568560 0.000000 0.000000 0.000000 -1.134370 -1.063472 -0.992574 4.200000 -2.407946 -3.352407 -2.407946 1.000000 0.000000 0.000000 0.000000
-4.264076 0.018938 12.663821 0.000000 0.000000 0.000000 -1.134370 -1.063472 -0.992574 4.200000 -2.407946 -3.352407 -2.407946 1.000000 0.000000 0.000000 0.000000
5.997262 0.024004 7.042459 0.000000 0.000000 0.000000 -1.134370 -1.063472 -0.992574 4.200000 -2.407946 -3.352407 -2.407946 1.000000 0.000000 0.000000 0.000000
-4.407687 0.022334 -12.121742 0.000000 0.000000 0.000000 -1.134370 -1.063472 -0.992574 4.200000 -2.407946 -3.352407 -2.407946 1.000000 0.000000 0.000000 0.000000
-4.493240 0.015908 -8.315631 0.000000 0.000000 0.000000 -1.134370 -1.063472 -0.992574 4.200000 -2.407946 -3.352407 -2.407946 1.000000 0.000000 0.000000 0.000000
-3.650517 0.005247 -44.971864 0.000000 0.000000 0.000000 -1.134370 -1.063472 -0.992574 4.200000 -2.407946 -3.352407 -2.407946 1.000000 0.000000 0.000000 0.000000
5.483065 0.012896 -20.157738 0.000000 0.000000 0.000000 -1.134370 -1.063472 -0.992574 4.200000 -2.407946 -3.352407 -2.407946 1.000000 0.000000 0.000000 0.000000
-1.304903 0.008338 -28.721438 0.000000 0.000000 0.000000 -1.134370 -1.063472 -0.992574 4.200000 -2.407946 -3.352407 -2.407946 1.000000 0.000000 0.000000 0.000000
-1.377464 0.016757 10.392731 0.000000 0.000000 0.000000 -1.134370 -1.063472 -0.992574 4.200000 -2.407946 -3.352407 -2.407946 1.000000 0.000000 0.000000 0.000000
-4.411554 0.006104 46.862558 0.000000 0.000000 0.000000 -1.134370 -1.063472 -0.992574 4.200000 -2.407946 -3.352407 -2.407946 1.000000 0.000000 0.000000 0.000000
-2.651741 0.019703 56.103469 0.000000 0.000000 0.000000 -1.134370 -1.063472 -0.992574 4.200000 -2.407946 -3.352407 -2.407946 1.000000 0.000000 0.000000 0.000000
0.667025 0.008873 -52.375001 0.000000 0.000000 0.000000 -1.134370 -1.063472 -0.992574 4.200000 -2.407946 -3.352407 -2.407946 1.000000 0.000000 0.000000 0.000000
-4.232807 0.026000 10.369936 0.000000 0.000000 0.000000 -1.134370 -1.063472 -0.992574 4.200000 -2.407946 -3.352407 -2.407946 1.000000 0.000000 0.000000 0.000000
-3.571381 0.000913 25.416731 0.000000 0.000000 0.000000 -1.134370 -1.063472 -0.992574 4.200000 -2.407946 -3.352407 -2.407946 1.000000 0.000000 0.000000 0.000000
-4.963346 0.001827 -14.458681 0.000000 0.000000 0.000000 -1.134370 -1.063472 -0.992574 4.200000 -2.407946 -3.352407 -2.407946 1.000000 0.000000 0.000000 0.000000
3.355388 0.028137 -50.847264 0.000000 0.000000 0.000000 -1.134370 -1.063472 -0.992574 4.200000 -2.407946 -3.352407 -2.407946 1.000000 0.000000 0.000000 0.000000
2.637660 0.025357 -11.531363 0.000000 0.000000 0.000000 -1.134370 -1.063472 -0.992574 4.200000 -2.407946 -3.352407 -2.407946 1.000000 0.000000 0.000000 0.000000
-2.857053 0.024702 -57.891140 0.000000 0.000000 0.000000 -1.134370 -1.063472 -0.992574 4.200000 -2.407946 -3.352407 -2.407946 1.000000 0.000000 0.000000 0.000000
-1.421353 0.015633 -7.032987 0.000000 0.000000 0.000000 -1.134370 -1.063472 -0.992574 4.200000 -2.407946 -3.352407 -2.407946 1.000000 0.000000 0.000000 0.000000
-4.719741 0.003644 -37.641913 0.000000 0.000000 0.000000 -1.134370 -1.063472 -0.992574 4.200000 -2.407946 -3.352407 -2.407946 1.000000 0.000000 0.000000 0.000000
-4.550888 0.018763 15.752219 0.000000 0.000000 0.000000 -1.134370 -1.063472 -0.992574 4.200000 -2.407946 -3.352407 -2.407946 1.000000 0.000000 0.000000 0.000000
-3.959029 0.013296 -12.732277 0.000000 0.000000 0.000000 -1.134370 -1.063472 -0.992574 4.200000 -2.407946 -3.352407 -2.407946 1.000000 0.000000 0.000000 0.000000
-0.330492 0.023839 -56.977449 0.000000 0.000000 0.000000 -1.134370 -1.063472 -0.992574 4.200000 -2.407946 -3.352407 -2.407946 1.000000 0.000000 0.000000 0.000000
4.217360 0.005295 -41.347329 0.000000 0.000000 0.000000 -1.134370 -1.063472 -0.992574 4.200000 -2.407946 -3.352407 -2.407946 1.000000 0.000000 0.000000 0.000000
-3.995007 0.027246 26.112462 0.000000 0.000000 0.000000 -1.134370 -1.063472 -0.992574 4.200000 -2.407946 -3.352407 -2.407946 1.000000 0.000000 0.000000 0.000000
5.774518 0.029015 -17.282138 0.000000 0.000000 0.000000 -1.134370 -1.063472 -0.992574 4.200000 -2.407946 -3.352407 -2.407946 1.000000 0.000000 0.000000 0.000000
-1.458475 0.001496 40.709598 0.000000 0.000000 0.000000 -1.134370 -1.063472 -0.992574 4.200000 -2.407946 -3.352407 -2.407946 1.000000 0.000000 0.000000 0.000000
-0.459478 0.015533 21.497889 0.000000 0.000000 0.000000 -1.134370 -1.063472 -0.992574 4.200000 -2.407946 -3.352407 -2.407946 1.000000 0.000000 0.000000 0.000000
-0.429495 0.025775 -4.789376 0.000000 0.000000 0.000000 -1.134370 -1.063472 -0.992574 4.200000 -2.407946 -3.352407 -2.407946 1.000000 0.000000 0.000000 0.000000
-5.075994 0.017390 41.334527 0.000000 0.000000 0.000000 -1.134370 -1.063472 -0.992574 4.200000 -2.407946 -3.352407 -2.407946 1.000000 0.000000 0.000000 0.000000
4.987284 0.029118 -23.513526 0.000000 0.000000 0.000000 -1.134370 -1.063472 -0.992574 4.200000 -2.407946 -3.352407 -2.407946 1.000000 0.000000 0.000000 0.000000
-4.808736 0.005262 -5.431817 0.000000 0.000000 0.000000 -1.134370 -1.063472 -0.992574 4.200000 -2.407946 -3.352407 -2.407946 1.000000 0.000000 0.000000 0.000000
3.413669 0.008401 11.146181 0.000000 0.000000 0.000000 -1.134370 -1.063472 -0.992574 4.200000 -2.407946 -3.352407 -2.407946 1.000000 0.000000 0.000000 0.000000
4.818308 0.004520 -28.184597 0.000000 0.000000 0.000000 -1.134370 -1.063472 -0.992574 4.200000 -2.407946 -3.352407 -2.407946 1.000000 0.000000 0.000000 0.000000
2.036318 0.005995 6.946938 0.000000 0.000000 0.000000 -1.134370 -1.063472 -0.992574 4.200000 -2.407946 -3.352407 -2.407946 1.000000 0.000000 0.000000 0.000000
-2.699381 0.016112 37.587052 0.000000 0.000000 0.000000 -1.134370 -1.063472 -0.992574 4.200000 -2.407946 -3.352407 -2.407946 1.000000 0.000000 0.000000 0.000000
-1.785605 0.008053 -50.281044 0.000000 0.000000 0.000000 -1.134370 -1.063472 -0.992574 4.200000 -2.407946 -3.352407 -2.407946 1.000000 0.000000 0.000000 0.000000
-1.432554 0.006387 35.131549 0.000000 0.000000 0.000000 -1.134370 -1.063472 -0.992574 4.200000 -2.407946 -3.352407 -2.407946 1.000000 0.000000 0.000000 0.000000
-1.493969 0.027667 28.155059 0.000000 0.000000 0.000000 -1.134370 -1.063472 -0.992574 4.200000 -2.407946 -3.352407 -2.407946 1.000000 0.000000 0.000000 0.000000
-2.667589 0.015395 -30.158336 0.000000 0.000000 0.000000 -1.134370 -1.063472 -0.992574 4.200000 -2.407946 -3.352407 -2.407946 1.000000 0.000000 0.000000 0.000000
-5.230380 0.001643 31.751497 0.000000 0.000000 0.000000 -1.134370 -1.063472 -0.992574 4.200000 -2.407946 -3.352407 -2.407946 1.000000 0.000000 0.000000 0.000000
4.342304 0.006731 -10.706692 0.000000 0.000000 0.000000 -1.134370 -1.063472 -0.992574 4.200000 -2.407946 -3.352407 -2.407946 1.000000 0.000000 0.000000 0.000000
-3.770728 0.027464 39.879299 0.000000 0.000000 0.000000 -1.134370 -1.063472 -0.992574 4.200000 -2.407946 -3.352407 -2.407946 1.000000 0.000000 0.000000 0.000000
0.807076 0.017554 33.096365 0.000000 0.000000 0.000000 -1.134370 -1.063472 -0.992574 4.200000 -2.407946 -3.352407 -2.407946 1.000000 0.000000 0.000000 0.000000
-3.807753 0.026912 -49.820324 0.000000 0.000000 0.000000 -1.134370 -1.063472 -0.992574 4.200000 -2.407946 -3.352407 -2.407946 1.000000 0.000000 0.000000 0.000000
5.447177 0.022856 -27.210525 0.000000 0.000000 0.000000 -1.134370 -1.063472 -0.992574 4.200000 -2.407946 -3.352407 -2.407946 1.000000 0.000000 0.000000 0.000000
-1.088007 0.015293 -21.871981 0.000000 0.000000 0.000000 -1.134370 -1.063472 -0.992574 4.200000 -2.407946 -3.352407 -2.407946 1.000000 0.000000 0.000000 0.000000
-1.328312 0.006307 31.132271 0.000000 0.000000 0.000000 -1.134370 -1.063472 -0.992574 4.200000 -2.407946 -3.352407 -2.407946 1.000000 0.000000 0.000000 0.000000
-5.403665 0.018125 -34.867457 0.000000 0.000000 0.000000 -1.134370 -1.063472 -0.992574 4.200000 -2.407946 -3.352407 -2.407946 1.000000 0.000000 0.000000 0.000000
5.206225 0.005187 26.993472 0.000000 0.000000 0.000000 -1.134370 -1.063472 -0.992574 4.200000 -2.407946 -3.352407 -2.407946 1.000000 0.000000 0.000000 0.000000
-5.668143 0.001223 -28.741831 0.000000 0.000000 0.000000 -1.134370 -1.063472 -0.992574 4.200000 -2.407946 -3.352407 -2.407946 1.000000 0.000000 0.000000 0.000000
-1.231828 0.024985 32.181443 0.000000 0.000000 0.000000 -1.134370 -1.063472 -0.992574 4.200000 -2.407946 -3.352407 -2.407946 1.000000 0.000000 0.000000 0.000000
-0.059326 0.007456 24.731977 0.000000 0.000000 0.000000 -1.134370 -1.063472 -0.992574 4.200000 -2.407946 -3.352407 -2.407946 1.000000 0.000000 0.000000 0.000000
-5.452436 0.000048 49.869029 0.000000 0.000000 0.000000 -1.134370 -1.063472 -0.992574 4.200000 -2.407946 -3.352407 -2.407946 1.000000 0.000000 0.000000 0.000000
3.609847 0.006005 -45.307354 0.000000 0.000000 0.000000 -1.134370 -1.063472 -0.992574 4.200000 -2.407946 -3.352407 -2.407946 1.000000 0.000000 0.000000 0.000000
-4.792132 0.021267 -26.877150 0.000000 0.000000 0.000000 -1.134370 -1.063472 -0.992574 4.200000 -2.407946 -3.352407 -2.407946 1.000000 0.000000 0.000000 0.000000
3.039954 0.001895 37.045129 0.000000 0.000000 0.000000 -1.134370 -1.063472 -0.992574 4.200000 -2.407946 -3.352407 -2.407946 1.000000 0.000000 0.000000 0.000000
-2.718885 0.028967 -3.657243 0.000000 0.000000 0.000000 -1.134370 -1.063472 -0.992574 4.200000 -2.407946 -3.352407 -2.407946 1.000000 0.000000 0.000000 0.000000
5.402306 0.003130 15.474182 0.000000 0.000000 0.000000 -1.134370 -1.063472 -0.992574 4.200000 -2.407946 -3.352407 -2.407946 1.000000 0.000000 0.000000 0.000000
5.621710 0.026982 48.415242 0.000000 0.000000 0.000000 -1.134370 -1.063472 -0.992574 4.200000 -2.407946 -3.352407 -2.407946 1.000000 0.000000 0.000000 0.000000
3.653625 0.029963 12.964571 0.000000 0.000000 0.000000 -1.134370 -1.063472 -0.992574 4.200000 -2.407946 -3.352407 -2.407946 1.000000 0.000000 0.000000 0.000000
-5.001935 0.004409 -18.226089 0.000000 0.000000 0.000000 -1.134370 -1.063472 -0.992574 4.200000 -2.407946 -3.352407 -2.407946 1.000000 0.000000 0.000000 0.000000
-2.004901 0.022984 -36.426829 0.000000 0.000000 0.000000 -1.134370 -1.063472 -0.992574 4.200000 -2.407946 -3.352407 -2.407946 1.000000 0.000000 0.000000 0.000000
-1.697467 0.011736 -57.844008 0.000000 0.000000 0.000000 -1.134370 -1.063472 -0.992574 4.200000 -2.407946 -3.352407 -2.407946 1.000000 0.000000 0.000000 0.000000
-1.585353 0.022835 37.395239 0.000000 0.000000 0.000000 -1.134370 -1.063472 -0.992574 4.200000 -2.407946 -3.352407 -2.407946 1.000000 0.000000 0.000000 0.000000
-2.596037 0.024885 5.673553 0.000000 0.000000 0.000000 -1.134370 -1.063472 -0.992574 4.200000 -2.407946 -3.352407 -2.407946 1.000000 0.000000 0.000000 0.000000
0.843855 0.000523 56.628213 0.000000 0.000000 0.000000 -1.134370 -1.063472 -0.992574 4.200000 -2.407946 -3.352407 -2.407946 1.000000 0.000000 0.000000 0.000000
-2.054804 0.028931 -15.085716 0.000000 0.000000 0.000000 -1.134370 -1.063472 -0.992574 4.200000 -2.407946 -3.352407 -2.407946 1.000000 0.000000 0.000000 0.000000
3.393604 0.011398 -8.892641 0.000000 0.000000 0.000000 -1.134370 -1.063472 -0.992574 4.200000 -2.407946 -3.352407 -2.407946 1.000000 0.000000 0.000000 0.000000
-5.702080 0.009452 27.949278 0.000000 0.000000 0.000000 -1.134370 -1.063472 -0.992574 4.200000 -2.407946 -3.352407 -2.407946 1.000000 0.000000 0.000000 0.000000
-0.922184 0.005203 12.561333 0.000000 0.000000 0.000000 -1.134370 -1.063472 -0.992574 4.200000 -2.407946 -3.352407 -2.407946 1.000000 0.000000 0.000000 0.000000
4.990981 0.028924 -23.418206 0.000000 0.000000 0.000000 -1.134370 -1.063472 -0.992574 4.200000 -2.407946 -3.352407 -2.407946 1.000000 0.000000 0.000000 0.000000
-1.122072 0.005791 -35.813769 0.000000 0.000000 0.000000 -1.134370 -1.063472 -0.992574 4.200000 -2.407946 -3.352407 -2.407946 1.000000 0.000000 0.000000 0.000000
-5.224104 0.002510 -23.877589 0.000000 0.000000 0.000000 -1.134370 -1.063472 -0.992574 4.200000 -2.407946 -3.352407 -2.407946 1.000000 0.000000 0.000000 0.000000
-3.227736 0.015339 56.463083 0.000000 0.000000 0.000000 -1.134370 -1.063472 -0.992574 4.200000 -2.407946 -3.352407 -2.407946 1.000000 0.000000 0.000000 0.000000
-4.644199 0.029345 -35.548942 0.000000 0.000000 0.000000 -1.134370 -1.063472 -0.992574 4.200000 -2.407946 -3.352407 -2.407946 1.000000 0.000000 0.000000 0.000000
-5.916384 0.021764 -45.026008 0.000000 0.000000 0.000000 -1.134370 -1.063472 -0.992574 4.200000 -2.407946 -3.352407 -2.407946 1.000000 0.000000 0.000000 0.000000
1.692073 0.006581 -19.123814 0.000000 0.000000 0.000000 -1.134370 -1.063472 -0.992574 4.200000 -2.407946 -3.352407 -2.407946 1.000000 0.000000 0.000000 0.000000
-4.608798 0.004978 -8.144413 0.000000 0.000000 0.000000 -1.134370 -1.063472 -0.992574 4.200000 -2.407946 -3.352407 -2.407946 1.000000 0.000000 0.000000 0.000000
1.753535 0.024029 -55.494257 0.000000 0.000000 0.000000 -1.134370 -1.063472 -0.992574 4.200000 -2.407946 -3.352407 -2.407946 1.000000 0.000000 0.000000 0.000000
-1.124705 0.010127 35.604810 0.000000 0.000000 0.000000 -1.134370 -1.063472 -0.992574 4.200000 -2.407946 -3.352407 -2.407946 1.000000 0.000000 0.000000 0.000000
-4.487714 0.026982 52.503329 0.000000 0.000000 0.000000 -1.134370 -1.063472 -0.992574 4.200000 -2.407946 -3.352407 -2.407946 1.000000 0.000000 0.000000 0.000000
-4.561935 0.018707 -32.091925 0.000000 0.000000 0.000000 -1.134370 -1.063472 -0.992574 4.200000 -2.407946 -3.352407 -2.407946 1.000000 0.000000 0.000000 0.000000
1.447401 0.000899 -47.732932 0.000000 0.000000 0.000000 -1.134370 -1.063472 -0.992574 4.200000 -2.407946 -3.352407 -2.407946 1.000000 0.000000 0.000000 0.000000
-2.358349 0.015589 -3.864668 0.000000 0.000000 0.000000 -1.134370 -1.063472 -0.992574 4.200000 -2.407946 -3.352407 -2.407946 1.000000 0.000000 0.000000 0.000000
-3.915745 0.007100 -26.830045 0.000000 0.000000 0.000000 -1.134370 -1.063472 -0.992574 4.200000 -2.407946 -3.352407 -2.407946 1.000000 0.000000 0.000000 0.000000
2.149634 0.022416 44.938079 0.000000 0.000000 0.000000 -1.134370 -1.063472 -0.992574 4.200000 -2.407946 -3.352407 -2.407946 1.000000 0.000000 0.000000 0.000000
-4.214186 0.027472 54.489683 0.000000 0.000000 0.000000 -1.134370 -1.063472 -0.992574 4.200000 -2.407946 -3.352407 -2.407946 1.000000 0.000000 0.000000 0.000000
2.636879 0.016778 9.616851 0.000000 0.000000 0.000000 -1.134370 -1.063472 -0.992574 4.200000 -2.407946 -3.352407 -2.407946 1.000000 0.000000 0.000000 0.000000
0.986681 0.022914 47.866008 0.000000 0.000000 0.000000 -1.134370 -1.063472 -0.992574 4.200000 -2.407946 -3.352407 -2.407946 1.000000 0.000000 0.000000 0.000000
4.111499 0.013206 30.371091 0.000000 0.000000 0.000000 -1.134370 -1.063472 -0.992574 4.200000 -2.407946 -3.352407 -2.407946 1.000000 0.000000 0.000000 0.000000
1.308715 0.027160 0.141688 0.000000 0.000000 0.000000 -1.134370 -1.063472 -0.992574 4.200000 -2.407946 -3.352407 -2.407946 1.000000 0.000000 0.000000 0.000000
-4.075006 0.024989 31.682166 0.000000 0.000000 0.000000 -1.134370 -1.063472 -0.992574 4.200000 -2.407946 -3.352407 -2.407946 1.000000 0.000000 0.000000 0.000000
-2.979948 0.008727 -1.430758 0.000000 0.000000 0.000000 -1.134370 -1.063472 -0.992574 4.200000 -2.407946 -3.352407 -2.407946 1.000000 0.000000 0.000000 0.000000
4.955094 0.009072 14.522867 0.000000 0.000000 0.000000 -1.134370 -1.063472 -0.992574 4.200000 -2.407946 -3.352407 -2.407946 1.000000 0.000000 0.000000 0.000000
-2.973968 0.016194 -32.238975 0.000000 0.000000 0.000000 -1.134370 -1.063472 -0.992574 4.200000 -2.407946 -3.352407 -2.407946 1.000000 0.000000 0.000000 0.000000
5.348967 0.026323 52.532436 0.000000 0.000000 0.000000 -1.134370 -1.063472 -0.992574 4.200000 -2.407946 -3.352407 -2.407946 1.000000 0.000000 0.000000 0.000000
4.022123 0.020022 -27.743486 0.000000 0.000000 0.000000 -1.134370 -1.063472 -0.992574 4.200000 -2.407946 -3.352407 -2.407946 1.000000 0.000000 0.000000 0.000000
0.950862 0.012525 51.419697 0.000000 0.000000 0.000000 -1.134370 -1.063472 -0.992574 4.200000 -2.407946 -3.352407 -2.407946 1.000000 0.000000 0.000000 0.000000
2.087564 0.006017 39.567138 0.000000 0.000000 0.000000 -1.134370 -1.063472 -0.992574 4.200000 -2.407946 -3.352407 -2.407946 1.000000 0.000000 0.000000 0.000000
-3.481818 0.017156 -45.564942 0.000000 0.000000 0.000000 -1.134370 -1.063472 -0.992574 4.200000 -2.407946 -3.352407 -2.407946 1.000000 0.000000 0.000000 0.000000
4.212721 0.020670 -40.584874 0.000000 0.000000 0.000000 -1.134370 -1.063472 -0.992574 4.200000 -2.407946 -3.352407 -2.407946 1.000000 0.000000 0.000000 0.000000
-4.220196 0.007960 -37.140675 0.000000 0.000000 0.000000 -1.134370 -1.063472 -0.992574 4.200000 -2.407946 -3.352407 -2.407946 1.000000 0.000000 0.000000 0.000000
4.182493 0.000054 40.669188 0.000000 0.000000 0.000000 -1.134370 -1.063472 -0.992574 4.200000 -2.407946 -3.352407 -2.407946 1.000000 0.000000 0.000000 0.000000
-3.907400 0.007328 13.877421 0.000000 0.000000 0.000000 -1.134370 -1.063472 -0.992574 4.200000 -2.407946 -3.352407 -2.407946 1.000000 0.000000 0.000000 0.000000
-3.666831 0.010446 -31.174554 0.000000 0.000000 0.000000 -1.134370 -1.063472 -0.992574 4.200000 -2.407946 -3.352407 -2.407946 1.000000 0.000000 0.000000 0.000000
4.846461 0.027134 20.749018 0.000000 0.000000 0.000000 -1.134370 -1.063472 -0.992574 4.200000 -2.407946 -3.352407 -2.407946 1.000000 0.000000 0.000000 0.000000
3.276277 0.000021 -11.166054 0.000000 0.000000 0.000000 -1.134370 -1.063472 -0.992574 4.200000 -2.407946 -3.352407 -2.407946 1.000000 0.000000 0.000000 0.000000
-0.796918 0.029258 2.718367 0.000000 0.000000 0.000000 -1.134370 -1.063472 -0.992574 4.200000 -2.407946 -3.352407 -2.407946 1.000000 0.000000 0.000000 0.000000
-2.720021 0.023109 -10.124050 0.000000 0.000000 0.000000 -1.134370 -1.063472 -0.992574 4.200000 -2.407946 -3.352407 -2.407946 1.000000 0.000000 0.000000 0.000000
-0.820124 0.026277 -21.199330 0.000000 0.000000 0.000000 -1.134370 -1.063472 -0.992574 4.200000 -2.407946 -3.352407 -2.407946 1.000000 0.000000 0.000000 0.000000
2.920257 0.025839 -44.673430 0.000000 0.000000 0.000000 -1.134370 -1.063472 -0.992574 4.200000 -2.407946 -3.352407 -2.407946 1.000000 0.000000 0.000000 0.000000
-0.813399 0.015837 -3.379735 0.000000 0.000000 0.000000 -1.134370 -1.063472 -0.992574 4.200000 -2.407946 -3.352407 -2.407946 1.000000 0.000000 0.000000 0.000000
-3.996896 0.015233 -40.677749 0.000000 0.000000 0.000000 -1.134370 -1.063472 -0.992574 4.200000 -2.407946 -3.352407 -2.407946 1.000000 0.000000 0.000000 0.000000
-4.869686 0.000382 -25.983207 0.000000 0.000000 0.000000 -1.134370 -1.063472 -0.992574 4.200000 -2.407946 -3.352407 -2.407946 1.000000 0.000000 0.000000 0.000000
3.748923 0.002988 31.433813 0.000000 0.000000 0.000000 -1.134370 -1.063472 -0.992574 4.200000 -2.407946 -3.352407 -2.407946 1.000000 0.000000 0.000000 0.000000
-0.908984 0.004269 -35.949765 0.000000 0.000000 0.000000 -1.134370 -1.063472 -0.992574 4.200000 -2.407946 -3.352407 -2.407946 1.000000 0.000000 0.000000 0.000000
5.838862 0.025531 -22.681210 0.000000 0.000000 0.000000 -1.134370 -1.063472 -0.992574 4.200000 -2.407946 -3.352407 -2.407946 1.000000 0.000000 0.000000 0.000000
-4.400514 0.023360 2.362926 0.000000 0.000000 0.000000 -1.134370 -1.063472 -0.992574 4.200000 -2.407946 -3.352407 -2.407946 1.000000 0.000000 0.000000 0.000000
3.926610 0.012949 -39.722025 0.000000 0.000000 0.000000 -1.134370 -1.063472 -0.992574 4.200000 -2.407946 -3.352407 -2.407946 1.000000 0.000000 0.000000 0.000000
-1.823746 0.017758 28.092092 0.000000 0.000000 0.000000 -1.134370 -1.063472 -0.992574 4.200000 -2.407946 -3.352407 -2.407946 1.000000 0.000000 0.000000 0.000000
-1.063093 0.012321 -1.172929 0.000000 0.000000 0.000000 -1.134370 -1.063472 -0.992574 4.200000 -2.407946 -3.352407 -2.407946 1.000000 0.000000 0.000000 0.000000
1.873773 0.009170 -8.837909 0.000000 0.000000 0.000000 -1.134370 -1.063472 -0.992574 4.200000 -2.407946 -3.352407 -2.407946 1.000000 0.000000 0.000000 0.000000
0.843262 0.022499 -38.970805 0.000000 0.000000 0.000000 -1.134370 -1.063472 -0.992574 4.200000 -2.407946 -3.352407 -2.407946 1.000000 0.000000 0.000000 0.000000
5.360070 0.018218 -17.828123 0.000000 0.000000 0.000000 -1.134370 -1.063472 -0.992574 4.200000 -2.407946 -3.352407 -2.407946 1.000000 0.000000 0.000000 0.000000
-2.430107 0.029434 27.325540 0.000000 0.000000 0.000000 -1.134370 -1.063472 -0.992574 4.200000 -2.407946 -3.352407 -2.407946 1.000000 0.000000 0.000000 0.000000
-2.349064 0.026388 -27.725022 0.000000 0.000000 0.000000 -1.134370 -1.063472 -0.992574 4.200000 -2.407946 -3.352407 -2.407946 1.000000 0.000000 0.000000 0.000000
-1.644693 0.024006 34.713025 0.000000 0.000000 0.000000 -1.134370 -1.063472 -0.992574 4.200000 -2.407946 -3.352407 -2.407946 1.000000 0.000000 0.000000 0.000000
0.981950 0.005474 15.136115 0.000000 0.000000 0.000000 -1.134370 -1.063472 -0.992574 4.200000 -2.407946 -3.352407 -2.407946 1.000000 0.000000 0.000000 0.000000
4.530812 0.025247 -51.540052 0.000000 0.000000 0.000000 -1.134370 -1.063472 -0.992574 4.200000 -2.407946 -3.352407 -2.407946 1.000000 0.000000 0.000000 0.000000
0.270098 0.026282 -12.808021 0.000000 0.000000 0.000000 -1.134370 -1.063472 -0.992574 4.200000 -2.407946 -3.352407 -2.407946 1.000000 0.000000 0.000000 0.000000
-0.905986 0.013856 -42.357531 0.000000 0.000000 0.000000 -1.134370 -1.063472 -0.992574 4.200000 -2.407946 -3.352407 -2.407946 1.000000 0.000000 0.000000 0.000000
4.383428 0.014766 -51.096900 0.000000 0.000000 0.000000 -1.134370 -1.063472 -0.992574 4.200000 -2.407946 -3.352407 -2.407946 1.000000 0.000000 0.000000 0.000000
5.427856 0.014348 27.594708 0.000000 0.000000 0.000000 -1.134370 -1.063472 -0.992574 4.200000 -2.407946 -3.352407 -2.407946 1.000000 0.000000 0.000000 0.000000
-1.489203 0.015745 0.665161 0.000000 0.000000 0.000000 -1.134370 -1.063472 -0.992574 4.200000 -2.407946 -3.352407 -2.407946 1.000000 0.000000 0.000000 0.000000
-5.385028 0.021945 34.498607 0.000000 0.000000 0.000000 -1.134370 -1.063472 -0.992574 4.200000 -2.407946 -3.352407 -2.407946 1.000000 0.000000 0.000000 0.000000
-5.896277 0.006787 40.984653 0.000000 0.000000 0.000000 -1.134370 -1.063472 -0.992574 4.200000 -2.407946 -3.352407 -2.407946 1.000000 0.000000 0.000000 0.000000
2.290516 0.025485 27.043312 0.000000 0.000000 0.000000 -1.134370 -1.063472 -0.992574 4.200000 -2.407946 -3.352407 -2.407946 1.000000 0.000000 0.000000 0.000000
-2.002019 0.008365 -55.637635 0.000000 0.000000 0.000000 -1.134370 -1.063472 -0.992574 4.200000 -2.407946 -3.352407 -2.407946 1.000000 0.000000 0.000000 0.000000
1.350512 0.029049 5.014580 0.000000 0.000000 0.000000 -1.134370 -1.063472 -0.992574 4.200000 -2.407946 -3.352407 -2.407946 1.000000 0.000000 0.000000 0.000000
1.621879 0.022979 -39.441990 0.000000 0.000000 0.000000 -1.134370 -1.063472 -0.992574 4.200000 -2.407946 -3.352407 -2.407946 1.000000 0.000000 0.000000 0.000000
-2.443080 0.011903 -26.004357 0.000000 0.000000 0.000000 -1.134370 -1.063472 -0.992574 4.200000 -2.407946 -3.352407 -2.407946 1.000000 0.000000 0.000000 0.000000
1.240554 0.010717 4.127911 0.000000 0.000000 0.000000 -1.134370 -1.063472 -0.992574 4.200000 -2.407946 -3.352407 -2.407946 1.000000 0.000000 0.000000 0.000000
5.435529 0.023906 42.452480 0.000000 0.000000 0.000000 -1.134370 -1.063472 -0.992574 4.200000 -2.407946 -3.352407 -2.407946 1.000000 0.000000 0.000000 0.000000
-4.910517 0.016628 44.795221 0.000000 0.000000 0.000000 -1.134370 -1.063472 -0.992574 4.200000 -2.407946 -3.352407 -2.407946 1.000000 0.000000 0.000000 0.000000
-0.824193 0.003468 0.850549 0.000000 0.000000 0.000000 -1.134370 -1.063472 -0.992574 4.200000 -2.407946 -3.352407 -2.407946 1.000000 0.000000 0.000000 0.000000
-4.145712 0.028642 28.734547 0.000000 0.000000 0.000000 -1.134370 -1.063472 -0.992574 4.200000 -2.407946 -3.352407 -2.407946 1.000000 0.000000 0.000000 0.000000
2.493037 0.002149 -18.355607 0.000000 0.000000 0.000000 -1.134370 -1.063472 -0.992574 4.200000 -2.407946 -3.352407 -2.407946 1.000000 0.000000 0.000000 0.000000
-2.277171 0.027190 17.354628 0.000000 0.000000 0.000000 -1.134370 -1.063472 -0.992574 4.200000 -2.407946 -3.352407 -2.407946 1.000000 0.000000 0.000000 0.000000
2.824782 0.018097 41.432179 0.000000 0.000000 0.000000 -1.134370 -1.063472 -0.992574 4.200000 -2.407946 -3.352407 -2.407946 1.000000 0.000000 0.000000 0.000000
-3.418618 0.004758 25.884130 0.000000 0.000000 0.000000 -1.134370 -1.063472 -0.992574 4.200000 -2.407946 -3.352407 -2.407946 1.000000 0.000000 0.000000 0.000000
-5.888584 0.017193 28.497085 0.000000 0.000000 0.000000 -1.134370 -1.063472 -0.992574 4.200000 -2.407946 -3.352407 -2.407946 1.000000 0.000000 0.000000 0.000000
0.677136 0.010485 53.798138 0.000000 0.000000 0.000000 -1.134370 -1.063472 -0.992574 4.200000 -2.407946 -3.352407 -2.407946 1.000000 0.000000 0.000000 0.000000
0.065215 0.025557 -11.412831 0.000000 0.000000 0.000000 -1.134370 -1.063472 -0.992574 4.200000 -2.407946 -3.352407 -2.407946 1.000000 0.000000 0.000000 0.000000
1.611090 0.004060 -44.417525 0.000000 0.000000 0.000000 -1.134370 -1.063472 -0.992574 4.200000 -2.407946 -3.352407 -2.407946 1.000000 0.000000 0.000000 0.000000
-0.178088 0.028576 -55.261252 0.000000 0.000000 0.000000 -1.134370 -1.063472 -0.992574 4.200000 -2.407946 -3.352407 -2.407946 1.000000 0.000000 0.000000 0.000000
-0.452724 0.017653 42.067908 0.000000 0.000000 0.000000 -1.134370 -1.063472 -0.992574 4.200000 -2.407946 -3.352407 -2.407946 1.000000 0.000000 0.000000 0.000000
1.835275 0.025620 43.206276 0.000000 0.000000 0.000000 -1.134370 -1.063472 -0.992574 4.200000 -2.407946 -3.352407 -2.407946 1.000000 0.000000 0.000000 0.000000
-0.853768 0.012662 -52.667410 0.000000 0.000000 0.000000 -1.134370 -1.063472 -0.992574 4.200000 -2.407946 -3.352407 -2.407946 1.000000 0.000000 0.000000 0.000000
5.374135 0.010912 -1.572183 0.000000 0.000000 0.000000 -1.134370 -1.063472 -0.992574 4.200000 -2.407946 -3.352407 -2.407946 1.000000 0.000000 0.000000 0.000000
-3.766198 0.027455 -40.125172 0.000000 0.000000 0.000000 -1.134370 -1.063472 -0.992574 4.200000 -2.407946 -3.352407 -2.407946 1.000000 0.000000 0.000000 0.000000
-5.374157 0.013696 43.394554 0.000000 0.000000 0.000000 -1.134370 -1.063472 -0.992574 4.200000 -2.407946 -3.352407 -2.407946 1.000000 0.000000 0.000000 0.000000
5.212376 0.025516 -36.271644 0.000000 0.000000 0.000000 -1.134370 -1.063472 -0.992574 4.200000 -2.407946 -3.352407 -2.407946 1.000000 0.000000 0.000000 0.000000
-2.085533 0.027588 20.175941 0.000000 0.000000 0.000000 -1.134370 -1.063472 -0.992574 4.200000 -2.407946 -3.352407 -2.407946 1.000000 0.000000 0.000000 0.000000
3.548169 0.007143 57.983774 0.000000 0.000000 0.000000 -1.134370 -1.063472 -0.992574 4.200000 -2.407946 -3.352407 -2.407946 1.000000 0.000000 0.000000 0.000000
3.075771 0.025720 57.004271 0.000000 0.000000 0.000000 -1.134370 -1.063472 -0.992574 4.200000 -2.407946 -3.352407 -2.407946 1.000000 0.000000 0.000000 0.000000
-3.021606 0.004607 18.135629 0.000000 0.000000 0.000000 -1.134370 -1.063472 -0.992574 4.200000 -2.407946 -3.352407 -2.407946 1.000000 0.000000 0.000000 0.000000
3.612643 0.026791 -55.727689 0.000000 0.000000 0.000000 -1.134370 -1.063472 -0.992574 4.200000 -2.407946 -3.352407 -2.407946 1.000000 0.000000 0.000000 0.000000
-2.172844 0.004161 -26.332184 0.000000 0.000000 0.000000 -1.134370 -1.063472 -0.992574 4.200000 -2.407946 -3.352407 -2.407946 1.000000 0.000000 0.000000 0.000000
-0.916296 0.025076 -49.581196 0.000000 0.000000 0.000000 -1.134370 -1.063472 -0.992574 4.200000 -2.407946 -3.352407 -2.407946 1.000000 0.000000 0.000000 0.000000
-4.135903 0.010531 -34.098416 0.000000 0.000000 0.000000 -1.134370 -1.063472 -0.992574 4.200000 -2.407946 -3.352407 -2.407946 1.000000 0.000000 0.000000 0.000000
-0.892319 0.022364 -28.093964 0.000000 0.000000 0.000000 -1.134370 -1.063472 -0.992574 4.200000 -2.407946 -3.352407 -2.407946 1.000000 0.000000 0.000000 0.000000
3.494603 0.016818 11.527264 0.000000 0.000000 0.000000 -1.134370 -1.063472 -0.992574 4.200000 -2.407946 -3.352407 -2.407946 1.000000 0.000000 0.000000 0.000000
-3.848789 0.005451 -40.116127 0.000000 0.000000 0.000000 -1.134370 -1.063472 -0.992574 4.200000 -2.407946 -3.352407 -2.407946 1.000000 0.000000 0.000000 0.000000
5.816508 0.012534 -30.074733 0.000000 0.000000 0.000000 -1.134370 -1.063472 -0.992574 4.200000 -2.407946 -3.352407 -2.407946 1.000000 0.000000 0.000000 0.000000
0.082142 0.020963 -22.873638 0.000000 0.000000 0.000000 -1.134370 -1.063472 -0.992574 4.200000 -2.407946 -3.352407 -2.407946 1.000000 0.000000 0.000000 0.000000
-3.188181 0.012915 48.044401 0.000000 0.000000 0.000000 -1.134370 -1.063472 -0.992574 4.200000 -2.407946 -3.352407 -2.407946 1.000000 0.000000 0.000000 0.000000
-5.730981 0.014839 -42.719249 0.000000 0.000000 0.000000 -1.134370 -1.063472 -0.992574 4.200000 -2.407946 -3.352407 -2.407946 1.000000 0.000000 0.000000 0.000000
0.381299 0.024586 29.179662 0.000000 0.000000 0.000000 -1.134370 -1.063472 -0.992574 4.200000 -2.407946 -3.352407 -2.407946 1.000000 0.000000 0.000000 0.000000
-3.064329 0.009140 -21.921238 0.000000 0.000000 0.000000 -1.134370 -1.063472 -0.992574 4.200000 -2.407946 -3.352407 -2.407946 1.000000 0.000000 0.000000 0.000000
-3.185378 0.028398 18.582731 0.000000 0.000000 0.000000 -1.134370 -1.063472 -0.992574 4.200000 -2.407946 -3.352407 -2.407946 1.000000 0.000000 0.000000 0.000000
0.856722 0.028623 19.429725 0.000000 0.000000 0.000000 -1.134370 -1.063472 -0.992574 4.200000 -2.407946 -3.352407 -2.407946 1.000000 0.000000 0.000000 0.000000
-4.118337 0.008673 36.700451 0.000000 0.000000 0.000000 -1.134370 -1.063472 -0.992574 4.200000 -2.407946 -3.352407 -2.407946 1.000000 0.000000 0.000000 0.000000
2.768990 0.029275 13.598605 0.000000 0.000000 0.000000 -1.134370 -1.063472 -0.992574 4.200000 -2.407946 -3.352407 -2.407946 1.000000 0.000000 0.000000 0.000000
-4.441395 0.002263 -53.946113 0.000000 0.000000 0.000000 -1.134370 -1.063472 -0.992574 4.200000 -2.407946 -3.352407 -2.407946 1.000000 0.000000 0.000000 0.000000
-1.540947 0.007488 -27.944196 0.000000 0.000000 0.000000 -1.134370 -1.063472 -0.992574 4.200000 -2.407946 -3.352407 -2.407946 1.000000 0.000000 0.000000 0.000000
-1.050305 0.029392 -36.019987 0.000000 0.000000 0.000000 -1.134370 -1.063472 -0.992574 4.200000 -2.407946 -3.352407 -2.407946 1.000000 0.000000 0.000000 0.000000
-2.432177 0.007413 41.491214 0.000000 0.000000 0.000000 -1.134370 -1.063472 -0.992574 4.200000 -2.407946 -3.352407 -2.407946 1.000000 0.000000 0.000000 0.000000
3.276297 0.017114 -16.805699 0.000000 0.000000 0.000000 -1.134370 -1.063472 -0.992574 4.200000 -2.407946 -3.352407 -2.407946 1.000000 0.000000 0.000000 0.000000
3.678979 0.001498 -12.062509 0.000000 0.000000 0.000000 -1.134370 -1.063472 -0.992574 4.200000 -2.407946 -3.352407 -2.407946 1.000000 0.000000 0.000000 0.000000
-2.512112 0.006672 42.477731 0.000000 0.000000 0.000000 -1.134370 -1.063472 -0.992574 4.200000 -2.407946 -3.352407 -2.407946 1.000000 0.000000 0.000000 0.000000
1.581086 0.024024 35.108694 0.000000 0.000000 0.000000 -1.134370 -1.063472 -0.992574 4.200000 -2.407946 -3.352407 -2.407946 1.000000 0.000000 0.000000 0.000000
-2.939230 0.002405 -40.685767 0.000000 0.000000 0.000000 -1.134370 -1.063472 -0.992574 4.200000 -2.407946 -3.352407 -2.407946 1.000000 0.000000 0.000000 0.000000
-1.956209 0.010816 -34.204866 0.000000 0.000000 0.000000 -1.134370 -1.063472 -0.992574 4.200000 -2.407946 -3.352407 -2.407946 1.000000 0.000000 0.000000 0.000000
-1.741971 0.020864 29.141491 0.000000 0.000000 0.000000 -1.134370 -1.063472 -0.992574 4.200000 -2.407946 -3.352407 -2.407946 1.000000 0.000000 0.000000 0.000000
0.065746 0.005310 -7.176329 0.000000 0.000000 0.000000 -1.134370 -1.063472 -0.992574 4.200000 -2.407946 -3.352407 -2.407946 1.000000 0.000000 0.000000 0.000000
-0.276528 0.003100 28.081150 0.000000 0.000000 0.000000 -1.134370 -1.063472 -0.992574 4.200000 -2.407946 -3.352407 -2.407946 1.000000 0.000000 0.000000 0.000000
-2.424778 0.024695 -29.057232 0.000000 0.000000 0.000000 -1.134370 -1.063472 -0.992574 4.200000 -2.407946 -3.352407 -2.407946 1.000000 0.000000 0.000000 0.000000
2.058030 0.011990 -52.128795 0.000000 0.000000 0.000000 -1.134370 -1.063472 -0.992574 4.200000 -2.407946 -3.352407 -2.407946 1.000000 0.000000 0.000000 0.000000
-1.008796 0.020790 -26.719850 0.000000 0.000000 0.000000 -1.134370 -1.063472 -0.992574 4.200000 -2.407946 -3.352407 -2.407946 1.000000 0.000000 0.000000 0.000000
5.679146 0.009576 48.158784 0.000000 0.000000 0.000000 -1.134370 -1.063472 -0.992574 4.200000 -2.407946 -3.352407 -2.407946 1.000000 0.000000 0.000000 0.000000
3.840001 0.028802 -29.723203 0.000000 0.000000 0.000000 -1.134370 -1.063472 -0.992574 4.200000 -2.407946 -3.352407 -2.407946 1.000000 0.000000 0.000000 0.000000
-0.171354 0.013280 -12.005589 0.000000 0.000000 0.000000 -1.134370 -1.063472 -0.992574 4.200000 -2.407946 -3.352407 -2.407946 1.000000 0.000000 0.000000 0.000000
-1.114143 0.008545 51.031224 0.000000 0.000000 0.000000 -1.134370 -1.063472 -0.992574 4.200000 -2.407946 -3.352407 -2.407946 1.000000 0.000000 0.000000 0.000000
0.607101 0.024698 42.979744 0.000000 0.000000 0.000000 -1.134370 -1.063472 -0.992574 4.200000 -2.407946 -3.352407 -2.407946 1.000000 0.000000 0.000000 0.000000
-4.957291 0.009462 3.052045 0.000000 0.000000 0.000000 -1.134370 -1.063472 -0.992574 4.200000 -2.407946 -3.352407 -2.407946 1.000000 0.000000 0.000000 0.000000
-3.624916 0.027042 -21.758547 0.000000 0.000000 0.000000 -1.134370 -1.063472 -0.992574 4.200000 -2.407946 -3.352407 -2.407946 1.000000 0.000000 0.000000 0.000000
-1.137934 0.004348 -6.294354 0.000000 0.000000 0.000000 -1.134370 -1.063472 -0.992574 4.200000 -2.407946 -3.352407 -2.407946 1.000000 0.000000 0.000000 0.000000
4.911523 0.022675 2.119848 0.000000 0.000000 0.000000 -1.134370 -1.063472 -0.992574 4.200000 -2.407946 -3.352407 -2.407946 1.000000 0.000000 0.000000 0.000000
-1.998670 0.017317 -42.028494 0.000000 0.000000 0.000000 -1.134370 -1.063472 -0.992574 4.200000 -2.407946 -3.352407 -2.407946 1.000000 0.000000 0.000000 0.000000
1.293623 0.002182 42.388649 0.000000 0.000000 0.000000 -1.134370 -1.063472 -0.992574 4.200000 -2.407946 -3.352407 -2.407946 1.000000 0.000000 0.000000 0.000000
2.260314 0.011370 -50.662833 0.000000 0.000000 0.000000 -1.134370 -1.063472 -0.992574 4.200000 -2.407946 -3.352407 -2.407946 1.000000 0.000000 0.000000 0.000000
-3.042606 0.015300 -24.294250 0.000000 0.000000 0.000000 -1.134370 -1.063472 -0.992574 4.200000 -2.407946 -3.352407 -2.407946 1.000000 0.000000 0.000000 0.000000
2.658948 0.004383 -33.456705 0.000000 0.000000 0.000000 -1.134370 -1.063472 -0.992574 4.200000 -2.407946 -3.352407 -2.407946 1.000000 0.000000 0.000000 0.000000
0.773250 0.025139 24.895346 0.000000 0.000000 0.000000 -1.134370 -1.063472 -0.992574 4.200000 -2.407946 -3.352407 -2.407946 1.000000 0.000000 0.000000 0.000000
2.163626 0.018472 30.522884 0.000000 0.000000 0.000000 -1.134370 -1.063472 -0.992574 4.200000 -2.407946 -3.352407 -2.407946 1.000000 0.000000 0.000000 0.000000
3.890728 0.020031 -12.355305 0.000000 0.000000 0.000000 -1.134370 -1.063472 -0.992574 4.200000 -2.407946 -3.352407 -2.407946 1.000000 0.000000 0.000000 0.000000
3.902963 0.025124 -40.750867 0.000000 0.000000 0.000000 -1.134370 -1.063472 -0.992574 4.200000 -2.407946 -3.352407 -2.407946 1.000000 0.000000 0.000000 0.000000
-4.664611 0.004874 -36.503637 0.000000 0.000000 0.000000 -1.134370 -1.063472 -0.992574 4.200000 -2.407946 -3.352407 -2.407946 1.000000 0.000000 0.000000 0.000000
3.810757 0.008274 16.863990 0.000000 0.000000 0.000000 -1.134370 -1.063472 -0.992574 4.200000 -2.407946 -3.352407 -2.407946 1.000000 0.000000 0.000000 0.000000
1.467557 0.014857 43.422866 0.000000 0.000000 0.000000 -1.134370 -1.063472 -0.992574 4.200000 -2.407946 -3.352407 -2.407946 1.000000 0.000000 0.000000 0.000000
-2.286101 0.015173 20.860826 0.000000 0.000000 0.000000 -1.134370 -1.063472 -0.992574 4.200000 -2.407946 -3.352407 -2.407946 1.000000 0.000000 0.000000 0.000000
-3.559654 0.024128 20.354702 0.000000 0.000000 0.000000 -1.134370 -1.063472 -0.992574 4.200000 -2.407946 -3.352407 -2.407946 1.000000 0.000000 0.000000 0.000000
-0.906401 0.028855 -21.190663 0.000000 0.000000 0.000000 -1.134370 -1.063472 -0.992574 4.200000 -2.407946 -3.352407 -2.407946 1.000000 0.000000 0.000000 0.000000
5.276882 0.023809 -6.799000 0.000000 0.000000 0.000000 -1.134370 -1.063472 -0.992574 4.200000 -2.407946 -3.352407 -2.407946 1.000000 0.000000 0.000000 0.000000
-4.256745 0.003229 -48.862108 0.000000 0.000000 0.000000 -1.134370 -1.063472 -0.992574 4.200000 -2.407946 -3.352407 -2.407946 1.000000 0.000000 0.000000 0.000000
-4.237967 0.022479 42.781016 0.000000 0.000000 0.000000 -1.134370 -1.063472 -0.992574 4.200000 -2.407946 -3.352407 -2.407946 1.000000 0.000000 0.000000 0.000000
3.166228 0.016120 35.697799 0.000000 0.000000 0.000000 -1.134370 -1.063472 -0.992574 4.200000 -2.407946 -3.352407 -2.407946 1.000000 0.000000 0.000000 0.000000
-0.091968 0.017419 29.787204 0.000000 0.000000 0.000000 -1.134370 -1.063472 -0.992574 4.200000 -2.407946 -3.352407 -2.407946 1.000000 0.000000 0.000000 0.000000
3.683416 0.010913 -40.931891 0.000000 0.000000 0.000000 -1.134370 -1.063472 -0.992574 4.200000 -2.407946 -3.352407 -2.407946 1.000000 0.000000 0.000000 0.000000
3.339236 0.000287 53.917926 0.000000 0.000000 0.000000 -1.134370 -1.063472 -0.992574 4.200000 -2.407946 -3.352407 -2.407946 1.000000 0.000000 0.000000 0.000000
0.947780 0.002802 30.333677 0.000000 0.000000 0.000000 -1.134370 -1.063472 -0.992574 4.200000 -2.407946 -3.352407 -2.407946 1.000000 0.000000 0.000000 0.000000
-1.635482 0.014809 -54.554552 0.000000 0.000000 0.000000 -1.134370 -1.063472 -0.992574 4.200000 -2.407946 -3.352407 -2.407946 1.000000 0.000000 0.000000 0.000000
4.154818 0.008929 56.959558 0.000000 0.000000 0.000000 -1.134370 -1.063472 -0.992574 4.200000 -2.407946 -3.352407 -2.407946 1.000000 0.000000 0.000000 0.000000
4.757796 0.028987 -16.886622 0.000000 0.000000 0.000000 -1.134370 -1.063472 -0.992574 4.200000 -2.407946 -3.352407 -2.407946 1.000000 0.000000 0.000000 0.000000
-3.988958 0.009977 4.914586 0.000000 0.000000 0.000000 -1.134370 -1.063472 -0.992574 4.200000 -2.407946 -3.352407 -2.407946 1.000000 0.000000 0.000000 0.000000
2.294275 0.012055 25.858577 0.000000 0.000000 0.000000 -1.134370 -1.063472 -0.992574 4.200000 -2.407946 -3.352407 -2.407946 1.000000 0.000000 0.000000 0.000000
4.603313 0.008947 41.873372 0.000000 0.000000 0.000000 -1.134370 -1.063472 -0.992574 4.200000 -2.407946 -3.352407 -2.407946 1.000000 0.000000 0.000000 0.000000
-5.210552 0.005864 22.784218 0.000000 0.000000 0.000000 -1.134370 -1.063472 -0.992574 4.200000 -2.407946 -3.352407 -2.407946 1.000000 0.000000 0.000000 0.000000
0.948665 0.014451 -40.793660 0.000000 0.000000 0.000000 -1.134370 -1.063472 -0.992574 4.200000 -2.407946 -3.352407 -2.407946 1.000000 0.000000 0.000000 0.000000
-2.795249 0.010882 -17.569978 0.000000 0.000000 0.000000 -1.134370 -1.063472 -0.992574 4.200000 -2.407946 -3.352407 -2.407946 1.000000 0.000000 0.000000 0.000000
-1.302373 0.016529 18.671406 0.000000 0.000000 0.000000 -1.134370 -1.063472 -0.992574 4.200000 -2.407946 -3.352407 -2.407946 1.000000 0.000000 0.000000 0.000000
-5.268068 0.013118 25.553580 0.000000 0.000000 0.000000 -1.134370 -1.063472 -0.992574 4.200000 -2.407946 -3.352407 -2.407946 1.000000 0.000000 0.000000 0.000000
-4.641468 0.007489 -54.854071 0.000000 0.000000 0.000000 -1.134370 -1.063472 -0.992574 4.200000 -2.407946 -3.352407 -2.407946 1.000000 0.000000 0.000000 0.000000
3.348529 0.013072 57.230926 0.000000 0.000000 0.000000 -1.134370 -1.063472 -0.992574 4.200000 -2.407946 -3.352407 -2.407946 1.000000 0.000000 0.000000 0.000000
-5.742755 0.006096 -47.664536 0.000000 0.000000 0.000000 -1.134370 -1.063472 -0.992574 4.200000 -2.407946 -3.352407 -2.407946 1.000000 0.000000 0.000000 0.000000
-0.896379 0.010128 2.266198 0.000000 0.000000 0.000000 -1.134370 -1.063472 -0.992574 4.200000 -2.407946 -3.352407 -2.407946 1.000000 0.000000 0.000000 0.000000
0.195809 0.024386 9.007496 0.000000 0.000000 0.000000 -1.134370 -1.063472 -0.992574 4.200000 -2.407946 -3.352407 -2.407946 1.000000 0.000000 0.000000 0.000000
5.069574 0.008687 -49.257896 0.000000 0.000000 0.000000 -1.134370 -1.063472 -0.992574 4.200000 -2.407946 -3.352407 -2.407946 1.000000 0.000000 0.000000 0.000000
3.114406 0.023306 52.593916 0.000000 0.000000 0.000000 -1.134370 -1.063472 -0.992574 4.200000 -2.407946 -3.352407 -2.407946 1.000000 0.000000 0.000000 0.000000
-1.599479 0.002426 -30.169378 0.000000 0.000000 0.000000 -1.134370 -1.063472 -0.992574 4.200000 -2.407946 -3.352407 -2.407946 1.000000 0.000000 0.000000 0.000000
3.757200 0.017312 44.798456 0.000000 0.000000 0.000000 -1.134370 -1.063472 -0.992574 4.200000 -2.407946 -3.352407 -2.407946 1.000000 0.000000 0.000000 0.000000
-0.120890 0.014777 0.150694 0.000000 0.000000 0.000000 -1.134370 -1.063472 -0.992574 4.200000 -2.407946 -3.352407 -2.407946 1.000000 0.000000 0.000000 0.000000
5.386148 0.006418 -47.049833 0.000000 0.000000 0.000000 -1.134370 -1.063472 -0.992574 4.200000 -2.407946 -3.352407 -2.407946 1.000000 0.000000 0.000000 0.000000
1.238809 0.004051 -50.751662 0.000000 0.000000 0.000000 -1.134370 -1.063472 -0.992574 4.200000 -2.407946 -3.352407 -2.407946 1.000000 0.000000 0.000000 0.000000
-4.332446 0.009104 -40.922828 0.000000 0.000000 0.000000 -1.134370 -1.063472 -0.992574 4.200000 -2.407946 -3.352407 -2.407946 1.000000 0.000000 0.000000 0.000000
2.635743 0.024662 52.253358 0.000000 0.000000 0.000000 -1.134370 -1.063472 -0.992574 4.200000 -2.407946 -3.352407 -2.407946 1.000000 0.000000 0.000000 0.000000
-4.361464 0.007948 -10.618762 0.000000 0.000000 0.000000 -1.134370 -1.063472 -0.992574 4.200000 -2.407946 -3.352407 -2.407946 1.000000 0.000000 0.000000 0.000000
1.806827 0.026044 51.182848 0.000000 0.000000 0.000000 -1.134370 -1.063472 -0.992574 4.200000 -2.407946 -3.352407 -2.407946 1.000000 0.000000 0.000000 0.000000
-5.376843 0.027960 13.916096 0.000000 0.000000 0.000000 -1.134370 -1.063472 -0.992574 4.200000 -2.407946 -3.352407 -2.407946 1.000000 0.000000 0.000000 0.000000
3.408161 0.000093 49.477388 0.000000 0.000000 0.000000 -1.134370 -1.063472 -0.992574 4.200000 -2.407946 -3.352407 -2.407946 1.000000 0.000000 0.000000 0.000000
-4.422026 0.015743 17.576663 0.000000 0.000000 0.000000 -1.134370 -1.063472 -0.992574 4.200000 -2.407946 -3.352407 -2.407946 1.000000 0.000000 0.000000 0.000000
-4.546559 0.026930 -43.503970 0.000000 0.000000 0.000000 -1.134370 -1.063472 -0.992574 4.200000 -2.407946 -3.352407 -2.407946 1.000000 0.000000 0.000000 0.000000
-2.969138 0.014887 45.093536 0.000000 0.000000 0.000000 -1.134370 -1.063472 -0.992574 4.200000 -2.407946 -3.352407 -2.407946 1.000000 0.000000 0.000000 0.000000
-4.346350 0.023891 -11.973518 0.000000 0.000000 0.000000 -1.134370 -1.063472 -0.992574 4.200000 -2.407946 -3.352407 -2.407946 1.000000 0.000000 0.000000 0.000000
0.860476 0.010230 23.614864 0.000000 0.000000 0.000000 -1.134370 -1.063472 -0.992574 4.200000 -2.407946 -3.352407 -2.407946 1.000000 0.000000 0.000000 0.000000
3.221267 0.028631 -53.713362 0.000000 0.000000 0.000000 -1.134370 -1.063472 -0.992574 4.200000 -2.407946 -3.352407 -2.407946 1.000000 0.000000 0.000000 0.000000
2.500403 0.003726 32.216937 0.000000 0.000000 0.000000 -1.134370 -1.063472 -0.992574 4.200000 -2.407946 -3.352407 -2.407946 1.000000 0.000000 0.000000 0.000000
-4.816147 0.015134 7.254004 0.000000 0.000000 0.000000 -1.134370 -1.063472 -0.992574 4.200000 -2.407946 -3.352407 -2.407946 1.000000 0.000000 0.000000 0.000000
-4.329605 0.008680 -19.967934 0.000000 0.000000 0.000000 -1.134370 -1.063472 -0.992574 4.200000 -2.407946 -3.352407 -2.407946 1.000000 0.000000 0.000000 0.000000
1.003167 0.005882 -26.917363 0.000000 0.000000 0.000000 -1.134370 -1.063472 -0.992574 4.200000 -2.407946 -3.352407 -2.407946 1.000000 0.000000 0.000000 0.000000
4.250328 0.017813 18.074962 0.000000 0.000000 0.000000 -1.134370 -1.063472 -0.992574 4.200000 -2.407946 -3.352407 -2.407946 1.000000 0.000000 0.000000 0.000000
-0.217132 0.000871 26.294316 0.000000 0.000000 0.000000 -1.134370 -1.063472 -0.992574 4.200000 -2.407946 -3.352407 -2.407946 1.000000 0.000000 0.000000 0.000000
-4.679305 0.009804 53.712326 0.000000 0.000000 0.000000 -1.134370 -1.063472 -0.992574 4.200000 -2.407946 -3.352407 -2.407946 1.000000 0.000000 0.000000 0.000000
0.458302 0.027828 25.328629 0.000000 0.000000 0.000000 -1.134370 -1.063472 -0.992574 4.200000 -2.407946 -3.352407 -2.407946 1.000000 0.000000 0.000000 0.000000
-5.567815 0.010248 21.611928 0.000000 0.000000 0.000000 -1.134370 -1.063472 -0.992574 4.200000 -2.407946 -3.352407 -2.407946 1.000000 0.000000 0.000000 0.000000
1.313201 0.013112 37.846715 0.000000 0.000000 0.000000 -1.134370 -1.063472 -0.992574 4.200000 -2.407946 -3.352407 -2.407946 1.000000 0.000000 0.000000 0.000000
0.790806 0.005947 -44.388007 0.000000 0.000000 0.000000 -1.134370 -1.063472 -0.992574 4.200000 -2.407946 -3.352407 -2.407946 1.000000 0.000000 0.000000 0.000000
-1.973302 0.024819 -39.599485 0.000000 0.000000 0.000000 -1.134370 -1.063472 -0.992574 4.200000 -2.407946 -3.352407 -2.407946 1.000000 0.000000 0.000000 0.000000
5.565951 0.007196 -0.290241 0.000000 0.000000 0.000000 -1.134370 -1.063472 -0.992574 4.200000 -2.407946 -3.352407 -2.407946 1.000000 0.000000 0.000000 0.000000
-4.301341 0.006940 23.817864 0.000000 0.000000 0.000000 -1.134370 -1.063472 -0.992574 4.200000 -2.407946 -3.352407 -2.407946 1.000000 0.000000 0.000000 0.000000
-3.798659 0.002100 -48.032299 0.000000 0.000000 0.000000 -1.134370 -1.063472 -0.992574 4.200000 -2.407946 -3.352407 -2.407946 1.000000 0.000000 0.000000 0.000000
-0.137052 0.000581 -1.686875 0.000000 0.000000 0.000000 -1.134370 -1.063472 -0.992574 4.200000 -2.407946 -3.352407 -2.407946 1.000000 0.000000 0.000000 0.000000
3.724210 0.005832 -0.611045 0.000000 0.000000 0.000000 -1.134370 -1.063472 -0.992574 4.200000 -2.407946 -3.352407 -2.407946 1.000000 0.000000 0.000000 0.000000
-3.525220 0.026046 -7.207071 0.000000 0.000000 0.000000 -1.134370 -1.063472 -0.992574 4.200000 -2.407946 -3.352407 -2.407946 1.000000 0.000000 0.000000 0.000000
-10.510909 0.125026 40.029161 0.000000 0.000000 0.000000 0.283593 0.177245 -0.035449 4.200000 -2.407946 -3.101093 -2.407946 1.000000 0.000000 0.000000 0.000000
-8.135344 0.155358 -36.122000 0.000000 0.000000 0.000000 0.283593 0.177245 -0.035449 4.200000 -2.407946 -3.101093 -2.407946 1.000000 0.000000 0.000000 0.000000
-7.561060 0.122511 -49.243379 0.000000 0.000000 0.000000 0.283593 0.177245 -0.035449 4.200000 -2.407946 -3.101093 -2.407946 1.000000 0.000000 0.000000 0.000000
-9.888768 0.141534 36.329376 0.000000 0.000000 0.000000 0.283593 0.177245 -0.035449 4.200000 -2.407946 -3.101093 -2.407946 1.000000 0.000000 0.000000 0.000000
-9.158976 0.140787 -33.092957 0.000000 0.000000 0.000000 0.283593 0.177245 -0.035449 4.200000 -2.407946 -3.101093 -2.407946 1.000000 0.000000 0.000000 0.000000
-7.942487 0.120134 23.667769 0.000000 0.000000 0.000000 0.283593 0.177245 -0.035449 4.200000 -2.407946 -3.101093 -2.407946 1.000000 0.000000 0.000000 0.000000
-8.374572 0.151332 30.717316 0.000000 0.000000 0.000000 0.283593 0.177245 -0.035449 4.200000 -2.407946 -3.101093 -2.407946 1.000000 0.000000 0.000000 0.000000
-10.345349 0.142610 54.403926 0.000000 0.000000 0.000000 0.283593 0.177245 -0.035449 4.200000 -2.407946 -3.101093 -2.407946 1.000000 0.000000 0.000000 0.000000
-9.473029 0.153541 -55.628821 0.000000 0.000000 0.000000 0.283593 0.177245 -0.035449 4.200000 -2.407946 -3.101093 -2.407946 1.000000 0.000000 0.000000 0.000000
-9.500568 0.132332 25.388746 0.000000 0.000000 0.000000 0.283593 0.177245 -0.035449 4.200000 -2.407946 -3.101093 -2.407946 1.000000 0.000000 0.000000 0.000000
-10.966090 0.139769 12.015577 0.000000 0.000000 0.000000 0.283593 0.177245 -0.035449 4.200000 -2.407946 -3.101093 -2.407946 1.000000 0.000000 0.000000 0.000000
-9.684612 0.150008 -10.161153 0.000000 0.000000 0.000000 0.283593 0.177245 -0.035449 4.200000 -2.407946 -3.101093 -2.407946 1.000000 0.000000 0.000000 0.000000
-7.491316 0.148407 27.843201 0.000000 0.000000 0.000000 0.283593 0.177245 -0.035449 4.200000 -2.407946 -3.101093 -2.407946 1.000000 0.000000 0.000000 0.000000
-8.697398 0.147020 32.367933 0.000000 0.000000 0.000000 0.283593 0.177245 -0.035449 4.200000 -2.407946 -3.101093 -2.407946 1.000000 0.000000 0.000000 0.000000
-7.789268 0.131642 13.767349 0.000000 0.000000 0.000000 0.283593 0.177245 -0.035449 4.200000 -2.407946 -3.101093 -2.407946 1.000000 0.000000 0.000000 0.000000
-10.668268 0.149511 37.872313 0.000000 0.000000 0.000000 0.283593 0.177245 -0.035449 4.200000 -2.407946 -3.101093 -2.407946 1.000000 0.000000 0.000000 0.000000
-8.294778 0.136386 1.858395 0.000000 0.000000 0.000000 0.283593 0.177245 -0.035449 4.200000 -2.407946 -3.101093 -2.407946 1.000000 0.000000 0.000000 0.000000
-10.580981 0.128130 -34.421580 0.000000 0.000000 0.000000 0.283593 0.177245 -0.035449 4.200000 -2.407946 -3.101093 -2.407946 1.000000 0.000000 0.000000 0.000000
-8.412435 0.152474 34.421681 0.000000 0.000000 0.000000 0.283593 0.177245 -0.035449 4.200000 -2.407946 -3.101093 -2.407946 1.000000 0.000000 0.000000 0.000000
-7.842548 0.132136 -49.288661 0.000000 0.000000 0.000000 0.283593 0.177245 -0.035449 4.200000 -2.407946 -3.101093 -2.407946 1.000000 0.000000 0.000000 0.000000
-9.739180 0.135763 -16.877845 0.000000 0.000000 0.000000 0.283593 0.177245 -0.035449 4.200000 -2.407946 -3.101093 -2.407946 1.000000 0.000000 0.000000 0.000000
-9.993153 0.154552 10.815614 0.000000 0.000000 0.000000 0.283593 0.177245 -0.035449 4.200000 -2.407946 -3.101093 -2.407946 1.000000 0.000000 0.000000 0.000000
-9.782540 0.146308 -28.352269 0.000000 0.000000 0.000000 0.283593 0.177245 -0.035449 4.200000 -2.407946 -3.101093 -2.407946 1.000000 0.000000 0.000000 0.000000
-8.029647 0.125323 -15.444359 0.000000 0.000000 0.000000 0.283593 0.177245 -0.035449 4.200000 -2.407946 -3.101093 -2.407946 1.000000 0.000000 0.000000 0.000000
-10.027956 0.139665 15.796524 0.000000 0.000000 0.000000 0.283593 0.177245 -0.035449 4.200000 -2.407946 -3.101093 -2.407946 1.000000 0.000000 0.000000 0.000000
-10.511413 0.121666 24.461266 0.000000 0.000000 0.000000 0.283593 0.177245 -0.035449 4.200000 -2.407946 -3.101093 -2.407946 1.000000 0.000000 0.000000 0.000000
-7.084566 0.153285 43.173853 0.000000 0.000000 0.000000 0.283593 0.177245 -0.035449 4.200000 -2.407946 -3.101093 -2.407946 1.000000 0.000000 0.000000 0.000000
-8.130806 0.139381 5.498597 0.000000 0.000000 0.000000 0.283593 0.177245 -0.035449 4.200000 -2.407946 -3.101093 -2.407946 1.000000 0.000000 0.000000 0.000000
-9.837343 0.138606 -20.292354 0.000000 0.000000 0.000000 0.283593 0.177245 -0.035449 4.200000 -2.407946 -3.101093 -2.407946 1.000000 0.000000 0.000000 0.000000
-10.463123 0.125681 -54.328835 0.000000 0.000000 0.000000 0.283593 0.177245 -0.035449 4.200000 -2.407946 -3.101093 -2.407946 1.000000 0.000000 0.000000 0.000000
-7.987250 0.157235 34.768186 0.000000 0.000000 0.000000 0.283593 0.177245 -0.035449 4.200000 -2.407946 -3.101093 -2.407946 1.000000 0.000000 0.000000 0.000000
-9.848728 0.142049 35.278057 0.000000 0.000000 0.000000 0.283593 0.177245 -0.035449 4.200000 -2.407946 -3.101093 -2.407946 1.000000 0.000000 0.000000 0.000000
-7.755312 0.147984 -26.504428 0.000000 0.000000 0.000000 0.283593 0.177245 -0.035449 4.200000 -2.407946 -3.101093 -2.407946 1.000000 0.000000 0.000000 0.000000
-7.248284 0.132207 -34.559789 0.000000 0.000000 0.000000 0.283593 0.177245 -0.035449 4.200000 -2.407946 -3.101093 -2.407946 1.000000 0.000000 0.000000 0.000000
-7.375656 0.149962 39.343396 0.000000 0.000000 0.000000 0.283593 0.177245 -0.035449 4.200000 -2.407946 -3.101093 -2.407946 1.000000 0.000000 0.000000 0.000000
-7.861488 0.155363 -16.376692 0.000000 0.000000 0.000000 0.283593 0.177245 -0.035449 4.200000 -2.407946 -3.101093 -2.407946 1.000000 0.000000 0.000000 0.000000
-7.747472 0.140340 41.445790 0.000000 0.000000 0.000000 0.283593 0.177245 -0.035449 4.200000 -2.407946 -3.101093 -2.407946 1.000000 0.000000 0.000000 0.000000
-8.636264 0.138685 -16.530556 0.000000 0.000000 0.000000 0.283593 0.177245 -0.035449 4.200000 -2.407946 -3.101093 -2.407946 1.000000 0.000000 0.000000 0.000000
-8.037878 0.136496 34.308902 0.000000 0.000000 0.000000 0.283593 0.177245 -0.035449 4.200000 -2.407946 -3.101093 -2.407946 1.000000 0.000000 0.000000 0.000000
-8.814603 0.132654 19.537326 0.000000 0.000000 0.000000 0.283593 0.177245 -0.035449 4.200000 -2.407946 -3.101093 -2.407946 1.000000 0.000000 0.000000 0.000000
-9.442743 0.142553 -53.825507 0.000000 0.000000 0.000000 0.283593 0.177245 -0.035449 4.200000 -2.407946 -3.101093 -2.407946 1.000000 0.000000 0.000000 0.000000
-9.271666 0.130798 30.449875 0.000000 0.000000 0.000000 0.283593 0.177245 -0.035449 4.200000 -2.407946 -3.101093 -2.407946 1.000000 0.000000 0.000000 0.000000
-9.307620 0.147179 -48.351627 0.000000 0.000000 0.000000 0.283593 0.177245 -0.035449 4.200000 -2.407946 -3.101093 -2.407946 1.000000 0.000000 0.000000 0.000000
-10.719342 0.148722 24.899641 0.000000 0.000000 0.000000 0.283593 0.177245 -0.035449 4.200000 -2.407946 -3.101093 -2.407946 1.000000 0.000000 0.000000 0.000000
-7.739535 0.151578 1.474156 0.000000 0.000000 0.000000 0.283593 0.177245 -0.035449 4.200000 -2.407946 -3.101093 -2.407946 1.000000 0.000000 0.000000 0.000000
-9.674649 0.123857 55.246796 0.000000 0.000000 0.000000 0.283593 0.177245 -0.035449 4.200000 -2.407946 -3.101093 -2.407946 1.000000 0.000000 0.000000 0.000000
-7.386355 0.142369 -48.874434 0.000000 0.000000 0.000000 0.283593 0.177245 -0.035449 4.200000 -2.407946 -3.101093 -2.407946 1.000000 0.000000 0.000000 0.000000
-10.169850 0.145123 26.192738 0.000000 0.000000 0.000000 0.283593 0.177245 -0.035449 4.200000 -2.407946 -3.101093 -2.407946 1.000000 0.000000 0.000000 0.000000
-7.100910 0.158327 -47.150498 0.000000 0.000000 0.000000 0.283593 0.177245 -0.035449 4.200000 -2.407946 -3.101093 -2.407946 1.000000 0.000000 0.000000 0.000000
-8.934632 0.157065 -22.914067 0.000000 0.000000 0.000000 0.283593 0.177245 -0.035449 4.200000 -2.407946 -3.101093 -2.407946 1.000000 0.000000 0.000000 0.000000
-9.970322 0.151924 -16.615860 0.000000 0.000000 0.000000 0.283593 0.177245 -0.035449 4.200000 -2.407946 -3.101093 -2.407946 1.000000 0.000000 0.000000 0.000000
-9.843719 0.146995 -19.153776 0.000000 0.000000 0.000000 0.283593 0.177245 -0.035449 4.200000 -2.407946 -3.101093 -2.407946 1.000000 0.000000 0.000000 0.000000
-10.912367 0.156930 -36.440311 0.000000 0.000000 0.000000 0.283593 0.177245 -0.035449 4.200000 -2.407946 -3.101093 -2.407946 1.000000 0.000000 0.000000 0.000000
-9.909628 0.122779 17.615562 0.000000 0.000000 0.000000 0.283593 0.177245 -0.035449 4.200000 -2.407946 -3.101093 -2.407946 1.000000 0.000000 0.000000 0.000000
-10.496255 0.124903 -37.508274 0.000000 0.000000 0.000000 0.283593 0.177245 -0.035449 4.200000 -2.407946 -3.101093 -2.407946 1.000000 0.000000 0.000000 0.000000
-10.972214 0.156550 18.165811 0.000000 0.000000 0.000000 0.283593 0.177245 -0.035449 4.200000 -2.407946 -3.101093 -2.407946 1.000000 0.000000 0.000000 0.000000
-9.600254 0.136512 18.374887 0.000000 0.000000 0.000000 0.283593 0.177245 -0.035449 4.200000 -2.407946 -3.101093 -2.407946 1.000000 0.000000 0.000000 0.000000
-9.928764 0.126109 48.223253 0.000000 0.000000 0.000000 0.283593 0.177245 -0.035449 4.200000 -2.407946 -3.101093 -2.407946 1.000000 0.000000 0.000000 0.000000
-10.965121 0.137029 39.217128 0.000000 0.000000 0.000000 0.283593 0.177245 -0.035449 4.200000 -2.407946 -3.101093 -2.407946 1.000000 0.000000 0.000000 0.000000
-8.111519 0.135665 -19.731499 0.000000 0.000000 0.000000 0.283593 0.177245 -0.035449 4.200000 -2.407946 -3.101093 -2.407946 1.000000 0.000000 0.000000 0.000000
-10.617784 0.149686 -2.020606 0.000000 0.000000 0.000000 0.283593 0.177245 -0.035449 4.200000 -2.407946 -3.101093 -2.407946 1.000000 0.000000 0.000000 0.000000
-7.308013 0.159721 -4.884302 0.000000 0.000000 0.000000 0.283593 0.177245 -0.035449 4.200000 -2.407946 -3.101093 -2.407946 1.000000 0.000000 0.000000 0.000000
-10.329025 0.141314 56.564451 0.000000 0.000000 0.000000 0.283593 0.177245 -0.035449 4.200000 -2.407946 -3.101093 -2.407946 1.000000 0.000000 0.000000 0.000000
-8.028796 0.121598 -55.680041 0.000000 0.000000 0.000000 0.283593 0.177245 -0.035449 4.200000 -2.407946 -3.101093 -2.407946 1.000000 0.000000 0.000000 0.000000
-7.555764 0.153849 54.160153 0.000000 0.000000 0.000000 0.283593 0.177245 -0.035449 4.200000 -2.407946 -3.101093 -2.407946 1.000000 0.000000 0.000000 0.000000
-7.890724 0.130378 55.249080 0.000000 0.000000 0.000000 0.283593 0.177245 -0.035449 4.200000 -2.407946 -3.101093 -2.407946 1.000000 0.000000 0.000000 0.000000
-8.005657 0.133272 37.096726 0.000000 0.000000 0.000000 0.283593 0.177245 -0.035449 4.200000 -2.407946 -3.101093 -2.407946 1.000000 0.000000 0.000000 0.000000
-9.762960 0.147467 19.893242 0.000000 0.000000 0.000000 0.283593 0.177245 -0.035449 4.200000 -2.407946 -3.101093 -2.407946 1.000000 0.000000 0.000000 0.000000
-7.398758 0.120884 29.018371 0.000000 0.000000 0.000000 0.283593 0.177245 -0.035449 4.200000 -2.407946 -3.101093 -2.407946 1.000000 0.000000 0.000000 0.000000
-8.262461 0.149633 2.298042 0.000000 0.000000 0.000000 0.283593 0.177245 -0.035449 4.200000 -2.407946 -3.101093 -2.407946 1.000000 0.000000 0.000000 0.000000
-9.777296 0.155296 -14.178639 0.000000 0.000000 0.000000 0.283593 0.177245 -0.035449 4.200000 -2.407946 -3.101093 -2.407946 1.000000 0.000000 0.000000 0.000000
-9.381913 0.123877 48.354625 0.000000 0.000000 0.000000 0.283593 0.177245 -0.035449 4.200000 -2.407946 -3.101093 -2.407946 1.000000 0.000000 0.000000 0.000000
-9.886121 0.149204 -6.124994 0.000000 0.000000 0.000000 0.283593 0.177245 -0.035449 4.200000 -2.407946 -3.101093 -2.407946 1.000000 0.000000 0.000000 0.000000
-9.824144 0.145256 -18.491007 0.000000 0.000000 0.000000 0.283593 0.177245 -0.035449 4.200000 -2.407946 -3.101093 -2.407946 1.000000 0.000000 0.000000 0.000000
-8.508517 0.157268 5.900082 0.000000 0.000000 0.000000 0.283593 0.177245 -0.035449 4.200000 -2.407946 -3.101093 -2.407946 1.000000 0.000000 0.000000 0.000000
-9.681365 0.139117 -19.848088 0.000000 0.000000 0.000000 0.283593 0.177245 -0.035449 4.200000 -2.407946 -3.101093 -2.407946 1.000000 0.000000 0.000000 0.000000
-10.605188 0.137397 -55.816120 0.000000 0.000000 0.000000 0.283593 0.177245 -0.035449 4.200000 -2.407946 -3.101093 -2.407946 1.000000 0.000000 0.000000 0.000000
-8.848780 0.131401 29.538156 0.000000 0.000000 0.000000 0.283593 0.177245 -0.035449 4.200000 -2.407946 -3.101093 -2.407946 1.000000 0.000000 0.000000 0.000000
-7.047076 0.132568 -50.480823 0.000000 0.000000 0.000000 0.283593 0.177245 -0.035449 4.200000 -2.407946 -3.101093 -2.407946 1.000000 0.000000 0.000000 0.000000
-7.395039 0.153794 -57.241582 0.000000 0.000000 0.000000 0.283593 0.177245 -0.035449 4.200000 -2.407946 -3.101093 -2.407946 1.000000 0.000000 0.000000 0.000000
-9.801462 0.157237 47.766811 0.000000 0.000000 0.000000 0.283593 0.177245 -0.035449 4.200000 -2.407946 -3.101093 -2.407946 1.000000 0.000000 0.000000 0.000000
-9.419513 0.128010 -47.232423 0.000000 0.000000 0.000000 0.283593 0.177245 -0.035449 4.200000 -2.407946 -3.101093 -2.407946 1.000000 0.000000 0.000000 0.000000
-9.356876 0.132578 -44.965689 0.000000 0.000000 0.000000 0.283593 0.177245 -0.035449 4.200000 -2.407946 -3.101093 -2.407946 1.000000 0.000000 0.000000 0.000000
-10.267078 0.151308 20.735359 0.000000 0.000000 0.000000 0.283593 0.177245 -0.035449 4.200000 -2.407946 -3.101093 -2.407946 1.000000 0.000000 0.000000 0.000000
-9.089569 0.153897 22.978956 0.000000 0.000000 0.000000 0.283593 0.177245 -0.035449 4.200000 -2.407946 -3.101093 -2.407946 1.000000 0.000000 0.000000 0.000000
-9.730815 0.127930 -39.152351 0.000000 0.000000 0.000000 0.283593 0.177245 -0.035449 4.200000 -2.407946 -3.101093 -2.407946 1.000000 0.000000 0.000000 0.000000
-7.497858 0.146294 -23.766103 0.000000 0.000000 0.000000 0.283593 0.177245 -0.035449 4.200000 -2.407946 -3.101093 -2.407946 1.000000 0.000000 0.000000 0.000000
-10.461011 0.120069 -29.472181 0.000000 0.000000 0.000000 0.283593 0.177245 -0.035449 4.200000 -2.407946 -3.101093 -2.407946 1.000000 0.000000 0.000000 0.000000
-7.363228 0.140257 -43.791182 0.000000 0.000000 0.000000 0.283593 0.177245 -0.035449 4.200000 -2.407946 -3.101093 -2.407946 1.000000 0.000000 0.000000 0.000000
-9.071793 0.150104 -34.885038 0.000000 0.000000 0.000000 0.283593 0.177245 -0.035449 4.200000 -2.407946 -3.101093 -2.407946 1.000000 0.000000 0.000000 0.000000
-9.156595 0.143023 4.798719 0.000000 0.000000 0.000000 0.283593 0.177245 -0.035449 4.200000 -2.407946 -3.101093 -2.407946 1.000000 0.000000 0.000000 0.000000
-7.076250 0.124611 1.971419 0.000000 0.000000 0.000000 0.283593 0.177245 -0.035449 4.200000 -2.407946 -3.101093 -2.407946 1.000000 0.000000 0.000000 0.000000
-7.145623 0.141658 35.821453 0.000000 0.000000 0.000000 0.283593 0.177245 -0.035449 4.200000 -2.407946 -3.101093 -2.407946 1.000000 0.000000 0.000000 0.000000
-8.813835 0.159610 38.730658 0.000000 0.000000 0.000000 0.283593 0.177245 -0.035449 4.200000 -2.407946 -3.101093 -2.407946 1.000000 0.000000 0.000000 0.000000
-9.520037 0.156335 48.705475 0.000000 0.000000 0.000000 0.283593 0.177245 -0.035449 4.200000 -2.407946 -3.101093 -2.407946 1.000000 0.000000 0.000000 0.000000
-8.758655 0.127519 -1.344150 0.000000 0.000000 0.000000 0.283593 0.177245 -0.035449 4.200000 -2.407946 -3.101093 -2.407946 1.000000 0.000000 0.000000 0.000000
-10.871818 0.123053 11.068784 0.000000 0.000000 0.000000 0.283593 0.177245 -0.035449 4.200000 -2.407946 -3.101093 -2.407946 1.000000 0.000000 0.000000 0.000000
-8.914858 0.147170 -48.627856 0.000000 0.000000 0.000000 0.283593 0.177245 -0.035449 4.200000 -2.407946 -3.101093 -2.407946 1.000000 0.000000 0.000000 0.000000
-7.268531 0.129660 -33.166028 0.000000 0.000000 0.000000 0.283593 0.177245 -0.035449 4.200000 -2.407946 -3.101093 -2.407946 1.000000 0.000000 0.000000 0.000000
-8.609231 0.146850 -3.279798 0.000000 0.000000 0.000000 0.283593 0.177245 -0.035449 4.200000 -2.407946 -3.101093 -2.407946 1.000000 0.000000 0.000000 0.000000
-9.676482 0.143933 -27.402223 0.000000 0.000000 0.000000 0.283593 0.177245 -0.035449 4.200000 -2.407946 -3.101093 -2.407946 1.000000 0.000000 0.000000 0.000000
-9.050290 0.153917 25.914244 0.000000 0.000000 0.000000 0.283593 0.177245 -0.035449 4.200000 -2.407946 -3.101093 -2.407946 1.000000 0.000000 0.000000 0.000000
-8.499957 0.141342 -1.302846 0.000000 0.000000 0.000000 0.283593 0.177245 -0.035449 4.200000 -2.407946 -3.101093 -2.407946 1.000000 0.000000 0.000000 0.000000
-9.460279 0.132952 -47.763213 0.000000 0.000000 0.000000 0.283593 0.177245 -0.035449 4.200000 -2.407946 -3.101093 -2.407946 1.000000 0.000000 0.000000 0.000000
-8.829390 0.139626 -23.922173 0.000000 0.000000 0.000000 0.283593 0.177245 -0.035449 4.200000 -2.407946 -3.101093 -2.407946 1.000000 0.000000 0.000000 0.000000
-8.449637 0.120476 -15.328801 0.000000 0.000000 0.000000 0.283593 0.177245 -0.035449 4.200000 -2.407946 -3.101093 -2.407946 1.000000 0.000000 0.000000 0.000000
-8.056704 0.147781 -48.152759 0.000000 0.000000 0.000000 0.283593 0.177245 -0.035449 4.200000 -2.407946 -3.101093 -2.407946 1.000000 0.000000 0.000000 0.000000
-10.430883 0.123785 -57.778936 0.000000 0.000000 0.000000 0.283593 0.177245 -0.035449 4.200000 -2.407946 -3.101093 -2.407946 1.000000 0.000000 0.000000 0.000000
-10.006990 0.128472 -24.008973 0.000000 0.000000 0.000000 0.283593 0.177245 -0.035449 4.200000 -2.407946 -3.101093 -2.407946 1.000000 0.000000 0.000000 0.000000
-8.128043 0.140656 -37.956576 0.000000 0.000000 0.000000 0.283593 0.177245 -0.035449 4.200000 -2.407946 -3.101093 -2.407946 1.000000 0.000000 0.000000 0.000000
-8.334904 0.125811 -22.084846 0.000000 0.000000 0.000000 0.283593 0.177245 -0.035449 4.200000 -2.407946 -3.101093 -2.407946 1.000000 0.000000 0.000000 0.000000
-10.558444 0.155499 42.441833 0.000000 0.000000 0.000000 0.283593 0.177245 -0.035449 4.200000 -2.407946 -3.101093 -2.407946 1.000000 0.000000 0.000000 0.000000
-10.198304 0.135770 -50.159256 0.000000 0.000000 0.000000 0.283593 0.177245 -0.035449 4.200000 -2.407946 -3.101093 -2.407946 1.000000 0.000000 0.000000 0.000000
-8.867391 0.135800 -22.386022 0.000000 0.000000 0.000000 0.283593 0.177245 -0.035449 4.200000 -2.407946 -3.101093 -2.407946 1.000000 0.000000 0.000000 0.000000
-8.646200 0.148448 -11.359946 0.000000 0.000000 0.000000 0.283593 0.177245 -0.035449 4.200000 -2.407946 -3.101093 -2.407946 1.000000 0.000000 0.000000 0.000000
-9.635242 0.130896 -45.716357 0.000000 0.000000 0.000000 0.283593 0.177245 -0.035449 4.200000 -2.407946 -3.101093 -2.407946 1.000000 0.000000 0.000000 0.000000
-7.147040 0.146798 -56.859132 0.000000 0.000000 0.000000 0.283593 0.177245 -0.035449 4.200000 -2.407946 -3.101093 -2.407946 1.000000 0.000000 0.000000 0.000000
-8.756602 0.149993 4.837943 0.000000 0.000000 0.000000 0.283593 0.177245 -0.035449 4.200000 -2.407946 -3.101093 -2.407946 1.000000 0.000000 0.000000 0.000000
-7.721110 0.127918 23.170898 0.000000 0.000000 0.000000 0.283593 0.177245 -0.035449 4.200000 -2.407946 -3.101093 -2.407946 1.000000 0.000000 0.000000 0.000000
-7.612406 0.133546 31.999373 0.000000 0.000000 0.000000 0.283593 0.177245 -0.035449 4.200000 -2.407946 -3.101093 -2.407946 1.000000 0.000000 0.000000 0.000000
-10.208294 0.156736 5.006764 0.000000 0.000000 0.000000 0.283593 0.177245 -0.035449 4.200000 -2.407946 -3.101093 -2.407946 1.000000 0.000000 0.000000 0.000000
-8.164727 0.129120 37.236250 0.000000 0.000000 0.000000 0.283593 0.177245 -0.035449 4.200000 -2.407946 -3.101093 -2.407946 1.000000 0.000000 0.000000 0.000000
-8.805482 0.128028 52.460353 0.000000 0.000000 0.000000 0.283593 0.177245 -0.035449 4.200000 -2.407946 -3.101093 -2.407946 1.000000 0.000000 0.000000 0.000000
-9.546783 0.122960 19.810580 0.000000 0.000000 0.000000 0.283593 0.177245 -0.035449 4.200000 -2.407946 -3.101093 -2.407946 1.000000 0.000000 0.000000 0.000000
-7.787916 0.131829 -46.741137 0.000000 0.000000 0.000000 0.283593 0.177245 -0.035449 4.200000 -2.407946 -3.101093 -2.407946 1.000000 0.000000 0.000000 0.000000
-7.584351 0.146849 -22.743428 0.000000 0.000000 0.000000 0.283593 0.177245 -0.035449 4.200000 -2.407946 -3.101093 -2.407946 1.000000 0.000000 0.000000 0.000000
-10.508761 0.139684 -44.206264 0.000000 0.000000 0.000000 0.283593 0.177245 -0.035449 4.200000 -2.407946 -3.101093 -2.407946 1.000000 0.000000 0.000000 0.000000
-8.613503 0.124097 50.052927 0.000000 0.000000 0.000000 0.283593 0.177245 -0.035449 4.200000 -2.407946 -3.101093 -2.407946 1.000000 0.000000 0.000000 0.000000
-7.496720 0.135174 -43.076362 0.000000 0.000000 0.000000 0.283593 0.177245 -0.035449 4.200000 -2.407946 -3.101093 -2.407946 1.000000 0.000000 0.000000 0.000000
-9.726748 0.153466 -22.272801 0.000000 0.000000 0.000000 0.283593 0.177245 -0.035449 4.200000 -2.407946 -3.101093 -2.407946 1.000000 0.000000 0.000000 0.000000
-7.596268 0.142453 38.588004 0.000000 0.000000 0.000000 0.283593 0.177245 -0.035449 4.200000 -2.407946 -3.101093 -2.407946 1.000000 0.000000 0.000000 0.000000
-9.532738 0.150125 -36.413990 0.000000 0.000000 0.000000 0.283593 0.177245 -0.035449 4.200000 -2.407946 -3.101093 -2.407946 1.000000 0.000000 0.000000 0.000000
-8.357836 0.129995 -23.301787 0.000000 0.000000 0.000000 0.283593 0.177245 -0.035449 4.200000 -2.407946 -3.101093 -2.407946 1.000000 0.000000 0.000000 0.000000
-8.813409 0.123861 -14.669491 0.000000 0.000000 0.000000 0.283593 0.177245 -0.035449 4.200000 -2.407946 -3.101093 -2.407946 1.000000 0.000000 0.000000 0.000000
-7.288502 0.149183 6.707123 0.000000 0.000000 0.000000 0.283593 0.177245 -0.035449 4.200000 -2.407946 -3.101093 -2.407946 1.000000 0.000000 0.000000 0.000000
-7.753228 0.150813 -11.891409 0.000000 0.000000 0.000000 0.283593 0.177245 -0.035449 4.200000 -2.407946 -3.101093 -2.407946 1.000000 0.000000 0.000000 0.000000
-8.289735 0.150625 -20.056912 0.000000 0.000000 0.000000 0.283593 0.177245 -0.035449 4.200000 -2.407946 -3.101093 -2.407946 1.000000 0.000000 0.000000 0.000000
-9.698265 0.120192 -7.195568 0.000000 0.000000 0.000000 0.283593 0.177245 -0.035449 4.200000 -2.407946 -3.101093 -2.407946 1.000000 0.000000 0.000000 0.000000
-9.333768 0.142941 -32.959931 0.000000 0.000000 0.000000 0.283593 0.177245 -0.035449 4.200000 -2.407946 -3.101093 -2.407946 1.000000 0.000000 0.000000 0.000000
-7.398152 0.136340 36.562236 0.000000 0.000000 0.000000 0.283593 0.177245 -0.035449 4.200000 -2.407946 -3.101093 -2.407946 1.000000 0.000000 0.000000 0.000000
-10.563904 0.138980 -46.435514 0.000000 0.000000 0.000000 0.283593 0.177245 -0.035449 4.200000 -2.407946 -3.101093 -2.407946 1.000000 0.000000 0.000000 0.000000
-7.098732 0.127883 -2.868923 0.000000 0.000000 0.000000 0.283593 0.177245 -0.035449 4.200000 -2.407946 -3.101093 -2.407946 1.000000 0.000000 0.000000 0.000000
-10.882876 0.142323 34.677255 0.000000 0.000000 0.000000 0.283593 0.177245 -0.035449 4.200000 -2.407946 -3.101093 -2.407946 1.000000 0.000000 0.000000 0.000000
-9.173370 0.128893 -21.323053 0.000000 0.000000 0.000000 0.283593 0.177245 -0.035449 4.200000 -2.407946 -3.101093 -2.407946 1.000000 0.000000 0.000000 0.000000
-10.879958 0.134949 -27.815473 0.000000 0.000000 0.000000 0.283593 0.177245 -0.035449 4.200000 -2.407946 -3.101093 -2.407946 1.000000 0.000000 0.000000 0.000000
-9.256343 0.148008 -5.301799 0.000000 0.000000 0.000000 0.283593 0.177245 -0.035449 4.200000 -2.407946 -3.101093 -2.407946 1.000000 0.000000 0.000000 0.000000
-7.734878 0.120695 -32.701394 0.000000 0.000000 0.000000 0.283593 0.177245 -0.035449 4.200000 -2.407946 -3.101093 -2.407946 1.000000 0.000000 0.000000 0.000000
-9.880300 0.145343 -27.903828 0.000000 0.000000 0.000000 0.283593 0.177245 -0.035449 4.200000 -2.407946 -3.101093 -2.407946 1.000000 0.000000 0.000000 0.000000
-10.609211 0.138058 5.837845 0.000000 0.000000 0.000000 0.283593 0.177245 -0.035449 4.200000 -2.407946 -3.101093 -2.407946 1.000000 0.000000 0.000000 0.000000
-10.454752 0.126397 16.437661 0.000000 0.000000 0.000000 0.283593 0.177245 -0.035449 4.200000 -2.407946 -3.101093 -2.407946 1.000000 0.000000 0.000000 0.000000
-9.686184 0.157515 -37.671905 0.000000 0.000000 0.000000 0.283593 0.177245 -0.035449 4.200000 -2.407946 -3.101093 -2.407946 1.000000 0.000000 0.000000 0.000000
-10.255051 0.137273 -46.175526 0.000000 0.000000 0.000000 0.283593 0.177245 -0.035449 4.200000 -2.407946 -3.101093 -2.407946 1.000000 0.000000 0.000000 0.000000
-9.483425 0.146487 57.282236 0.000000 0.000000 0.000000 0.283593 0.177245 -0.035449 4.200000 -2.407946 -3.101093 -2.407946 1.000000 0.000000 0.000000 0.000000
-10.068039 0.141592 -46.596993 0.000000 0.000000 0.000000 0.283593 0.177245 -0.035449 4.200000 -2.407946 -3.101093 -2.407946 1.000000 0.000000 0.000000 0.000000
-7.529924 0.142088 52.295556 0.000000 0.000000 0.000000 0.283593 0.177245 -0.035449 4.200000 -2.407946 -3.101093 -2.407946 1.000000 0.000000 0.000000 0.000000
-9.897842 0.148105 54.360977 0.000000 0.000000 0.000000 0.283593 0.177245 -0.035449 4.200000 -2.407946 -3.101093 -2.407946 1.000000 0.000000 0.000000 0.000000
-9.972991 0.130216 -55.018623 0.000000 0.000000 0.000000 0.283593 0.177245 -0.035449 4.200000 -2.407946 -3.101093 -2.407946 1.000000 0.000000 0.000000 0.000000
-8.522146 0.147783 40.343202 0.000000 0.000000 0.000000 0.283593 0.177245 -0.035449 4.200000 -2.407946 -3.101093 -2.407946 1.000000 0.000000 0.000000 0.000000
-10.549648 0.125674 26.090884 0.000000 0.000000 0.000000 0.283593 0.177245 -0.035449 4.200000 -2.407946 -3.101093 -2.407946 1.000000 0.000000 0.000000 0.000000
-8.998087 0.132172 -18.499959 0.000000 0.000000 0.000000 0.283593 0.177245 -0.035449 4.200000 -2.407946 -3.101093 -2.407946 1.000000 0.000000 0.000000 0.000000
-9.608263 0.125460 9.462423 0.000000 0.000000 0.000000 0.283593 0.177245 -0.035449 4.200000 -2.407946 -3.101093 -2.407946 1.000000 0.000000 0.000000 0.000000
-9.543087 0.128333 17.994887 0.000000 0.000000 0.000000 0.283593 0.177245 -0.035449 4.200000 -2.407946 -3.101093 -2.407946 1.000000 0.000000 0.000000 0.000000
-8.126833 0.148701 14.169253 0.000000 0.000000 0.000000 0.283593 0.177245 -0.035449 4.200000 -2.407946 -3.101093 -2.407946 1.000000 0.000000 0.000000 0.000000
-8.083537 0.126877 44.652688 0.000000 0.000000 0.000000 0.283593 0.177245 -0.035449 4.200000 -2.407946 -3.101093 -2.407946 1.000000 0.000000 0.000000 0.000000
-10.198097 0.151374 -50.344796 0.000000 0.000000 0.000000 0.283593 0.177245 -0.035449 4.200000 -2.407946 -3.101093 -2.407946 1.000000 0.000000 0.000000 0.000000
-7.360345 0.147787 32.885081 0.000000 0.000000 0.000000 0.283593 0.177245 -0.035449 4.200000 -2.407946 -3.101093 -2.407946 1.000000 0.000000 0.000000 0.000000
-7.680612 0.153569 -5.264314 0.000000 0.000000 0.000000 0.283593 0.177245 -0.035449 4.200000 -2.407946 -3.101093 -2.407946 1.000000 0.000000 0.000000 0.000000
-8.043234 0.135791 37.701919 0.000000 0.000000 0.000000 0.283593 0.177245 -0.035449 4.200000 -2.407946 -3.101093 -2.407946 1.000000 0.000000 0.000000 0.000000
-10.946925 0.123429 -20.085862 0.000000 0.000000 0.000000 0.283593 0.177245 -0.035449 4.200000 -2.407946 -3.101093 -2.407946 1.000000 0.000000 0.000000 0.000000
-7.069979 0.153107 42.916378 0.000000 0.000000 0.000000 0.283593 0.177245 -0.035449 4.200000 -2.407946 -3.101093 -2.407946 1.000000 0.000000 0.000000 0.000000
-9.006345 0.134118 1.947071 0.000000 0.000000 0.000000 0.283593 0.177245 -0.035449 4.200000 -2.407946 -3.101093 -2.407946 1.000000 0.000000 0.000000 0.000000
-8.231592 0.149409 12.961178 0.000000 0.000000 0.000000 0.283593 0.177245 -0.035449 4.200000 -2.407946 -3.101093 -2.407946 1.000000 0.000000 0.000000 0.000000
-8.915454 0.149059 -4.703395 0.000000 0.000000 0.000000 0.283593 0.177245 -0.035449 4.200000 -2.407946 -3.101093 -2.407946 1.000000 0.000000 0.000000 0.000000
-9.475868 0.125723 -33.367714 0.000000 0.000000 0.000000 0.283593 0.177245 -0.035449 4.200000 -2.407946 -3.101093 -2.407946 1.000000 0.000000 0.000000 0.000000
-9.610995 0.121540 25.672496 0.000000 0.000000 0.000000 0.283593 0.177245 -0.035449 4.200000 -2.407946 -3.101093 -2.407946 1.000000 0.000000 0.000000 0.000000
-8.729016 0.133101 9.015347 0.000000 0.000000 0.000000 0.283593 0.177245 -0.035449 4.200000 -2.407946 -3.101093 -2.407946 1.000000 0.000000 0.000000 0.000000
-9.295809 0.131536 17.048659 0.000000 0.000000 0.000000 0.283593 0.177245 -0.035449 4.200000 -2.407946 -3.101093 -2.407946 1.000000 0.000000 0.000000 0.000000
-7.935320 0.132878 53.075734 0.000000 0.000000 0.000000 0.283593 0.177245 -0.035449 4.200000 -2.407946 -3.101093 -2.407946 1.000000 0.000000 0.000000 0.000000
-10.366229 0.159251 -1.511596 0.000000 0.000000 0.000000 0.283593 0.177245 -0.035449 4.200000 -2.407946 -3.101093 -2.407946 1.000000 0.000000 0.000000 0.000000
-10.694155 0.136436 -36.286011 0.000000 0.000000 0.000000 0.283593 0.177245 -0.035449 4.200000 -2.407946 -3.101093 -2.407946 1.000000 0.000000 0.000000 0.000000
-7.413098 0.120893 42.047984 0.000000 0.000000 0.000000 0.283593 0.177245 -0.035449 4.200000 -2.407946 -3.101093 -2.407946 1.000000 0.000000 0.000000 0.000000
-9.452939 0.146339 -26.512592 0.000000 0.000000 0.000000 0.283593 0.177245 -0.035449 4.200000 -2.407946 -3.101093 -2.407946 1.000000 0.000000 0.000000 0.000000
-10.734835 0.128889 33.533587 0.000000 0.000000 0.000000 0.283593 0.177245 -0.035449 4.200000 -2.407946 -3.101093 -2.407946 1.000000 0.000000 0.000000 0.000000
-8.639447 0.126529 -27.611748 0.000000 0.000000 0.000000 0.283593 0.177245 -0.035449 4.200000 -2.407946 -3.101093 -2.407946 1.000000 0.000000 0.000000 0.000000
-8.427567 0.121787 45.085188 0.000000 0.000000 0.000000 0.283593 0.177245 -0.035449 4.200000 -2.407946 -3.101093 -2.407946 1.000000 0.000000 0.000000 0.000000
-8.214168 0.125547 9.542420 0.000000 0.000000 0.000000 0.283593 0.177245 -0.035449 4.200000 -2.407946 -3.101093 -2.407946 1.000000 0.000000 0.000000 0.000000
-9.020502 0.127659 20.344578 0.000000 0.000000 0.000000 0.283593 0.177245 -0.035449 4.200000 -2.407946 -3.101093 -2.407946 1.000000 0.000000 0.000000 0.000000
-10.324045 0.121358 4.314090 0.000000 0.000000 0.000000 0.283593 0.177245 -0.035449 4.200000 -2.407946 -3.101093 -2.407946 1.000000 0.000000 0.000000 0.000000
-7.634212 0.138693 -11.539792 0.000000 0.000000 0.000000 0.283593 0.177245 -0.035449 4.200000 -2.407946 -3.101093 -2.407946 1.000000 0.000000 0.000000 0.000000
-7.830272 0.134597 -56.382771 0.000000 0.000000 0.000000 0.283593 0.177245 -0.035449 4.200000 -2.407946 -3.101093 -2.407946 1.000000 0.000000 0.000000 0.000000
-9.421518 0.126943 38.226637 0.000000 0.000000 0.000000 0.283593 0.177245 -0.035449 4.200000 -2.407946 -3.101093 -2.407946 1.000000 0.000000 0.000000 0.000000
-7.181799 0.136665 -49.381488 0.000000 0.000000 0.000000 0.283593 0.177245 -0.035449 4.200000 -2.407946 -3.101093 -2.407946 1.000000 0.000000 0.000000 0.000000
-10.900282 0.140849 -52.439489 0.000000 0.000000 0.000000 0.283593 0.177245 -0.035449 4.200000 -2.407946 -3.101093 -2.407946 1.000000 0.000000 0.000000 0.000000
-8.176196 0.123407 49.272214 0.000000 0.000000 0.000000 0.283593 0.177245 -0.035449 4.200000 -2.407946 -3.101093 -2.407946 1.000000 0.000000 0.000000 0.000000
-9.377950 0.151238 -1.988421 0.000000 0.000000 0.000000 0.283593 0.177245 -0.035449 4.200000 -2.407946 -3.101093 -2.407946 1.000000 0.000000 0.000000 0.000000
-8.673102 0.151974 22.967673 0.000000 0.000000 0.000000 0.283593 0.177245 -0.035449 4.200000 -2.407946 -3.101093 -2.407946 1.000000 0.000000 0.000000 0.000000
-9.997995 0.135892 -48.462941 0.000000 0.000000 0.000000 0.283593 0.177245 -0.035449 4.200000 -2.407946 -3.101093 -2.407946 1.000000 0.000000 0.000000 0.000000
-10.059704 0.157539 47.208619 0.000000 0.000000 0.000000 0.283593 0.177245 -0.035449 4.200000 -2.407946 -3.101093 -2.407946 1.000000 0.000000 0.000000 0.000000
-10.840548 0.128614 -16.328586 0.000000 0.000000 0.000000 0.283593 0.177245 -0.035449 4.200000 -2.407946 -3.101093 -2.407946 1.000000 0.000000 0.000000 0.000000
-8.611742 0.149031 -10.572870 0.000000 0.000000 0.000000 0.283593 0.177245 -0.035449 4.200000 -2.407946 -3.101093 -2.407946 1.000000 0.000000 0.000000 0.000000
-8.250241 0.123350 -35.640944 0.000000 0.000000 0.000000 0.283593 0.177245 -0.035449 4.200000 -2.407946 -3.101093 -2.407946 1.000000 0.000000 0.000000 0.000000
-9.880162 0.136447 50.263163 0.000000 0.000000 0.000000 0.283593 0.177245 -0.035449 4.200000 -2.407946 -3.101093 -2.407946 1.000000 0.000000 0.000000 0.000000
-7.403386 0.154734 -56.421392 0.000000 0.000000 0.000000 0.283593 0.177245 -0.035449 4.200000 -2.407946 -3.101093 -2.407946 1.000000 0.000000 0.000000 0.000000
-7.985953 0.156658 -55.948314 0.000000 0.000000 0.000000 0.283593 0.177245 -0.035449 4.200000 -2.407946 -3.101093 -2.407946 1.000000 0.000000 0.000000 0.000000
-10.274259 0.153842 -48.023878 0.000000 0.000000 0.000000 0.283593 0.177245 -0.035449 4.200000 -2.407946 -3.101093 -2.407946 1.000000 0.000000 0.000000 0.000000
-9.156144 0.139732 -22.581336 0.000000 0.000000 0.000000 0.283593 0.177245 -0.035449 4.200000 -2.407946 -3.101093 -2.407946 1.000000 0.000000 0.000000 0.000000
-7.589601 0.132085 10.503634 0.000000 0.000000 0.000000 0.283593 0.177245 -0.035449 4.200000 -2.407946 -3.101093 -2.407946 1.000000 0.000000 0.000000 0.000000
-10.510325 0.159537 -5.817881 0.000000 0.000000 0.000000 0.283593 0.177245 -0.035449 4.200000 -2.407946 -3.101093 -2.407946 1.000000 0.000000 0.000000 0.000000
-7.722554 0.125096 -25.264521 0.000000 0.000000 0.000000 0.283593 0.177245 -0.035449 4.200000 -2.407946 -3.101093 -2.407946 1.000000 0.000000 0.000000 0.000000
-8.487946 0.141931 -48.930223 0.000000 0.000000 0.000000 0.283593 0.177245 -0.035449 4.200000 -2.407946 -3.101093 -2.407946 1.000000 0.000000 0.000000 0.000000
-10.966100 0.133622 -18.745266 0.000000 0.000000 0.000000 0.283593 0.177245 -0.035449 4.200000 -2.407946 -3.101093 -2.407946 1.000000 0.000000 0.000000 0.000000
-7.169631 0.122140 -9.546058 0.000000 0.000000 0.000000 0.283593 0.177245 -0.035449 4.200000 -2.407946 -3.101093 -2.407946 1.000000 0.000000 0.000000 0.000000
-8.496918 0.138158 -21.855697 0.000000 0.000000 0.000000 0.283593 0.177245 -0.035449 4.200000 -2.407946 -3.101093 -2.407946 1.000000 0.000000 0.000000 0.000000
-7.990990 0.148617 -52.072098 0.000000 0.000000 0.000000 0.283593 0.177245 -0.035449 4.200000 -2.407946 -3.101093 -2.407946 1.000000 0.000000 0.000000 0.000000
-9.428419 0.133701 30.872891 0.000000 0.000000 0.000000 0.283593 0.177245 -0.035449 4.200000 -2.407946 -3.101093 -2.407946 1.000000 0.000000 0.000000 0.000000
-9.976291 0.149568 6.342001 0.000000 0.000000 0.000000 0.283593 0.177245 -0.035449 4.200000 -2.407946 -3.101093 -2.407946 1.000000 0.000000 0.000000 0.000000
-9.006847 0.146787 22.144655 0.000000 0.000000 0.000000 0.283593 0.177245 -0.035449 4.200000 -2.407946 -3.101093 -2.407946 1.000000 0.000000 0.000000 0.000000
-9.278648 0.120087 -33.008408 0.000000 0.000000 0.000000 0.283593 0.177245 -0.035449 4.200000 -2.407946 -3.101093 -2.407946 1.000000 0.000000 0.000000 0.000000
-10.200192 0.150932 3.677877 0.000000 0.000000 0.000000 0.283593 0.177245 -0.035449 4.200000 -2.407946 -3.101093 -2.407946 1.000000 0.000000 0.000000 0.000000
-9.924533 0.121844 45.197506 0.000000 0.000000 0.000000 0.283593 0.177245 -0.035449 4.200000 -2.407946 -3.101093 -2.407946 1.000000 0.000000 0.000000 0.000000
-9.343498 0.156713 3.831913 0.000000 0.000000 0.000000 0.283593 0.177245 -0.035449 4.200000 -2.407946 -3.101093 -2.407946 1.000000 0.000000 0.000000 0.000000
-8.613844 0.129624 42.977581 0.000000 0.000000 0.000000 0.283593 0.177245 -0.035449 4.200000 -2.407946 -3.101093 -2.407946 1.000000 0.000000 0.000000 0.000000
-10.977563 0.126799 -48.969449 0.000000 0.000000 0.000000 0.283593 0.177245 -0.035449 4.200000 -2.407946 -3.101093 -2.407946 1.000000 0.000000 0.000000 0.000000
-10.588570 0.157526 44.956640 0.000000 0.000000 0.000000 0.283593 0.177245 -0.035449 4.200000 -2.407946 -3.101093 -2.407946 1.000000 0.000000 0.000000 0.000000
-10.442211 0.145898 -42.499443 0.000000 0.000000 0.000000 0.283593 0.177245 -0.035449 4.200000 -2.407946 -3.101093 -2.407946 1.000000 0.000000 0.000000 0.000000
-7.101729 0.151232 -18.493381 0.000000 0.000000 0.000000 0.283593 0.177245 -0.035449 4.200000 -2.407946 -3.101093 -2.407946 1.000000 0.000000 0.000000 0.000000
-7.036016 0.139504 9.325664 0.000000 0.000000 0.000000 0.283593 0.177245 -0.035449 4.200000 -2.407946 -3.101093 -2.407946 1.000000 0.000000 0.000000 0.000000
-8.732606 0.123473 16.709722 0.000000 0.000000 0.000000 0.283593 0.177245 -0.035449 4.200000 -2.407946 -3.101093 -2.407946 1.000000 0.000000 0.000000 0.000000
-10.827564 0.122081 -9.479849 0.000000 0.000000 0.000000 0.283593 0.177245 -0.035449 4.200000 -2.407946 -3.101093 -2.407946 1.000000 0.000000 0.000000 0.000000
-8.199567 0.128839 14.101455 0.000000 0.000000 0.000000 0.283593 0.177245 -0.035449 4.200000 -2.407946 -3.101093 -2.407946 1.000000 0.000000 0.000000 0.000000
-7.136648 0.159336 -17.968489 0.000000 0.000000 0.000000 0.283593 0.177245 -0.035449 4.200000 -2.407946 -3.101093 -2.407946 1.000000 0.000000 0.000000 0.000000
-9.513399 0.133249 35.830199 0.000000 0.000000 0.000000 0.283593 0.177245 -0.035449 4.200000 -2.407946 -3.101093 -2.407946 1.000000 0.000000 0.000000 0.000000
-8.077812 0.123905 -48.831875 0.000000 0.000000 0.000000 0.283593 0.177245 -0.035449 4.200000 -2.407946 -3.101093 -2.407946 1.000000 0.000000 0.000000 0.000000
-9.882049 0.144151 46.288019 0.000000 0.000000 0.000000 0.283593 0.177245 -0.035449 4.200000 -2.407946 -3.101093 -2.407946 1.000000 0.000000 0.000000 0.000000
-10.858091 0.151618 50.072759 0.000000 0.000000 0.000000 0.283593 0.177245 -0.035449 4.200000 -2.407946 -3.101093 -2.407946 1.000000 0.000000 0.000000 0.000000
-8.779105 0.144905 48.462041 0.000000 0.000000 0.000000 0.283593 0.177245 -0.035449 4.200000 -2.407946 -3.101093 -2.407946 1.000000 0.000000 0.000000 0.000000
-7.479541 0.143827 -28.842496 0.000000 0.000000 0.000000 0.283593 0.177245 -0.035449 4.200000 -2.407946 -3.101093 -2.407946 1.000000 0.000000 0.000000 0.000000
-10.068211 0.130519 -48.101255 0.000000 0.000000 0.000000 0.283593 0.177245 -0.035449 4.200000 -2.407946 -3.101093 -2.407946 1.000000 0.000000 0.000000 0.000000
-7.407548 0.151684 -25.900414 0.000000 0.000000 0.000000 0.283593 0.177245 -0.035449 4.200000 -2.407946 -3.101093 -2.407946 1.000000 0.000000 0.000000 0.000000
-7.322134 0.128293 53.736591 0.000000 0.000000 0.000000 0.283593 0.177245 -0.035449 4.200000 -2.407946 -3.101093 -2.407946 1.000000 0.000000 0.000000 0.000000
-9.906424 0.140351 -29.212917 0.000000 0.000000 0.000000 0.283593 0.177245 -0.035449 4.200000 -2.407946 -3.101093 -2.407946 1.000000 0.000000 0.000000 0.000000
-9.469368 0.120722 -11.470628 0.000000 0.000000 0.000000 0.283593 0.177245 -0.035449 4.200000 -2.407946 -3.101093 -2.407946 1.000000 0.000000 0.000000 0.000000
-9.346797 0.157776 -56.334770 0.000000 0.000000 0.000000 0.283593 0.177245 -0.035449 4.200000 -2.407946 -3.101093 -2.407946 1.000000 0.000000 0.000000 0.000000
-9.530321 0.152327 9.369458 0.000000 0.000000 0.000000 0.283593 0.177245 -0.035449 4.200000 -2.407946 -3.101093 -2.407946 1.000000 0.000000 0.000000 0.000000
-8.354876 0.152213 28.824684 0.000000 0.000000 0.000000 0.283593 0.177245 -0.035449 4.200000 -2.407946 -3.101093 -2.407946 1.000000 0.000000 0.000000 0.000000
-10.872813 0.146196 43.244723 0.000000 0.000000 0.000000 0.283593 0.177245 -0.035449 4.200000 -2.407946 -3.101093 -2.407946 1.000000 0.000000 0.000000 0.000000
-9.249403 0.126615 -20.642712 0.000000 0.000000 0.000000 0.283593 0.177245 -0.035449 4.200000 -2.407946 -3.101093 -2.407946 1.000000 0.000000 0.000000 0.000000
-8.654527 0.157445 28.436436 0.000000 0.000000 0.000000 0.283593 0.177245 -0.035449 4.200000 -2.407946 -3.101093 -2.407946 1.000000 0.000000 0.000000 0.000000
-8.957024 0.126611 -47.378083 0.000000 0.000000 0.000000 0.283593 0.177245 -0.035449 4.200000 -2.407946 -3.101093 -2.407946 1.000000 0.000000 0.000000 0.000000
-9.778629 0.139847 -7.860125 0.000000 0.000000 0.000000 0.283593 0.177245 -0.035449 4.200000 -2.407946 -3.101093 -2.407946 1.000000 0.000000 0.000000 0.000000
-10.956764 0.153331 -6.697915 0.000000 0.000000 0.000000 0.283593 0.177245 -0.035449 4.200000 -2.407946 -3.101093 -2.407946 1.000000 0.000000 0.000000 0.000000
-10.255354 0.126439 7.326171 0.000000 0.000000 0.000000 0.283593 0.177245 -0.035449 4.200000 -2.407946 -3.101093 -2.407946 1.000000 0.000000 0.000000 0.000000
-10.021771 0.157992 -44.611616 0.000000 0.000000 0.000000 0.283593 0.177245 -0.035449 4.200000 -2.407946 -3.101093 -2.407946 1.000000 0.000000 0.000000 0.000000
-8.925529 0.129334 26.257874 0.000000 0.000000 0.000000 0.283593 0.177245 -0.035449 4.200000 -2.407946 -3.101093 -2.407946 1.000000 0.000000 0.000000 0.000000
-9.170671 0.156477 40.219639 0.000000 0.000000 0.000000 0.283593 0.177245 -0.035449 4.200000 -2.407946 -3.101093 -2.407946 1.000000 0.000000 0.000000 0.000000
-10.381204 0.148573 -26.349253 0.000000 0.000000 0.000000 0.283593 0.177245 -0.035449 4.200000 -2.407946 -3.101093 -2.407946 1.000000 0.000000 0.000000 0.000000
-10.703498 0.147329 -32.072082 0.000000 0.000000 0.000000 0.283593 0.177245 -0.035449 4.200000 -2.407946 -3.101093 -2.407946 1.000000 0.000000 0.000000 0.000000
-8.496099 0.125144 46.626778 0.000000 0.000000 0.000000 0.283593 0.177245 -0.035449 4.200000 -2.407946 -3.101093 -2.407946 1.000000 0.000000 0.000000 0.000000
-10.015355 0.121802 -10.173175 0.000000 0.000000 0.000000 0.283593 0.177245 -0.035449 4.200000 -2.407946 -3.101093 -2.407946 1.000000 0.000000 0.000000 0.000000
-10.166605 0.156132 -46.671041 0.000000 0.000000 0.000000 0.283593 0.177245 -0.035449 4.200000 -2.407946 -3.101093 -2.407946 1.000000 0.000000 0.000000 0.000000
-10.058549 0.129919 -44.761660 0.000000 0.000000 0.000000 0.283593 0.177245 -0.035449 4.200000 -2.407946 -3.101093 -2.407946 1.000000 0.000000 0.000000 0.000000
-9.673379 0.145256 12.283791 0.000000 0.000000 0.000000 0.283593 0.177245 -0.035449 4.200000 -2.407946 -3.101093 -2.407946 1.000000 0.000000 0.000000 0.000000
-10.095709 0.141154 -11.916427 0.000000 0.000000 0.000000 0.283593 0.177245 -0.035449 4.200000 -2.407946 -3.101093 -2.407946 1.000000 0.000000 0.000000 0.000000
-10.545483 0.141306 -47.321013 0.000000 0.000000 0.000000 0.283593 0.177245 -0.035449 4.200000 -2.407946 -3.101093 -2.407946 1.000000 0.000000 0.000000 0.000000
-8.263102 0.139635 -19.628331 0.000000 0.000000 0.000000 0.283593 0.177245 -0.035449 4.200000 -2.407946 -3.101093 -2.407946 1.000000 0.000000 0.000000 0.000000
-9.598497 0.159097 -18.294096 0.000000 0.000000 0.000000 0.283593 0.177245 -0.035449 4.200000 -2.407946 -3.101093 -2.407946 1.000000 0.000000 0.000000 0.000000
-8.945363 0.144567 -53.652523 0.000000 0.000000 0.000000 0.283593 0.177245 -0.035449 4.200000 -2.407946 -3.101093 -2.407946 1.000000 0.000000 0.000000 0.000000
-9.547356 0.140449 -2.188352 0.000000 0.000000 0.000000 0.283593 0.177245 -0.035449 4.200000 -2.407946 -3.101093 -2.407946 1.000000 0.000000 0.000000 0.000000
-7.706695 0.157478 32.002472 0.000000 0.000000 0.000000 0.283593 0.177245 -0.035449 4.200000 -2.407946 -3.101093 -2.407946 1.000000 0.000000 0.000000 0.000000
-7.174377 0.148616 -53.001319 0.000000 0.000000 0.000000 0.283593 0.177245 -0.035449 4.200000 -2.407946 -3.101093 -2.407946 1.000000 0.000000 0.000000 0.000000
-8.367779 0.146563 -57.986339 0.000000 0.000000 0.000000 0.283593 0.177245 -0.035449 4.200000 -2.407946 -3.101093 -2.407946 1.000000 0.000000 0.000000 0.000000
-7.181592 0.147847 19.656145 0.000000 0.000000 0.000000 0.283593 0.177245 -0.035449 4.200000 -2.407946 -3.101093 -2.407946 1.000000 0.000000 0.000000 0.000000
-9.544408 0.152342 -25.823596 0.000000 0.000000 0.000000 0.283593 0.177245 -0.035449 4.200000 -2.407946 -3.101093 -2.407946 1.000000 0.000000 0.000000 0.000000
-10.472813 0.151961 -48.858694 0.000000 0.000000 0.000000 0.283593 0.177245 -0.035449 4.200000 -2.407946 -3.101093 -2.407946 1.000000 0.000000 0.000000 0.000000
-10.911204 0.132538 39.151711 0.000000 0.000000 0.000000 0.283593 0.177245 -0.035449 4.200000 -2.407946 -3.101093 -2.407946 1.000000 0.000000 0.000000 0.000000
-10.066890 0.125003 42.587618 0.000000 0.000000 0.000000 0.283593 0.177245 -0.035449 4.200000 -2.407946 -3.101093 -2.407946 1.000000 0.000000 0.000000 0.000000
-8.876094 0.156894 18.349133 0.000000 0.000000 0.000000 0.283593 0.177245 -0.035449 4.200000 -2.407946 -3.101093 -2.407946 1.000000 0.000000 0.000000 0.000000
-9.553599 0.122267 -39.366990 0.000000 0.000000 0.000000 0.283593 0.177245 -0.035449 4.200000 -2.407946 -3.101093 -2.407946 1.000000 0.000000 0.000000 0.000000
-7.004291 0.134562 -34.133212 0.000000 0.000000 0.000000 0.283593 0.177245 -0.035449 4.200000 -2.407946 -3.101093 -2.407946 1.000000 0.000000 0.000000 0.000000
-10.821258 0.138873 19.183707 0.000000 0.000000 0.000000 0.283593 0.177245 -0.035449 4.200000 -2.407946 -3.101093 -2.407946 1.000000 0.000000 0.000000 0.000000
-7.503973 0.142790 -29.118991 0.000000 0.000000 0.000000 0.283593 0.177245 -0.035449 4.200000 -2.407946 -3.101093 -2.407946 1.000000 0.000000 0.000000 0.000000
-9.669157 0.133033 -34.620973 0.000000 0.000000 0.000000 0.283593 0.177245 -0.035449 4.200000 -2.407946 -3.101093 -2.407946 1.000000 0.000000 0.000000 0.000000
-8.541919 0.151907 -13.082294 0.000000 0.000000 0.000000 0.283593 0.177245 -0.035449 4.200000 -2.407946 -3.101093 -2.407946 1.000000 0.000000 0.000000 0.000000
-8.515295 0.142520 -39.876127 0.000000 0.000000 0.000000 0.283593 0.177245 -0.035449 4.200000 -2.407946 -3.101093 -2.407946 1.000000 0.000000 0.000000 0.000000
-10.222952 0.140617 -20.319533 0.000000 0.000000 0.000000 0.283593 0.177245 -0.035449 4.200000 -2.407946 -3.101093 -2.407946 1.000000 0.000000 0.000000 0.000000
-7.868079 0.123093 -12.966960 0.000000 0.000000 0.000000 0.283593 0.177245 -0.035449 4.200000 -2.407946 -3.101093 -2.407946 1.000000 0.000000 0.000000 0.000000
-9.840214 0.123519 -11.226989 0.000000 0.000000 0.000000 0.283593 0.177245 -0.035449 4.200000 -2.407946 -3.101093 -2.407946 1.000000 0.000000 0.000000 0.000000
-8.477161 0.149023 49.896092 0.000000 0.000000 0.000000 0.283593 0.177245 -0.035449 4.200000 -2.407946 -3.101093 -2.407946 1.000000 0.000000 0.000000 0.000000
-10.082129 0.145608 21.368467 0.000000 0.000000 0.000000 0.283593 0.177245 -0.035449 4.200000 -2.407946 -3.101093 -2.407946 1.000000 0.000000 0.000000 0.000000
-8.790224 0.139339 -39.787901 0.000000 0.000000 0.000000 0.283593 0.177245 -0.035449 4.200000 -2.407946 -3.101093 -2.407946 1.000000 0.000000 0.000000 0.000000
-8.300365 0.152133 -33.340112 0.000000 0.000000 0.000000 0.283593 0.177245 -0.035449 4.200000 -2.407946 -3.101093 -2.407946 1.000000 0.000000 0.000000 0.000000
-10.276043 0.138778 17.943988 0.000000 0.000000 0.000000 0.283593 0.177245 -0.035449 4.200000 -2.407946 -3.101093 -2.407946 1.000000 0.000000 0.000000 0.000000
-8.698483 0.128698 1.253698 0.000000 0.000000 0.000000 0.283593 0.177245 -0.035449 4.200000 -2.407946 -3.101093 -2.407946 1.000000 0.000000 0.000000 0.000000
-8.324549 0.128055 -57.496751 0.000000 0.000000 0.000000 0.283593 0.177245 -0.035449 4.200000 -2.407946 -3.101093 -2.407946 1.000000 0.000000 0.000000 0.000000
-7.859270 0.128744 12.623079 0.000000 0.000000 0.000000 0.283593 0.177245 -0.035449 4.200000 -2.407946 -3.101093 -2.407946 1.000000 0.000000 0.000000 0.000000
-9.230139 0.139720 30.624484 0.000000 0.000000 0.000000 0.283593 0.177245 -0.035449 4.200000 -2.407946 -3.101093 -2.407946 1.000000 0.000000 0.000000 0.000000
-10.812486 0.145360 -23.800263 0.000000 0.000000 0.000000 0.283593 0.177245 -0.035449 4.200000 -2.407946 -3.101093 -2.407946 1.000000 0.000000 0.000000 0.000000
-9.603962 0.144078 50.119098 0.000000 0.000000 0.000000 0.283593 0.177245 -0.035449 4.200000 -2.407946 -3.101093 -2.407946 1.000000 0.000000 0.000000 0.000000
-8.983326 0.151341 28.018822 0.000000 0.000000 0.000000 0.283593 0.177245 -0.035449 4.200000 -2.407946 -3.101093 -2.407946 1.000000 0.000000 0.000000 0.000000
-8.055302 0.120115 -3.547160 0.000000 0.000000 0.000000 0.283593 0.177245 -0.035449 4.200000 -2.407946 -3.101093 -2.407946 1.000000 0.000000 0.000000 0.000000
-7.615285 0.148666 48.723302 0.000000 0.000000 0.000000 0.283593 0.177245 -0.035449 4.200000 -2.407946 -3.101093 -2.407946 1.000000 0.000000 0.000000 0.000000
-10.737015 0.142837 -54.986041 0.000000 0.000000 0.000000 0.283593 0.177245 -0.035449 4.200000 -2.407946 -3.101093 -2.407946 1.000000 0.000000 0.000000 0.000000
-8.649641 0.129840 12.571292 0.000000 0.000000 0.000000 0.283593 0.177245 -0.035449 4.200000 -2.407946 -3.101093 -2.407946 1.000000 0.000000 0.000000 0.000000
-8.317812 0.136018 -22.463997 0.000000 0.000000 0.000000 0.283593 0.177245 -0.035449 4.200000 -2.407946 -3.101093 -2.407946 1.000000 0.000000 0.000000 0.000000
-10.641604 0.123199 11.644127 0.000000 0.000000 0.000000 0.283593 0.177245 -0.035449 4.200000 -2.407946 -3.101093 -2.407946 1.000000 0.000000 0.000000 0.000000
-9.363002 0.143292 -35.720732 0.000000 0.000000 0.000000 0.283593 0.177245 -0.035449 4.200000 -2.407946 -3.101093 -2.407946 1.000000 0.000000 0.000000 0.000000
-9.687523 0.149576 -43.838753 0.000000 0.000000 0.000000 0.283593 0.177245 -0.035449 4.200000 -2.407946 -3.101093 -2.407946 1.000000 0.000000 0.000000 0.000000
-8.685214 0.152473 -2.545266 0.000000 0.000000 0.000000 0.283593 0.177245 -0.035449 4.200000 -2.407946 -3.101093 -2.407946 1.000000 0.000000 0.000000 0.000000
-7.692322 0.122482 6.713100 0.000000 0.000000 0.000000 0.283593 0.177245 -0.035449 4.200000 -2.407946 -3.101093 -2.407946 1.000000 0.000000 0.000000 0.000000
-10.501263 0.153155 46.527981 0.000000 0.000000 0.000000 0.283593 0.177245 -0.035449 4.200000 -2.407946 -3.101093 -2.407946 1.000000 0.000000 0.000000 0.000000
-10.370261 0.149545 -16.372915 0.000000 0.000000 0.000000 0.283593 0.177245 -0.035449 4.200000 -2.407946 -3.101093 -2.407946 1.000000 0.000000 0.000000 0.000000
-7.758684 0.121387 -54.017018 0.000000 0.000000 0.000000 0.283593 0.177245 -0.035449 4.200000 -2.407946 -3.101093 -2.407946 1.000000 0.000000 0.000000 0.000000
-7.493995 0.121977 3.624435 0.000000 0.000000 0.000000 0.283593 0.177245 -0.035449 4.200000 -2.407946 -3.101093 -2.407946 1.000000 0.000000 0.000000 0.000000
-8.716287 0.142480 5.743549 0.000000 0.000000 0.000000 0.283593 0.177245 -0.035449 4.200000 -2.407946 -3.101093 -2.407946 1.000000 0.000000 0.000000 0.000000
-8.658574 0.151386 -49.179200 0.000000 0.000000 0.000000 0.283593 0.177245 -0.035449 4.200000 -2.407946 -3.101093 -2.407946 1.000000 0.000000 0.000000 0.000000
-8.772298 0.143442 -30.618808 0.000000 0.000000 0.000000 0.283593 0.177245 -0.035449 4.200000 -2.407946 -3.101093 -2.407946 1.000000 0.000000 0.000000 0.000000
-8.724553 0.146425 57.662689 0.000000 0.000000 0.000000 0.283593 0.177245 -0.035449 4.200000 -2.407946 -3.101093 -2.407946 1.000000 0.000000 0.000000 0.000000
-7.825110 0.145696 21.847118 0.000000 0.000000 0.000000 0.283593 0.177245 -0.035449 4.200000 -2.407946 -3.101093 -2.407946 1.000000 0.000000 0.000000 0.000000
-7.003438 0.142222 29.550593 0.000000 0.000000 0.000000 0.283593 0.177245 -0.035449 4.200000 -2.407946 -3.101093 -2.407946 1.000000 0.000000 0.000000 0.000000
-10.472430 0.135482 17.773168 0.000000 0.000000 0.000000 0.283593 0.177245 -0.035449 4.200000 -2.407946 -3.101093 -2.407946 1.000000 0.000000 0.000000 0.000000
-8.751656 0.156820 -31.534902 0.000000 0.000000 0.000000 0.283593 0.177245 -0.035449 4.200000 -2.407946 -3.101093 -2.407946 1.000000 0.000000 0.000000 0.000000
-7.485242 0.131951 -3.637821 0.000000 0.000000 0.000000 0.283593 0.177245 -0.035449 4.200000 -2.407946 -3.101093 -2.407946 1.000000 0.000000 0.000000 0.000000
-9.349609 0.144625 56.139723 0.000000 0.000000 0.000000 0.283593 0.177245 -0.035449 4.200000 -2.407946 -3.101093 -2.407946 1.000000 0.000000 0.000000 0.000000
-8.437844 0.131823 8.390425 0.000000 0.000000 0.000000 0.283593 0.177245 -0.035449 4.200000 -2.407946 -3.101093 -2.407946 1.000000 0.000000 0.000000 0.000000
-10.272325 0.149675 2.609049 0.000000 0.000000 0.000000 0.283593 0.177245 -0.035449 4.200000 -2.407946 -3.101093 -2.407946 1.000000 0.000000 0.000000 0.000000
-9.095878 0.129839 -8.726586 0.000000 0.000000 0.000000 0.283593 0.177245 -0.035449 4.200000 -2.407946 -3.101093 -2.407946 1.000000 0.000000 0.000000 0.000000
-10.245042 0.150284 -20.267015 0.000000 0.000000 0.000000 0.283593 0.177245 -0.035449 4.200000 -2.407946 -3.101093 -2.407946 1.000000 0.000000 0.000000 0.000000
-7.187197 0.122690 -37.560259 0.000000 0.000000 0.000000 0.283593 0.177245 -0.035449 4.200000 -2.407946 -3.101093 -2.407946 1.000000 0.000000 0.000000 0.000000
-9.538603 0.120601 23.502736 0.000000 0.000000 0.000000 0.283593 0.177245 -0.035449 4.200000 -2.407946 -3.101093 -2.407946 1.000000 0.000000 0.000000 0.000000
-7.459022 0.147301 49.868529 0.000000 0.000000 0.000000 0.283593 0.177245 -0.035449 4.200000 -2.407946 -3.101093 -2.407946 1.000000 0.000000 0.000000 0.000000
-8.329594 0.156781 29.378672 0.000000 0.000000 0.000000 0.283593 0.177245 -0.035449 4.200000 -2.407946 -3.101093 -2.407946 1.000000 0.000000 0.000000 0.000000
-9.228593 0.156960 -27.871314 0.000000 0.000000 0.000000 0.283593 0.177245 -0.035449 4.200000 -2.407946 -3.101093 -2.407946 1.000000 0.000000 0.000000 0.000000
-10.768545 0.123765 50.602700 0.000000 0.000000 0.000000 0.283593 0.177245 -0.035449 4.200000 -2.407946 -3.101093 -2.407946 1.000000 0.000000 0.000000 0.000000
-9.187549 0.131145 42.440996 0.000000 0.000000 0.000000 0.283593 0.177245 -0.035449 4.200000 -2.407946 -3.101093 -2.407946 1.000000 0.000000 0.000000 0.000000
-7.329336 0.135895 57.395459 0.000000 0.000000 0.000000 0.283593 0.177245 -0.035449 4.200000 -2.407946 -3.101093 -2.407946 1.000000 0.000000 0.000000 0.000000
-9.161366 0.133695 2.674159 0.000000 0.000000 0.000000 0.283593 0.177245 -0.035449 4.200000 -2.407946 -3.101093 -2.407946 1.000000 0.000000 0.000000 0.000000
-8.660555 0.126726 57.758665 0.000000 0.000000 0.000000 0.283593 0.177245 -0.035449 4.200000 -2.407946 -3.101093 -2.407946 1.000000 0.000000 0.000000 0.000000
-8.901274 0.158995 -23.504638 0.000000 0.000000 0.000000 0.283593 0.177245 -0.035449 4.200000 -2.407946 -3.101093 -2.407946 1.000000 0.000000 0.000000 0.000000
-9.930145 0.156039 -54.549964 0.000000 0.000000 0.000000 0.283593 0.177245 -0.035449 4.200000 -2.407946 -3.101093 -2.407946 1.000000 0.000000 0.000000 0.000000
-9.186522 0.153846 0.331983 0.000000 0.000000 0.000000 0.283593 0.177245 -0.035449 4.200000 -2.407946 -3.101093 -2.407946 1.000000 0.000000 0.000000 0.000000
-9.877772 0.137916 -22.664790 0.000000 0.000000 0.000000 0.283593 0.177245 -0.035449 4.200000 -2.407946 -3.101093 -2.407946 1.000000 0.000000 0.000000 0.000000
-10.867959 0.123917 -5.694297 0.000000 0.000000 0.000000 0.283593 0.177245 -0.035449 4.200000 -2.407946 -3.101093 -2.407946 1.000000 0.000000 0.000000 0.000000
-8.506015 0.122459 -2.675560 0.000000 0.000000 0.000000 0.283593 0.177245 -0.035449 4.200000 -2.407946 -3.101093 -2.407946 1.000000 0.000000 0.000000 0.000000
-8.292823 0.136738 -53.665565 0.000000 0.000000 0.000000 0.283593 0.177245 -0.035449 4.200000 -2.407946 -3.101093 -2.407946 1.000000 0.000000 0.000000 0.000000
-7.328155 0.126864 56.077099 0.000000 0.000000 0.000000 0.283593 0.177245 -0.035449 4.200000 -2.407946 -3.101093 -2.407946 1.000000 0.000000 0.000000 0.000000
-9.659234 0.158982 -49.985002 0.000000 0.000000 0.000000 0.283593 0.177245 -0.035449 4.200000 -2.407946 -3.101093 -2.407946 1.000000 0.000000 0.000000 0.000000
-7.301686 0.156030 14.108117 0.000000 0.000000 0.000000 0.283593 0.177245 -0.035449 4.200000 -2.407946 -3.101093 -2.407946 1.000000 0.000000 0.000000 0.000000
-10.435706 0.138245 41.250528 0.000000 0.000000 0.000000 0.283593 0.177245 -0.035449 4.200000 -2.407946 -3.101093 -2.407946 1.000000 0.000000 0.000000 0.000000
-10.181323 0.156423 -26.199467 0.000000 0.000000 0.000000 0.283593 0.177245 -0.035449 4.200000 -2.407946 -3.101093 -2.407946 1.000000 0.000000 0.000000 0.000000
-7.060924 0.136996 47.481661 0.000000 0.000000 0.000000 0.283593 0.177245 -0.035449 4.200000 -2.407946 -3.101093 -2.407946 1.000000 0.000000 0.000000 0.000000
10.914337 0.128518 18.484967 0.000000 0.000000 0.000000 0.283593 0.177245 -0.035449 4.200000 -2.407946 -3.101093 -2.407946 1.000000 0.000000 0.000000 0.000000
8.635558 0.141789 -51.835676 0.000000 0.000000 0.000000 0.283593 0.177245 -0.035449 4.200000 -2.407946 -3.101093 -2.407946 1.000000 0.000000 0.000000 0.000000
7.890729 0.158537 4.478418 0.000000 0.000000 0.000000 0.283593 0.177245 -0.035449 4.200000 -2.407946 -3.101093 -2.407946 1.000000 0.000000 0.000000 0.000000
8.173504 0.154009 33.120009 0.000000 0.000000 0.000000 0.283593 0.177245 -0.035449 4.200000 -2.407946 -3.101093 -2.407946 1.000000 0.000000 0.000000 0.000000
7.167934 0.138923 -18.195805 0.000000 0.000000 0.000000 0.283593 0.177245 -0.035449 4.200000 -2.407946 -3.101093 -2.407946 1.000000 0.000000 0.000000 0.000000
8.293131 0.157871 37.269558 0.000000 0.000000 0.000000 0.283593 0.177245 -0.035449 4.200000 -2.407946 -3.101093 -2.407946 1.000000 0.000000 0.000000 0.000000
7.753736 0.154484 -27.669038 0.000000 0.000000 0.000000 0.283593 0.177245 -0.035449 4.200000 -2.407946 -3.101093 -2.407946 1.000000 0.000000 0.000000 0.000000
7.871855 0.142184 2.165630 0.000000 0.000000 0.000000 0.283593 0.177245 -0.035449 4.200000 -2.407946 -3.101093 -2.407946 1.000000 0.000000 0.000000 0.000000
10.236995 0.129033 49.066414 0.000000 0.000000 0.000000 0.283593 0.177245 -0.035449 4.200000 -2.407946 -3.101093 -2.407946 1.000000 0.000000 0.000000 0.000000
9.900452 0.127306 30.658196 0.000000 0.000000 0.000000 0.283593 0.177245 -0.035449 4.200000 -2.407946 -3.101093 -2.407946 1.000000 0.000000 0.000000 0.000000
7.698528 0.120092 10.254250 0.000000 0.000000 0.000000 0.283593 0.177245 -0.035449 4.200000 -2.407946 -3.101093 -2.407946 1.000000 0.000000 0.000000 0.000000
8.064965 0.145251 55.011442 0.000000 0.000000 0.000000 0.283593 0.177245 -0.035449 4.200000 -2.407946 -3.101093 -2.407946 1.000000 0.000000 0.000000 0.000000
7.459808 0.142665 -2.737117 0.000000 0.000000 0.000000 0.283593 0.177245 -0.035449 4.200000 -2.407946 -3.101093 -2.407946 1.000000 0.000000 0.000000 0.000000
10.343349 0.133203 -13.435986 0.000000 0.000000 0.000000 0.283593 0.177245 -0.035449 4.200000 -2.407946 -3.101093 -2.407946 1.000000 0.000000 0.000000 0.000000
9.216358 0.148863 -22.682093 0.000000 0.000000 0.000000 0.283593 0.177245 -0.035449 4.200000 -2.407946 -3.101093 -2.407946 1.000000 0.000000 0.000000 0.000000
9.931516 0.141582 14.277989 0.000000 0.000000 0.000000 0.283593 0.177245 -0.035449 4.200000 -2.407946 -3.101093 -2.407946 1.000000 0.000000 0.000000 0.000000
8.965172 0.149105 32.283432 0.000000 0.000000 0.000000 0.283593 0.177245 -0.035449 4.200000 -2.407946 -3.101093 -2.407946 1.000000 0.000000 0.000000 0.000000
10.124657 0.135022 -17.771036 0.000000 0.000000 0.000000 0.283593 0.177245 -0.035449 4.200000 -2.407946 -3.101093 -2.407946 1.000000 0.000000 0.000000 0.000000
10.743569 0.158039 -17.332557 0.000000 0.000000 0.000000 0.283593 0.177245 -0.035449 4.200000 -2.407946 -3.101093 -2.407946 1.000000 0.000000 0.000000 0.000000
8.424319 0.154413 37.352064 0.000000 0.000000 0.000000 0.283593 0.177245 -0.035449 4.200000 -2.407946 -3.101093 -2.407946 1.000000 0.000000 0.000000 0.000000
9.234257 0.143171 -8.168421 0.000000 0.000000 0.000000 0.283593 0.177245 -0.035449 4.200000 -2.407946 -3.101093 -2.407946 1.000000 0.000000 0.000000 0.000000
9.193295 0.123726 -32.473251 0.000000 0.000000 0.000000 0.283593 0.177245 -0.035449 4.200000 -2.407946 -3.101093 -2.407946 1.000000 0.000000 0.000000 0.000000
7.621556 0.141343 45.713326 0.000000 0.000000 0.000000 0.283593 0.177245 -0.035449 4.200000 -2.407946 -3.101093 -2.407946 1.000000 0.000000 0.000000 0.000000
8.771651 0.151244 -22.407128 0.000000 0.000000 0.000000 0.283593 0.177245 -0.035449 4.200000 -2.407946 -3.101093 -2.407946 1.000000 0.000000 0.000000 0.000000
10.313084 0.133133 23.812334 0.000000 0.000000 0.000000 0.283593 0.177245 -0.035449 4.200000 -2.407946 -3.101093 -2.407946 1.000000 0.000000 0.000000 0.000000
7.800529 0.130660 -45.842280 0.000000 0.000000 0.000000 0.283593 0.177245 -0.035449 4.200000 -2.407946 -3.101093 -2.407946 1.000000 0.000000 0.000000 0.000000
9.838588 0.148370 -21.958917 0.000000 0.000000 0.000000 0.283593 0.177245 -0.035449 4.200000 -2.407946 -3.101093 -2.407946 1.000000 0.000000 0.000000 0.000000
10.875230 0.155724 -48.779435 0.000000 0.000000 0.000000 0.283593 0.177245 -0.035449 4.200000 -2.407946 -3.101093 -2.407946 1.000000 0.000000 0.000000 0.000000
7.554701 0.146962 -0.323616 0.000000 0.000000 0.000000 0.283593 0.177245 -0.035449 4.200000 -2.407946 -3.101093 -2.407946 1.000000 0.000000 0.000000 0.000000
8.564480 0.125244 27.936253 0.000000 0.000000 0.000000 0.283593 0.177245 -0.035449 4.200000 -2.407946 -3.101093 -2.407946 1.000000 0.000000 0.000000 0.000000
7.617497 0.126775 -36.947999 0.000000 0.000000 0.000000 0.283593 0.177245 -0.035449 4.200000 -2.407946 -3.101093 -2.407946 1.000000 0.000000 0.000000 0.000000
8.052002 0.159983 -3.597502 0.000000 0.000000 0.000000 0.283593 0.177245 -0.035449 4.200000 -2.407946 -3.101093 -2.407946 1.000000 0.000000 0.000000 0.000000
8.592943 0.142188 55.996696 0.000000 0.000000 0.000000 0.283593 0.177245 -0.035449 4.200000 -2.407946 -3.101093 -2.407946 1.000000 0.000000 0.000000 0.000000
10.659145 0.141770 7.743192 0.000000 0.000000 0.000000 0.283593 0.177245 -0.035449 4.200000 -2.407946 -3.101093 -2.407946 1.000000 0.000000 0.000000 0.000000
7.887562 0.144273 -35.574689 0.000000 0.000000 0.000000 0.283593 0.177245 -0.035449 4.200000 -2.407946 -3.101093 -2.407946 1.000000 0.000000 0.000000 0.000000
7.943900 0.127578 35.115813 0.000000 0.000000 0.000000 0.283593 0.177245 -0.035449 4.200000 -2.407946 -3.101093 -2.407946 1.000000 0.000000 0.000000 0.000000
8.504373 0.156001 10.931074 0.000000 0.000000 0.000000 0.283593 0.177245 -0.035449 4.200000 -2.407946 -3.101093 -2.407946 1.000000 0.000000 0.000000 0.000000
7.022956 0.125441 32.590829 0.000000 0.000000 0.000000 0.283593 0.177245 -0.035449 4.200000 -2.407946 -3.101093 -2.407946 1.000000 0.000000 0.000000 0.000000
7.736896 0.155136 -38.561239 0.000000 0.000000 0.000000 0.283593 0.177245 -0.035449 4.200000 -2.407946 -3.101093 -2.407946 1.000000 0.000000 0.000000 0.000000
7.889775 0.137252 13.338381 0.000000 0.000000 0.000000 0.283593 0.177245 -0.035449 4.200000 -2.407946 -3.101093 -2.407946 1.000000 0.000000 0.000000 0.000000
7.320810 0.130472 56.757163 0.000000 0.000000 0.000000 0.283593 0.177245 -0.035449 4.200000 -2.407946 -3.101093 -2.407946 1.000000 0.000000 0.000000 0.000000
7.218758 0.121228 39.867569 0.000000 0.000000 0.000000 0.283593 0.177245 -0.035449 4.200000 -2.407946 -3.101093 -2.407946 1.000000 0.000000 0.000000 0.000000
7.441881 0.146167 -16.768043 0.000000 0.000000 0.000000 0.283593 0.177245 -0.035449 4.200000 -2.407946 -3.101093 -2.407946 1.000000 0.000000 0.000000 0.000000
7.953218 0.132586 44.935725 0.000000 0.000000 0.000000 0.283593 0.177245 -0.035449 4.200000 -2.407946 -3.101093 -2.407946 1.000000 0.000000 0.000000 0.000000
10.759074 0.126081 4.029676 0.000000 0.000000 0.000000 0.283593 0.177245 -0.035449 4.200000 -2.407946 -3.101093 -2.407946 1.000000 0.000000 0.000000 0.000000
9.792906 0.132026 -42.351494 0.000000 0.000000 0.000000 0.283593 0.177245 -0.035449 4.200000 -2.407946 -3.101093 -2.407946 1.000000 0.000000 0.000000 0.000000
7.819743 0.158476 17.282878 0.000000 0.000000 0.000000 0.283593 0.177245 -0.035449 4.200000 -2.407946 -3.101093 -2.407946 1.000000 0.000000 0.000000 0.000000
10.968742 0.131993 36.295814 0.000000 0.000000 0.000000 0.283593 0.177245 -0.035449 4.200000 -2.407946 -3.101093 -2.407946 1.000000 0.000000 0.000000 0.000000
7.787437 0.159734 11.134388 0.000000 0.000000 0.000000 0.283593 0.177245 -0.035449 4.200000 -2.407946 -3.101093 -2.407946 1.000000 0.000000 0.000000 0.000000
9.906400 0.129472 -27.828051 0.000000 0.000000 0.000000 0.283593 0.177245 -0.035449 4.200000 -2.407946 -3.101093 -2.407946 1.000000 0.000000 0.000000 0.000000
9.630014 0.133003 -17.625740 0.000000 0.000000 0.000000 0.283593 0.177245 -0.035449 4.200000 -2.407946 -3.101093 -2.407946 1.000000 0.000000 0.000000 0.000000
10.732900 0.141243 43.653989 0.000000 0.000000 0.000000 0.283593 0.177245 -0.035449 4.200000 -2.407946 -3.101093 -2.407946 1.000000 0.000000 0.000000 0.000000
7.238270 0.132749 51.330488 0.000000 0.000000 0.000000 0.283593 0.177245 -0.035449 4.200000 -2.407946 -3.101093 -2.407946 1.000000 0.000000 0.000000 0.000000
8.681103 0.128474 24.621943 0.000000 0.000000 0.000000 0.283593 0.177245 -0.035449 4.200000 -2.407946 -3.101093 -2.407946 1.000000 0.000000 0.000000 0.000000
9.150910 0.139479 -45.993166 0.000000 0.000000 0.000000 0.283593 0.177245 -0.035449 4.200000 -2.407946 -3.101093 -2.407946 1.000000 0.000000 0.000000 0.000000
9.325120 0.159390 19.566723 0.000000 0.000000 0.000000 0.283593 0.177245 -0.035449 4.200000 -2.407946 -3.101093 -2.407946 1.000000 0.000000 0.000000 0.000000
10.455492 0.148754 7.588314 0.000000 0.000000 0.000000 0.283593 0.177245 -0.035449 4.200000 -2.407946 -3.101093 -2.407946 1.000000 0.000000 0.000000 0.000000
8.468210 0.125745 3.437706 0.000000 0.000000 0.000000 0.283593 0.177245 -0.035449 4.200000 -2.407946 -3.101093 -2.407946 1.000000 0.000000 0.000000 0.000000
10.577089 0.123541 24.440953 0.000000 0.000000 0.000000 0.283593 0.177245 -0.035449 4.200000 -2.407946 -3.101093 -2.407946 1.000000 0.000000 0.000000 0.000000
7.640318 0.146844 18.323582 0.000000 0.000000 0.000000 0.283593 0.177245 -0.035449 4.200000 -2.407946 -3.101093 -2.407946 1.000000 0.000000 0.000000 0.000000
9.662923 0.134312 11.329253 0.000000 0.000000 0.000000 0.283593 0.177245 -0.035449 4.200000 -2.407946 -3.101093 -2.407946 1.000000 0.000000 0.000000 0.000000
7.209660 0.147834 -53.340952 0.000000 0.000000 0.000000 0.283593 0.177245 -0.035449 4.200000 -2.407946 -3.101093 -2.407946 1.000000 0.000000 0.000000 0.000000
9.536274 0.140238 51.910089 0.000000 0.000000 0.000000 0.283593 0.177245 -0.035449 4.200000 -2.407946 -3.101093 -2.407946 1.000000 0.000000 0.000000 0.000000
7.590756 0.126054 52.952859 0.000000 0.000000 0.000000 0.283593 0.177245 -0.035449 4.200000 -2.407946 -3.101093 -2.407946 1.000000 0.000000 0.000000 0.000000
8.115528 0.138376 -4.955875 0.000000 0.000000 0.000000 0.283593 0.177245 -0.035449 4.200000 -2.407946 -3.101093 -2.407946 1.000000 0.000000 0.000000 0.000000
7.995081 0.149773 40.138358 0.000000 0.000000 0.000000 0.283593 0.177245 -0.035449 4.200000 -2.407946 -3.101093 -2.407946 1.000000 0.000000 0.000000 0.000000
8.040293 0.156443 -40.786985 0.000000 0.000000 0.000000 0.283593 0.177245 -0.035449 4.200000 -2.407946 -3.101093 -2.407946 1.000000 0.000000 0.000000 0.000000
8.600005 0.153492 -49.483762 0.000000 0.000000 0.000000 0.283593 0.177245 -0.035449 4.200000 -2.407946 -3.101093 -2.407946 1.000000 0.000000 0.000000 0.000000
9.271740 0.134953 -22.132799 0.000000 0.000000 0.000000 0.283593 0.177245 -0.035449 4.200000 -2.407946 -3.101093 -2.407946 1.000000 0.000000 0.000000 0.000000
9.146981 0.122414 -52.666321 0.000000 0.000000 0.000000 0.283593 0.177245 -0.035449 4.200000 -2.407946 -3.101093 -2.407946 1.000000 0.000000 0.000000 0.000000
8.190039 0.157217 -40.186262 0.000000 0.000000 0.000000 0.283593 0.177245 -0.035449 4.200000 -2.407946 -3.101093 -2.407946 1.000000 0.000000 0.000000 0.000000
8.070340 0.136437 -21.120854 0.000000 0.000000 0.000000 0.283593 0.177245 -0.035449 4.200000 -2.407946 -3.101093 -2.407946 1.000000 0.000000 0.000000 0.000000
10.527389 0.136364 -49.146534 0.000000 0.000000 0.000000 0.283593 0.177245 -0.035449 4.200000 -2.407946 -3.101093 -2.407946 1.000000 0.000000 0.000000 0.000000
9.421009 0.148792 -4.431104 0.000000 0.000000 0.000000 0.283593 0.177245 -0.035449 4.200000 -2.407946 -3.101093 -2.407946 1.000000 0.000000 0.000000 0.000000
10.316162 0.126313 -56.119391 0.000000 0.000000 0.000000 0.283593 0.177245 -0.035449 4.200000 -2.407946 -3.101093 -2.407946 1.000000 0.000000 0.000000 0.000000
9.982257 0.136925 54.377372 0.000000 0.000000 0.000000 0.283593 0.177245 -0.035449 4.200000 -2.407946 -3.101093 -2.407946 1.000000 0.000000 0.000000 0.000000
10.356563 0.133554 52.040791 0.000000 0.000000 0.000000 0.283593 0.177245 -0.035449 4.200000 -2.407946 -3.101093 -2.407946 1.000000 0.000000 0.000000 0.000000
8.771644 0.139630 -29.259792 0.000000 0.000000 0.000000 0.283593 0.177245 -0.035449 4.200000 -2.407946 -3.101093 -2.407946 1.000000 0.000000 0.000000 0.000000
9.545071 0.150611 -3.620881 0.000000 0.000000 0.000000 0.283593 0.177245 -0.035449 4.200000 -2.407946 -3.101093 -2.407946 1.000000 0.000000 0.000000 0.000000
8.709463 0.148031 -55.726807 0.000000 0.000000 0.000000 0.283593 0.177245 -0.035449 4.200000 -2.407946 -3.101093 -2.407946 1.000000 0.000000 0.000000 0.000000
7.097079 0.143559 -53.570102 0.000000 0.000000 0.000000 0.283593 0.177245 -0.035449 4.200000 -2.407946 -3.101093 -2.407946 1.000000 0.000000 0.000000 0.000000
10.479706 0.123735 -29.955723 0.000000 0.000000 0.000000 0.283593 0.177245 -0.035449 4.200000 -2.407946 -3.101093 -2.407946 1.000000 0.000000 0.000000 0.000000
10.245220 0.142827 49.679085 0.000000 0.000000 0.000000 0.283593 0.177245 -0.035449 4.200000 -2.407946 -3.101093 -2.407946 1.000000 0.000000 0.000000 0.000000
9.219843 0.156670 12.570563 0.000000 0.000000 0.000000 0.283593 0.177245 -0.035449 4.200000 -2.407946 -3.101093 -2.407946 1.000000 0.000000 0.000000 0.000000
10.525435 0.156618 40.714955 0.000000 0.000000 0.000000 0.283593 0.177245 -0.035449 4.200000 -2.407946 -3.101093 -2.407946 1.000000 0.000000 0.000000 0.000000
9.792520 0.152678 -8.493877 0.000000 0.000000 0.000000 0.283593 0.177245 -0.035449 4.200000 -2.407946 -3.101093 -2.407946 1.000000 0.000000 0.000000 0.000000
10.524922 0.125090 18.445352 0.000000 0.000000 0.000000 0.283593 0.177245 -0.035449 4.200000 -2.407946 -3.101093 -2.407946 1.000000 0.000000 0.000000 0.000000
9.007049 0.128110 45.335736 0.000000 0.000000 0.000000 0.283593 0.177245 -0.035449 4.200000 -2.407946 -3.101093 -2.407946 1.000000 0.000000 0.000000 0.000000
7.050836 0.151582 43.921825 0.000000 0.000000 0.000000 0.283593 0.177245 -0.035449 4.200000 -2.407946 -3.101093 -2.407946 1.000000 0.000000 0.000000 0.000000
8.138570 0.139348 28.604445 0.000000 0.000000 0.000000 0.283593 0.177245 -0.035449 4.200000 -2.407946 -3.101093 -2.407946 1.000000 0.000000 0.000000 0.000000
8.545498 0.136814 32.406135 0.000000 0.000000 0.000000 0.283593 0.177245 -0.035449 4.200000 -2.407946 -3.101093 -2.407946 1.000000 0.000000 0.000000 0.000000
9.859395 0.149365 21.801787 0.000000 0.000000 0.000000 0.283593 0.177245 -0.035449 4.200000 -2.407946 -3.101093 -2.407946 1.000000 0.000000 0.000000 0.000000
9.653145 0.124022 17.103580 0.000000 0.000000 0.000000 0.283593 0.177245 -0.035449 4.200000 -2.407946 -3.101093 -2.407946 1.000000 0.000000 0.000000 0.000000
8.312590 0.120073 -43.786854 0.000000 0.000000 0.000000 0.283593 0.177245 -0.035449 4.200000 -2.407946 -3.101093 -2.407946 1.000000 0.000000 0.000000 0.000000
9.662216 0.135678 4.555678 0.000000 0.000000 0.000000 0.283593 0.177245 -0.035449 4.200000 -2.407946 -3.101093 -2.407946 1.000000 0.000000 0.000000 0.000000
7.320412 0.130720 -52.778884 0.000000 0.000000 0.000000 0.283593 0.177245 -0.035449 4.200000 -2.407946 -3.101093 -2.407946 1.000000 0.000000 0.000000 0.000000
8.450745 0.150504 -16.265256 0.000000 0.000000 0.000000 0.283593 0.177245 -0.035449 4.200000 -2.407946 -3.101093 -2.407946 1.000000 0.000000 0.000000 0.000000
7.036408 0.148073 50.961133 0.000000 0.000000 0.000000 0.283593 0.177245 -0.035449 4.200000 -2.407946 -3.101093 -2.407946 1.000000 0.000000 0.000000 0.000000
8.885941 0.127066 -50.607233 0.000000 0.000000 0.000000 0.283593 0.177245 -0.035449 4.200000 -2.407946 -3.101093 -2.407946 1.000000 0.000000 0.000000 0.000000
10.960217 0.152922 5.314189 0.000000 0.000000 0.000000 0.283593 0.177245 -0.035449 4.200000 -2.407946 -3.101093 -2.407946 1.000000 0.000000 0.000000 0.000000
8.658072 0.122202 42.947593 0.000000 0.000000 0.000000 0.283593 0.177245 -0.035449 4.200000 -2.407946 -3.101093 -2.407946 1.000000 0.000000 0.000000 0.000000
9.254837 0.120701 -0.269446 0.000000 0.000000 0.000000 0.283593 0.177245 -0.035449 4.200000 -2.407946 -3.101093 -2.407946 1.000000 0.000000 0.000000 0.000000
10.221057 0.145446 -47.437876 0.000000 0.000000 0.000000 0.283593 0.177245 -0.035449 4.200000 -2.407946 -3.101093 -2.407946 1.000000 0.000000 0.000000 0.000000
7.624266 0.158030 -29.148165 0.000000 0.000000 0.000000 0.283593 0.177245 -0.035449 4.200000 -2.407946 -3.101093 -2.407946 1.000000 0.000000 0.000000 0.000000
10.360106 0.133303 -29.030720 0.000000 0.000000 0.000000 0.283593 0.177245 -0.035449 4.200000 -2.407946 -3.101093 -2.407946 1.000000 0.000000 0.000000 0.000000
10.858228 0.140710 -24.522669 0.000000 0.000000 0.000000 0.283593 0.177245 -0.035449 4.200000 -2.407946 -3.101093 -2.407946 1.000000 0.000000 0.000000 0.000000
9.390482 0.150107 2.045975 0.000000 0.000000 0.000000 0.283593 0.177245 -0.035449 4.200000 -2.407946 -3.101093 -2.407946 1.000000 0.000000 0.000000 0.000000
8.046631 0.147669 -1.995306 0.000000 0.000000 0.000000 0.283593 0.177245 -0.035449 4.200000 -2.407946 -3.101093 -2.407946 1.000000 0.000000 0.000000 0.000000
7.552504 0.130939 49.088881 0.000000 0.000000 0.000000 0.283593 0.177245 -0.035449 4.200000 -2.407946 -3.101093 -2.407946 1.000000 0.000000 0.000000 0.000000
10.266114 0.159848 12.314575 0.000000 0.000000 0.000000 0.283593 0.177245 -0.035449 4.200000 -2.407946 -3.101093 -2.407946 1.000000 0.000000 0.000000 0.000000
9.852836 0.157962 12.604447 0.000000 0.000000 0.000000 0.283593 0.177245 -0.035449 4.200000 -2.407946 -3.101093 -2.407946 1.000000 0.000000 0.000000 0.000000
10.043987 0.130979 -17.826217 0.000000 0.000000 0.000000 0.283593 0.177245 -0.035449 4.200000 -2.407946 -3.101093 -2.407946 1.000000 0.000000 0.000000 0.000000
9.060902 0.131088 3.061688 0.000000 0.000000 0.000000 0.283593 0.177245 -0.035449 4.200000 -2.407946 -3.101093 -2.407946 1.000000 0.000000 0.000000 0.000000
9.424834 0.156420 48.988037 0.000000 0.000000 0.000000 0.283593 0.177245 -0.035449 4.200000 -2.407946 -3.101093 -2.407946 1.000000 0.000000 0.000000 0.000000
9.061695 0.156941 30.571042 0.000000 0.000000 0.000000 0.283593 0.177245 -0.035449 4.200000 -2.407946 -3.101093 -2.407946 1.000000 0.000000 0.000000 0.000000
7.825661 0.155400 38.782970 0.000000 0.000000 0.000000 0.283593 0.177245 -0.035449 4.200000 -2.407946 -3.101093 -2.407946 1.000000 0.000000 0.000000 0.000000
10.117169 0.143396 -25.304376 0.000000 0.000000 0.000000 0.283593 0.177245 -0.035449 4.200000 -2.407946 -3.101093 -2.407946 1.000000 0.000000 0.000000 0.000000
8.269961 0.124851 6.248622 0.000000 0.000000 0.000000 0.283593 0.177245 -0.035449 4.200000 -2.407946 -3.101093 -2.407946 1.000000 0.000000 0.000000 0.000000
8.128633 0.126794 -10.833180 0.000000 0.000000 0.000000 0.283593 0.177245 -0.035449 4.200000 -2.407946 -3.101093 -2.407946 1.000000 0.000000 0.000000 0.000000
10.979323 0.133395 48.770976 0.000000 0.000000 0.000000 0.283593 0.177245 -0.035449 4.200000 -2.407946 -3.101093 -2.407946 1.000000 0.000000 0.000000 0.000000
9.069334 0.146016 34.203588 0.000000 0.000000 0.000000 0.283593 0.177245 -0.035449 4.200000 -2.407946 -3.101093 -2.407946 1.000000 0.000000 0.000000 0.000000
10.906944 0.137649 -50.830249 0.000000 0.000000 0.000000 0.283593 0.177245 -0.035449 4.200000 -2.407946 -3.101093 -2.407946 1.000000 0.000000 0.000000 0.000000
8.180769 0.148193 9.661912 0.000000 0.000000 0.000000 0.283593 0.177245 -0.035449 4.200000 -2.407946 -3.101093 -2.407946 1.000000 0.000000 0.000000 0.000000
7.530858 0.123757 -48.408801 0.000000 0.000000 0.000000 0.283593 0.177245 -0.035449 4.200000 -2.407946 -3.101093 -2.407946 1.000000 0.000000 0.000000 0.000000
8.049422 0.158789 12.203245 0.000000 0.000000 0.000000 0.283593 0.177245 -0.035449 4.200000 -2.407946 -3.101093 -2.407946 1.000000 0.000000 0.000000 0.000000
8.483958 0.145552 2.553207 0.000000 0.000000 0.000000 0.283593 0.177245 -0.035449 4.200000 -2.407946 -3.101093 -2.407946 1.000000 0.000000 0.000000 0.000000
9.681290 0.141962 46.381337 0.000000 0.000000 0.000000 0.283593 0.177245 -0.035449 4.200000 -2.407946 -3.101093 -2.407946 1.000000 0.000000 0.000000 0.000000
8.920721 0.140496 54.433316 0.000000 0.000000 0.000000 0.283593 0.177245 -0.035449 4.200000 -2.407946 -3.101093 -2.407946 1.000000 0.000000 0.000000 0.000000
10.405047 0.122227 26.339577 0.000000 0.000000 0.000000 0.283593 0.177245 -0.035449 4.200000 -2.407946 -3.101093 -2.407946 1.000000 0.000000 0.000000 0.000000
8.138840 0.143048 9.780375 0.000000 0.000000 0.000000 0.283593 0.177245 -0.035449 4.200000 -2.407946 -3.101093 -2.407946 1.000000 0.000000 0.000000 0.000000
9.763246 0.122769 -33.921428 0.000000 0.000000 0.000000 0.283593 0.177245 -0.035449 4.200000 -2.407946 -3.101093 -2.407946 1.000000 0.000000 0.000000 0.000000
7.929617 0.155193 -52.810434 0.000000 0.000000 0.000000 0.283593 0.177245 -0.035449 4.200000 -2.407946 -3.101093 -2.407946 1.000000 0.000000 0.000000 0.000000
9.169807 0.141652 38.041304 0.000000 0.000000 0.000000 0.283593 0.177245 -0.035449 4.200000 -2.407946 -3.101093 -2.407946 1.000000 0.000000 0.000000 0.000000
9.923379 0.141162 -9.249845 0.000000 0.000000 0.000000 0.283593 0.177245 -0.035449 4.200000 -2.407946 -3.101093 -2.407946 1.000000 0.000000 0.000000 0.000000
10.933254 0.137578 30.441792 0.000000 0.000000 0.000000 0.283593 0.177245 -0.035449 4.200000 -2.407946 -3.101093 -2.407946 1.000000 0.000000 0.000000 0.000000
8.923145 0.144608 -38.657370 0.000000 0.000000 0.000000 0.283593 0.177245 -0.035449 4.200000 -2.407946 -3.101093 -2.407946 1.000000 0.000000 0.000000 0.000000
9.764107 0.120420 41.407997 0.000000 0.000000 0.000000 0.283593 0.177245 -0.035449 4.200000 -2.407946 -3.101093 -2.407946 1.000000 0.000000 0.000000 0.000000
8.894971 0.142026 -56.038272 0.000000 0.000000 0.000000 0.283593 0.177245 -0.035449 4.200000 -2.407946 -3.101093 -2.407946 1.000000 0.000000 0.000000 0.000000
9.222982 0.121469 34.279189 0.000000 0.000000 0.000000 0.283593 0.177245 -0.035449 4.200000 -2.407946 -3.101093 -2.407946 1.000000 0.000000 0.000000 0.000000
9.606814 0.131998 -27.692813 0.000000 0.000000 0.000000 0.283593 0.177245 -0.035449 4.200000 -2.407946 -3.101093 -2.407946 1.000000 0.000000 0.000000 0.000000
9.915505 0.130125 7.602945 0.000000 0.000000 0.000000 0.283593 0.177245 -0.035449 4.200000 -2.407946 -3.101093 -2.407946 1.000000 0.000000 0.000000 0.000000
7.710544 0.146682 -24.954867 0.000000 0.000000 0.000000 0.283593 0.177245 -0.035449 4.200000 -2.407946 -3.101093 -2.407946 1.000000 0.000000 0.000000 0.000000
8.886332 0.145031 -21.203371 0.000000 0.000000 0.000000 0.283593 0.177245 -0.035449 4.200000 -2.407946 -3.101093 -2.407946 1.000000 0.000000 0.000000 0.000000
9.548826 0.155518 -5.376702 0.000000 0.000000 0.000000 0.283593 0.177245 -0.035449 4.200000 -2.407946 -3.101093 -2.407946 1.000000 0.000000 0.000000 0.000000
9.531805 0.147099 23.058336 0.000000 0.000000 0.000000 0.283593 0.177245 -0.035449 4.200000 -2.407946 -3.101093 -2.407946 1.000000 0.000000 0.000000 0.000000
8.735888 0.123056 -37.980992 0.000000 0.000000 0.000000 0.283593 0.177245 -0.035449 4.200000 -2.407946 -3.101093 -2.407946 1.000000 0.000000 0.000000 0.000000
8.489716 0.138061 45.511719 0.000000 0.000000 0.000000 0.283593 0.177245 -0.035449 4.200000 -2.407946 -3.101093 -2.407946 1.000000 0.000000 0.000000 0.000000
10.318886 0.138206 -31.046542 0.000000 0.000000 0.000000 0.283593 0.177245 -0.035449 4.200000 -2.407946 -3.101093 -2.407946 1.000000 0.000000 0.000000 0.000000
7.466672 0.133938 -36.661705 0.000000 0.000000 0.000000 0.283593 0.177245 -0.035449 4.200000 -2.407946 -3.101093 -2.407946 1.000000 0.000000 0.000000 0.000000
9.810581 0.121754 29.023201 0.000000 0.000000 0.000000 0.283593 0.177245 -0.035449 4.200000 -2.407946 -3.101093 -2.407946 1.000000 0.000000 0.000000 0.000000
9.007367 0.157177 40.642516 0.000000 0.000000 0.000000 0.283593 0.177245 -0.035449 4.200000 -2.407946 -3.101093 -2.407946 1.000000 0.000000 0.000000 0.000000
9.626243 0.131563 40.709500 0.000000 0.000000 0.000000 0.283593 0.177245 -0.035449 4.200000 -2.407946 -3.101093 -2.407946 1.000000 0.000000 0.000000 0.000000
10.033705 0.144471 4.547598 0.000000 0.000000 0.000000 0.283593 0.177245 -0.035449 4.200000 -2.407946 -3.101093 -2.407946 1.000000 0.000000 0.000000 0.000000
8.232015 0.154957 17.325910 0.000000 0.000000 0.000000 0.283593 0.177245 -0.035449 4.200000 -2.407946 -3.101093 -2.407946 1.000000 0.000000 0.000000 0.000000
10.099623 0.132302 8.713192 0.000000 0.000000 0.000000 0.283593 0.177245 -0.035449 4.200000 -2.407946 -3.101093 -2.407946 1.000000 0.000000 0.000000 0.000000
9.058041 0.136676 40.282968 0.000000 0.000000 0.000000 0.283593 0.177245 -0.035449 4.200000 -2.407946 -3.101093 -2.407946 1.000000 0.000000 0.000000 0.000000
10.546521 0.158457 -39.230212 0.000000 0.000000 0.000000 0.283593 0.177245 -0.035449 4.200000 -2.407946 -3.101093 -2.407946 1.000000 0.000000 0.000000 0.000000
8.872098 0.149212 35.630915 0.000000 0.000000 0.000000 0.283593 0.177245 -0.035449 4.200000 -2.407946 -3.101093 -2.407946 1.000000 0.000000 0.000000 0.000000
9.505851 0.126377 -38.160409 0.000000 0.000000 0.000000 0.283593 0.177245 -0.035449 4.200000 -2.407946 -3.101093 -2.407946 1.000000 0.000000 0.000000 0.000000
8.064159 0.139246 -20.998842 0.000000 0.000000 0.000000 0.283593 0.177245 -0.035449 4.200000 -2.407946 -3.101093 -2.407946 1.000000 0.000000 0.000000 0.000000
10.657435 0.133083 16.424612 0.000000 0.000000 0.000000 0.283593 0.177245 -0.035449 4.200000 -2.407946 -3.101093 -2.407946 1.000000 0.000000 0.000000 0.000000
8.302363 0.128498 40.600011 0.000000 0.000000 0.000000 0.283593 0.177245 -0.035449 4.200000 -2.407946 -3.101093 -2.407946 1.000000 0.000000 0.000000 0.000000
9.988614 0.142342 28.168721 0.000000 0.000000 0.000000 0.283593 0.177245 -0.035449 4.200000 -2.407946 -3.101093 -2.407946 1.000000 0.000000 0.000000 0.000000
7.876946 0.142472 -4.421417 0.000000 0.000000 0.000000 0.283593 0.177245 -0.035449 4.200000 -2.407946 -3.101093 -2.407946 1.000000 0.000000 0.000000 0.000000
7.911680 0.138117 0.266948 0.000000 0.000000 0.000000 0.283593 0.177245 -0.035449 4.200000 -2.407946 -3.101093 -2.407946 1.000000 0.000000 0.000000 0.000000
8.439040 0.122152 0.941056 0.000000 0.000000 0.000000 0.283593 0.177245 -0.035449 4.200000 -2.407946 -3.101093 -2.407946 1.000000 0.000000 0.000000 0.000000
10.050148 0.141901 6.226249 0.000000 0.000000 0.000000 0.283593 0.177245 -0.035449 4.200000 -2.407946 -3.101093 -2.407946 1.000000 0.000000 0.000000 0.000000
10.346063 0.131264 -30.021872 0.000000 0.000000 0.000000 0.283593 0.177245 -0.035449 4.200000 -2.407946 -3.101093 -2.407946 1.000000 0.000000 0.000000 0.000000
8.390634 0.120476 -53.518400 0.000000 0.000000 0.000000 0.283593 0.177245 -0.035449 4.200000 -2.407946 -3.101093 -2.407946 1.000000 0.000000 0.000000 0.000000
10.263936 0.141989 34.617149 0.000000 0.000000 0.000000 0.283593 0.177245 -0.035449 4.200000 -2.407946 -3.101093 -2.407946 1.000000 0.000000 0.000000 0.000000
7.819639 0.137317 31.213458 0.000000 0.000000 0.000000 0.283593 0.177245 -0.035449 4.200000 -2.407946 -3.101093 -2.407946 1.000000 0.000000 0.000000 0.000000
9.092479 0.141694 -8.964383 0.000000 0.000000 0.000000 0.283593 0.177245 -0.035449 4.200000 -2.407946 -3.101093 -2.407946 1.000000 0.000000 0.000000 0.000000
10.385752 0.132283 -53.995194 0.000000 0.000000 0.000000 0.283593 0.177245 -0.035449 4.200000 -2.407946 -3.101093 -2.407946 1.000000 0.000000 0.000000 0.000000
8.881217 0.158547 -8.284989 0.000000 0.000000 0.000000 0.283593 0.177245 -0.035449 4.200000 -2.407946 -3.101093 -2.407946 1.000000 0.000000 0.000000 0.000000
9.212937 0.140540 19.117133 0.000000 0.000000 0.000000 0.283593 0.177245 -0.035449 4.200000 -2.407946 -3.101093 -2.407946 1.000000 0.000000 0.000000 0.000000
8.956699 0.132404 20.791920 0.000000 0.000000 0.000000 0.283593 0.177245 -0.035449 4.200000 -2.407946 -3.101093 -2.407946 1.000000 0.000000 0.000000 0.000000
7.165531 0.130018 -48.569759 0.000000 0.000000 0.000000 0.283593 0.177245 -0.035449 4.200000 -2.407946 -3.101093 -2.407946 1.000000 0.000000 0.000000 0.000000
8.081139 0.135978 -36.258300 0.000000 0.000000 0.000000 0.283593 0.177245 -0.035449 4.200000 -2.407946 -3.101093 -2.407946 1.000000 0.000000 0.000000 0.000000
9.961110 0.152349 42.419771 0.000000 0.000000 0.000000 0.283593 0.177245 -0.035449 4.200000 -2.407946 -3.101093 -2.407946 1.000000 0.000000 0.000000 0.000000
8.329745 0.131579 -21.708335 0.000000 0.000000 0.000000 0.283593 0.177245 -0.035449 4.200000 -2.407946 -3.101093 -2.407946 1.000000 0.000000 0.000000 0.000000
9.265831 0.134963 -1.421225 0.000000 0.000000 0.000000 0.283593 0.177245 -0.035449 4.200000 -2.407946 -3.101093 -2.407946 1.000000 0.000000 0.000000 0.000000
8.840158 0.128512 -48.302629 0.000000 0.000000 0.000000 0.283593 0.177245 -0.035449 4.200000 -2.407946 -3.101093 -2.407946 1.000000 0.000000 0.000000 0.000000
9.852332 0.137771 57.026994 0.000000 0.000000 0.000000 0.283593 0.177245 -0.035449 4.200000 -2.407946 -3.101093 -2.407946 1.000000 0.000000 0.000000 0.000000
8.249184 0.132591 -57.022954 0.000000 0.000000 0.000000 0.283593 0.177245 -0.035449 4.200000 -2.407946 -3.101093 -2.407946 1.000000 0.000000 0.000000 0.000000
7.681864 0.140484 31.399890 0.000000 0.000000 0.000000 0.283593 0.177245 -0.035449 4.200000 -2.407946 -3.101093 -2.407946 1.000000 0.000000 0.000000 0.000000
7.716722 0.153208 20.260274 0.000000 0.000000 0.000000 0.283593 0.177245 -0.035449 4.200000 -2.407946 -3.101093 -2.407946 1.000000 0.000000 0.000000 0.000000
7.246020 0.135390 -6.489547 0.000000 0.000000 0.000000 0.283593 0.177245 -0.035449 4.200000 -2.407946 -3.101093 -2.407946 1.000000 0.000000 0.000000 0.000000
7.198599 0.144915 29.888652 0.000000 0.000000 0.000000 0.283593 0.177245 -0.035449 4.200000 -2.407946 -3.101093 -2.407946 1.000000 0.000000 0.000000 0.000000
9.821814 0.145046 -9.231004 0.000000 0.000000 0.000000 0.283593 0.177245 -0.035449 4.200000 -2.407946 -3.101093 -2.407946 1.000000 0.000000 0.000000 0.000000
7.374156 0.139661 -40.541249 0.000000 0.000000 0.000000 0.283593 0.177245 -0.035449 4.200000 -2.407946 -3.101093 -2.407946 1.000000 0.000000 0.000000 0.000000
9.620020 0.136078 6.707340 0.000000 0.000000 0.000000 0.283593 0.177245 -0.035449 4.200000 -2.407946 -3.101093 -2.407946 1.000000 0.000000 0.000000 0.000000
10.298970 0.122845 40.253750 0.000000 0.000000 0.000000 0.283593 0.177245 -0.035449 4.200000 -2.407946 -3.101093 -2.407946 1.000000 0.000000 0.000000 0.000000
8.710848 0.154362 12.478910 0.000000 0.000000 0.000000 0.283593 0.177245 -0.035449 4.200000 -2.407946 -3.101093 -2.407946 1.000000 0.000000 0.000000 0.000000
10.347328 0.127567 13.992958 0.000000 0.000000 0.000000 0.283593 0.177245 -0.035449 4.200000 -2.407946 -3.101093 -2.407946 1.000000 0.000000 0.000000 0.000000
10.934392 0.126496 21.450869 0.000000 0.000000 0.000000 0.283593 0.177245 -0.035449 4.200000 -2.407946 -3.101093 -2.407946 1.000000 0.000000 0.000000 0.000000
7.121157 0.143779 36.225986 0.000000 0.000000 0.000000 0.283593 0.177245 -0.035449 4.200000 -2.407946 -3.101093 -2.407946 1.000000 0.000000 0.000000 0.000000
10.404490 0.149088 39.709641 0.000000 0.000000 0.000000 0.283593 0.177245 -0.035449 4.200000 -2.407946 -3.101093 -2.407946 1.000000 0.000000 0.000000 0.000000
7.123811 0.147992 39.219183 0.000000 0.000000 0.000000 0.283593 0.177245 -0.035449 4.200000 -2.407946 -3.101093 -2.407946 1.000000 0.000000 0.000000 0.000000
8.492439 0.134410 -1.027833 0.000000 0.000000 0.000000 0.283593 0.177245 -0.035449 4.200000 -2.407946 -3.101093 -2.407946 1.000000 0.000000 0.000000 0.000000
9.524066 0.151715 5.446304 0.000000 0.000000 0.000000 0.283593 0.177245 -0.035449 4.200000 -2.407946 -3.101093 -2.407946 1.000000 0.000000 0.000000 0.000000
8.007879 0.156134 -30.728110 0.000000 0.000000 0.000000 0.283593 0.177245 -0.035449 4.200000 -2.407946 -3.101093 -2.407946 1.000000 0.000000 0.000000 0.000000
9.554759 0.123758 21.739667 0.000000 0.000000 0.000000 0.283593 0.177245 -0.035449 4.200000 -2.407946 -3.101093 -2.407946 1.000000 0.000000 0.000000 0.000000
7.472416 0.133518 -13.680082 0.000000 0.000000 0.000000 0.283593 0.177245 -0.035449 4.200000 -2.407946 -3.101093 -2.407946 1.000000 0.000000 0.000000 0.000000
10.000951 0.127126 -57.037728 0.000000 0.000000 0.000000 0.283593 0.177245 -0.035449 4.200000 -2.407946 -3.101093 -2.407946 1.000000 0.000000 0.000000 0.000000
7.137303 0.143408 -44.330444 0.000000 0.000000 0.000000 0.283593 0.177245 -0.035449 4.200000 -2.407946 -3.101093 -2.407946 1.000000 0.000000 0.000000 0.000000
10.815440 0.129744 -18.696444 0.000000 0.000000 0.000000 0.283593 0.177245 -0.035449 4.200000 -2.407946 -3.101093 -2.407946 1.000000 0.000000 0.000000 0.000000
8.769204 0.138914 -30.122141 0.000000 0.000000 0.000000 0.283593 0.177245 -0.035449 4.200000 -2.407946 -3.101093 -2.407946 1.000000 0.000000 0.000000 0.000000
7.456829 0.139673 -23.764179 0.000000 0.000000 0.000000 0.283593 0.177245 -0.035449 4.200000 -2.407946 -3.101093 -2.407946 1.000000 0.000000 0.000000 0.000000
10.289867 0.153662 47.350281 0.000000 0.000000 0.000000 0.283593 0.177245 -0.035449 4.200000 -2.407946 -3.101093 -2.407946 1.000000 0.000000 0.000000 0.000000
9.355867 0.155794 -18.937957 0.000000 0.000000 0.000000 0.283593 0.177245 -0.035449 4.200000 -2.407946 -3.101093 -2.407946 1.000000 0.000000 0.000000 0.000000
10.492922 0.145064 -29.125897 0.000000 0.000000 0.000000 0.283593 0.177245 -0.035449 4.200000 -2.407946 -3.101093 -2.407946 1.000000 0.000000 0.000000 0.000000
9.803384 0.148967 -29.326161 0.000000 0.000000 0.000000 0.283593 0.177245 -0.035449 4.200000 -2.407946 -3.101093 -2.407946 1.000000 0.000000 0.000000 0.000000
7.281783 0.141448 -12.457609 0.000000 0.000000 0.000000 0.283593 0.177245 -0.035449 4.200000 -2.407946 -3.101093 -2.407946 1.000000 0.000000 0.000000 0.000000
9.571565 0.126020 26.143717 0.000000 0.000000 0.000000 0.283593 0.177245 -0.035449 4.200000 -2.407946 -3.101093 -2.407946 1.000000 0.000000 0.000000 0.000000
7.505507 0.130163 -0.312838 0.000000 0.000000 0.000000 0.283593 0.177245 -0.035449 4.200000 -2.407946 -3.101093 -2.407946 1.000000 0.000000 0.000000 0.000000
8.209271 0.123598 -43.438040 0.000000 0.000000 0.000000 0.283593 0.177245 -0.035449 4.200000 -2.407946 -3.101093 -2.407946 1.000000 0.000000 0.000000 0.000000
9.762374 0.147876 -31.893933 0.000000 0.000000 0.000000 0.283593 0.177245 -0.035449 4.200000 -2.407946 -3.101093 -2.407946 1.000000 0.000000 0.000000 0.000000
7.112352 0.140429 56.452161 0.000000 0.000000 0.000000 0.283593 0.177245 -0.035449 4.200000 -2.407946 -3.101093 -2.407946 1.000000 0.000000 0.000000 0.000000
10.479591 0.122443 44.136201 0.000000 0.000000 0.000000 0.283593 0.177245 -0.035449 4.200000 -2.407946 -3.101093 -2.407946 1.000000 0.000000 0.000000 0.000000
7.918931 0.124481 11.536500 0.000000 0.000000 0.000000 0.283593 0.177245 -0.035449 4.200000 -2.407946 -3.101093 -2.407946 1.000000 0.000000 0.000000 0.000000
8.919418 0.151441 -50.617559 0.000000 0.000000 0.000000 0.283593 0.177245 -0.035449 4.200000 -2.407946 -3.101093 -2.407946 1.000000 0.000000 0.000000 0.000000
9.127789 0.128541 56.180042 0.000000 0.000000 0.000000 0.283593 0.177245 -0.035449 4.200000 -2.407946 -3.101093 -2.407946 1.000000 0.000000 0.000000 0.000000
7.462714 0.131565 2.694085 0.000000 0.000000 0.000000 0.283593 0.177245 -0.035449 4.200000 -2.407946 -3.101093 -2.407946 1.000000 0.000000 0.000000 0.000000
7.342000 0.152780 -41.018350 0.000000 0.000000 0.000000 0.283593 0.177245 -0.035449 4.200000 -2.407946 -3.101093 -2.407946 1.000000 0.000000 0.000000 0.000000
8.060864 0.128441 -33.041940 0.000000 0.000000 0.000000 0.283593 0.177245 -0.035449 4.200000 -2.407946 -3.101093 -2.407946 1.000000 0.000000 0.000000 0.000000
8.508493 0.136776 11.492155 0.000000 0.000000 0.000000 0.283593 0.177245 -0.035449 4.200000 -2.407946 -3.101093 -2.407946 1.000000 0.000000 0.000000 0.000000
9.191967 0.124411 18.038987 0.000000 0.000000 0.000000 0.283593 0.177245 -0.035449 4.200000 -2.407946 -3.101093 -2.407946 1.000000 0.000000 0.000000 0.000000
8.696187 0.131974 -37.998455 0.000000 0.000000 0.000000 0.283593 0.177245 -0.035449 4.200000 -2.407946 -3.101093 -2.407946 1.000000 0.000000 0.000000 0.000000
8.400397 0.154347 50.526000 0.000000 0.000000 0.000000 0.283593 0.177245 -0.035449 4.200000 -2.407946 -3.101093 -2.407946 1.000000 0.000000 0.000000 0.000000
10.165710 0.120961 -54.277280 0.000000 0.000000 0.000000 0.283593 0.177245 -0.035449 4.200000 -2.407946 -3.101093 -2.407946 1.000000 0.000000 0.000000 0.000000
8.748825 0.136948 38.686439 0.000000 0.000000 0.000000 0.283593 0.177245 -0.035449 4.200000 -2.407946 -3.101093 -2.407946 1.000000 0.000000 0.000000 0.000000
8.130883 0.132313 -23.169121 0.000000 0.000000 0.000000 0.283593 0.177245 -0.035449 4.200000 -2.407946 -3.101093 -2.407946 1.000000 0.000000 0.000000 0.000000
10.678878 0.159627 -3.827601 0.000000 0.000000 0.000000 0.283593 0.177245 -0.035449 4.200000 -2.407946 -3.101093 -2.407946 1.000000 0.000000 0.000000 0.000000
7.987974 0.131388 49.036511 0.000000 0.000000 0.000000 0.283593 0.177245 -0.035449 4.200000 -2.407946 -3.101093 -2.407946 1.000000 0.000000 0.000000 0.000000
9.450015 0.154327 0.700189 0.000000 0.000000 0.000000 0.283593 0.177245 -0.035449 4.200000 -2.407946 -3.101093 -2.407946 1.000000 0.000000 0.000000 0.000000
9.756208 0.138796 -42.643858 0.000000 0.000000 0.000000 0.283593 0.177245 -0.035449 4.200000 -2.407946 -3.101093 -2.407946 1.000000 0.000000 0.000000 0.000000
7.027190 0.156971 20.787962 0.000000 0.000000 0.000000 0.283593 0.177245 -0.035449 4.200000 -2.407946 -3.101093 -2.407946 1.000000 0.000000 0.000000 0.000000
8.197075 0.156656 13.294225 0.000000 0.000000 0.000000 0.283593 0.177245 -0.035449 4.200000 -2.407946 -3.101093 -2.407946 1.000000 0.000000 0.000000 0.000000
10.188887 0.138448 54.692656 0.000000 0.000000 0.000000 0.283593 0.177245 -0.035449 4.200000 -2.407946 -3.101093 -2.407946 1.000000 0.000000 0.000000 0.000000
9.042150 0.134230 44.743951 0.000000 0.000000 0.000000 0.283593 0.177245 -0.035449 4.200000 -2.407946 -3.101093 -2.407946 1.000000 0.000000 0.000000 0.000000
9.300979 0.121341 55.726864 0.000000 0.000000 0.000000 0.283593 0.177245 -0.035449 4.200000 -2.407946 -3.101093 -2.407946 1.000000 0.000000 0.000000 0.000000
10.078982 0.138386 16.423385 0.000000 0.000000 0.000000 0.283593 0.177245 -0.035449 4.200000 -2.407946 -3.101093 -2.407946 1.000000 0.000000 0.000000 0.000000
8.391158 0.156023 22.124353 0.000000 0.000000 0.000000 0.283593 0.177245 -0.035449 4.200000 -2.407946 -3.101093 -2.407946 1.000000 0.000000 0.000000 0.000000
10.550363 0.138207 -54.416901 0.000000 0.000000 0.000000 0.283593 0.177245 -0.035449 4.200000 -2.407946 -3.101093 -2.407946 1.000000 0.000000 0.000000 0.000000
8.766623 0.130585 -10.478189 0.000000 0.000000 0.000000 0.283593 0.177245 -0.035449 4.200000 -2.407946 -3.101093 -2.407946 1.000000 0.000000 0.000000 0.000000
9.952098 0.142962 34.204617 0.000000 0.000000 0.000000 0.283593 0.177245 -0.035449 4.200000 -2.407946 -3.101093 -2.407946 1.000000 0.000000 0.000000 0.000000
10.294492 0.155395 44.206556 0.000000 0.000000 0.000000 0.283593 0.177245 -0.035449 4.200000 -2.407946 -3.101093 -2.407946 1.000000 0.000000 0.000000 0.000000
8.493601 0.131709 -3.163126 0.000000 0.000000 0.000000 0.283593 0.177245 -0.035449 4.200000 -2.407946 -3.101093 -2.407946 1.000000 0.000000 0.000000 0.000000
9.735048 0.128916 8.439913 0.000000 0.000000 0.000000 0.283593 0.177245 -0.035449 4.200000 -2.407946 -3.101093 -2.407946 1.000000 0.000000 0.000000 0.000000
10.707836 0.157818 53.315087 0.000000 0.000000 0.000000 0.283593 0.177245 -0.035449 4.200000 -2.407946 -3.101093 -2.407946 1.000000 0.000000 0.000000 0.000000
10.690367 0.145812 -16.466690 0.000000 0.000000 0.000000 0.283593 0.177245 -0.035449 4.200000 -2.407946 -3.101093 -2.407946 1.000000 0.000000 0.000000 0.000000
10.782646 0.148951 -39.123101 0.000000 0.000000 0.000000 0.283593 0.177245 -0.035449 4.200000 -2.407946 -3.101093 -2.407946 1.000000 0.000000 0.000000 0.000000
7.575908 0.149899 17.033748 0.000000 0.000000 0.000000 0.283593 0.177245 -0.035449 4.200000 -2.407946 -3.101093 -2.407946 1.000000 0.000000 0.000000 0.000000
10.502113 0.125478 -27.701541 0.000000 0.000000 0.000000 0.283593 0.177245 -0.035449 4.200000 -2.407946 -3.101093 -2.407946 1.000000 0.000000 0.000000 0.000000
8.201324 0.138716 57.546576 0.000000 0.000000 0.000000 0.283593 0.177245 -0.035449 4.200000 -2.407946 -3.101093 -2.407946 1.000000 0.000000 0.000000 0.000000
7.701495 0.135432 -54.539899 0.000000 0.000000 0.000000 0.283593 0.177245 -0.035449 4.200000 -2.407946 -3.101093 -2.407946 1.000000 0.000000 0.000000 0.000000
10.981199 0.137308 30.123878 0.000000 0.000000 0.000000 0.283593 0.177245 -0.035449 4.200000 -2.407946 -3.101093 -2.407946 1.000000 0.000000 0.000000 0.000000
8.284715 0.156655 36.587992 0.000000 0.000000 0.000000 0.283593 0.177245 -0.035449 4.200000 -2.407946 -3.101093 -2.407946 1.000000 0.000000 0.000000 0.000000
9.197918 0.124843 46.221739 0.000000 0.000000 0.000000 0.283593 0.177245 -0.035449 4.200000 -2.407946 -3.101093 -2.407946 1.000000 0.000000 0.000000 0.000000
10.673412 0.122586 19.647212 0.000000 0.000000 0.000000 0.283593 0.177245 -0.035449 4.200000 -2.407946 -3.101093 -2.407946 1.000000 0.000000 0.000000 0.000000
10.887079 0.140417 -11.015009 0.000000 0.000000 0.000000 0.283593 0.177245 -0.035449 4.200000 -2.407946 -3.101093 -2.407946 1.000000 0.000000 0.000000 0.000000
9.262147 0.129466 -10.438828 0.000000 0.000000 0.000000 0.283593 0.177245 -0.035449 4.200000 -2.407946 -3.101093 -2.407946 1.000000 0.000000 0.000000 0.000000
9.532446 0.137985 20.167992 0.000000 0.000000 0.000000 0.283593 0.177245 -0.035449 4.200000 -2.407946 -3.101093 -2.407946 1.000000 0.000000 0.000000 0.000000
8.885178 0.149827 -25.377311 0.000000 0.000000 0.000000 0.283593 0.177245 -0.035449 4.200000 -2.407946 -3.101093 -2.407946 1.000000 0.000000 0.000000 0.000000
8.944422 0.125208 9.645384 0.000000 0.000000 0.000000 0.283593 0.177245 -0.035449 4.200000 -2.407946 -3.101093 -2.407946 1.000000 0.000000 0.000000 0.000000
7.989874 0.158169 -35.756513 0.000000 0.000000 0.000000 0.283593 0.177245 -0.035449 4.200000 -2.407946 -3.101093 -2.407946 1.000000 0.000000 0.000000 0.000000
9.444065 0.128879 8.777349 0.000000 0.000000 0.000000 0.283593 0.177245 -0.035449 4.200000 -2.407946 -3.101093 -2.407946 1.000000 0.000000 0.000000 0.000000
10.037064 0.125444 7.654444 0.000000 0.000000 0.000000 0.283593 0.177245 -0.035449 4.200000 -2.407946 -3.101093 -2.407946 1.000000 0.000000 0.000000 0.000000
9.495292 0.146925 -6.979167 0.000000 0.000000 0.000000 0.283593 0.177245 -0.035449 4.200000 -2.407946 -3.101093 -2.407946 1.000000 0.000000 0.000000 0.000000
9.389105 0.130876 26.953917 0.000000 0.000000 0.000000 0.283593 0.177245 -0.035449 4.200000 -2.407946 -3.101093 -2.407946 1.000000 0.000000 0.000000 0.000000
7.914901 0.142182 37.779540 0.000000 0.000000 0.000000 0.283593 0.177245 -0.035449 4.200000 -2.407946 -3.101093 -2.407946 1.000000 0.000000 0.000000 0.000000
8.877877 0.149311 -10.593915 0.000000 0.000000 0.000000 0.283593 0.177245 -0.035449 4.200000 -2.407946 -3.101093 -2.407946 1.000000 0.000000 0.000000 0.000000
8.802350 0.128414 21.851358 0.000000 0.000000 0.000000 0.283593 0.177245 -0.035449 4.200000 -2.407946 -3.101093 -2.407946 1.000000 0.000000 0.000000 0.000000
10.800120 0.127294 26.219373 0.000000 0.000000 0.000000 0.283593 0.177245 -0.035449 4.200000 -2.407946 -3.101093 -2.407946 1.000000 0.000000 0.000000 0.000000
8.696475 0.142002 52.929837 0.000000 0.000000 0.000000 0.283593 0.177245 -0.035449 4.200000 -2.407946 -3.101093 -2.407946 1.000000 0.000000 0.000000 0.000000
7.826782 0.134049 -14.624453 0.000000 0.000000 0.000000 0.283593 0.177245 -0.035449 4.200000 -2.407946 -3.101093 -2.407946 1.000000 0.000000 0.000000 0.000000
7.209345 0.154008 -39.722775 0.000000 0.000000 0.000000 0.283593 0.177245 -0.035449 4.200000 -2.407946 -3.101093 -2.407946 1.000000 0.000000 0.000000 0.000000
10.980513 0.157933 -35.098434 0.000000 0.000000 0.000000 0.283593 0.177245 -0.035449 4.200000 -2.407946 -3.101093 -2.407946 1.000000 0.000000 0.000000 0.000000
7.911025 0.146919 35.742098 0.000000 0.000000 0.000000 0.283593 0.177245 -0.035449 4.200000 -2.407946 -3.101093 -2.407946 1.000000 0.000000 0.000000 0.000000
10.786722 0.120814 -19.646369 0.000000 0.000000 0.000000 0.283593 0.177245 -0.035449 4.200000 -2.407946 -3.101093 -2.407946 1.000000 0.000000 0.000000 0.000000
8.655245 0.132432 -14.299033 0.000000 0.000000 0.000000 0.283593 0.177245 -0.035449 4.200000 -2.407946 -3.101093 -2.407946 1.000000 0.000000 0.000000 0.000000
9.759929 0.133311 31.308227 0.000000 0.000000 0.000000 0.283593 0.177245 -0.035449 4.200000 -2.407946 -3.101093 -2.407946 1.000000 0.000000 0.000000 0.000000
10.506264 0.157491 -10.691250 0.000000 0.000000 0.000000 0.283593 0.177245 -0.035449 4.200000 -2.407946 -3.101093 -2.407946 1.000000 0.000000 0.000000 0.000000
9.607624 0.153913 -23.933627 0.000000 0.000000 0.000000 0.283593 0.177245 -0.035449 4.200000 -2.407946 -3.101093 -2.407946 1.000000 0.000000 0.000000 0.000000
10.085433 0.128939 49.741113 0.000000 0.000000 0.000000 0.283593 0.177245 -0.035449 4.200000 -2.407946 -3.101093 -2.407946 1.000000 0.000000 0.000000 0.000000
9.938630 0.155703 34.538023 0.000000 0.000000 0.000000 0.283593 0.177245 -0.035449 4.200000 -2.407946 -3.101093 -2.407946 1.000000 0.000000 0.000000 0.000000
7.311756 0.130346 20.994366 0.000000 0.000000 0.000000 0.283593 0.177245 -0.035449 4.200000 -2.407946 -3.101093 -2.407946 1.000000 0.000000 0.000000 0.000000
10.693993 0.152988 -8.319584 0.000000 0.000000 0.000000 0.283593 0.177245 -0.035449 4.200000 -2.407946 -3.101093 -2.407946 1.000000 0.000000 0.000000 0.000000
9.406929 0.146415 30.652389 0.000000 0.000000 0.000000 0.283593 0.177245 -0.035449 4.200000 -2.407946 -3.101093 -2.407946 1.000000 0.000000 0.000000 0.000000
9.249412 0.155223 -28.458252 0.000000 0.000000 0.000000 0.283593 0.177245 -0.035449 4.200000 -2.407946 -3.101093 -2.407946 1.000000 0.000000 0.000000 0.000000
10.094059 0.136192 49.060250 0.000000 0.000000 0.000000 0.283593 0.177245 -0.035449 4.200000 -2.407946 -3.101093 -2.407946 1.000000 0.000000 0.000000 0.000000
9.163519 0.128123 31.304462 0.000000 0.000000 0.000000 0.283593 0.177245 -0.035449 4.200000 -2.407946 -3.101093 -2.407946 1.000000 0.000000 0.000000 0.000000
10.426002 0.127739 -19.930803 0.000000 0.000000 0.000000 0.283593 0.177245 -0.035449 4.200000 -2.407946 -3.101093 -2.407946 1.000000 0.000000 0.000000 0.000000
7.739332 0.123453 -11.895635 0.000000 0.000000 0.000000 0.283593 0.177245 -0.035449 4.200000 -2.407946 -3.101093 -2.407946 1.000000 0.000000 0.000000 0.000000
10.895666 0.157638 50.103795 0.000000 0.000000 0.000000 0.283593 0.177245 -0.035449 4.200000 -2.407946 -3.101093 -2.407946 1.000000 0.000000 0.000000 0.000000
10.641179 0.138714 -44.883992 0.000000 0.000000 0.000000 0.283593 0.177245 -0.035449 4.200000 -2.407946 -3.101093 -2.407946 1.000000 0.000000 0.000000 0.000000
9.802868 0.130715 47.616348 0.000000 0.000000 0.000000 0.283593 0.177245 -0.035449 4.200000 -2.407946 -3.101093 -2.407946 1.000000 0.000000 0.000000 0.000000
10.436024 0.131471 13.887319 0.000000 0.000000 0.000000 0.283593 0.177245 -0.035449 4.200000 -2.407946 -3.101093 -2.407946 1.000000 0.000000 0.000000 0.000000
8.844079 0.156562 2.997003 0.000000 0.000000 0.000000 0.283593 0.177245 -0.035449 4.200000 -2.407946 -3.101093 -2.407946 1.000000 0.000000 0.000000 0.000000
9.530997 0.154970 -9.572337 0.000000 0.000000 0.000000 0.283593 0.177245 -0.035449 4.200000 -2.407946 -3.101093 -2.407946 1.000000 0.000000 0.000000 0.000000
10.883129 0.141268 15.503187 0.000000 0.000000 0.000000 0.283593 0.177245 -0.035449 4.200000 -2.407946 -3.101093 -2.407946 1.000000 0.000000 0.000000 0.000000
8.258144 0.150762 28.362352 0.000000 0.000000 0.000000 0.283593 0.177245 -0.035449 4.200000 -2.407946 -3.101093 -2.407946 1.000000 0.000000 0.000000 0.000000
9.314477 0.152214 56.776029 0.000000 0.000000 0.000000 0.283593 0.177245 -0.035449 4.200000 -2.407946 -3.101093 -2.407946 1.000000 0.000000 0.000000 0.000000
9.171736 0.134005 39.167952 0.000000 0.000000 0.000000 0.283593 0.177245 -0.035449 4.200000 -2.407946 -3.101093 -2.407946 1.000000 0.000000 0.000000 0.000000
8.138934 0.128872 8.045426 0.000000 0.000000 0.000000 0.283593 0.177245 -0.035449 4.200000 -2.407946 -3.101093 -2.407946 1.000000 0.000000 0.000000 0.000000
10.496325 0.126124 14.679053 0.000000 0.000000 0.000000 0.283593 0.177245 -0.035449 4.200000 -2.407946 -3.101093 -2.407946 1.000000 0.000000 0.000000 0.000000
10.308498 0.151178 44.917036 0.000000 0.000000 0.000000 0.283593 0.177245 -0.035449 4.200000 -2.407946 -3.101093 -2.407946 1.000000 0.000000 0.000000 0.000000
9.779426 0.148848 -16.653753 0.000000 0.000000 0.000000 0.283593 0.177245 -0.035449 4.200000 -2.407946 -3.101093 -2.407946 1.000000 0.000000 0.000000 0.000000
7.986855 0.132281 49.454668 0.000000 0.000000 0.000000 0.283593 0.177245 -0.035449 4.200000 -2.407946 -3.101093 -2.407946 1.000000 0.000000 0.000000 0.000000
9.937993 0.142026 47.601483 0.000000 0.000000 0.000000 0.283593 0.177245 -0.035449 4.200000 -2.407946 -3.101093 -2.407946 1.000000 0.000000 0.000000 0.000000
9.761046 0.129395 -55.708957 0.000000 0.000000 0.000000 0.283593 0.177245 -0.035449 4.200000 -2.407946 -3.101093 -2.407946 1.000000 0.000000 0.000000 0.000000
8.581815 0.159470 -10.860565 0.000000 0.000000 0.000000 0.283593 0.177245 -0.035449 4.200000 -2.407946 -3.101093 -2.407946 1.000000 0.000000 0.000000 0.000000
10.598304 0.140871 -39.353039 0.000000 0.000000 0.000000 0.283593 0.177245 -0.035449 4.200000 -2.407946 -3.101093 -2.407946 1.000000 0.000000 0.000000 0.000000
8.145634 0.124765 53.767464 0.000000 0.000000 0.000000 0.283593 0.177245 -0.035449 4.200000 -2.407946 -3.101093 -2.407946 1.000000 0.000000 0.000000 0.000000
7.077177 0.123891 -45.200261 0.000000 0.000000 0.000000 0.283593 0.177245 -0.035449 4.200000 -2.407946 -3.101093 -2.407946 1.000000 0.000000 0.000000 0.000000
8.661498 0.121080 28.059730 0.000000 0.000000 0.000000 0.283593 0.177245 -0.035449 4.200000 -2.407946 -3.101093 -2.407946 1.000000 0.000000 0.000000 0.000000
7.887330 0.130838 -47.990589 0.000000 0.000000 0.000000 0.283593 0.177245 -0.035449 4.200000 -2.407946 -3.101093 -2.407946 1.000000 0.000000 0.000000 0.000000
8.920599 0.125243 -48.068569 0.000000 0.000000 0.000000 0.283593 0.177245 -0.035449 4.200000 -2.407946 -3.101093 -2.407946 1.000000 0.000000 0.000000 0.000000
7.996518 0.147755 34.660525 0.000000 0.000000 0.000000 0.283593 0.177245 -0.035449 4.200000 -2.407946 -3.101093 -2.407946 1.000000 0.000000 0.000000 0.000000
9.392094 0.152888 -39.781231 0.000000 0.000000 0.000000 0.283593 0.177245 -0.035449 4.200000 -2.407946 -3.101093 -2.407946 1.000000 0.000000 0.000000 0.000000
9.287932 0.133823 32.260487 0.000000 0.000000 0.000000 0.283593 0.177245 -0.035449 4.200000 -2.407946 -3.101093 -2.407946 1.000000 0.000000 0.000000 0.000000
7.720427 0.143759 -29.972334 0.000000 0.000000 0.000000 0.283593 0.177245 -0.035449 4.200000 -2.407946 -3.101093 -2.407946 1.000000 0.000000 0.000000 0.000000
7.681782 0.135786 57.316090 0.000000 0.000000 0.000000 0.283593 0.177245 -0.035449 4.200000 -2.407946 -3.101093 -2.407946 1.000000 0.000000 0.000000 0.000000
8.867706 0.132816 5.077400 0.000000 0.000000 0.000000 0.283593 0.177245 -0.035449 4.200000 -2.407946 -3.101093 -2.407946 1.000000 0.000000 0.000000 0.000000
10.402134 0.146165 19.682488 0.000000 0.000000 0.000000 0.283593 0.177245 -0.035449 4.200000 -2.407946 -3.101093 -2.407946 1.000000 0.000000 0.000000 0.000000
9.792125 0.142571 52.940812 0.000000 0.000000 0.000000 0.283593 0.177245 -0.035449 4.200000 -2.407946 -3.101093 -2.407946 1.000000 0.000000 0.000000 0.000000
8.443712 0.141277 52.801471 0.000000 0.000000 0.000000 0.283593 0.177245 -0.035449 4.200000 -2.407946 -3.101093 -2.407946 1.000000 0.000000 0.000000 0.000000
7.785986 0.145116 -18.880043 0.000000 0.000000 0.000000 0.283593 0.177245 -0.035449 4.200000 -2.407946 -3.101093 -2.407946 1.000000 0.000000 0.000000 0.000000
9.848085 0.134081 13.384103 0.000000 0.000000 0.000000 0.283593 0.177245 -0.035449 4.200000 -2.407946 -3.101093 -2.407946 1.000000 0.000000 0.000000 0.000000
8.537166 0.149971 46.938841 0.000000 0.000000 0.000000 0.283593 0.177245 -0.035449 4.200000 -2.407946 -3.101093 -2.407946 1.000000 0.000000 0.000000 0.000000
8.925498 0.121027 36.986866 0.000000 0.000000 0.000000 0.283593 0.177245 -0.035449 4.200000 -2.407946 -3.101093 -2.407946 1.000000 0.000000 0.000000 0.000000
7.992475 0.148419 -13.022898 0.000000 0.000000 0.000000 0.283593 0.177245 -0.035449 4.200000 -2.407946 -3.101093 -2.407946 1.000000 0.000000 0.000000 0.000000
7.017743 0.129576 16.697611 0.000000 0.000000 0.000000 0.283593 0.177245 -0.035449 4.200000 -2.407946 -3.101093 -2.407946 1.000000 0.000000 0.000000 0.000000
9.910498 0.138053 12.341691 0.000000 0.000000 0.000000 0.283593 0.177245 -0.035449 4.200000 -2.407946 -3.101093 -2.407946 1.000000 0.000000 0.000000 0.000000
9.393385 0.156863 57.090963 0.000000 0.000000 0.000000 0.283593 0.177245 -0.035449 4.200000 -2.407946 -3.101093 -2.407946 1.000000 0.000000 0.000000 0.000000
8.144818 0.136784 -24.489119 0.000000 0.000000 0.000000 0.283593 0.177245 -0.035449 4.200000 -2.407946 -3.101093 -2.407946 1.000000 0.000000 0.000000 0.000000
9.635220 0.159608 54.369523 0.000000 0.000000 0.000000 0.283593 0.177245 -0.035449 4.200000 -2.407946 -3.101093 -2.407946 1.000000 0.000000 0.000000 0.000000
9.438077 0.126669 -9.982203 0.000000 0.000000 0.000000 0.283593 0.177245 -0.035449 4.200000 -2.407946 -3.101093 -2.407946 1.000000 0.000000 0.000000 0.000000
10.363538 0.153160 -18.592135 0.000000 0.000000 0.000000 0.283593 0.177245 -0.035449 4.200000 -2.407946 -3.101093 -2.407946 1.000000 0.000000 0.000000 0.000000
7.134263 0.159512 41.031669 0.000000 0.000000 0.000000 0.283593 0.177245 -0.035449 4.200000 -2.407946 -3.101093 -2.407946 1.000000 0.000000 0.000000 0.000000
9.982411 0.130204 24.952726 0.000000 0.000000 0.000000 0.283593 0.177245 -0.035449 4.200000 -2.407946 -3.101093 -2.407946 1.000000 0.000000 0.000000 0.000000
8.828957 0.133534 13.917133 0.000000 0.000000 0.000000 0.283593 0.177245 -0.035449 4.200000 -2.407946 -3.101093 -2.407946 1.000000 0.000000 0.000000 0.000000
8.779146 0.120507 -18.099976 0.000000 0.000000 0.000000 0.283593 0.177245 -0.035449 4.200000 -2.407946 -3.101093 -2.407946 1.000000 0.000000 0.000000 0.000000
8.876112 0.135952 51.324903 0.000000 0.000000 0.000000 0.283593 0.177245 -0.035449 4.200000 -2.407946 -3.101093 -2.407946 1.000000 0.000000 0.000000 0.000000
9.327800 0.126063 31.585294 0.000000 0.000000 0.000000 0.283593 0.177245 -0.035449 4.200000 -2.407946 -3.101093 -2.407946 1.000000 0.000000 0.000000 0.000000
10.755511 0.156250 -22.549734 0.000000 0.000000 0.000000 0.283593 0.177245 -0.035449 4.200000 -2.407946 -3.101093 -2.407946 1.000000 0.000000 0.000000 0.000000
8.346605 0.151740 56.017453 0.000000 0.000000 0.000000 0.283593 0.177245 -0.035449 4.200000 -2.407946 -3.101093 -2.407946 1.000000 0.000000 0.000000 0.000000
8.857794 0.144218 4.788352 0.000000 0.000000 0.000000 0.283593 0.177245 -0.035449 4.200000 -2.407946 -3.101093 -2.407946 1.000000 0.000000 0.000000 0.000000
8.313550 0.132724 -13.679090 0.000000 0.000000 0.000000 0.283593 0.177245 -0.035449 4.200000 -2.407946 -3.101093 -2.407946 1.000000 0.000000 0.000000 0.000000
10.557429 0.133733 8.756624 0.000000 0.000000 0.000000 0.283593 0.177245 -0.035449 4.200000 -2.407946 -3.101093 -2.407946 1.000000 0.000000 0.000000 0.000000
-15.119211 4.837545 -55.157667 0.000000 0.000000 0.000000 0.539983 -0.012130 -0.784497 4.200000 -2.207275 -2.207275 -2.900422 1.000000 0.000000 0.000000 0.000000
-13.131167 0.000000 -51.743059 0.000000 0.000000 0.000000 0.644788 -0.063837 -0.553532 4.200000 -2.207275 -2.900422 -2.207275 1.000000 0.000000 0.000000 0.000000
-15.633050 2.808730 -55.157667 0.000000 0.000000 0.000000 0.603539 0.026308 -0.733341 4.200000 -2.207275 -2.207275 -2.900422 1.000000 0.000000 0.000000 0.000000
-12.363002 0.821933 -51.366830 0.000000 0.000000 0.000000 0.406617 -0.156246 -0.642019 4.200000 -2.900422 -2.207275 -2.900422 1.000000 0.000000 0.000000 0.000000
-20.282044 4.554483 -51.118863 0.000000 0.000000 0.000000 0.401871 -0.112684 -0.739186 4.200000 -2.900422 -2.207275 -2.900422 1.000000 0.000000 0.000000 0.000000
-14.082674 0.434795 -46.842333 0.000000 0.000000 0.000000 0.525330 0.028441 -0.712826 4.200000 -2.207275 -2.207275 -2.900422 1.000000 0.000000 0.000000 0.000000
-12.363002 5.189749 -46.882685 0.000000 0.000000 0.000000 0.453673 0.015159 -0.788575 4.200000 -2.900422 -2.207275 -2.900422 1.000000 0.000000 0.000000 0.000000
-18.414102 2.944289 -55.157667 0.000000 0.000000 0.000000 0.501701 -0.011665 -0.543410 4.200000 -2.207275 -2.207275 -2.900422 1.000000 0.000000 0.000000 0.000000
-20.184362 2.974696 -46.842333 0.000000 0.000000 0.000000 0.405220 -0.027662 -0.723884 4.200000 -2.207275 -2.207275 -2.900422 1.000000 0.000000 0.000000 0.000000
-12.363002 1.006313 -48.305434 0.000000 0.000000 0.000000 0.564701 -0.176086 -0.754579 4.200000 -2.900422 -2.207275 -2.900422 1.000000 0.000000 0.000000 0.000000
-12.363002 0.275436 -50.110678 0.000000 0.000000 0.000000 0.485204 -0.083796 -0.532903 4.200000 -2.900422 -2.207275 -2.900422 1.000000 0.000000 0.000000 0.000000
-19.721564 6.044666 -49.915739 0.000000 0.000000 0.000000 0.637499 0.031969 -0.538397 4.200000 -2.207275 -2.900422 -2.207275 1.000000 0.000000 0.000000 0.000000
-18.888926 6.044666 -48.315263 0.000000 0.000000 0.000000 0.457658 -0.129828 -0.631108 4.200000 -2.207275 -2.900422 -2.207275 1.000000 0.000000 0.000000 0.000000
-14.675960 5.270959 -55.157667 0.000000 0.000000 0.000000 0.643028 0.008376 -0.767661 4.200000 -2.207275 -2.207275 -2.900422 1.000000 0.000000 0.000000 0.000000
-14.197725 0.000000 -52.216223 0.000000 0.000000 0.000000 0.647440 -0.085991 -0.664554 4.200000 -2.207275 -2.900422 -2.207275 1.000000 0.000000 0.000000 0.000000
-13.603761 4.019279 -55.157667 0.000000 0.000000 0.000000 0.664841 -0.083637 -0.683554 4.200000 -2.207275 -2.207275 -2.900422 1.000000 0.000000 0.000000 0.000000
-16.827019 1.819603 -55.157667 0.000000 0.000000 0.000000 0.502326 -0.162172 -0.583702 4.200000 -2.207275 -2.207275 -2.900422 1.000000 0.000000 0.000000 0.000000
-20.282044 2.320115 -49.168646 0.000000 0.000000 0.000000 0.542309 0.050165 -0.756087 4.200000 -2.900422 -2.207275 -2.900422 1.000000 0.000000 0.000000 0.000000
-13.289497 2.018755 -55.157667 0.000000 0.000000 0.000000 0.617933 0.035267 -0.631910 4.200000 -2.207275 -2.207275 -2.900422 1.000000 0.000000 0.000000 0.000000
-12.671723 2.600530 -46.842333 0.000000 0.000000 0.000000 0.592038 -0.091572 -0.760425 4.200000 -2.207275 -2.207275 -2.900422 1.000000 0.000000 0.000000 0.000000
-20.282044 0.022419 -52.387795 0.000000 0.000000 0.000000 0.509227 -0.024527 -0.668351 4.200000 -2.900422 -2.207275 -2.900422 1.000000 0.000000 0.000000 0.000000
-20.282044 2.802225 -48.276966 0.000000 0.000000 0.000000 0.448948 -0.123738 -0.602416 4.200000 -2.900422 -2.207275 -2.900422 1.000000 0.000000 0.000000 0.000000
-15.169750 3.479478 -46.842333 0.000000 0.000000 0.000000 0.461758 0.086666 -0.583436 4.200000 -2.207275 -2.207275 -2.900422 1.000000 0.000000 0.000000 0.000000
-20.282044 1.303197 -51.824450 0.000000 0.000000 0.000000 0.538954 -0.027799 -0.578352 4.200000 -2.900422 -2.207275 -2.900422 1.000000 0.000000 0.000000 0.000000
-20.282044 5.757135 -49.746719 0.000000 0.000000 0.000000 0.604089 -0.038781 -0.714248 4.200000 -2.900422 -2.207275 -2.900422 1.000000 0.000000 0.000000 0.000000
-16.643154 2.129854 -55.157667 0.000000 0.000000 0.000000 0.612580 -0.048408 -0.604528 4.200000 -2.207275 -2.207275 -2.900422 1.000000 0.000000 0.000000 0.000000
-16.361042 6.044666 -49.729525 0.000000 0.000000 0.000000 0.548424 0.065915 -0.734599 4.200000 -2.207275 -2.900422 -2.207275 1.000000 0.000000 0.000000 0.000000
-18.887072 0.000000 -51.932901 0.000000 0.000000 0.000000 0.398021 0.012962 -0.790234 4.200000 -2.207275 -2.900422 -2.207275 1.000000 0.000000 0.000000 0.000000
-15.776508 0.042340 -46.842333 0.000000 0.000000 0.000000 0.583401 0.022434 -0.593050 4.200000 -2.207275 -2.207275 -2.900422 1.000000 0.000000 0.000000 0.000000
-12.363002 4.908643 -51.003739 0.000000 0.000000 0.000000 0.420707 -0.027456 -0.569986 4.200000 -2.900422 -2.207275 -2.900422 1.000000 0.000000 0.000000 0.000000
-17.885269 5.557433 -55.157667 0.000000 0.000000 0.000000 0.582883 -0.099639 -0.732663 4.200000 -2.207275 -2.207275 -2.900422 1.000000 0.000000 0.000000 0.000000
-17.159049 6.044666 -53.231930 0.000000 0.000000 0.000000 0.637975 -0.003348 -0.736500 4.200000 -2.207275 -2.900422 -2.207275 1.000000 0.000000 0.000000 0.000000
-16.777986 0.459079 -55.157667 0.000000 0.000000 0.000000 0.544308 0.002122 -0.596707 4.200000 -2.207275 -2.207275 -2.900422 1.000000 0.000000 0.000000 0.000000
-16.869580 0.000000 -48.303242 0.000000 0.000000 0.000000 0.503736 0.016319 -0.730668 4.200000 -2.207275 -2.900422 -2.207275 1.000000 0.000000 0.000000 0.000000
-17.699882 2.971747 -46.842333 0.000000 0.000000 0.000000 0.568004 -0.087431 -0.540526 4.200000 -2.207275 -2.207275 -2.900422 1.000000 0.000000 0.000000 0.000000
-13.523703 3.335655 -55.157667 0.000000 0.000000 0.000000 0.531676 -0.086273 -0.539574 4.200000 -2.207275 -2.207275 -2.900422 1.000000 0.000000 0.000000 0.000000
-14.267732 0.000000 -53.895896 0.000000 0.000000 0.000000 0.424288 0.006935 -0.677143 4.200000 -2.207275 -2.900422 -2.207275 1.000000 0.000000 0.000000 0.000000
-20.282044 0.421748 -51.733917 0.000000 0.000000 0.000000 0.551737 -0.147280 -0.748860 4.200000 -2.900422 -2.207275 -2.900422 1.000000 0.000000 0.000000 0.000000
-14.610226 0.000000 -49.185214 0.000000 0.000000 0.000000 0.502867 -0.087256 -0.777499 4.200000 -2.207275 -2.900422 -2.207275 1.000000 0.000000 0.000000 0.000000
-20.282044 3.944711 -47.005807 0.000000 0.000000 0.000000 0.582435 0.096389 -0.536602 4.200000 -2.900422 -2.207275 -2.900422 1.000000 0.000000 0.000000 0.000000
-20.063357 0.000000 -46.966327 0.000000 0.000000 0.000000 0.411330 -0.001261 -0.803353 4.200000 -2.207275 -2.900422 -2.207275 1.000000 0.000000 0.000000 0.000000
-18.237943 6.044666 -52.239659 0.000000 0.000000 0.000000 0.563485 -0.099150 -0.700911 4.200000 -2.207275 -2.900422 -2.207275 1.000000 0.000000 0.000000 0.000000
-13.223090 2.667158 -46.842333 0.000000 0.000000 0.000000 0.546873 -0.152859 -0.575772 4.200000 -2.207275 -2.207275 -2.900422 1.000000 0.000000 0.000000 0.000000
-20.282044 5.150928 -50.323867 0.000000 0.000000 0.000000 0.612784 -0.091992 -0.577584 4.200000 -2.900422 -2.207275 -2.900422 1.000000 0.000000 0.000000 0.000000
-19.995348 6.044666 -48.314737 0.000000 0.000000 0.000000 0.518622 -0.138225 -0.644235 4.200000 -2.207275 -2.900422 -2.207275 1.000000 0.000000 0.000000 0.000000
-13.957509 6.044666 -48.208903 0.000000 0.000000 0.000000 0.391258 -0.013541 -0.636802 4.200000 -2.207275 -2.900422 -2.207275 1.000000 0.000000 0.000000 0.000000
-15.380701 6.044666 -52.644052 0.000000 0.000000 0.000000 0.544420 -0.146061 -0.683196 4.200000 -2.207275 -2.900422 -2.207275 1.000000 0.000000 0.000000 0.000000
-12.363002 5.665511 -53.122383 0.000000 0.000000 0.000000 0.624590 0.059860 -0.620196 4.200000 -2.900422 -2.207275 -2.900422 1.000000 0.000000 0.000000 0.000000
-19.720954 5.481827 -55.157667 0.000000 0.000000 0.000000 0.663469 -0.139140 -0.678941 4.200000 -2.207275 -2.207275 -2.900422 1.000000 0.000000 0.000000 0.000000
-20.282044 4.598950 -55.088581 0.000000 0.000000 0.000000 0.557941 -0.160674 -0.590038 4.200000 -2.900422 -2.207275 -2.900422 1.000000 0.000000 0.000000 0.000000
-16.313780 2.738447 -46.842333 0.000000 0.000000 0.000000 0.664672 0.033583 -0.643675 4.200000 -2.207275 -2.207275 -2.900422 1.000000 0.000000 0.000000 0.000000
-17.590871 6.044666 -52.906031 0.000000 0.000000 0.000000 0.654571 -0.058682 -0.747844 4.200000 -2.207275 -2.900422 -2.207275 1.000000 0.000000 0.000000 0.000000
-12.363002 1.213709 -47.523229 0.000000 0.000000 0.000000 0.461902 0.019004 -0.814972 4.200000 -2.900422 -2.207275 -2.900422 1.000000 0.000000 0.000000 0.000000
-17.713252 0.000000 -54.678830 0.000000 0.000000 0.000000 0.426501 0.026785 -0.764274 4.200000 -2.207275 -2.900422 -2.207275 1.000000 0.000000 0.000000 0.000000
-12.363002 4.100119 -49.888525 0.000000 0.000000 0.000000 0.461963 -0.167827 -0.560225 4.200000 -2.900422 -2.207275 -2.900422 1.000000 0.000000 0.000000 0.000000
-14.631456 5.261170 -46.842333 0.000000 0.000000 0.000000 0.447073 -0.135516 -0.760569 4.200000 -2.207275 -2.207275 -2.900422 1.000000 0.000000 0.000000 0.000000
-13.667727 0.000000 -52.951775 0.000000 0.000000 0.000000 0.558301 -0.001775 -0.764185 4.200000 -2.207275 -2.900422 -2.207275 1.000000 0.000000 0.000000 0.000000
-20.282044 5.294392 -51.993470 0.000000 0.000000 0.000000 0.483101 -0.091945 -0.685822 4.200000 -2.900422 -2.207275 -2.900422 1.000000 0.000000 0.000000 0.000000
-17.089171 0.204681 -55.157667 0.000000 0.000000 0.000000 0.410021 -0.148848 -0.678943 4.200000 -2.207275 -2.207275 -2.900422 1.000000 0.000000 0.000000 0.000000
-20.282044 2.469031 -54.492139 0.000000 0.000000 0.000000 0.481219 0.031953 -0.701309 4.200000 -2.900422 -2.207275 -2.900422 1.000000 0.000000 0.000000 0.000000
-14.564273 6.044666 -49.416657 0.000000 0.000000 0.000000 0.439873 -0.175520 -0.799064 4.200000 -2.207275 -2.900422 -2.207275 1.000000 0.000000 0.000000 0.000000
-15.069901 2.878791 -55.157667 0.000000 0.000000 0.000000 0.439159 -0.090501 -0.538429 4.200000 -2.207275 -2.207275 -2.900422 1.000000 0.000000 0.000000 0.000000
-13.447609 6.044666 -47.482362 0.000000 0.000000 0.000000 0.429095 -0.094595 -0.757402 4.200000 -2.207275 -2.900422 -2.207275 1.000000 0.000000 0.000000 0.000000
-18.557466 6.044666 -51.233816 0.000000 0.000000 0.000000 0.544866 -0.048690 -0.705669 4.200000 -2.207275 -2.900422 -2.207275 1.000000 0.000000 0.000000 0.000000
-12.363002 5.128253 -52.532220 0.000000 0.000000 0.000000 0.627017 0.098527 -0.805509 4.200000 -2.900422 -2.207275 -2.900422 1.000000 0.000000 0.000000 0.000000
-14.240719 3.827688 -46.842333 0.000000 0.000000 0.000000 0.475664 -0.110871 -0.796285 4.200000 -2.207275 -2.207275 -2.900422 1.000000 0.000000 0.000000 0.000000
-13.181881 4.750216 -46.842333 0.000000 0.000000 0.000000 0.522127 -0.143817 -0.687372 4.200000 -2.207275 -2.207275 -2.900422 1.000000 0.000000 0.000000 0.000000
-14.244157 6.044666 -47.883179 0.000000 0.000000 0.000000 0.467108 -0.084296 -0.708575 4.200000 -2.207275 -2.900422 -2.207275 1.000000 0.000000 0.000000 0.000000
-20.282044 1.219388 -54.846110 0.000000 0.000000 0.000000 0.672678 0.039073 -0.789201 4.200000 -2.900422 -2.207275 -2.900422 1.000000 0.000000 0.000000 0.000000
-13.218512 4.356931 -55.157667 0.000000 0.000000 0.000000 0.607118 0.081796 -0.684994 4.200000 -2.207275 -2.207275 -2.900422 1.000000 0.000000 0.000000 0.000000
-19.860370 6.044666 -51.315644 0.000000 0.000000 0.000000 0.491310 -0.165040 -0.560600 4.200000 -2.207275 -2.900422 -2.207275 1.000000 0.000000 0.000000 0.000000
-16.579379 6.044666 -53.618061 0.000000 0.000000 0.000000 0.492472 0.004821 -0.598959 4.200000 -2.207275 -2.900422 -2.207275 1.000000 0.000000 0.000000 0.000000
-20.282044 1.177493 -53.147063 0.000000 0.000000 0.000000 0.523076 -0.169988 -0.637482 4.200000 -2.900422 -2.207275 -2.900422 1.000000 0.000000 0.000000 0.000000
-14.975157 0.729390 -46.842333 0.000000 0.000000 0.000000 0.403533 -0.105192 -0.538215 4.200000 -2.207275 -2.207275 -2.900422 1.000000 0.000000 0.000000 0.000000
-14.889424 0.000000 -50.638322 0.000000 0.000000 0.000000 0.640432 0.102553 -0.616954 4.200000 -2.207275 -2.900422 -2.207275 1.000000 0.000000 0.000000 0.000000
-13.436129 6.044666 -51.049630 0.000000 0.000000 0.000000 0.610147 0.054051 -0.733111 4.200000 -2.207275 -2.900422 -2.207275 1.000000 0.000000 0.000000 0.000000
-15.338126 0.000000 -52.194807 0.000000 0.000000 0.000000 0.442284 -0.119828 -0.784762 4.200000 -2.207275 -2.900422 -2.207275 1.000000 0.000000 0.000000 0.000000
-12.681523 0.343716 -55.157667 0.000000 0.000000 0.000000 0.578883 -0.174367 -0.535075 4.200000 -2.207275 -2.207275 -2.900422 1.000000 0.000000 0.000000 0.000000
-14.196179 0.000000 -52.247947 0.000000 0.000000 0.000000 0.434174 -0.022918 -0.542020 4.200000 -2.207275 -2.900422 -2.207275 1.000000 0.000000 0.000000 0.000000
-12.363002 0.526511 -54.999545 0.000000 0.000000 0.000000 0.599776 -0.126996 -0.694384 4.200000 -2.900422 -2.207275 -2.900422 1.000000 0.000000 0.000000 0.000000
-13.390163 3.847464 -55.157667 0.000000 0.000000 0.000000 0.419790 -0.079388 -0.736028 4.200000 -2.207275 -2.207275 -2.900422 1.000000 0.000000 0.000000 0.000000
-14.483933 4.331289 -55.157667 0.000000 0.000000 0.000000 0.615135 0.104874 -0.782821 4.200000 -2.207275 -2.207275 -2.900422 1.000000 0.000000 0.000000 0.000000
-20.150818 0.000000 -46.929924 0.000000 0.000000 0.000000 0.578550 0.049244 -0.766211 4.200000 -2.207275 -2.900422 -2.207275 1.000000 0.000000 0.000000 0.000000
-20.282044 3.555270 -50.682520 0.000000 0.000000 0.000000 0.398708 -0.057968 -0.648652 4.200000 -2.900422 -2.207275 -2.900422 1.000000 0.000000 0.000000 0.000000
-16.969354 7.175245 -50.672144 0.000000 0.000000 0.000000 -0.992574 -1.347065 -1.453412 4.200000 -2.302585 -2.659260 -2.302585 1.000000 0.000000 0.000000 0.000000
-15.346342 7.089757 -48.980332 0.000000 0.000000 0.000000 -0.992574 -1.347065 -1.453412 4.200000 -2.302585 -2.659260 -2.302585 1.000000 0.000000 0.000000 0.000000
-13.237042 6.548920 -52.991256 0.000000 0.000000 0.000000 -0.992574 -1.347065 -1.453412 4.200000 -2.302585 -2.659260 -2.302585 1.000000 0.000000 0.000000 0.000000
-19.227771 6.578676 -47.184800 0.000000 0.000000 0.000000 -0.992574 -1.347065 -1.453412 4.200000 -2.302585 -2.659260 -2.302585 1.000000 0.000000 0.000000 0.000000
-15.750278 7.205960 -46.674742 0.000000 0.000000 0.000000 -0.992574 -1.347065 -1.453412 4.200000 -2.302585 -2.659260 -2.302585 1.000000 0.000000 0.000000 0.000000
-19.661871 6.472632 -49.146293 0.000000 0.000000 0.000000 -0.992574 -1.347065 -1.453412 4.200000 -2.302585 -2.659260 -2.302585 1.000000 0.000000 0.000000 0.000000
-21.112153 6.072659 -54.641618 0.000000 0.000000 0.000000 -0.992574 -1.347065 -1.453412 4.200000 -2.302585 -2.659260 -2.302585 1.000000 0.000000 0.000000 0.000000
-11.636707 6.096039 -48.518482 0.000000 0.000000 0.000000 -0.992574 -1.347065 -1.453412 4.200000 -2.302585 -2.659260 -2.302585 1.000000 0.000000 0.000000 0.000000
-16.401352 7.314607 -53.021158 0.000000 0.000000 0.000000 -0.992574 -1.347065 -1.453412 4.200000 -2.302585 -2.659260 -2.302585 1.000000 0.000000 0.000000 0.000000
-18.852006 6.674167 -53.411612 0.000000 0.000000 0.000000 -0.992574 -1.347065 -1.453412 4.200000 -2.302585 -2.659260 -2.302585 1.000000 0.000000 0.000000 0.000000
-17.360786 7.062044 -54.283647 0.000000 0.000000 0.000000 -0.992574 -1.347065 -1.453412 4.200000 -2.302585 -2.659260 -2.302585 1.000000 0.000000 0.000000 0.000000
-16.035250 7.269443 -55.335894 0.000000 0.000000 0.000000 -0.992574 -1.347065 -1.453412 4.200000 -2.302585 -2.659260 -2.302585 1.000000 0.000000 0.000000 0.000000
-13.031472 6.492397 -47.264564 0.000000 0.000000 0.000000 -0.992574 -1.347065 -1.453412 4.200000 -2.302585 -2.659260 -2.302585 1.000000 0.000000 0.000000 0.000000
-17.462706 7.028334 -47.554816 0.000000 0.000000 0.000000 -0.992574 -1.347065 -1.453412 4.200000 -2.302585 -2.659260 -2.302585 1.000000 0.000000 0.000000 0.000000
-17.996135 6.920423 -52.087667 0.000000 0.000000 0.000000 -0.992574 -1.347065 -1.453412 4.200000 -2.302585 -2.659260 -2.302585 1.000000 0.000000 0.000000 0.000000
-13.734960 6.671367 -46.850891 0.000000 0.000000 0.000000 -0.992574 -1.347065 -1.453412 4.200000 -2.302585 -2.659260 -2.302585 1.000000 0.000000 0.000000 0.000000
-20.775659 6.161617 -50.258580 0.000000 0.000000 0.000000 -0.992574 -1.347065 -1.453412 4.200000 -2.302585 -2.659260 -2.302585 1.000000 0.000000 0.000000 0.000000
-13.002096 6.473615 -55.012906 0.000000 0.000000 0.000000 -0.992574 -1.347065 -1.453412 4.200000 -2.302585 -2.659260 -2.302585 1.000000 0.000000 0.000000 0.000000
-15.607026 7.146091 -52.915656 0.000000 0.000000 0.000000 -0.992574 -1.347065 -1.453412 4.200000 -2.302585 -2.659260 -2.302585 1.000000 0.000000 0.000000 0.000000
-11.685364 6.133118 -50.808051 0.000000 0.000000 0.000000 -0.992574 -1.347065 -1.453412 4.200000 -2.302585 -2.659260 -2.302585 1.000000 0.000000 0.000000 0.000000
-13.852942 6.708290 -51.492964 0.000000 0.000000 0.000000 -0.992574 -1.347065 -1.453412 4.200000 -2.302585 -2.659260 -2.302585 1.000000 0.000000 0.000000 0.000000
-12.769201 6.399178 -51.503129 0.000000 0.000000 0.000000 -0.992574 -1.347065 -1.453412 4.200000 -2.302585 -2.659260 -2.302585 1.000000 0.000000 0.000000 0.000000
-18.399427 6.781017 -48.247524 0.000000 0.000000 0.000000 -0.992574 -1.347065 -1.453412 4.200000 -2.302585 -2.659260 -2.302585 1.000000 0.000000 0.000000 0.000000
-11.856766 6.157434 -54.565320 0.000000 0.000000 0.000000 -0.992574 -1.347065 -1.453412 4.200000 -2.302585 -2.659260 -2.302585 1.000000 0.000000 0.000000 0.000000
-18.941175 6.674236 -48.094141 0.000000 0.000000 0.000000 -0.992574 -1.347065 -1.453412 4.200000 -2.302585 -2.659260 -2.302585 1.000000 0.000000 0.000000 0.000000
-13.083363 6.483138 -51.501905 0.000000 0.000000 0.000000 -0.992574 -1.347065 -1.453412 4.200000 -2.302585 -2.659260 -2.302585 1.000000 0.000000 0.000000 0.000000
-15.756172 7.182161 -55.139561 0.000000 0.000000 0.000000 -0.992574 -1.347065 -1.453412 4.200000 -2.302585 -2.659260 -2.302585 1.000000 0.000000 0.000000 0.000000
-17.432306 7.040853 -47.789054 0.000000 0.000000 0.000000 -0.992574 -1.347065 -1.453412 4.200000 -2.302585 -2.659260 -2.302585 1.000000 0.000000 0.000000 0.000000
-18.373585 6.823299 -49.832092 0.000000 0.000000 0.000000 -0.992574 -1.347065 -1.453412 4.200000 -2.302585 -2.659260 -2.302585 1.000000 0.000000 0.000000 0.000000
-18.469385 6.782988 -46.621498 0.000000 0.000000 0.000000 -0.992574 -1.347065 -1.453412 4.200000 -2.302585 -2.659260 -2.302585 1.000000 0.000000 0.000000 0.000000
-11.695748 6.139770 -55.358184 0.000000 0.000000 0.000000 -0.992574 -1.347065 -1.453412 4.200000 -2.302585 -2.659260 -2.302585 1.000000 0.000000 0.000000 0.000000
-18.011054 6.899590 -51.639318 0.000000 0.000000 0.000000 -0.992574 -1.347065 -1.453412 4.200000 -2.302585 -2.659260 -2.302585 1.000000 0.000000 0.000000 0.000000
-13.096635 6.477370 -50.108767 0.000000 0.000000 0.000000 -0.992574 -1.347065 -1.453412 4.200000 -2.302585 -2.659260 -2.302585 1.000000 0.000000 0.000000 0.000000
-16.537622 7.307207 -48.271832 0.000000 0.000000 0.000000 -0.992574 -1.347065 -1.453412 4.200000 -2.302585 -2.659260 -2.302585 1.000000 0.000000 0.000000 0.000000
-16.490135 7.304961 -54.734636 0.000000 0.000000 0.000000 -0.992574 -1.347065 -1.453412 4.200000 -2.302585 -2.659260 -2.302585 1.000000 0.000000 0.000000 0.000000
-15.465171 7.135485 -46.570538 0.000000 0.000000 0.000000 -0.992574 -1.347065 -1.453412 4.200000 -2.302585 -2.659260 -2.302585 1.000000 0.000000 0.000000 0.000000
-20.374548 6.296066 -48.404196 0.000000 0.000000 0.000000 -0.992574 -1.347065 -1.453412 4.200000 -2.302585 -2.659260 -2.302585 1.000000 0.000000 0.000000 0.000000
-14.198367 6.775794 -48.116980 0.000000 0.000000 0.000000 -0.992574 -1.347065 -1.453412 4.200000 -2.302585 -2.659260 -2.302585 1.000000 0.000000 0.000000 0.000000
-12.313002 1.925391 -52.842036 0.000000 0.000000 0.000000 -1.488861 -0.496287 -0.070898 4.800000 -2.813411 -2.525729 -2.813411 1.000000 0.000000 0.000000 0.000000
-12.313002 1.420430 -53.644494 0.000000 0.000000 0.000000 -1.488861 -0.496287 -0.070898 4.800000 -2.813411 -2.525729 -2.813411 1.000000 0.000000 0.000000 0.000000
-12.313002 1.655114 -53.755825 0.000000 0.000000 0.000000 -1.488861 -0.496287 -0.070898 4.800000 -2.813411 -2.525729 -2.813411 1.000000 0.000000 0.000000 0.000000
-12.313002 1.675394 -53.245534 0.000000 0.000000 0.000000 -1.488861 -0.496287 -0.070898 4.800000 -2.813411 -2.525729 -2.813411 1.000000 0.000000 0.000000 0.000000
-12.313002 1.357550 -50.917249 0.000000 0.000000 0.000000 -1.488861 -0.496287 -0.070898 4.800000 -2.813411 -2.525729 -2.813411 1.000000 0.000000 0.000000 0.000000
-12.313002 1.793846 -51.525085 0.000000 0.000000 0.000000 -1.488861 -0.496287 -0.070898 4.800000 -2.813411 -2.525729 -2.813411 1.000000 0.000000 0.000000 0.000000
-12.313002 1.336012 -51.328143 0.000000 0.000000 0.000000 -1.488861 -0.496287 -0.070898 4.800000 -2.813411 -2.525729 -2.813411 1.000000 0.000000 0.000000 0.000000
-12.313002 1.757721 -51.531962 0.000000 0.000000 0.000000 -1.488861 -0.496287 -0.070898 4.800000 -2.813411 -2.525729 -2.813411 1.000000 0.000000 0.000000 0.000000
-12.313002 1.615690 -48.553394 0.000000 0.000000 0.000000 -1.488861 -0.496287 -0.070898 4.800000 -2.813411 -2.525729 -2.813411 1.000000 0.000000 0.000000 0.000000
-12.313002 1.575024 -49.084879 0.000000 0.000000 0.000000 -1.488861 -0.496287 -0.070898 4.800000 -2.813411 -2.525729 -2.813411 1.000000 0.000000 0.000000 0.000000
-12.313002 1.854047 -48.236750 0.000000 0.000000 0.000000 -1.488861 -0.496287 -0.070898 4.800000 -2.813411 -2.525729 -2.813411 1.000000 0.000000 0.000000 0.000000
-12.313002 1.388184 -48.792925 0.000000 0.000000 0.000000 -1.488861 -0.496287 -0.070898 4.800000 -2.813411 -2.525729 -2.813411 1.000000 0.000000 0.000000 0.000000
-12.313002 3.986062 -52.778199 0.000000 0.000000 0.000000 -1.488861 -0.496287 -0.070898 4.800000 -2.813411 -2.525729 -2.813411 1.000000 0.000000 0.000000 0.000000
-12.313002 3.535511 -52.773436 0.000000 0.000000 0.000000 -1.488861 -0.496287 -0.070898 4.800000 -2.813411 -2.525729 -2.813411 1.000000 0.000000 0.000000 0.000000
-12.313002 3.987053 -52.989588 0.000000 0.000000 0.000000 -1.488861 -0.496287 -0.070898 4.800000 -2.813411 -2.525729 -2.813411 1.000000 0.000000 0.000000 0.000000
-12.313002 4.097294 -53.265859 0.000000 0.000000 0.000000 -1.488861 -0.496287 -0.070898 4.800000 -2.813411 -2.525729 -2.813411 1.000000 0.000000 0.000000 0.000000
-12.313002 3.749844 -50.633148 0.000000 0.000000 0.000000 -1.488861 -0.496287 -0.070898 4.800000 -2.813411 -2.525729 -2.813411 1.000000 0.000000 0.000000 0.000000
-12.313002 3.954453 -50.607999 0.000000 0.000000 0.000000 -1.488861 -0.496287 -0.070898 4.800000 -2.813411 -2.525729 -2.813411 1.000000 0.000000 0.000000 0.000000
-12.313002 3.821614 -51.045494 0.000000 0.000000 0.000000 -1.488861 -0.496287 -0.070898 4.800000 -2.813411 -2.525729 -2.813411 1.000000 0.000000 0.000000 0.000000
-12.313002 3.560303 -51.499156 0.000000 0.000000 0.000000 -1.488861 -0.496287 -0.070898 4.800000 -2.813411 -2.525729 -2.813411 1.000000 0.000000 0.000000 0.000000
-12.313002 3.437731 -48.308349 0.000000 0.000000 0.000000 -1.488861 -0.496287 -0.070898 4.800000 -2.813411 -2.525729 -2.813411 1.000000 0.000000 0.000000 0.000000
-12.313002 3.887093 -49.115256 0.000000 0.000000 0.000000 -1.488861 -0.496287 -0.070898 4.800000 -2.813411 -2.525729 -2.813411 1.000000 0.000000 0.000000 0.000000
-12.313002 4.093540 -48.565542 0.000000 0.000000 0.000000 -1.488861 -0.496287 -0.070898 4.800000 -2.813411 -2.525729 -2.813411 1.000000 0.000000 0.000000 0.000000
-12.313002 3.901957 -48.163958 0.000000 0.000000 0.000000 -1.488861 -0.496287 -0.070898 4.800000 -2.813411 -2.525729 -2.813411 1.000000 0.000000 0.000000 0.000000
-13.094870 5.424249 -41.065060 0.000000 0.000000 0.000000 0.887798 0.343615 -0.384454 4.200000 -2.900422 -2.207275 -2.900422 1.000000 0.000000 0.000000 0.000000
-13.963448 1.524191 -43.590027 0.000000 0.000000 0.000000 0.769271 0.423154 -0.527793 4.200000 -2.207275 -2.207275 -2.900422 1.000000 0.000000 0.000000 0.000000
-13.094870 0.266911 -37.803446 0.000000 0.000000 0.000000 0.920255 0.223832 -0.491268 4.200000 -2.900422 -2.207275 -2.900422 1.000000 0.000000 0.000000 0.000000
-15.596683 2.876630 -43.590027 0.000000 0.000000 0.000000 0.797858 0.188074 -0.490281 4.200000 -2.207275 -2.207275 -2.900422 1.000000 0.000000 0.000000 0.000000
-13.094870 7.502700 -42.704921 0.000000 0.000000 0.000000 0.654313 0.148173 -0.291199 4.200000 -2.900422 -2.207275 -2.900422 1.000000 0.000000 0.000000 0.000000
-14.361799 0.000000 -40.456045 0.000000 0.000000 0.000000 0.687523 0.262207 -0.466766 4.200000 -2.207275 -2.900422 -2.207275 1.000000 0.000000 0.000000 0.000000
-20.197423 0.164588 -36.040396 0.000000 0.000000 0.000000 0.857466 0.330966 -0.297754 4.200000 -2.900422 -2.207275 -2.900422 1.000000 0.000000 0.000000 0.000000
-19.612177 0.000000 -36.552407 0.000000 0.000000 0.000000 0.771550 0.169668 -0.424000 4.200000 -2.207275 -2.900422 -2.207275 1.000000 0.000000 0.000000 0.000000
-18.877555 2.916757 -34.409973 0.000000 0.000000 0.000000 0.918861 0.205430 -0.360770 4.200000 -2.207275 -2.207275 -2.900422 1.000000 0.000000 0.000000 0.000000
-20.197423 4.688700 -41.216007 0.000000 0.000000 0.000000 0.890384 0.294087 -0.340637 4.200000 -2.900422 -2.207275 -2.900422 1.000000 0.000000 0.000000 0.000000
-14.304421 8.001277 -38.736179 0.000000 0.000000 0.000000 0.644661 0.178115 -0.480716 4.200000 -2.207275 -2.900422 -2.207275 1.000000 0.000000 0.000000 0.000000
-13.449074 5.509678 -34.409973 0.000000 0.000000 0.000000 0.735151 0.306543 -0.491103 4.200000 -2.207275 -2.207275 -2.900422 1.000000 0.000000 0.000000 0.000000
-19.065026 8.001277 -34.993388 0.000000 0.000000 0.000000 0.876577 0.180511 -0.471927 4.200000 -2.207275 -2.900422 -2.207275 1.000000 0.000000 0.000000 0.000000
-16.473557 8.001277 -37.926505 0.000000 0.000000 0.000000 0.762207 0.205598 -0.274640 4.200000 -2.207275 -2.900422 -2.207275 1.000000 0.000000 0.000000 0.000000
-15.170890 0.000000 -35.309566 0.000000 0.000000 0.000000 0.834903 0.300396 -0.266628 4.200000 -2.207275 -2.900422 -2.207275 1.000000 0.000000 0.000000 0.000000
-13.094870 3.376647 -37.569337 0.000000 0.000000 0.000000 0.830474 0.422764 -0.450427 4.200000 -2.900422 -2.207275 -2.900422 1.000000 0.000000 0.000000 0.000000
-20.197423 2.091887 -40.047316 0.000000 0.000000 0.000000 0.911860 0.330512 -0.449033 4.200000 -2.900422 -2.207275 -2.900422 1.000000 0.000000 0.000000 0.000000
-13.094870 1.703622 -36.988153 0.000000 0.000000 0.000000 0.776892 0.209205 -0.297596 4.200000 -2.900422 -2.207275 -2.900422 1.000000 0.000000 0.000000 0.000000
-13.094870 0.314947 -40.928283 0.000000 0.000000 0.000000 0.655548 0.184796 -0.363408 4.200000 -2.900422 -2.207275 -2.900422 1.000000 0.000000 0.000000 0.000000
-20.197423 7.093352 -42.627451 0.000000 0.000000 0.000000 0.783211 0.259263 -0.346968 4.200000 -2.900422 -2.207275 -2.900422 1.000000 0.000000 0.000000 0.000000
-13.094870 1.873863 -42.699241 0.000000 0.000000 0.000000 0.829360 0.330956 -0.525408 4.200000 -2.900422 -2.207275 -2.900422 1.000000 0.000000 0.000000 0.000000
-14.819823 4.373280 -34.409973 0.000000 0.000000 0.000000 0.670215 0.273612 -0.402067 4.200000 -2.207275 -2.207275 -2.900422 1.000000 0.000000 0.000000 0.000000
-20.060442 4.275494 -43.590027 0.000000 0.000000 0.000000 0.655608 0.385339 -0.403059 4.200000 -2.207275 -2.207275 -2.900422 1.000000 0.000000 0.000000 0.000000
-13.094870 4.754325 -34.632198 0.000000 0.000000 0.000000 0.817660 0.414972 -0.528911 4.200000 -2.900422 -2.207275 -2.900422 1.000000 0.000000 0.000000 0.000000
-19.125418 4.154533 -43.590027 0.000000 0.000000 0.000000 0.807617 0.277255 -0.512483 4.200000 -2.207275 -2.207275 -2.900422 1.000000 0.000000 0.000000 0.000000
-20.007693 8.001277 -38.907389 0.000000 0.000000 0.000000 0.882891 0.231309 -0.265011 4.200000 -2.207275 -2.900422 -2.207275 1.000000 0.000000 0.000000 0.000000
-20.197423 7.188300 -40.713083 0.000000 0.000000 0.000000 0.902707 0.376587 -0.343520 4.200000 -2.900422 -2.207275 -2.900422 1.000000 0.000000 0.000000 0.000000
-15.123056 0.939468 -43.590027 0.000000 0.000000 0.000000 0.831449 0.411798 -0.280542 4.200000 -2.207275 -2.207275 -2.900422 1.000000 0.000000 0.000000 0.000000
-13.094870 0.759156 -34.816946 0.000000 0.000000 0.000000 0.814884 0.296459 -0.275957 4.200000 -2.900422 -2.207275 -2.900422 1.000000 0.000000 0.000000 0.000000
-19.940081 1.318636 -43.590027 0.000000 0.000000 0.000000 0.858653 0.283279 -0.391459 4.200000 -2.207275 -2.207275 -2.900422 1.000000 0.000000 0.000000 0.000000
-18.663220 2.106264 -43.590027 0.000000 0.000000 0.000000 0.715889 0.411007 -0.492522 4.200000 -2.207275 -2.207275 -2.900422 1.000000 0.000000 0.000000 0.000000
-15.729401 0.000000 -37.142878 0.000000 0.000000 0.000000 0.836329 0.224523 -0.449951 4.200000 -2.207275 -2.900422 -2.207275 1.000000 0.000000 0.000000 0.000000
-17.047590 5.244979 -43.590027 0.000000 0.000000 0.000000 0.877089 0.162336 -0.408878 4.200000 -2.207275 -2.207275 -2.900422 1.000000 0.000000 0.000000 0.000000
-13.094870 3.176373 -37.311487 0.000000 0.000000 0.000000 0.810990 0.372782 -0.300192 4.200000 -2.900422 -2.207275 -2.900422 1.000000 0.000000 0.000000 0.000000
-18.953567 8.001277 -35.175600 0.000000 0.000000 0.000000 0.914102 0.420608 -0.336857 4.200000 -2.207275 -2.900422 -2.207275 1.000000 0.000000 0.000000 0.000000
-20.197423 1.497228 -38.063587 0.000000 0.000000 0.000000 0.724831 0.269632 -0.386848 4.200000 -2.900422 -2.207275 -2.900422 1.000000 0.000000 0.000000 0.000000
-13.094870 1.132572 -38.985888 0.000000 0.000000 0.000000 0.673251 0.298470 -0.311030 4.200000 -2.900422 -2.207275 -2.900422 1.000000 0.000000 0.000000 0.000000
-15.657282 0.000000 -35.788484 0.000000 0.000000 0.000000 0.825293 0.361639 -0.354710 4.200000 -2.207275 -2.900422 -2.207275 1.000000 0.000000 0.000000 0.000000
-13.352991 0.000000 -38.822017 0.000000 0.000000 0.000000 0.762900 0.423248 -0.305882 4.200000 -2.207275 -2.900422 -2.207275 1.000000 0.000000 0.000000 0.000000
-20.197423 2.022216 -40.198114 0.000000 0.000000 0.000000 0.807544 0.192691 -0.373001 4.200000 -2.900422 -2.207275 -2.900422 1.000000 0.000000 0.000000 0.000000
-20.197423 1.054453 -40.249575 0.000000 0.000000 0.000000 0.725128 0.328322 -0.456299 4.200000 -2.900422 -2.207275 -2.900422 1.000000 0.000000 0.000000 0.000000
-13.140327 0.000000 -39.024807 0.000000 0.000000 0.000000 0.847108 0.264383 -0.444742 4.200000 -2.207275 -2.900422 -2.207275 1.000000 0.000000 0.000000 0.000000
-18.240259 4.537662 -34.409973 0.000000 0.000000 0.000000 0.825835 0.154652 -0.408739 4.200000 -2.207275 -2.207275 -2.900422 1.000000 0.000000 0.000000 0.000000
-13.094870 3.311290 -37.516435 0.000000 0.000000 0.000000 0.664447 0.158200 -0.465792 4.200000 -2.900422 -2.207275 -2.900422 1.000000 0.000000 0.000000 0.000000
-20.197423 0.535103 -42.328860 0.000000 0.000000 0.000000 0.713855 0.296120 -0.408697 4.200000 -2.900422 -2.207275 -2.900422 1.000000 0.000000 0.000000 0.000000
-20.197423 7.026452 -35.939931 0.000000 0.000000 0.000000 0.729132 0.203729 -0.477492 4.200000 -2.900422 -2.207275 -2.900422 1.000000 0.000000 0.000000 0.000000
-18.213219 0.000000 -42.132502 0.000000 0.000000 0.000000 0.760620 0.397432 -0.490651 4.200000 -2.207275 -2.900422 -2.207275 1.000000 0.000000 0.000000 0.000000
-13.094870 1.958315 -35.066289 0.000000 0.000000 0.000000 0.839697 0.404442 -0.366331 4.200000 -2.900422 -2.207275 -2.900422 1.000000 0.000000 0.000000 0.000000
-13.094870 1.044340 -38.018552 0.000000 0.000000 0.000000 0.671556 0.291770 -0.280989 4.200000 -2.900422 -2.207275 -2.900422 1.000000 0.000000 0.000000 0.000000
-20.197423 0.379457 -35.784236 0.000000 0.000000 0.000000 0.839737 0.148608 -0.399888 4.200000 -2.900422 -2.207275 -2.900422 1.000000 0.000000 0.000000 0.000000
-15.148507 5.908550 -43.590027 0.000000 0.000000 0.000000 0.911374 0.153896 -0.451632 4.200000 -2.207275 -2.207275 -2.900422 1.000000 0.000000 0.000000 0.000000
-15.309476 0.000000 -40.055682 0.000000 0.000000 0.000000 0.694708 0.334135 -0.433088 4.200000 -2.207275 -2.900422 -2.207275 1.000000 0.000000 0.000000 0.000000
-20.197423 0.675642 -35.252241 0.000000 0.000000 0.000000 0.724719 0.236132 -0.350456 4.200000 -2.900422 -2.207275 -2.900422 1.000000 0.000000 0.000000 0.000000
-20.197423 3.744612 -39.374437 0.000000 0.000000 0.000000 0.866111 0.229125 -0.261417 4.200000 -2.900422 -2.207275 -2.900422 1.000000 0.000000 0.000000 0.000000
-20.197423 3.605206 -41.567938 0.000000 0.000000 0.000000 0.900144 0.374663 -0.251751 4.200000 -2.900422 -2.207275 -2.900422 1.000000 0.000000 0.000000 0.000000
-13.120428 2.319720 -43.590027 0.000000 0.000000 0.000000 0.854179 0.218840 -0.286821 4.200000 -2.207275 -2.207275 -2.900422 1.000000 0.000000 0.000000 0.000000
-13.094870 2.818344 -38.089758 0.000000 0.000000 0.000000 0.844395 0.243770 -0.427393 4.200000 -2.900422 -2.207275 -2.900422 1.000000 0.000000 0.000000 0.000000
-19.222901 6.703465 -43.590027 0.000000 0.000000 0.000000 0.867107 0.168131 -0.336651 4.200000 -2.207275 -2.207275 -2.900422 1.000000 0.000000 0.000000 0.000000
-14.372272 4.497678 -34.409973 0.000000 0.000000 0.000000 0.733693 0.347360 -0.420471 4.200000 -2.207275 -2.207275 -2.900422 1.000000 0.000000 0.000000 0.000000
-13.094870 5.257087 -36.951911 0.000000 0.000000 0.000000 0.788753 0.295735 -0.388796 4.200000 -2.900422 -2.207275 -2.900422 1.000000 0.000000 0.000000 0.000000
-19.980165 8.001277 -36.112513 0.000000 0.000000 0.000000 0.892029 0.311050 -0.276547 4.200000 -2.207275 -2.900422 -2.207275 1.000000 0.000000 0.000000 0.000000
-18.439512 0.000000 -41.916550 0.000000 0.000000 0.000000 0.777936 0.222552 -0.421916 4.200000 -2.207275 -2.900422 -2.207275 1.000000 0.000000 0.000000 0.000000
-13.999419 0.000000 -35.322764 0.000000 0.000000 0.000000 0.706593 0.406452 -0.344816 4.200000 -2.207275 -2.900422 -2.207275 1.000000 0.000000 0.000000 0.000000
-20.197423 2.216120 -38.457929 0.000000 0.000000 0.000000 0.803114 0.149231 -0.352740 4.200000 -2.900422 -2.207275 -2.900422 1.000000 0.000000 0.000000 0.000000
-16.518102 0.000000 -36.302198 0.000000 0.000000 0.000000 0.849305 0.283231 -0.280632 4.200000 -2.207275 -2.900422 -2.207275 1.000000 0.000000 0.000000 0.000000
-20.197423 1.466058 -34.791511 0.000000 0.000000 0.000000 0.910392 0.241880 -0.332091 4.200000 -2.900422 -2.207275 -2.900422 1.000000 0.000000 0.000000 0.000000
-20.169388 7.019199 -43.590027 0.000000 0.000000 0.000000 0.734881 0.221895 -0.390463 4.200000 -2.207275 -2.207275 -2.900422 1.000000 0.000000 0.000000 0.000000
-20.197423 3.166942 -37.785454 0.000000 0.000000 0.000000 0.914475 0.307095 -0.382069 4.200000 -2.900422 -2.207275 -2.900422 1.000000 0.000000 0.000000 0.000000
-20.197423 4.903860 -36.072953 0.000000 0.000000 0.000000 0.811523 0.284925 -0.361837 4.200000 -2.900422 -2.207275 -2.900422 1.000000 0.000000 0.000000 0.000000
-20.197423 5.039230 -42.628352 0.000000 0.000000 0.000000 0.812452 0.264214 -0.459734 4.200000 -2.900422 -2.207275 -2.900422 1.000000 0.000000 0.000000 0.000000
-17.264403 0.000000 -38.663379 0.000000 0.000000 0.000000 0.765127 0.353089 -0.322075 4.200000 -2.207275 -2.900422 -2.207275 1.000000 0.000000 0.000000 0.000000
-19.514446 8.001277 -36.008598 0.000000 0.000000 0.000000 0.697945 0.217404 -0.422676 4.200000 -2.207275 -2.900422 -2.207275 1.000000 0.000000 0.000000 0.000000
-16.784135 0.000000 -41.879420 0.000000 0.000000 0.000000 0.837130 0.190520 -0.274992 4.200000 -2.207275 -2.900422 -2.207275 1.000000 0.000000 0.000000 0.000000
-19.263109 8.001277 -42.184492 0.000000 0.000000 0.000000 0.681498 0.402909 -0.507908 4.200000 -2.207275 -2.900422 -2.207275 1.000000 0.000000 0.000000 0.000000
-20.197423 7.684013 -38.558084 0.000000 0.000000 0.000000 0.819094 0.236812 -0.481149 4.200000 -2.900422 -2.207275 -2.900422 1.000000 0.000000 0.000000 0.000000
-14.393476 0.000000 -39.757160 0.000000 0.000000 0.000000 0.759035 0.209974 -0.517178 4.200000 -2.207275 -2.900422 -2.207275 1.000000 0.000000 0.000000 0.000000
-19.778079 8.001277 -39.242014 0.000000 0.000000 0.000000 0.788647 0.405180 -0.418575 4.200000 -2.207275 -2.900422 -2.207275 1.000000 0.000000 0.000000 0.000000
-19.617472 8.001277 -34.777441 0.000000 0.000000 0.000000 0.766838 0.273656 -0.449181 4.200000 -2.207275 -2.900422 -2.207275 1.000000 0.000000 0.000000 0.000000
-13.094870 4.121624 -38.275708 0.000000 0.000000 0.000000 0.757195 0.189449 -0.263050 4.200000 -2.900422 -2.207275 -2.900422 1.000000 0.000000 0.000000 0.000000
-17.832740 6.686937 -34.409973 0.000000 0.000000 0.000000 0.909371 0.194629 -0.268441 4.200000 -2.207275 -2.207275 -2.900422 1.000000 0.000000 0.000000 0.000000
-17.860257 0.664458 -43.590027 0.000000 0.000000 0.000000 0.704261 0.166588 -0.322874 4.200000 -2.207275 -2.207275 -2.900422 1.000000 0.000000 0.000000 0.000000
-13.094870 3.393384 -42.492886 0.000000 0.000000 0.000000 0.910085 0.269766 -0.524279 4.200000 -2.900422 -2.207275 -2.900422 1.000000 0.000000 0.000000 0.000000
-20.197423 4.191461 -40.230724 0.000000 0.000000 0.000000 0.809435 0.385762 -0.440873 4.200000 -2.900422 -2.207275 -2.900422 1.000000 0.000000 0.000000 0.000000
-18.479320 8.758912 -41.734533 0.000000 0.000000 0.000000 -0.992574 -1.347065 -1.453412 4.200000 -2.302585 -2.659260 -2.302585 1.000000 0.000000 0.000000 0.000000
-18.987326 8.620681 -40.292944 0.000000 0.000000 0.000000 -0.992574 -1.347065 -1.453412 4.200000 -2.302585 -2.659260 -2.302585 1.000000 0.000000 0.000000 0.000000
-19.429717 8.479252 -42.017043 0.000000 0.000000 0.000000 -0.992574 -1.347065 -1.453412 4.200000 -2.302585 -2.659260 -2.302585 1.000000 0.000000 0.000000 0.000000
-19.124360 8.557576 -34.016879 0.000000 0.000000 0.000000 -0.992574 -1.347065 -1.453412 4.200000 -2.302585 -2.659260 -2.302585 1.000000 0.000000 0.000000 0.000000
-19.292566 8.537936 -39.915308 0.000000 0.000000 0.000000 -0.992574 -1.347065 -1.453412 4.200000 -2.302585 -2.659260 -2.302585 1.000000 0.000000 0.000000 0.000000
-18.852441 8.654780 -33.926453 0.000000 0.000000 0.000000 -0.992574 -1.347065 -1.453412 4.200000 -2.302585 -2.659260 -2.302585 1.000000 0.000000 0.000000 0.000000
-20.040688 8.298549 -38.223855 0.000000 0.000000 0.000000 -0.992574 -1.347065 -1.453412 4.200000 -2.302585 -2.659260 -2.302585 1.000000 0.000000 0.000000 0.000000
-18.808086 8.652907 -33.789483 0.000000 0.000000 0.000000 -0.992574 -1.347065 -1.453412 4.200000 -2.302585 -2.659260 -2.302585 1.000000 0.000000 0.000000 0.000000
-16.575397 9.293817 -43.724836 0.000000 0.000000 0.000000 -0.992574 -1.347065 -1.453412 4.200000 -2.302585 -2.659260 -2.302585 1.000000 0.000000 0.000000 0.000000
-13.355516 8.336879 -42.730145 0.000000 0.000000 0.000000 -0.992574 -1.347065 -1.453412 4.200000 -2.302585 -2.659260 -2.302585 1.000000 0.000000 0.000000 0.000000
-20.908360 8.052118 -39.974503 0.000000 0.000000 0.000000 -0.992574 -1.347065 -1.453412 4.200000 -2.302585 -2.659260 -2.302585 1.000000 0.000000 0.000000 0.000000
-15.280407 8.908683 -41.565383 0.000000 0.000000 0.000000 -0.992574 -1.347065 -1.453412 4.200000 -2.302585 -2.659260 -2.302585 1.000000 0.000000 0.000000 0.000000
-17.073901 9.174696 -43.648752 0.000000 0.000000 0.000000 -0.992574 -1.347065 -1.453412 4.200000 -2.302585 -2.659260 -2.302585 1.000000 0.000000 0.000000 0.000000
-16.711100 9.271061 -36.618854 0.000000 0.000000 0.000000 -0.992574 -1.347065 -1.453412 4.200000 -2.302585 -2.659260 -2.302585 1.000000 0.000000 0.000000 0.000000
-18.927568 8.617764 -42.502825 0.000000 0.000000 0.000000 -0.992574 -1.347065 -1.453412 4.200000 -2.302585 -2.659260 -2.302585 1.000000 0.000000 0.000000 0.000000
-16.391359 9.236134 -37.981851 0.000000 0.000000 0.000000 -0.992574 -1.347065 -1.453412 4.200000 -2.302585 -2.659260 -2.302585 1.000000 0.000000 0.000000 0.000000
-20.897912 8.063471 -41.159361 0.000000 0.000000 0.000000 -0.992574 -1.347065 -1.453412 4.200000 -2.302585 -2.659260 -2.302585 1.000000 0.000000 0.000000 0.000000
-15.560998 8.975955 -43.971988 0.000000 0.000000 0.000000 -0.992574 -1.347065 -1.453412 4.200000 -2.302585 -2.659260 -2.302585 1.000000 0.000000 0.000000 0.000000
-19.720954 8.403574 -39.916303 0.000000 0.000000 0.000000 -0.992574 -1.347065 -1.453412 4.200000 -2.302585 -2.659260 -2.302585 1.000000 0.000000 0.000000 0.000000
-20.196233 8.244743 -36.343539 0.000000 0.000000 0.000000 -0.992574 -1.347065 -1.453412 4.200000 -2.302585 -2.659260 -2.302585 1.000000 0.000000 0.000000 0.000000
-20.050183 8.312062 -37.107925 0.000000 0.000000 0.000000 -0.992574 -1.347065 -1.453412 4.200000 -2.302585 -2.659260 -2.302585 1.000000 0.000000 0.000000 0.000000
-19.408725 8.510557 -44.118660 0.000000 0.000000 0.000000 -0.992574 -1.347065 -1.453412 4.200000 -2.302585 -2.659260 -2.302585 1.000000 0.000000 0.000000 0.000000
-15.683107 9.023876 -43.684482 0.000000 0.000000 0.000000 -0.992574 -1.347065 -1.453412 4.200000 -2.302585 -2.659260 -2.302585 1.000000 0.000000 0.000000 0.000000
-15.625476 9.000519 -34.687202 0.000000 0.000000 0.000000 -0.992574 -1.347065 -1.453412 4.200000 -2.302585 -2.659260 -2.302585 1.000000 0.000000 0.000000 0.000000
-20.740625 8.094569 -43.427993 0.000000 0.000000 0.000000 -0.992574 -1.347065 -1.453412 4.200000 -2.302585 -2.659260 -2.302585 1.000000 0.000000 0.000000 0.000000
-12.421164 8.052976 -37.653673 0.000000 0.000000 0.000000 -0.992574 -1.347065 -1.453412 4.200000 -2.302585 -2.659260 -2.302585 1.000000 0.000000 0.000000 0.000000
-15.116741 8.834313 -43.469915 0.000000 0.000000 0.000000 -0.992574 -1.347065 -1.453412 4.200000 -2.302585 -2.659260 -2.302585 1.000000 0.000000 0.000000 0.000000
-15.644802 8.990477 -43.234160 0.000000 0.000000 0.000000 -0.992574 -1.347065 -1.453412 4.200000 -2.302585 -2.659260 -2.302585 1.000000 0.000000 0.000000 0.000000
-15.140518 8.857371 -40.943635 0.000000 0.000000 0.000000 -0.992574 -1.347065 -1.453412 4.200000 -2.302585 -2.659260 -2.302585 1.000000 0.000000 0.000000 0.000000
-18.750866 8.690233 -36.484391 0.000000 0.000000 0.000000 -0.992574 -1.347065 -1.453412 4.200000 -2.302585 -2.659260 -2.302585 1.000000 0.000000 0.000000 0.000000
-20.077074 8.288054 -34.880581 0.000000 0.000000 0.000000 -0.992574 -1.347065 -1.453412 4.200000 -2.302585 -2.659260 -2.302585 1.000000 0.000000 0.000000 0.000000
-13.234021 8.302229 -39.748533 0.000000 0.000000 0.000000 -0.992574 -1.347065 -1.453412 4.200000 -2.302585 -2.659260 -2.302585 1.000000 0.000000 0.000000 0.000000
-13.474380 8.359607 -35.481388 0.000000 0.000000 0.000000 -0.992574 -1.347065 -1.453412 4.200000 -2.302585 -2.659260 -2.302585 1.000000 0.000000 0.000000 0.000000
-20.493565 8.173781 -34.570428 0.000000 0.000000 0.000000 -0.992574 -1.347065 -1.453412 4.200000 -2.302585 -2.659260 -2.302585 1.000000 0.000000 0.000000 0.000000
-14.353197 8.624863 -40.490245 0.000000 0.000000 0.000000 -0.992574 -1.347065 -1.453412 4.200000 -2.302585 -2.659260 -2.302585 1.000000 0.000000 0.000000 0.000000
-16.876208 9.252136 -40.868118 0.000000 0.000000 0.000000 -0.992574 -1.347065 -1.453412 4.200000 -2.302585 -2.659260 -2.302585 1.000000 0.000000 0.000000 0.000000
-17.577763 9.042776 -39.771891 0.000000 0.000000 0.000000 -0.992574 -1.347065 -1.453412 4.200000 -2.302585 -2.659260 -2.302585 1.000000 0.000000 0.000000 0.000000
-16.125758 9.150367 -34.232123 0.000000 0.000000 0.000000 -0.992574 -1.347065 -1.453412 4.200000 -2.302585 -2.659260 -2.302585 1.000000 0.000000 0.000000 0.000000
-17.239931 9.116125 -34.724011 0.000000 0.000000 0.000000 -0.992574 -1.347065 -1.453412 4.200000 -2.302585 -2.659260 -2.302585 1.000000 0.000000 0.000000 0.000000
-13.044870 2.026023 -41.284850 0.000000 0.000000 0.000000 -1.488861 -0.496287 -0.070898 4.800000 -2.813411 -2.525729 -2.813411 1.000000 0.000000 0.000000 0.000000
-13.044870 1.936893 -41.697179 0.000000 0.000000 0.000000 -1.488861 -0.496287 -0.070898 4.800000 -2.813411 -2.525729 -2.813411 1.000000 0.000000 0.000000 0.000000
-13.044870 1.576607 -40.887710 0.000000 0.000000 0.000000 -1.488861 -0.496287 -0.070898 4.800000 -2.813411 -2.525729 -2.813411 1.000000 0.000000 0.000000 0.000000
-13.044870 1.867993 -41.270014 0.000000 0.000000 0.000000 -1.488861 -0.496287 -0.070898 4.800000 -2.813411 -2.525729 -2.813411 1.000000 0.000000 0.000000 0.000000
-13.044870 1.890094 -38.983679 0.000000 0.000000 0.000000 -1.488861 -0.496287 -0.070898 4.800000 -2.813411 -2.525729 -2.813411 1.000000 0.000000 0.000000 0.000000
-13.044870 1.893399 -39.182052 0.000000 0.000000 0.000000 -1.488861 -0.496287 -0.070898 4.800000 -2.813411 -2.525729 -2.813411 1.000000 0.000000 0.000000 0.000000
-13.044870 1.781466 -38.600865 0.000000 0.000000 0.000000 -1.488861 -0.496287 -0.070898 4.800000 -2.813411 -2.525729 -2.813411 1.000000 0.000000 0.000000 0.000000
-13.044870 2.003907 -38.641451 0.000000 0.000000 0.000000 -1.488861 -0.496287 -0.070898 4.800000 -2.813411 -2.525729 -2.813411 1.000000 0.000000 0.000000 0.000000
-13.044870 1.648723 -37.206280 0.000000 0.000000 0.000000 -1.488861 -0.496287 -0.070898 4.800000 -2.813411 -2.525729 -2.813411 1.000000 0.000000 0.000000 0.000000
-13.044870 1.596879 -37.162836 0.000000 0.000000 0.000000 -1.488861 -0.496287 -0.070898 4.800000 -2.813411 -2.525729 -2.813411 1.000000 0.000000 0.000000 0.000000
-13.044870 1.494541 -36.482436 0.000000 0.000000 0.000000 -1.488861 -0.496287 -0.070898 4.800000 -2.813411 -2.525729 -2.813411 1.000000 0.000000 0.000000 0.000000
-13.044870 1.350798 -36.162960 0.000000 0.000000 0.000000 -1.488861 -0.496287 -0.070898 4.800000 -2.813411 -2.525729 -2.813411 1.000000 0.000000 0.000000 0.000000
-13.044870 3.455235 -41.675273 0.000000 0.000000 0.000000 -1.488861 -0.496287 -0.070898 4.800000 -2.813411 -2.525729 -2.813411 1.000000 0.000000 0.000000 0.000000
-13.044870 4.118724 -41.467754 0.000000 0.000000 0.000000 -1.488861 -0.496287 -0.070898 4.800000 -2.813411 -2.525729 -2.813411 1.000000 0.000000 0.000000 0.000000
-13.044870 4.110691 -40.958859 0.000000 0.000000 0.000000 -1.488861 -0.496287 -0.070898 4.800000 -2.813411 -2.525729 -2.813411 1.000000 0.000000 0.000000 0.000000
-13.044870 3.670405 -41.595579 0.000000 0.000000 0.000000 -1.488861 -0.496287 -0.070898 4.800000 -2.813411 -2.525729 -2.813411 1.000000 0.000000 0.000000 0.000000
-13.044870 4.047976 -38.790854 0.000000 0.000000 0.000000 -1.488861 -0.496287 -0.070898 4.800000 -2.813411 -2.525729 -2.813411 1.000000 0.000000 0.000000 0.000000
-13.044870 3.486451 -39.107824 0.000000 0.000000 0.000000 -1.488861 -0.496287 -0.070898 4.800000 -2.813411 -2.525729 -2.813411 1.000000 0.000000 0.000000 0.000000
-13.044870 4.161997 -39.505404 0.000000 0.000000 0.000000 -1.488861 -0.496287 -0.070898 4.800000 -2.813411 -2.525729 -2.813411 1.000000 0.000000 0.000000 0.000000
-13.044870 3.765656 -38.921094 0.000000 0.000000 0.000000 -1.488861 -0.496287 -0.070898 4.800000 -2.813411 -2.525729 -2.813411 1.000000 0.000000 0.000000 0.000000
-13.044870 3.615931 -36.178348 0.000000 0.000000 0.000000 -1.488861 -0.496287 -0.070898 4.800000 -2.813411 -2.525729 -2.813411 1.000000 0.000000 0.000000 0.000000
-13.044870 4.077073 -36.379953 0.000000 0.000000 0.000000 -1.488861 -0.496287 -0.070898 4.800000 -2.813411 -2.525729 -2.813411 1.000000 0.000000 0.000000 0.000000
-13.044870 4.041538 -36.512866 0.000000 0.000000 0.000000 -1.488861 -0.496287 -0.070898 4.800000 -2.813411 -2.525729 -2.813411 1.000000 0.000000 0.000000 0.000000
-13.044870 3.861771 -36.810271 0.000000 0.000000 0.000000 -1.488861 -0.496287 -0.070898 4.800000 -2.813411 -2.525729 -2.813411 1.000000 0.000000 0.000000 0.000000
-20.792178 4.412128 -22.731056 0.000000 0.000000 0.000000 0.302183 -0.220095 -0.835677 4.200000 -2.900422 -2.207275 -2.900422 1.000000 0.000000 0.000000 0.000000
-13.136595 0.000000 -26.910942 0.000000 0.000000 0.000000 0.290599 -0.236060 -0.881637 4.200000 -2.207275 -2.900422 -2.207275 1.000000 0.000000 0.000000 0.000000
-12.322601 5.068654 -26.899826 0.000000 0.000000 0.000000 0.279286 -0.216402 -0.672313 4.200000 -2.900422 -2.207275 -2.900422 1.000000 0.000000 0.000000 0.000000
-20.792178 0.383709 -24.497532 0.000000 0.000000 0.000000 0.081615 -0.344370 -0.740058 4.200000 -2.900422 -2.207275 -2.900422 1.000000 0.000000 0.000000 0.000000
-13.946067 4.026552 -31.413980 0.000000 0.000000 0.000000 0.317386 -0.159223 -0.679191 4.200000 -2.207275 -2.207275 -2.900422 1.000000 0.000000 0.000000 0.000000
-13.809291 2.988332 -31.413980 0.000000 0.000000 0.000000 0.125158 -0.410147 -0.742453 4.200000 -2.207275 -2.207275 -2.900422 1.000000 0.000000 0.000000 0.000000
-12.322601 4.499963 -25.373881 0.000000 0.000000 0.000000 0.263129 -0.217496 -0.859504 4.200000 -2.900422 -2.207275 -2.900422 1.000000 0.000000 0.000000 0.000000
-15.858908 6.212248 -26.287762 0.000000 0.000000 0.000000 0.132485 -0.206843 -0.794198 4.200000 -2.207275 -2.900422 -2.207275 1.000000 0.000000 0.000000 0.000000
-15.233110 6.212248 -24.936661 0.000000 0.000000 0.000000 0.176798 -0.381318 -0.694015 4.200000 -2.207275 -2.900422 -2.207275 1.000000 0.000000 0.000000 0.000000
-14.669468 6.212248 -29.950332 0.000000 0.000000 0.000000 0.271494 -0.375260 -0.845150 4.200000 -2.207275 -2.900422 -2.207275 1.000000 0.000000 0.000000 0.000000
-12.322601 2.188997 -25.070633 0.000000 0.000000 0.000000 0.308017 -0.242745 -0.878544 4.200000 -2.900422 -2.207275 -2.900422 1.000000 0.000000 0.000000 0.000000
-12.322601 1.765582 -29.756639 0.000000 0.000000 0.000000 0.131910 -0.230977 -0.756669 4.200000 -2.900422 -2.207275 -2.900422 1.000000 0.000000 0.000000 0.000000
-18.625828 0.000000 -25.014335 0.000000 0.000000 0.000000 0.172034 -0.416952 -0.657474 4.200000 -2.207275 -2.900422 -2.207275 1.000000 0.000000 0.000000 0.000000
-18.313247 6.212248 -28.955809 0.000000 0.000000 0.000000 0.153885 -0.410774 -0.913491 4.200000 -2.207275 -2.900422 -2.207275 1.000000 0.000000 0.000000 0.000000
-13.691466 0.000000 -25.118508 0.000000 0.000000 0.000000 0.175036 -0.248960 -0.903503 4.200000 -2.207275 -2.900422 -2.207275 1.000000 0.000000 0.000000 0.000000
-18.052779 1.090360 -31.413980 0.000000 0.000000 0.000000 0.225932 -0.209984 -0.671044 4.200000 -2.207275 -2.207275 -2.900422 1.000000 0.000000 0.000000 0.000000
-13.770692 0.000000 -29.292327 0.000000 0.000000 0.000000 0.089021 -0.198507 -0.862888 4.200000 -2.207275 -2.900422 -2.207275 1.000000 0.000000 0.000000 0.000000
-18.927859 0.000000 -25.280888 0.000000 0.000000 0.000000 0.241068 -0.268564 -0.694035 4.200000 -2.207275 -2.900422 -2.207275 1.000000 0.000000 0.000000 0.000000
-12.322601 0.216923 -29.208147 0.000000 0.000000 0.000000 0.217900 -0.158069 -0.879717 4.200000 -2.900422 -2.207275 -2.900422 1.000000 0.000000 0.000000 0.000000
-14.959791 6.212248 -25.691768 0.000000 0.000000 0.000000 0.299029 -0.194341 -0.663409 4.200000 -2.207275 -2.900422 -2.207275 1.000000 0.000000 0.000000 0.000000
-12.322601 1.228289 -29.821997 0.000000 0.000000 0.000000 0.167119 -0.422292 -0.698630 4.200000 -2.900422 -2.207275 -2.900422 1.000000 0.000000 0.000000 0.000000
-19.268173 1.646844 -31.413980 0.000000 0.000000 0.000000 0.342867 -0.265040 -0.675466 4.200000 -2.207275 -2.207275 -2.900422 1.000000 0.000000 0.000000 0.000000
-17.928165 0.000000 -22.959752 0.000000 0.000000 0.000000 0.197759 -0.339972 -0.662051 4.200000 -2.207275 -2.900422 -2.207275 1.000000 0.000000 0.000000 0.000000
-20.244401 6.212248 -30.580683 0.000000 0.000000 0.000000 0.113064 -0.399537 -0.743981 4.200000 -2.207275 -2.900422 -2.207275 1.000000 0.000000 0.000000 0.000000
-17.589498 4.176863 -22.586020 0.000000 0.000000 0.000000 0.304015 -0.387541 -0.730581 4.200000 -2.207275 -2.207275 -2.900422 1.000000 0.000000 0.000000 0.000000
-18.996609 0.000000 -23.657656 0.000000 0.000000 0.000000 0.202992 -0.314686 -0.689264 4.200000 -2.207275 -2.900422 -2.207275 1.000000 0.000000 0.000000 0.000000
-20.792178 3.918729 -24.576537 0.000000 0.000000 0.000000 0.191385 -0.178043 -0.726148 4.200000 -2.900422 -2.207275 -2.900422 1.000000 0.000000 0.000000 0.000000
-14.955214 6.212248 -26.057186 0.000000 0.000000 0.000000 0.175222 -0.198488 -0.744707 4.200000 -2.207275 -2.900422 -2.207275 1.000000 0.000000 0.000000 0.000000
-17.761462 6.212248 -29.003430 0.000000 0.000000 0.000000 0.353379 -0.348573 -0.639865 4.200000 -2.207275 -2.900422 -2.207275 1.000000 0.000000 0.000000 0.000000
-19.244746 2.386727 -22.586020 0.000000 0.000000 0.000000 0.267037 -0.406207 -0.705302 4.200000 -2.207275 -2.207275 -2.900422 1.000000 0.000000 0.000000 0.000000
-12.322601 4.526525 -24.397865 0.000000 0.000000 0.000000 0.273745 -0.358307 -0.743176 4.200000 -2.900422 -2.207275 -2.900422 1.000000 0.000000 0.000000 0.000000
-20.530134 0.000000 -31.306196 0.000000 0.000000 0.000000 0.268814 -0.171153 -0.895915 4.200000 -2.207275 -2.900422 -2.207275 1.000000 0.000000 0.000000 0.000000
-18.733016 1.614118 -31.413980 0.000000 0.000000 0.000000 0.342566 -0.185493 -0.744396 4.200000 -2.207275 -2.207275 -2.900422 1.000000 0.000000 0.000000 0.000000
-12.322601 0.152963 -25.794859 0.000000 0.000000 0.000000 0.103871 -0.353840 -0.828662 4.200000 -2.900422 -2.207275 -2.900422 1.000000 0.000000 0.000000 0.000000
-12.322601 4.795813 -30.375967 0.000000 0.000000 0.000000 0.285878 -0.272002 -0.642795 4.200000 -2.900422 -2.207275 -2.900422 1.000000 0.000000 0.000000 0.000000
-12.322601 1.522874 -28.658405 0.000000 0.000000 0.000000 0.123095 -0.399627 -0.808999 4.200000 -2.900422 -2.207275 -2.900422 1.000000 0.000000 0.000000 0.000000
-20.792178 3.538298 -30.095055 0.000000 0.000000 0.000000 0.245345 -0.304736 -0.908908 4.200000 -2.900422 -2.207275 -2.900422 1.000000 0.000000 0.000000 0.000000
-12.322601 4.034684 -29.011736 0.000000 0.000000 0.000000 0.328898 -0.347421 -0.919960 4.200000 -2.900422 -2.207275 -2.900422 1.000000 0.000000 0.000000 0.000000
-16.647926 0.000000 -23.816259 0.000000 0.000000 0.000000 0.270315 -0.398608 -0.695470 4.200000 -2.207275 -2.900422 -2.207275 1.000000 0.000000 0.000000 0.000000
-18.329857 5.523613 -31.413980 0.000000 0.000000 0.000000 0.198847 -0.197320 -0.671505 4.200000 -2.207275 -2.207275 -2.900422 1.000000 0.000000 0.000000 0.000000
-18.657250 5.334705 -31.413980 0.000000 0.000000 0.000000 0.198955 -0.423822 -0.666124 4.200000 -2.207275 -2.207275 -2.900422 1.000000 0.000000 0.000000 0.000000
-17.007369 6.212248 -25.327370 0.000000 0.000000 0.000000 0.336196 -0.211603 -0.873376 4.200000 -2.207275 -2.900422 -2.207275 1.000000 0.000000 0.000000 0.000000
-12.322601 1.577879 -24.894911 0.000000 0.000000 0.000000 0.351494 -0.352842 -0.717718 4.200000 -2.900422 -2.207275 -2.900422 1.000000 0.000000 0.000000 0.000000
-13.501137 2.670832 -31.413980 0.000000 0.000000 0.000000 0.160438 -0.202522 -0.686234 4.200000 -2.207275 -2.207275 -2.900422 1.000000 0.000000 0.000000 0.000000
-18.953574 4.492763 -22.586020 0.000000 0.000000 0.000000 0.113861 -0.152894 -0.652181 4.200000 -2.207275 -2.207275 -2.900422 1.000000 0.000000 0.000000 0.000000
-14.243162 3.939089 -22.586020 0.000000 0.000000 0.000000 0.160181 -0.300874 -0.867597 4.200000 -2.207275 -2.207275 -2.900422 1.000000 0.000000 0.000000 0.000000
-12.322601 3.109636 -23.710287 0.000000 0.000000 0.000000 0.210333 -0.274741 -0.768673 4.200000 -2.900422 -2.207275 -2.900422 1.000000 0.000000 0.000000 0.000000
-12.322601 5.834189 -28.786858 0.000000 0.000000 0.000000 0.110768 -0.338396 -0.851972 4.200000 -2.900422 -2.207275 -2.900422 1.000000 0.000000 0.000000 0.000000
-19.165799 0.000000 -27.401169 0.000000 0.000000 0.000000 0.204559 -0.407512 -0.702592 4.200000 -2.207275 -2.900422 -2.207275 1.000000 0.000000 0.000000 0.000000
-20.792178 5.776229 -29.575516 0.000000 0.000000 0.000000 0.125691 -0.169557 -0.816798 4.200000 -2.900422 -2.207275 -2.900422 1.000000 0.000000 0.000000 0.000000
-12.322601 3.073154 -28.287048 0.000000 0.000000 0.000000 0.290552 -0.408710 -0.701152 4.200000 -2.900422 -2.207275 -2.900422 1.000000 0.000000 0.000000 0.000000
-20.610498 0.000000 -27.554978 0.000000 0.000000 0.000000 0.334166 -0.283769 -0.721554 4.200000 -2.207275 -2.900422 -2.207275 1.000000 0.000000 0.000000 0.000000
-19.209659 1.897920 -31.413980 0.000000 0.000000 0.000000 0.335716 -0.144858 -0.693240 4.200000 -2.207275 -2.207275 -2.900422 1.000000 0.000000 0.000000 0.000000
-17.345049 0.000000 -29.901889 0.000000 0.000000 0.000000 0.139560 -0.228686 -0.823621 4.200000 -2.207275 -2.900422 -2.207275 1.000000 0.000000 0.000000 0.000000
-13.073877 1.979461 -31.413980 0.000000 0.000000 0.000000 0.233617 -0.376049 -0.750446 4.200000 -2.207275 -2.207275 -2.900422 1.000000 0.000000 0.000000 0.000000
-20.676511 4.565314 -22.586020 0.000000 0.000000 0.000000 0.096489 -0.151222 -0.790705 4.200000 -2.207275 -2.207275 -2.900422 1.000000 0.000000 0.000000 0.000000
-20.792178 1.627913 -22.598081 0.000000 0.000000 0.000000 0.142766 -0.387361 -0.732838 4.200000 -2.900422 -2.207275 -2.900422 1.000000 0.000000 0.000000 0.000000
-17.370704 5.152970 -31.413980 0.000000 0.000000 0.000000 0.202713 -0.353708 -0.718178 4.200000 -2.207275 -2.207275 -2.900422 1.000000 0.000000 0.000000 0.000000
-12.443085 5.191253 -22.586020 0.000000 0.000000 0.000000 0.342144 -0.195093 -0.899022 4.200000 -2.207275 -2.207275 -2.900422 1.000000 0.000000 0.000000 0.000000
-19.456277 6.212248 -27.698635 0.000000 0.000000 0.000000 0.274770 -0.306222 -0.880350 4.200000 -2.207275 -2.900422 -2.207275 1.000000 0.000000 0.000000 0.000000
-14.718982 0.000000 -26.066359 0.000000 0.000000 0.000000 0.207247 -0.242494 -0.667346 4.200000 -2.207275 -2.900422 -2.207275 1.000000 0.000000 0.000000 0.000000
-13.113574 4.643883 -31.413980 0.000000 0.000000 0.000000 0.111062 -0.371787 -0.697596 4.200000 -2.207275 -2.207275 -2.900422 1.000000 0.000000 0.000000 0.000000
-13.983214 0.000000 -24.920498 0.000000 0.000000 0.000000 0.277297 -0.352427 -0.871491 4.200000 -2.207275 -2.900422 -2.207275 1.000000 0.000000 0.000000 0.000000
-12.528722 0.000000 -22.615664 0.000000 0.000000 0.000000 0.107049 -0.142800 -0.682063 4.200000 -2.207275 -2.900422 -2.207275 1.000000 0.000000 0.000000 0.000000
-20.689589 6.212248 -31.393689 0.000000 0.000000 0.000000 0.197431 -0.398756 -0.665830 4.200000 -2.207275 -2.900422 -2.207275 1.000000 0.000000 0.000000 0.000000
-12.322601 2.407268 -30.636896 0.000000 0.000000 0.000000 0.301520 -0.164848 -0.798535 4.200000 -2.900422 -2.207275 -2.900422 1.000000 0.000000 0.000000 0.000000
-15.746763 6.212248 -31.410405 0.000000 0.000000 0.000000 0.108979 -0.212282 -0.738102 4.200000 -2.207275 -2.900422 -2.207275 1.000000 0.000000 0.000000 0.000000
-17.190038 6.212248 -23.615093 0.000000 0.000000 0.000000 0.072156 -0.177023 -0.803997 4.200000 -2.207275 -2.900422 -2.207275 1.000000 0.000000 0.000000 0.000000
-18.109032 0.000000 -30.252384 0.000000 0.000000 0.000000 0.083679 -0.207132 -0.794268 4.200000 -2.207275 -2.900422 -2.207275 1.000000 0.000000 0.000000 0.000000
-20.792178 3.801201 -25.431125 0.000000 0.000000 0.000000 0.222486 -0.410417 -0.734071 4.200000 -2.900422 -2.207275 -2.900422 1.000000 0.000000 0.000000 0.000000
-12.322601 3.746341 -24.156585 0.000000 0.000000 0.000000 0.149108 -0.364230 -0.729541 4.200000 -2.900422 -2.207275 -2.900422 1.000000 0.000000 0.000000 0.000000
-12.322601 0.584806 -29.407041 0.000000 0.000000 0.000000 0.327595 -0.290330 -0.731112 4.200000 -2.900422 -2.207275 -2.900422 1.000000 0.000000 0.000000 0.000000
-16.113126 3.566755 -22.586020 0.000000 0.000000 0.000000 0.240931 -0.267989 -0.644391 4.200000 -2.207275 -2.207275 -2.900422 1.000000 0.000000 0.000000 0.000000
-20.035671 5.860654 -22.586020 0.000000 0.000000 0.000000 0.076901 -0.171210 -0.823151 4.200000 -2.207275 -2.207275 -2.900422 1.000000 0.000000 0.000000 0.000000
-16.845557 2.363081 -31.413980 0.000000 0.000000 0.000000 0.164007 -0.349128 -0.682994 4.200000 -2.207275 -2.207275 -2.900422 1.000000 0.000000 0.000000 0.000000
-20.324976 4.914298 -31.413980 0.000000 0.000000 0.000000 0.268093 -0.196699 -0.797895 4.200000 -2.207275 -2.207275 -2.900422 1.000000 0.000000 0.000000 0.000000
-20.792178 2.806090 -29.290788 0.000000 0.000000 0.000000 0.328027 -0.396745 -0.916723 4.200000 -2.900422 -2.207275 -2.900422 1.000000 0.000000 0.000000 0.000000
-12.322601 4.960797 -29.289988 0.000000 0.000000 0.000000 0.234196 -0.207901 -0.639857 4.200000 -2.900422 -2.207275 -2.900422 1.000000 0.000000 0.000000 0.000000
-20.792178 4.682861 -25.993825 0.000000 0.000000 0.000000 0.210849 -0.223753 -0.713795 4.200000 -2.900422 -2.207275 -2.900422 1.000000 0.000000 0.000000 0.000000
-12.322601 5.788832 -24.816671 0.000000 0.000000 0.000000 0.308354 -0.230534 -0.787664 4.200000 -2.900422 -2.207275 -2.900422 1.000000 0.000000 0.000000 0.000000
-20.792178 4.886916 -25.362774 0.000000 0.000000 0.000000 0.111966 -0.322933 -0.758544 4.200000 -2.900422 -2.207275 -2.900422 1.000000 0.000000 0.000000 0.000000
-18.320288 5.268086 -22.586020 0.000000 0.000000 0.000000 0.180674 -0.257521 -0.729694 4.200000 -2.207275 -2.207275 -2.900422 1.000000 0.000000 0.000000 0.000000
-20.047015 6.212248 -23.668721 0.000000 0.000000 0.000000 0.291330 -0.181475 -0.671885 4.200000 -2.207275 -2.900422 -2.207275 1.000000 0.000000 0.000000 0.000000
-11.923031 6.358614 -30.276871 0.000000 0.000000 0.000000 -0.992574 -1.347065 -1.453412 4.200000 -2.302585 -2.659260 -2.302585 1.000000 0.000000 0.000000 0.000000
-19.121359 6.881158 -28.845269 0.000000 0.000000 0.000000 -0.992574 -1.347065 -1.453412 4.200000 -2.302585 -2.659260 -2.302585 1.000000 0.000000 0.000000 0.000000
-21.204901 6.360354 -31.883847 0.000000 0.000000 0.000000 -0.992574 -1.347065 -1.453412 4.200000 -2.302585 -2.659260 -2.302585 1.000000 0.000000 0.000000 0.000000
-18.855588 6.957401 -29.054874 0.000000 0.000000 0.000000 -0.992574 -1.347065 -1.453412 4.200000 -2.302585 -2.659260 -2.302585 1.000000 0.000000 0.000000 0.000000
-11.859470 6.360699 -26.202564 0.000000 0.000000 0.000000 -0.992574 -1.347065 -1.453412 4.200000 -2.302585 -2.659260 -2.302585 1.000000 0.000000 0.000000 0.000000
-15.399360 7.213509 -29.813653 0.000000 0.000000 0.000000 -0.992574 -1.347065 -1.453412 4.200000 -2.302585 -2.659260 -2.302585 1.000000 0.000000 0.000000 0.000000
-19.527986 6.776339 -31.751120 0.000000 0.000000 0.000000 -0.992574 -1.347065 -1.453412 4.200000 -2.302585 -2.659260 -2.302585 1.000000 0.000000 0.000000 0.000000
-13.578591 6.770811 -25.881167 0.000000 0.000000 0.000000 -0.992574 -1.347065 -1.453412 4.200000 -2.302585 -2.659260 -2.302585 1.000000 0.000000 0.000000 0.000000
-19.747310 6.738635 -31.378037 0.000000 0.000000 0.000000 -0.992574 -1.347065 -1.453412 4.200000 -2.302585 -2.659260 -2.302585 1.000000 0.000000 0.000000 0.000000
-11.633857 6.297641 -28.589032 0.000000 0.000000 0.000000 -0.992574 -1.347065 -1.453412 4.200000 -2.302585 -2.659260 -2.302585 1.000000 0.000000 0.000000 0.000000
-19.083316 6.904990 -22.198011 0.000000 0.000000 0.000000 -0.992574 -1.347065 -1.453412 4.200000 -2.302585 -2.659260 -2.302585 1.000000 0.000000 0.000000 0.000000
-19.774425 6.703759 -22.683805 0.000000 0.000000 0.000000 -0.992574 -1.347065 -1.453412 4.200000 -2.302585 -2.659260 -2.302585 1.000000 0.000000 0.000000 0.000000
-20.754661 6.490715 -30.423066 0.000000 0.000000 0.000000 -0.992574 -1.347065 -1.453412 4.200000 -2.302585 -2.659260 -2.302585 1.000000 0.000000 0.000000 0.000000
-21.517447 6.286362 -25.336039 0.000000 0.000000 0.000000 -0.992574 -1.347065 -1.453412 4.200000 -2.302585 -2.659260 -2.302585 1.000000 0.000000 0.000000 0.000000
-16.717003 7.486392 -30.570249 0.000000 0.000000 0.000000 -0.992574 -1.347065 -1.453412 4.200000 -2.302585 -2.659260 -2.302585 1.000000 0.000000 0.000000 0.000000
-16.081429 7.402107 -27.547716 0.000000 0.000000 0.000000 -0.992574 -1.347065 -1.453412 4.200000 -2.302585 -2.659260 -2.302585 1.000000 0.000000 0.000000 0.000000
-21.674614 6.259415 -28.057300 0.000000 0.000000 0.000000 -0.992574 -1.347065 -1.453412 4.200000 -2.302585 -2.659260 -2.302585 1.000000 0.000000 0.000000 0.000000
-18.668076 6.973982 -27.306623 0.000000 0.000000 0.000000 -0.992574 -1.347065 -1.453412 4.200000 -2.302585 -2.659260 -2.302585 1.000000 0.000000 0.000000 0.000000
-19.485842 6.807431 -26.491125 0.000000 0.000000 0.000000 -0.992574 -1.347065 -1.453412 4.200000 -2.302585 -2.659260 -2.302585 1.000000 0.000000 0.000000 0.000000
-15.958709 7.374091 -21.973793 0.000000 0.000000 0.000000 -0.992574 -1.347065 -1.453412 4.200000 -2.302585 -2.659260 -2.302585 1.000000 0.000000 0.000000 0.000000
-13.748125 6.819476 -25.101626 0.000000 0.000000 0.000000 -0.992574 -1.347065 -1.453412 4.200000 -2.302585 -2.659260 -2.302585 1.000000 0.000000 0.000000 0.000000
-16.109637 7.386518 -22.428404 0.000000 0.000000 0.000000 -0.992574 -1.347065 -1.453412 4.200000 -2.302585 -2.659260 -2.302585 1.000000 0.000000 0.000000 0.000000
-13.921895 6.845035 -22.187147 0.000000 0.000000 0.000000 -0.992574 -1.347065 -1.453412 4.200000 -2.302585 -2.659260 -2.302585 1.000000 0.000000 0.000000 0.000000
-17.236912 7.332831 -31.870770 0.000000 0.000000 0.000000 -0.992574 -1.347065 -1.453412 4.200000 -2.302585 -2.659260 -2.302585 1.000000 0.000000 0.000000 0.000000
-17.157657 7.377299 -24.509225 0.000000 0.000000 0.000000 -0.992574 -1.347065 -1.453412 4.200000 -2.302585 -2.659260 -2.302585 1.000000 0.000000 0.000000 0.000000
-20.065418 6.648509 -30.438233 0.000000 0.000000 0.000000 -0.992574 -1.347065 -1.453412 4.200000 -2.302585 -2.659260 -2.302585 1.000000 0.000000 0.000000 0.000000
-14.508254 7.025842 -30.316688 0.000000 0.000000 0.000000 -0.992574 -1.347065 -1.453412 4.200000 -2.302585 -2.659260 -2.302585 1.000000 0.000000 0.000000 0.000000
-11.325123 6.234542 -24.085203 0.000000 0.000000 0.000000 -0.992574 -1.347065 -1.453412 4.200000 -2.302585 -2.659260 -2.302585 1.000000 0.000000 0.000000 0.000000
-15.613525 7.290041 -27.265329 0.000000 0.000000 0.000000 -0.992574 -1.347065 -1.453412 4.200000 -2.302585 -2.659260 -2.302585 1.000000 0.000000 0.000000 0.000000
-13.083072 6.664924 -30.216750 0.000000 0.000000 0.000000 -0.992574 -1.347065 -1.453412 4.200000 -2.302585 -2.659260 -2.302585 1.000000 0.000000 0.000000 0.000000
-14.848254 7.087707 -28.340095 0.000000 0.000000 0.000000 -0.992574 -1.347065 -1.453412 4.200000 -2.302585 -2.659260 -2.302585 1.000000 0.000000 0.000000 0.000000
-13.957680 6.889546 -24.896807 0.000000 0.000000 0.000000 -0.992574 -1.347065 -1.453412 4.200000 -2.302585 -2.659260 -2.302585 1.000000 0.000000 0.000000 0.000000
-12.764067 6.591796 -32.013011 0.000000 0.000000 0.000000 -0.992574 -1.347065 -1.453412 4.200000 -2.302585 -2.659260 -2.302585 1.000000 0.000000 0.000000 0.000000
-20.889107 6.446268 -25.988860 0.000000 0.000000 0.000000 -0.992574 -1.347065 -1.453412 4.200000 -2.302585 -2.659260 -2.302585 1.000000 0.000000 0.000000 0.000000
-17.488198 7.275430 -26.309663 0.000000 0.000000 0.000000 -0.992574 -1.347065 -1.453412 4.200000 -2.302585 -2.659260 -2.302585 1.000000 0.000000 0.000000 0.000000
-19.796876 6.736414 -22.295857 0.000000 0.000000 0.000000 -0.992574 -1.347065 -1.453412 4.200000 -2.302585 -2.659260 -2.302585 1.000000 0.000000 0.000000 0.000000
-15.013365 7.148879 -29.687493 0.000000 0.000000 0.000000 -0.992574 -1.347065 -1.453412 4.200000 -2.302585 -2.659260 -2.302585 1.000000 0.000000 0.000000 0.000000
-20.552707 6.540673 -26.282199 0.000000 0.000000 0.000000 -0.992574 -1.347065 -1.453412 4.200000 -2.302585 -2.659260 -2.302585 1.000000 0.000000 0.000000 0.000000
-12.272601 1.643173 -28.796922 0.000000 0.000000 0.000000 -1.488861 -0.496287 -0.070898 4.800000 -2.813411 -2.525729 -2.813411 1.000000 0.000000 0.000000 0.000000
-12.272601 2.046475 -28.829592 0.000000 0.000000 0.000000 -1.488861 -0.496287 -0.070898 4.800000 -2.813411 -2.525729 -2.813411 1.000000 0.000000 0.000000 0.000000
-12.272601 1.654896 -29.421259 0.000000 0.000000 0.000000 -1.488861 -0.496287 -0.070898 4.800000 -2.813411 -2.525729 -2.813411 1.000000 0.000000 0.000000 0.000000
-12.272601 1.645724 -29.178830 0.000000 0.000000 0.000000 -1.488861 -0.496287 -0.070898 4.800000 -2.813411 -2.525729 -2.813411 1.000000 0.000000 0.000000 0.000000
-12.272601 1.620412 -27.448565 0.000000 0.000000 0.000000 -1.488861 -0.496287 -0.070898 4.800000 -2.813411 -2.525729 -2.813411 1.000000 0.000000 0.000000 0.000000
-12.272601 1.994123 -27.111714 0.000000 0.000000 0.000000 -1.488861 -0.496287 -0.070898 4.800000 -2.813411 -2.525729 -2.813411 1.000000 0.000000 0.000000 0.000000
-12.272601 1.843452 -26.589683 0.000000 0.000000 0.000000 -1.488861 -0.496287 -0.070898 4.800000 -2.813411 -2.525729 -2.813411 1.000000 0.000000 0.000000 0.000000
-12.272601 1.644049 -26.499186 0.000000 0.000000 0.000000 -1.488861 -0.496287 -0.070898 4.800000 -2.813411 -2.525729 -2.813411 1.000000 0.000000 0.000000 0.000000
-12.272601 1.986832 -24.239379 0.000000 0.000000 0.000000 -1.488861 -0.496287 -0.070898 4.800000 -2.813411 -2.525729 -2.813411 1.000000 0.000000 0.000000 0.000000
-12.272601 1.625794 -24.864053 0.000000 0.000000 0.000000 -1.488861 -0.496287 -0.070898 4.800000 -2.813411 -2.525729 -2.813411 1.000000 0.000000 0.000000 0.000000
-12.272601 1.365731 -24.675258 0.000000 0.000000 0.000000 -1.488861 -0.496287 -0.070898 4.800000 -2.813411 -2.525729 -2.813411 1.000000 0.000000 0.000000 0.000000
-12.272601 1.432961 -24.734366 0.000000 0.000000 0.000000 -1.488861 -0.496287 -0.070898 4.800000 -2.813411 -2.525729 -2.813411 1.000000 0.000000 0.000000 0.000000
-12.272601 4.079149 -28.863976 0.000000 0.000000 0.000000 -1.488861 -0.496287 -0.070898 4.800000 -2.813411 -2.525729 -2.813411 1.000000 0.000000 0.000000 0.000000
-12.272601 3.589437 -29.782145 0.000000 0.000000 0.000000 -1.488861 -0.496287 -0.070898 4.800000 -2.813411 -2.525729 -2.813411 1.000000 0.000000 0.000000 0.000000
-12.272601 4.118277 -29.231556 0.000000 0.000000 0.000000 -1.488861 -0.496287 -0.070898 4.800000 -2.813411 -2.525729 -2.813411 1.000000 0.000000 0.000000 0.000000
-12.272601 3.914461 -29.152273 0.000000 0.000000 0.000000 -1.488861 -0.496287 -0.070898 4.800000 -2.813411 -2.525729 -2.813411 1.000000 0.000000 0.000000 0.000000
-12.272601 3.902856 -26.749096 0.000000 0.000000 0.000000 -1.488861 -0.496287 -0.070898 4.800000 -2.813411 -2.525729 -2.813411 1.000000 0.000000 0.000000 0.000000
-12.272601 4.031841 -26.670398 0.000000 0.000000 0.000000 -1.488861 -0.496287 -0.070898 4.800000 -2.813411 -2.525729 -2.813411 1.000000 0.000000 0.000000 0.000000
-12.272601 4.149296 -26.659497 0.000000 0.000000 0.000000 -1.488861 -0.496287 -0.070898 4.800000 -2.813411 -2.525729 -2.813411 1.000000 0.000000 0.000000 0.000000
-12.272601 3.738576 -26.464278 0.000000 0.000000 0.000000 -1.488861 -0.496287 -0.070898 4.800000 -2.813411 -2.525729 -2.813411 1.000000 0.000000 0.000000 0.000000
-12.272601 3.615728 -25.080870 0.000000 0.000000 0.000000 -1.488861 -0.496287 -0.070898 4.800000 -2.813411 -2.525729 -2.813411 1.000000 0.000000 0.000000 0.000000
-12.272601 3.595021 -24.902263 0.000000 0.000000 0.000000 -1.488861 -0.496287 -0.070898 4.800000 -2.813411 -2.525729 -2.813411 1.000000 0.000000 0.000000 0.000000
-12.272601 4.071325 -25.167123 0.000000 0.000000 0.000000 -1.488861 -0.496287 -0.070898 4.800000 -2.813411 -2.525729 -2.813411 1.000000 0.000000 0.000000 0.000000
-12.272601 3.926737 -24.659321 0.000000 0.000000 0.000000 -1.488861 -0.496287 -0.070898 4.800000 -2.813411 -2.525729 -2.813411 1.000000 0.000000 0.000000 0.000000
-20.702665 4.090615 -15.437106 0.000000 0.000000 0.000000 0.662338 -0.019795 -0.787522 4.200000 -2.900422 -2.207275 -2.900422 1.000000 0.000000 0.000000 0.000000
-13.183167 2.622728 -19.189437 0.000000 0.000000 0.000000 0.522672 0.042688 -0.567022 4.200000 -2.207275 -2.207275 -2.900422 1.000000 0.000000 0.000000 0.000000
-14.613946 7.078311 -17.169099 0.000000 0.000000 0.000000 0.460811 -0.023915 -0.584632 4.200000 -2.207275 -2.900422 -2.207275 1.000000 0.000000 0.000000 0.000000
-12.579551 6.555059 -13.464692 0.000000 0.000000 0.000000 0.394547 -0.103586 -0.618051 4.200000 -2.900422 -2.207275 -2.900422 1.000000 0.000000 0.000000 0.000000
-18.076675 7.078311 -14.263390 0.000000 0.000000 0.000000 0.562180 0.068413 -0.768601 4.200000 -2.207275 -2.900422 -2.207275 1.000000 0.000000 0.000000 0.000000
-14.999995 7.078311 -12.462012 0.000000 0.000000 0.000000 0.571826 -0.040411 -0.732541 4.200000 -2.207275 -2.900422 -2.207275 1.000000 0.000000 0.000000 0.000000
-14.127286 1.145913 -19.189437 0.000000 0.000000 0.000000 0.444024 0.029075 -0.623226 4.200000 -2.207275 -2.207275 -2.900422 1.000000 0.000000 0.000000 0.000000
-18.879610 0.000000 -12.951002 0.000000 0.000000 0.000000 0.446587 -0.083959 -0.538449 4.200000 -2.207275 -2.900422 -2.207275 1.000000 0.000000 0.000000 0.000000
-19.973723 0.000000 -11.343212 0.000000 0.000000 0.000000 0.554217 -0.002866 -0.700962 4.200000 -2.207275 -2.900422 -2.207275 1.000000 0.000000 0.000000 0.000000
-19.831828 3.361859 -10.810563 0.000000 0.000000 0.000000 0.479224 -0.055074 -0.701772 4.200000 -2.207275 -2.207275 -2.900422 1.000000 0.000000 0.000000 0.000000
-19.677037 7.078311 -16.589664 0.000000 0.000000 0.000000 0.512102 0.091079 -0.654451 4.200000 -2.207275 -2.900422 -2.207275 1.000000 0.000000 0.000000 0.000000
-14.099646 0.000000 -14.876455 0.000000 0.000000 0.000000 0.638148 -0.109655 -0.733827 4.200000 -2.207275 -2.900422 -2.207275 1.000000 0.000000 0.000000 0.000000
-20.702665 1.157727 -15.850228 0.000000 0.000000 0.000000 0.526522 -0.050253 -0.639500 4.200000 -2.900422 -2.207275 -2.900422 1.000000 0.000000 0.000000 0.000000
-20.702665 2.005280 -18.211621 0.000000 0.000000 0.000000 0.637211 0.093411 -0.635003 4.200000 -2.900422 -2.207275 -2.900422 1.000000 0.000000 0.000000 0.000000
-20.702665 5.732359 -14.875485 0.000000 0.000000 0.000000 0.524316 -0.076987 -0.672402 4.200000 -2.900422 -2.207275 -2.900422 1.000000 0.000000 0.000000 0.000000
-20.702665 5.516605 -18.252851 0.000000 0.000000 0.000000 0.583945 -0.151692 -0.647984 4.200000 -2.900422 -2.207275 -2.900422 1.000000 0.000000 0.000000 0.000000
-19.785720 0.000000 -15.720545 0.000000 0.000000 0.000000 0.652757 0.048258 -0.597391 4.200000 -2.207275 -2.900422 -2.207275 1.000000 0.000000 0.000000 0.000000
-19.749286 1.216945 -19.189437 0.000000 0.000000 0.000000 0.625264 -0.023841 -0.716982 4.200000 -2.207275 -2.207275 -2.900422 1.000000 0.000000 0.000000 0.000000
-17.126663 5.649855 -19.189437 0.000000 0.000000 0.000000 0.419485 0.096700 -0.761015 4.200000 -2.207275 -2.207275 -2.900422 1.000000 0.000000 0.000000 0.000000
-16.125243 3.951009 -19.189437 0.000000 0.000000 0.000000 0.647282 0.096258 -0.647596 4.200000 -2.207275 -2.207275 -2.900422 1.000000 0.000000 0.000000 0.000000
-14.618468 2.619890 -19.189437 0.000000 0.000000 0.000000 0.533708 0.092365 -0.579702 4.200000 -2.207275 -2.207275 -2.900422 1.000000 0.000000 0.000000 0.000000
-15.598047 6.292647 -19.189437 0.000000 0.000000 0.000000 0.407078 0.105472 -0.658612 4.200000 -2.207275 -2.207275 -2.900422 1.000000 0.000000 0.000000 0.000000
-13.145887 0.812809 -19.189437 0.000000 0.000000 0.000000 0.671465 0.077789 -0.665711 4.200000 -2.207275 -2.207275 -2.900422 1.000000 0.000000 0.000000 0.000000
-14.486756 2.547962 -10.810563 0.000000 0.000000 0.000000 0.470244 0.031569 -0.742861 4.200000 -2.207275 -2.207275 -2.900422 1.000000 0.000000 0.000000 0.000000
-15.510601 1.085274 -10.810563 0.000000 0.000000 0.000000 0.403202 -0.104207 -0.617630 4.200000 -2.207275 -2.207275 -2.900422 1.000000 0.000000 0.000000 0.000000
-12.579551 4.564538 -11.249772 0.000000 0.000000 0.000000 0.471333 0.059205 -0.723355 4.200000 -2.900422 -2.207275 -2.900422 1.000000 0.000000 0.000000 0.000000
-20.702665 2.816583 -17.169185 0.000000 0.000000 0.000000 0.648731 -0.159766 -0.568192 4.200000 -2.900422 -2.207275 -2.900422 1.000000 0.000000 0.000000 0.000000
-16.309669 0.000000 -13.818309 0.000000 0.000000 0.000000 0.540865 0.033245 -0.746257 4.200000 -2.207275 -2.900422 -2.207275 1.000000 0.000000 0.000000 0.000000
-19.790526 0.000000 -14.657389 0.000000 0.000000 0.000000 0.648073 0.091713 -0.766188 4.200000 -2.207275 -2.900422 -2.207275 1.000000 0.000000 0.000000 0.000000
-15.267407 0.000000 -13.326196 0.000000 0.000000 0.000000 0.619302 -0.174916 -0.732435 4.200000 -2.207275 -2.900422 -2.207275 1.000000 0.000000 0.000000 0.000000
-12.579551 1.976879 -17.253736 0.000000 0.000000 0.000000 0.566871 0.106046 -0.597381 4.200000 -2.900422 -2.207275 -2.900422 1.000000 0.000000 0.000000 0.000000
-12.579551 3.529772 -18.335839 0.000000 0.000000 0.000000 0.485998 -0.123425 -0.571326 4.200000 -2.900422 -2.207275 -2.900422 1.000000 0.000000 0.000000 0.000000
-20.702665 5.325766 -17.713176 0.000000 0.000000 0.000000 0.422709 -0.161597 -0.801979 4.200000 -2.900422 -2.207275 -2.900422 1.000000 0.000000 0.000000 0.000000
-18.751110 4.293290 -19.189437 0.000000 0.000000 0.000000 0.440186 -0.044668 -0.542776 4.200000 -2.207275 -2.207275 -2.900422 1.000000 0.000000 0.000000 0.000000
-19.117451 2.330178 -10.810563 0.000000 0.000000 0.000000 0.617408 0.075077 -0.734080 4.200000 -2.207275 -2.207275 -2.900422 1.000000 0.000000 0.000000 0.000000
-20.062303 0.000000 -16.942512 0.000000 0.000000 0.000000 0.615381 -0.134009 -0.690336 4.200000 -2.207275 -2.900422 -2.207275 1.000000 0.000000 0.000000 0.000000
-13.283235 0.000000 -13.399080 0.000000 0.000000 0.000000 0.642992 0.078548 -0.657417 4.200000 -2.207275 -2.900422 -2.207275 1.000000 0.000000 0.000000 0.000000
-12.579551 2.771390 -18.040530 0.000000 0.000000 0.000000 0.523992 0.032382 -0.678228 4.200000 -2.900422 -2.207275 -2.900422 1.000000 0.000000 0.000000 0.000000
-19.391668 7.078311 -15.522883 0.000000 0.000000 0.000000 0.487600 -0.138601 -0.714650 4.200000 -2.207275 -2.900422 -2.207275 1.000000 0.000000 0.000000 0.000000
-18.013283 3.265181 -10.810563 0.000000 0.000000 0.000000 0.412429 0.103895 -0.647683 4.200000 -2.207275 -2.207275 -2.900422 1.000000 0.000000 0.000000 0.000000
-14.576827 6.277036 -10.810563 0.000000 0.000000 0.000000 0.404352 -0.061965 -0.739874 4.200000 -2.207275 -2.207275 -2.900422 1.000000 0.000000 0.000000 0.000000
-20.702665 2.823799 -14.575574 0.000000 0.000000 0.000000 0.629876 0.046510 -0.734626 4.200000 -2.900422 -2.207275 -2.900422 1.000000 0.000000 0.000000 0.000000
-17.968088 0.000000 -13.467363 0.000000 0.000000 0.000000 0.558182 -0.114777 -0.612990 4.200000 -2.207275 -2.900422 -2.207275 1.000000 0.000000 0.000000 0.000000
-20.496076 2.332537 -19.189437 0.000000 0.000000 0.000000 0.477715 0.003444 -0.789493 4.200000 -2.207275 -2.207275 -2.900422 1.000000 0.000000 0.000000 0.000000
-13.620713 0.000000 -12.071473 0.000000 0.000000 0.000000 0.397044 -0.091886 -0.807536 4.200000 -2.207275 -2.900422 -2.207275 1.000000 0.000000 0.000000 0.000000
-12.579551 1.757280 -17.139643 0.000000 0.000000 0.000000 0.398761 -0.148202 -0.608386 4.200000 -2.900422 -2.207275 -2.900422 1.000000 0.000000 0.000000 0.000000
-15.142466 7.078311 -16.318231 0.000000 0.000000 0.000000 0.507438 -0.129622 -0.541772 4.200000 -2.207275 -2.900422 -2.207275 1.000000 0.000000 0.000000 0.000000
-15.095839 3.630618 -10.810563 0.000000 0.000000 0.000000 0.568086 0.014768 -0.591461 4.200000 -2.207275 -2.207275 -2.900422 1.000000 0.000000 0.000000 0.000000
-20.702665 1.353983 -18.067720 0.000000 0.000000 0.000000 0.409722 -0.128985 -0.594415 4.200000 -2.900422 -2.207275 -2.900422 1.000000 0.000000 0.000000 0.000000
-14.958425 7.078311 -15.021653 0.000000 0.000000 0.000000 0.594965 0.050779 -0.764678 4.200000 -2.207275 -2.900422 -2.207275 1.000000 0.000000 0.000000 0.000000
-12.579551 0.495556 -12.805689 0.000000 0.000000 0.000000 0.493357 -0.001365 -0.762446 4.200000 -2.900422 -2.207275 -2.900422 1.000000 0.000000 0.000000 0.000000
-19.741722 7.078311 -17.032106 0.000000 0.000000 0.000000 0.434643 0.078275 -0.610788 4.200000 -2.207275 -2.900422 -2.207275 1.000000 0.000000 0.000000 0.000000
-19.593967 7.078311 -16.745930 0.000000 0.000000 0.000000 0.644527 -0.073061 -0.633804 4.200000 -2.207275 -2.900422 -2.207275 1.000000 0.000000 0.000000 0.000000
-14.918021 1.840210 -10.810563 0.000000 0.000000 0.000000 0.400879 -0.055370 -0.631008 4.200000 -2.207275 -2.207275 -2.900422 1.000000 0.000000 0.000000 0.000000
-19.797339 7.078311 -17.899380 0.000000 0.000000 0.000000 0.453384 -0.171459 -0.777225 4.200000 -2.207275 -2.900422 -2.207275 1.000000 0.000000 0.000000 0.000000
-17.559399 0.000000 -11.675616 0.000000 0.000000 0.000000 0.612902 -0.136982 -0.646201 4.200000 -2.207275 -2.900422 -2.207275 1.000000 0.000000 0.000000 0.000000
-12.579551 0.006263 -15.125721 0.000000 0.000000 0.000000 0.505290 0.012686 -0.667729 4.200000 -2.900422 -2.207275 -2.900422 1.000000 0.000000 0.000000 0.000000
-14.908846 7.078311 -14.487999 0.000000 0.000000 0.000000 0.629199 0.100225 -0.699805 4.200000 -2.207275 -2.900422 -2.207275 1.000000 0.000000 0.000000 0.000000
-15.717375 6.172924 -19.189437 0.000000 0.000000 0.000000 0.480071 -0.144056 -0.765324 4.200000 -2.207275 -2.207275 -2.900422 1.000000 0.000000 0.000000 0.000000
-12.579551 2.266906 -18.440449 0.000000 0.000000 0.000000 0.610038 -0.000359 -0.600382 4.200000 -2.900422 -2.207275 -2.900422 1.000000 0.000000 0.000000 0.000000
-12.579551 1.922551 -15.235305 0.000000 0.000000 0.000000 0.412617 0.042632 -0.813987 4.200000 -2.900422 -2.207275 -2.900422 1.000000 0.000000 0.000000 0.000000
-12.736084 2.463985 -19.189437 0.000000 0.000000 0.000000 0.643730 0.055874 -0.699042 4.200000 -2.207275 -2.207275 -2.900422 1.000000 0.000000 0.000000 0.000000
-19.326968 0.971645 -19.189437 0.000000 0.000000 0.000000 0.460629 -0.168761 -0.700837 4.200000 -2.207275 -2.207275 -2.900422 1.000000 0.000000 0.000000 0.000000
-16.319284 6.609035 -10.810563 0.000000 0.000000 0.000000 0.599021 0.072696 -0.598815 4.200000 -2.207275 -2.207275 -2.900422 1.000000 0.000000 0.000000 0.000000
-15.695431 6.441158 -10.810563 0.000000 0.000000 0.000000 0.472378 -0.003092 -0.744827 4.200000 -2.207275 -2.207275 -2.900422 1.000000 0.000000 0.000000 0.000000
-20.065663 3.576880 -10.810563 0.000000 0.000000 0.000000 0.480826 -0.040195 -0.572891 4.200000 -2.207275 -2.207275 -2.900422 1.000000 0.000000 0.000000 0.000000
-17.273366 0.000000 -13.205724 0.000000 0.000000 0.000000 0.660434 -0.143469 -0.737293 4.200000 -2.207275 -2.900422 -2.207275 1.000000 0.000000 0.000000 0.000000
-13.779990 4.704835 -19.189437 0.000000 0.000000 0.000000 0.591117 -0.124490 -0.761660 4.200000 -2.207275 -2.207275 -2.900422 1.000000 0.000000 0.000000 0.000000
-20.702665 0.145991 -12.852852 0.000000 0.000000 0.000000 0.459520 0.090942 -0.608575 4.200000 -2.900422 -2.207275 -2.900422 1.000000 0.000000 0.000000 0.000000
-20.702665 6.016574 -16.450768 0.000000 0.000000 0.000000 0.670373 -0.144809 -0.751520 4.200000 -2.900422 -2.207275 -2.900422 1.000000 0.000000 0.000000 0.000000
-12.579551 7.071570 -12.886777 0.000000 0.000000 0.000000 0.645268 -0.127459 -0.618568 4.200000 -2.900422 -2.207275 -2.900422 1.000000 0.000000 0.000000 0.000000
-20.702665 5.246738 -18.975989 0.000000 0.000000 0.000000 0.451150 -0.105656 -0.723913 4.200000 -2.900422 -2.207275 -2.900422 1.000000 0.000000 0.000000 0.000000
-20.702665 2.515930 -19.170859 0.000000 0.000000 0.000000 0.635155 -0.120455 -0.790961 4.200000 -2.900422 -2.207275 -2.900422 1.000000 0.000000 0.000000 0.000000
-12.579551 4.582567 -14.832479 0.000000 0.000000 0.000000 0.618136 -0.103117 -0.599694 4.200000 -2.900422 -2.207275 -2.900422 1.000000 0.000000 0.000000 0.000000
-18.736382 5.817917 -19.189437 0.000000 0.000000 0.000000 0.426332 -0.004955 -0.600918 4.200000 -2.207275 -2.207275 -2.900422 1.000000 0.000000 0.000000 0.000000
-17.962073 2.244864 -10.810563 0.000000 0.000000 0.000000 0.466619 -0.121121 -0.624446 4.200000 -2.207275 -2.207275 -2.900422 1.000000 0.000000 0.000000 0.000000
-15.775869 0.000000 -18.133375 0.000000 0.000000 0.000000 0.472727 -0.076491 -0.722782 4.200000 -2.207275 -2.900422 -2.207275 1.000000 0.000000 0.000000 0.000000
-18.479746 1.317194 -10.810563 0.000000 0.000000 0.000000 0.649348 0.025740 -0.545514 4.200000 -2.207275 -2.207275 -2.900422 1.000000 0.000000 0.000000 0.000000
-16.787259 0.841850 -10.810563 0.000000 0.000000 0.000000 0.533379 -0.120795 -0.775942 4.200000 -2.207275 -2.207275 -2.900422 1.000000 0.000000 0.000000 0.000000
-18.282029 6.525636 -19.189437 0.000000 0.000000 0.000000 0.461460 0.067901 -0.735329 4.200000 -2.207275 -2.207275 -2.900422 1.000000 0.000000 0.000000 0.000000
-20.413303 0.000000 -15.871489 0.000000 0.000000 0.000000 0.507703 -0.025045 -0.765733 4.200000 -2.207275 -2.900422 -2.207275 1.000000 0.000000 0.000000 0.000000
-12.579551 6.774721 -10.949461 0.000000 0.000000 0.000000 0.528475 -0.089954 -0.577676 4.200000 -2.900422 -2.207275 -2.900422 1.000000 0.000000 0.000000 0.000000
-12.579551 3.267082 -12.233505 0.000000 0.000000 0.000000 0.482754 -0.011419 -0.543773 4.200000 -2.900422 -2.207275 -2.900422 1.000000 0.000000 0.000000 0.000000
-15.206621 5.900942 -10.810563 0.000000 0.000000 0.000000 0.608296 0.030741 -0.663731 4.200000 -2.207275 -2.207275 -2.900422 1.000000 0.000000 0.000000 0.000000
-14.450410 7.798014 -18.839005 0.000000 0.000000 0.000000 -0.992574 -1.347065 -1.453412 4.200000 -2.302585 -2.659260 -2.302585 1.000000 0.000000 0.000000 0.000000
-14.521588 7.844442 -18.151771 0.000000 0.000000 0.000000 -0.992574 -1.347065 -1.453412 4.200000 -2.302585 -2.659260 -2.302585 1.000000 0.000000 0.000000 0.000000
-12.894657 7.418494 -12.208638 0.000000 0.000000 0.000000 -0.992574 -1.347065 -1.453412 4.200000 -2.302585 -2.659260 -2.302585 1.000000 0.000000 0.000000 0.000000
-15.939121 8.192020 -12.686723 0.000000 0.000000 0.000000 -0.992574 -1.347065 -1.453412 4.200000 -2.302585 -2.659260 -2.302585 1.000000 0.000000 0.000000 0.000000
-14.609947 7.843021 -11.218850 0.000000 0.000000 0.000000 -0.992574 -1.347065 -1.453412 4.200000 -2.302585 -2.659260 -2.302585 1.000000 0.000000 0.000000 0.000000
-11.812279 7.147748 -15.424914 0.000000 0.000000 0.000000 -0.992574 -1.347065 -1.453412 4.200000 -2.302585 -2.659260 -2.302585 1.000000 0.000000 0.000000 0.000000
-17.898487 8.048758 -17.698822 0.000000 0.000000 0.000000 -0.992574 -1.347065 -1.453412 4.200000 -2.302585 -2.659260 -2.302585 1.000000 0.000000 0.000000 0.000000
-14.660578 7.877474 -19.387471 0.000000 0.000000 0.000000 -0.992574 -1.347065 -1.453412 4.200000 -2.302585 -2.659260 -2.302585 1.000000 0.000000 0.000000 0.000000
-12.296545 7.263370 -17.411823 0.000000 0.000000 0.000000 -0.992574 -1.347065 -1.453412 4.200000 -2.302585 -2.659260 -2.302585 1.000000 0.000000 0.000000 0.000000
-13.026305 7.439318 -11.680137 0.000000 0.000000 0.000000 -0.992574 -1.347065 -1.453412 4.200000 -2.302585 -2.659260 -2.302585 1.000000 0.000000 0.000000 0.000000
-18.601258 7.865273 -10.850025 0.000000 0.000000 0.000000 -0.992574 -1.347065 -1.453412 4.200000 -2.302585 -2.659260 -2.302585 1.000000 0.000000 0.000000 0.000000
-13.170628 7.489790 -13.595029 0.000000 0.000000 0.000000 -0.992574 -1.347065 -1.453412 4.200000 -2.302585 -2.659260 -2.302585 1.000000 0.000000 0.000000 0.000000
-12.612565 7.342651 -19.417024 0.000000 0.000000 0.000000 -0.992574 -1.347065 -1.453412 4.200000 -2.302585 -2.659260 -2.302585 1.000000 0.000000 0.000000 0.000000
-18.459451 7.897466 -18.401983 0.000000 0.000000 0.000000 -0.992574 -1.347065 -1.453412 4.200000 -2.302585 -2.659260 -2.302585 1.000000 0.000000 0.000000 0.000000
-14.227154 7.779430 -19.763232 0.000000 0.000000 0.000000 -0.992574 -1.347065 -1.453412 4.200000 -2.302585 -2.659260 -2.302585 1.000000 0.000000 0.000000 0.000000
-21.146488 7.225287 -13.801945 0.000000 0.000000 0.000000 -0.992574 -1.347065 -1.453412 4.200000 -2.302585 -2.659260 -2.302585 1.000000 0.000000 0.000000 0.000000
-18.276324 7.951623 -14.662981 0.000000 0.000000 0.000000 -0.992574 -1.347065 -1.453412 4.200000 -2.302585 -2.659260 -2.302585 1.000000 0.000000 0.000000 0.000000
-15.002598 7.961126 -15.404065 0.000000 0.000000 0.000000 -0.992574 -1.347065 -1.453412 4.200000 -2.302585 -2.659260 -2.302585 1.000000 0.000000 0.000000 0.000000
-19.911557 7.528414 -19.453971 0.000000 0.000000 0.000000 -0.992574 -1.347065 -1.453412 4.200000 -2.302585 -2.659260 -2.302585 1.000000 0.000000 0.000000 0.000000
-17.725479 8.104317 -17.591776 0.000000 0.000000 0.000000 -0.992574 -1.347065 -1.453412 4.200000 -2.302585 -2.659260 -2.302585 1.000000 0.000000 0.000000 0.000000
-16.999721 8.298529 -16.932204 0.000000 0.000000 0.000000 -0.992574 -1.347065 -1.453412 4.200000 -2.302585 -2.659260 -2.302585 1.000000 0.000000 0.000000 0.000000
-13.818192 7.671942 -17.936421 0.000000 0.000000 0.000000 -0.992574 -1.347065 -1.453412 4.200000 -2.302585 -2.659260 -2.302585 1.000000 0.000000 0.000000 0.000000
-17.366771 8.187810 -10.227008 0.000000 0.000000 0.000000 -0.992574 -1.347065 -1.453412 4.200000 -2.302585 -2.659260 -2.302585 1.000000 0.000000 0.000000 0.000000
-18.923222 7.788853 -18.979277 0.000000 0.000000 0.000000 -0.992574 -1.347065 -1.453412 4.200000 -2.302585 -2.659260 -2.302585 1.000000 0.000000 0.000000 0.000000
-19.718511 7.601181 -16.809354 0.000000 0.000000 0.000000 -0.992574 -1.347065 -1.453412 4.200000 -2.302585 -2.659260 -2.302585 1.000000 0.000000 0.000000 0.000000
-19.898116 7.546628 -12.763066 0.000000 0.000000 0.000000 -0.992574 -1.347065 -1.453412 4.200000 -2.302585 -2.659260 -2.302585 1.000000 0.000000 0.000000 0.000000
-17.339521 8.214181 -13.579141 0.000000 0.000000 0.000000 -0.992574 -1.347065 -1.453412 4.200000 -2.302585 -2.659260 -2.302585 1.000000 0.000000 0.000000 0.000000
-20.262496 7.433600 -12.533684 0.000000 0.000000 0.000000 -0.992574 -1.347065 -1.453412 4.200000 -2.302585 -2.659260 -2.302585 1.000000 0.000000 0.000000 0.000000
-15.291440 8.023814 -11.462285 0.000000 0.000000 0.000000 -0.992574 -1.347065 -1.453412 4.200000 -2.302585 -2.659260 -2.302585 1.000000 0.000000 0.000000 0.000000
-18.343169 7.945231 -10.273406 0.000000 0.000000 0.000000 -0.992574 -1.347065 -1.453412 4.200000 -2.302585 -2.659260 -2.302585 1.000000 0.000000 0.000000 0.000000
-15.063958 7.963127 -15.236133 0.000000 0.000000 0.000000 -0.992574 -1.347065 -1.453412 4.200000 -2.302585 -2.659260 -2.302585 1.000000 0.000000 0.000000 0.000000
-20.357493 7.446167 -18.957090 0.000000 0.000000 0.000000 -0.992574 -1.347065 -1.453412 4.200000 -2.302585 -2.659260 -2.302585 1.000000 0.000000 0.000000 0.000000
-16.901029 8.329207 -10.246446 0.000000 0.000000 0.000000 -0.992574 -1.347065 -1.453412 4.200000 -2.302585 -2.659260 -2.302585 1.000000 0.000000 0.000000 0.000000
-17.961290 8.024803 -18.445020 0.000000 0.000000 0.000000 -0.992574 -1.347065 -1.453412 4.200000 -2.302585 -2.659260 -2.302585 1.000000 0.000000 0.000000 0.000000
-17.536946 8.159779 -11.735520 0.000000 0.000000 0.000000 -0.992574 -1.347065 -1.453412 4.200000 -2.302585 -2.659260 -2.302585 1.000000 0.000000 0.000000 0.000000
-15.971825 8.192966 -10.986494 0.000000 0.000000 0.000000 -0.992574 -1.347065 -1.453412 4.200000 -2.302585 -2.659260 -2.302585 1.000000 0.000000 0.000000 0.000000
-17.980929 8.044875 -17.556419 0.000000 0.000000 0.000000 -0.992574 -1.347065 -1.453412 4.200000 -2.302585 -2.659260 -2.302585 1.000000 0.000000 0.000000 0.000000
-18.684244 7.870450 -16.420540 0.000000 0.000000 0.000000 -0.992574 -1.347065 -1.453412 4.200000 -2.302585 -2.659260 -2.302585 1.000000 0.000000 0.000000 0.000000
-12.529551 1.902848 -17.482184 0.000000 0.000000 0.000000 -1.488861 -0.496287 -0.070898 4.800000 -2.813411 -2.525729 -2.813411 1.000000 0.000000 0.000000 0.000000
-12.529551 1.701220 -17.824308 0.000000 0.000000 0.000000 -1.488861 -0.496287 -0.070898 4.800000 -2.813411 -2.525729 -2.813411 1.000000 0.000000 0.000000 0.000000
-12.529551 1.696090 -16.880248 0.000000 0.000000 0.000000 -1.488861 -0.496287 -0.070898 4.800000 -2.813411 -2.525729 -2.813411 1.000000 0.000000 0.000000 0.000000
-12.529551 1.437549 -16.847071 0.000000 0.000000 0.000000 -1.488861 -0.496287 -0.070898 4.800000 -2.813411 -2.525729 -2.813411 1.000000 0.000000 0.000000 0.000000
-12.529551 1.560384 -14.678697 0.000000 0.000000 0.000000 -1.488861 -0.496287 -0.070898 4.800000 -2.813411 -2.525729 -2.813411 1.000000 0.000000 0.000000 0.000000
-12.529551 1.481413 -15.186383 0.000000 0.000000 0.000000 -1.488861 -0.496287 -0.070898 4.800000 -2.813411 -2.525729 -2.813411 1.000000 0.000000 0.000000 0.000000
-12.529551 1.748475 -15.436463 0.000000 0.000000 0.000000 -1.488861 -0.496287 -0.070898 4.800000 -2.813411 -2.525729 -2.813411 1.000000 0.000000 0.000000 0.000000
-12.529551 1.387144 -15.530202 0.000000 0.000000 0.000000 -1.488861 -0.496287 -0.070898 4.800000 -2.813411 -2.525729 -2.813411 1.000000 0.000000 0.000000 0.000000
-12.529551 1.392237 -13.186047 0.000000 0.000000 0.000000 -1.488861 -0.496287 -0.070898 4.800000 -2.813411 -2.525729 -2.813411 1.000000 0.000000 0.000000 0.000000
-12.529551 1.711953 -12.385025 0.000000 0.000000 0.000000 -1.488861 -0.496287 -0.070898 4.800000 -2.813411 -2.525729 -2.813411 1.000000 0.000000 0.000000 0.000000
-12.529551 1.743192 -12.972158 0.000000 0.000000 0.000000 -1.488861 -0.496287 -0.070898 4.800000 -2.813411 -2.525729 -2.813411 1.000000 0.000000 0.000000 0.000000
-12.529551 1.665115 -12.945056 0.000000 0.000000 0.000000 -1.488861 -0.496287 -0.070898 4.800000 -2.813411 -2.525729 -2.813411 1.000000 0.000000 0.000000 0.000000
-12.529551 3.696697 -16.778374 0.000000 0.000000 0.000000 -1.488861 -0.496287 -0.070898 4.800000 -2.813411 -2.525729 -2.813411 1.000000 0.000000 0.000000 0.000000
-12.529551 3.441918 -17.135044 0.000000 0.000000 0.000000 -1.488861 -0.496287 -0.070898 4.800000 -2.813411 -2.525729 -2.813411 1.000000 0.000000 0.000000 0.000000
-12.529551 4.109873 -17.271023 0.000000 0.000000 0.000000 -1.488861 -0.496287 -0.070898 4.800000 -2.813411 -2.525729 -2.813411 1.000000 0.000000 0.000000 0.000000
-12.529551 3.968839 -16.901729 0.000000 0.000000 0.000000 -1.488861 -0.496287 -0.070898 4.800000 -2.813411 -2.525729 -2.813411 1.000000 0.000000 0.000000 0.000000
-12.529551 3.593617 -14.612510 0.000000 0.000000 0.000000 -1.488861 -0.496287 -0.070898 4.800000 -2.813411 -2.525729 -2.813411 1.000000 0.000000 0.000000 0.000000
-12.529551 4.046930 -15.287662 0.000000 0.000000 0.000000 -1.488861 -0.496287 -0.070898 4.800000 -2.813411 -2.525729 -2.813411 1.000000 0.000000 0.000000 0.000000
-12.529551 3.700745 -14.863125 0.000000 0.000000 0.000000 -1.488861 -0.496287 -0.070898 4.800000 -2.813411 -2.525729 -2.813411 1.000000 0.000000 0.000000 0.000000
-12.529551 3.777638 -14.865760 0.000000 0.000000 0.000000 -1.488861 -0.496287 -0.070898 4.800000 -2.813411 -2.525729 -2.813411 1.000000 0.000000 0.000000 0.000000
-12.529551 4.040158 -13.182871 0.000000 0.000000 0.000000 -1.488861 -0.496287 -0.070898 4.800000 -2.813411 -2.525729 -2.813411 1.000000 0.000000 0.000000 0.000000
-12.529551 3.679399 -13.164210 0.000000 0.000000 0.000000 -1.488861 -0.496287 -0.070898 4.800000 -2.813411 -2.525729 -2.813411 1.000000 0.000000 0.000000 0.000000
-12.529551 3.649670 -13.212889 0.000000 0.000000 0.000000 -1.488861 -0.496287 -0.070898 4.800000 -2.813411 -2.525729 -2.813411 1.000000 0.000000 0.000000 0.000000
-12.529551 3.511052 -13.069593 0.000000 0.000000 0.000000 -1.488861 -0.496287 -0.070898 4.800000 -2.813411 -2.525729 -2.813411 1.000000 0.000000 0.000000 0.000000
-18.019348 0.785865 -7.668153 0.000000 0.000000 0.000000 0.886488 0.216937 -0.355019 4.200000 -2.207275 -2.207275 -2.900422 1.000000 0.000000 0.000000 0.000000
-17.099446 0.000000 -0.899780 0.000000 0.000000 0.000000 0.804491 0.282941 -0.340406 4.200000 -2.207275 -2.900422 -2.207275 1.000000 0.000000 0.000000 0.000000
-19.765622 6.405730 -0.829219 0.000000 0.000000 0.000000 0.882872 0.347700 -0.410817 4.200000 -2.900422 -2.207275 -2.900422 1.000000 0.000000 0.000000 0.000000
-14.282543 4.692010 1.668153 0.000000 0.000000 0.000000 0.689322 0.239786 -0.482191 4.200000 -2.207275 -2.207275 -2.900422 1.000000 0.000000 0.000000 0.000000
-18.883683 0.000000 1.192869 0.000000 0.000000 0.000000 0.916178 0.396121 -0.497593 4.200000 -2.207275 -2.900422 -2.207275 1.000000 0.000000 0.000000 0.000000
-19.765622 0.250156 -7.024377 0.000000 0.000000 0.000000 0.668390 0.326159 -0.446672 4.200000 -2.900422 -2.207275 -2.900422 1.000000 0.000000 0.000000 0.000000
-14.152670 1.404043 -7.668153 0.000000 0.000000 0.000000 0.736382 0.175144 -0.338684 4.200000 -2.207275 -2.207275 -2.900422 1.000000 0.000000 0.000000 0.000000
-18.383437 4.535388 1.668153 0.000000 0.000000 0.000000 0.845178 0.392367 -0.431517 4.200000 -2.207275 -2.207275 -2.900422 1.000000 0.000000 0.000000 0.000000
-19.765622 4.737821 1.002176 0.000000 0.000000 0.000000 0.895953 0.187982 -0.508270 4.200000 -2.900422 -2.207275 -2.900422 1.000000 0.000000 0.000000 0.000000
-19.765622 6.233030 0.436528 0.000000 0.000000 0.000000 0.882009 0.374066 -0.472641 4.200000 -2.900422 -2.207275 -2.900422 1.000000 0.000000 0.000000 0.000000
-19.765622 1.096617 -0.422622 0.000000 0.000000 0.000000 0.760290 0.146826 -0.292716 4.200000 -2.900422 -2.207275 -2.900422 1.000000 0.000000 0.000000 0.000000
-15.343502 5.684672 1.668153 0.000000 0.000000 0.000000 0.921494 0.370013 -0.279217 4.200000 -2.207275 -2.207275 -2.900422 1.000000 0.000000 0.000000 0.000000
-14.206689 0.000000 -0.652364 0.000000 0.000000 0.000000 0.868386 0.400158 -0.511597 4.200000 -2.207275 -2.900422 -2.207275 1.000000 0.000000 0.000000 0.000000
-19.249919 6.591441 -1.351374 0.000000 0.000000 0.000000 0.778710 0.197865 -0.471800 4.200000 -2.207275 -2.900422 -2.207275 1.000000 0.000000 0.000000 0.000000
-12.099613 6.227284 -4.827360 0.000000 0.000000 0.000000 0.920494 0.323369 -0.313996 4.200000 -2.900422 -2.207275 -2.900422 1.000000 0.000000 0.000000 0.000000
-12.099613 1.058388 1.186303 0.000000 0.000000 0.000000 0.669952 0.254963 -0.342600 4.200000 -2.900422 -2.207275 -2.900422 1.000000 0.000000 0.000000 0.000000
-15.990905 0.000000 -7.002105 0.000000 0.000000 0.000000 0.750779 0.301986 -0.376759 4.200000 -2.207275 -2.900422 -2.207275 1.000000 0.000000 0.000000 0.000000
-19.765622 4.508631 0.838506 0.000000 0.000000 0.000000 0.842088 0.292857 -0.452610 4.200000 -2.900422 -2.207275 -2.900422 1.000000 0.000000 0.000000 0.000000
-19.765622 0.670314 -2.091083 0.000000 0.000000 0.000000 0.651242 0.382635 -0.488896 4.200000 -2.900422 -2.207275 -2.900422 1.000000 0.000000 0.000000 0.000000
-12.099613 1.984021 -6.859447 0.000000 0.000000 0.000000 0.876787 0.317571 -0.250845 4.200000 -2.900422 -2.207275 -2.900422 1.000000 0.000000 0.000000 0.000000
-12.099613 6.036233 -3.473856 0.000000 0.000000 0.000000 0.774771 0.392171 -0.350860 4.200000 -2.900422 -2.207275 -2.900422 1.000000 0.000000 0.000000 0.000000
-15.483723 0.000000 -7.130475 0.000000 0.000000 0.000000 0.834343 0.210186 -0.362178 4.200000 -2.207275 -2.900422 -2.207275 1.000000 0.000000 0.000000 0.000000
-18.672844 2.871763 1.668153 0.000000 0.000000 0.000000 0.896429 0.279310 -0.428280 4.200000 -2.207275 -2.207275 -2.900422 1.000000 0.000000 0.000000 0.000000
-14.430686 2.524066 -7.668153 0.000000 0.000000 0.000000 0.884535 0.360409 -0.433142 4.200000 -2.207275 -2.207275 -2.900422 1.000000 0.000000 0.000000 0.000000
-19.765622 5.511339 -4.663308 0.000000 0.000000 0.000000 0.836770 0.200393 -0.475624 4.200000 -2.900422 -2.207275 -2.900422 1.000000 0.000000 0.000000 0.000000
-12.292994 6.295672 -7.668153 0.000000 0.000000 0.000000 0.679201 0.197428 -0.363257 4.200000 -2.207275 -2.207275 -2.900422 1.000000 0.000000 0.000000 0.000000
-17.621724 0.624321 -7.668153 0.000000 0.000000 0.000000 0.727880 0.160798 -0.392673 4.200000 -2.207275 -2.207275 -2.900422 1.000000 0.000000 0.000000 0.000000
-12.099613 2.319198 -0.373637 0.000000 0.000000 0.000000 0.647136 0.222181 -0.399186 4.200000 -2.900422 -2.207275 -2.900422 1.000000 0.000000 0.000000 0.000000
-12.099613 5.609485 -6.967452 0.000000 0.000000 0.000000 0.841162 0.164055 -0.405177 4.200000 -2.900422 -2.207275 -2.900422 1.000000 0.000000 0.000000 0.000000
-18.756452 6.239420 -7.668153 0.000000 0.000000 0.000000 0.657099 0.266066 -0.496768 4.200000 -2.207275 -2.207275 -2.900422 1.000000 0.000000 0.000000 0.000000
-16.143256 0.000000 -5.052676 0.000000 0.000000 0.000000 0.644374 0.405152 -0.464704 4.200000 -2.207275 -2.900422 -2.207275 1.000000 0.000000 0.000000 0.000000
-14.698975 6.591441 -0.939775 0.000000 0.000000 0.000000 0.861464 0.356179 -0.320112 4.200000 -2.207275 -2.900422 -2.207275 1.000000 0.000000 0.000000 0.000000
-16.417252 0.000000 -3.738059 0.000000 0.000000 0.000000 0.748767 0.278562 -0.403038 4.200000 -2.207275 -2.900422 -2.207275 1.000000 0.000000 0.000000 0.000000
-18.906621 6.591441 -5.528626 0.000000 0.000000 0.000000 0.741043 0.203401 -0.406597 4.200000 -2.207275 -2.900422 -2.207275 1.000000 0.000000 0.000000 0.000000
-18.192875 0.232741 1.668153 0.000000 0.000000 0.000000 0.790320 0.142791 -0.407684 4.200000 -2.207275 -2.207275 -2.900422 1.000000 0.000000 0.000000 0.000000
-19.765622 5.478462 -2.687317 0.000000 0.000000 0.000000 0.818882 0.323453 -0.484017 4.200000 -2.900422 -2.207275 -2.900422 1.000000 0.000000 0.000000 0.000000
-17.476403 6.591441 1.590561 0.000000 0.000000 0.000000 0.897489 0.286052 -0.380184 4.200000 -2.207275 -2.900422 -2.207275 1.000000 0.000000 0.000000 0.000000
-16.798560 5.265296 1.668153 0.000000 0.000000 0.000000 0.748319 0.397752 -0.479541 4.200000 -2.207275 -2.207275 -2.900422 1.000000 0.000000 0.000000 0.000000
-15.222217 0.728617 1.668153 0.000000 0.000000 0.000000 0.880027 0.260287 -0.380327 4.200000 -2.207275 -2.207275 -2.900422 1.000000 0.000000 0.000000 0.000000
-14.017988 6.591441 -0.459331 0.000000 0.000000 0.000000 0.807502 0.237734 -0.403740 4.200000 -2.207275 -2.900422 -2.207275 1.000000 0.000000 0.000000 0.000000
-16.149618 1.215502 1.668153 0.000000 0.000000 0.000000 0.875421 0.285988 -0.321031 4.200000 -2.207275 -2.207275 -2.900422 1.000000 0.000000 0.000000 0.000000
-15.361978 0.478718 -7.668153 0.000000 0.000000 0.000000 0.756458 0.191305 -0.355239 4.200000 -2.207275 -2.207275 -2.900422 1.000000 0.000000 0.000000 0.000000
-13.042184 0.000000 -1.923014 0.000000 0.000000 0.000000 0.832896 0.184741 -0.251741 4.200000 -2.207275 -2.900422 -2.207275 1.000000 0.000000 0.000000 0.000000
-12.099613 4.715289 -2.082552 0.000000 0.000000 0.000000 0.720753 0.145644 -0.387087 4.200000 -2.900422 -2.207275 -2.900422 1.000000 0.000000 0.000000 0.000000
-17.765236 6.591441 -4.465665 0.000000 0.000000 0.000000 0.895393 0.187151 -0.487256 4.200000 -2.207275 -2.900422 -2.207275 1.000000 0.000000 0.000000 0.000000
-16.103506 0.000000 -3.788281 0.000000 0.000000 0.000000 0.738157 0.400349 -0.327174 4.200000 -2.207275 -2.900422 -2.207275 1.000000 0.000000 0.000000 0.000000
-12.709943 0.000000 -2.313503 0.000000 0.000000 0.000000 0.807618 0.206141 -0.318566 4.200000 -2.207275 -2.900422 -2.207275 1.000000 0.000000 0.000000 0.000000
-15.286465 6.591441 -3.346941 0.000000 0.000000 0.000000 0.787527 0.158329 -0.428133 4.200000 -2.207275 -2.900422 -2.207275 1.000000 0.000000 0.000000 0.000000
-12.099613 5.959898 -5.426922 0.000000 0.000000 0.000000 0.717040 0.270618 -0.358484 4.200000 -2.900422 -2.207275 -2.900422 1.000000 0.000000 0.000000 0.000000
-14.835537 0.000000 -4.479335 0.000000 0.000000 0.000000 0.823416 0.184748 -0.423237 4.200000 -2.207275 -2.900422 -2.207275 1.000000 0.000000 0.000000 0.000000
-19.765622 1.285261 -3.433533 0.000000 0.000000 0.000000 0.867489 0.406404 -0.277269 4.200000 -2.900422 -2.207275 -2.900422 1.000000 0.000000 0.000000 0.000000
-12.562542 6.591441 -5.837987 0.000000 0.000000 0.000000 0.823347 0.175185 -0.335023 4.200000 -2.207275 -2.900422 -2.207275 1.000000 0.000000 0.000000 0.000000
-15.135527 1.754398 -7.668153 0.000000 0.000000 0.000000 0.796074 0.253390 -0.325386 4.200000 -2.207275 -2.207275 -2.900422 1.000000 0.000000 0.000000 0.000000
-12.328448 3.516745 -7.668153 0.000000 0.000000 0.000000 0.649455 0.255376 -0.516212 4.200000 -2.207275 -2.207275 -2.900422 1.000000 0.000000 0.000000 0.000000
-13.541688 0.000000 1.395894 0.000000 0.000000 0.000000 0.843789 0.154021 -0.436372 4.200000 -2.207275 -2.900422 -2.207275 1.000000 0.000000 0.000000 0.000000
-17.861820 6.591441 0.786484 0.000000 0.000000 0.000000 0.817436 0.274671 -0.391547 4.200000 -2.207275 -2.900422 -2.207275 1.000000 0.000000 0.000000 0.000000
-16.417457 6.591441 -7.392201 0.000000 0.000000 0.000000 0.782692 0.222027 -0.402383 4.200000 -2.207275 -2.900422 -2.207275 1.000000 0.000000 0.000000 0.000000
-15.318189 6.591441 -1.203947 0.000000 0.000000 0.000000 0.756443 0.198110 -0.274372 4.200000 -2.207275 -2.900422 -2.207275 1.000000 0.000000 0.000000 0.000000
-19.765622 2.236911 -1.287454 0.000000 0.000000 0.000000 0.817792 0.254618 -0.273920 4.200000 -2.900422 -2.207275 -2.900422 1.000000 0.000000 0.000000 0.000000
-13.189096 6.591441 -0.217022 0.000000 0.000000 0.000000 0.648176 0.403372 -0.340699 4.200000 -2.207275 -2.900422 -2.207275 1.000000 0.000000 0.000000 0.000000
-12.494800 6.591441 -3.757629 0.000000 0.000000 0.000000 0.746760 0.202109 -0.352729 4.200000 -2.207275 -2.900422 -2.207275 1.000000 0.000000 0.000000 0.000000
-12.207880 0.000000 -6.938222 0.000000 0.000000 0.000000 0.806083 0.283731 -0.492849 4.200000 -2.207275 -2.900422 -2.207275 1.000000 0.000000 0.000000 0.000000
-19.765622 2.646421 -4.898331 0.000000 0.000000 0.000000 0.647910 0.381377 -0.297304 4.200000 -2.900422 -2.207275 -2.900422 1.000000 0.000000 0.000000 0.000000
-18.803582 1.754545 1.668153 0.000000 0.000000 0.000000 0.834240 0.208583 -0.261721 4.200000 -2.207275 -2.207275 -2.900422 1.000000 0.000000 0.000000 0.000000
-15.323735 6.591441 -5.513508 0.000000 0.000000 0.000000 0.901966 0.354359 -0.437684 4.200000 -2.207275 -2.900422 -2.207275 1.000000 0.000000 0.000000 0.000000
-13.624591 4.463344 -7.668153 0.000000 0.000000 0.000000 0.728729 0.286451 -0.318005 4.200000 -2.207275 -2.207275 -2.900422 1.000000 0.000000 0.000000 0.000000
-17.305034 5.831107 1.668153 0.000000 0.000000 0.000000 0.887192 0.230042 -0.308552 4.200000 -2.207275 -2.207275 -2.900422 1.000000 0.000000 0.000000 0.000000
-19.765622 0.924408 -7.118465 0.000000 0.000000 0.000000 0.826737 0.316199 -0.468355 4.200000 -2.900422 -2.207275 -2.900422 1.000000 0.000000 0.000000 0.000000
-12.099613 1.970449 -1.363361 0.000000 0.000000 0.000000 0.826876 0.218148 -0.363284 4.200000 -2.900422 -2.207275 -2.900422 1.000000 0.000000 0.000000 0.000000
-12.664269 0.000000 1.603860 0.000000 0.000000 0.000000 0.781245 0.187440 -0.406476 4.200000 -2.207275 -2.900422 -2.207275 1.000000 0.000000 0.000000 0.000000
-19.765622 1.716597 -5.582142 0.000000 0.000000 0.000000 0.890827 0.338650 -0.353640 4.200000 -2.900422 -2.207275 -2.900422 1.000000 0.000000 0.000000 0.000000
-13.962371 5.247651 1.668153 0.000000 0.000000 0.000000 0.919088 0.174813 -0.491850 4.200000 -2.207275 -2.207275 -2.900422 1.000000 0.000000 0.000000 0.000000
-19.765622 1.297078 -5.400518 0.000000 0.000000 0.000000 0.682116 0.342829 -0.426504 4.200000 -2.900422 -2.207275 -2.900422 1.000000 0.000000 0.000000 0.000000
-12.099613 6.060106 -4.193792 0.000000 0.000000 0.000000 0.760663 0.401002 -0.382884 4.200000 -2.900422 -2.207275 -2.900422 1.000000 0.000000 0.000000 0.000000
-12.099613 2.814907 -4.210176 0.000000 0.000000 0.000000 0.892670 0.219763 -0.383859 4.200000 -2.900422 -2.207275 -2.900422 1.000000 0.000000 0.000000 0.000000
-14.675455 0.000000 1.336544 0.000000 0.000000 0.000000 0.840871 0.402575 -0.450303 4.200000 -2.207275 -2.900422 -2.207275 1.000000 0.000000 0.000000 0.000000
-16.238782 6.591441 -2.028099 0.000000 0.000000 0.000000 0.779684 0.382826 -0.433988 4.200000 -2.207275 -2.900422 -2.207275 1.000000 0.000000 0.000000 0.000000
-19.371671 1.246387 1.668153 0.000000 0.000000 0.000000 0.773462 0.301157 -0.529696 4.200000 -2.207275 -2.207275 -2.900422 1.000000 0.000000 0.000000 0.000000
-16.862891 6.591441 -3.199848 0.000000 0.000000 0.000000 0.771169 0.280305 -0.456273 4.200000 -2.207275 -2.900422 -2.207275 1.000000 0.000000 0.000000 0.000000
-12.099613 5.125080 -0.614136 0.000000 0.000000 0.000000 0.786082 0.326331 -0.518755 4.200000 -2.900422 -2.207275 -2.900422 1.000000 0.000000 0.000000 0.000000
-16.293494 0.000000 -0.800222 0.000000 0.000000 0.000000 0.744633 0.334302 -0.366076 4.200000 -2.207275 -2.900422 -2.207275 1.000000 0.000000 0.000000 0.000000
-16.429991 4.446621 1.668153 0.000000 0.000000 0.000000 0.695927 0.146386 -0.327197 4.200000 -2.207275 -2.207275 -2.900422 1.000000 0.000000 0.000000 0.000000
-17.531488 6.591441 -4.829513 0.000000 0.000000 0.000000 0.907861 0.248881 -0.369392 4.200000 -2.207275 -2.900422 -2.207275 1.000000 0.000000 0.000000 0.000000
-17.167503 7.554466 -7.786189 0.000000 0.000000 0.000000 -0.992574 -1.347065 -1.453412 4.200000 -2.302585 -2.659260 -2.302585 1.000000 0.000000 0.000000 0.000000
-15.481028 7.754496 -6.172671 0.000000 0.000000 0.000000 -0.992574 -1.347065 -1.453412 4.200000 -2.302585 -2.659260 -2.302585 1.000000 0.000000 0.000000 0.000000
-18.675465 7.145066 1.364358 0.000000 0.000000 0.000000 -0.992574 -1.347065 -1.453412 4.200000 -2.302585 -2.659260 -2.302585 1.000000 0.000000 0.000000 0.000000
-17.456246 7.479863 -8.324974 0.000000 0.000000 0.000000 -0.992574 -1.347065 -1.453412 4.200000 -2.302585 -2.659260 -2.302585 1.000000 0.000000 0.000000 0.000000
-13.067017 7.112952 -5.286059 0.000000 0.000000 0.000000 -0.992574 -1.347065 -1.453412 4.200000 -2.302585 -2.659260 -2.302585 1.000000 0.000000 0.000000 0.000000
-19.619113 6.876073 -6.345971 0.000000 0.000000 0.000000 -0.992574 -1.347065 -1.453412 4.200000 -2.302585 -2.659260 -2.302585 1.000000 0.000000 0.000000 0.000000
-17.979094 7.323025 -6.104679 0.000000 0.000000 0.000000 -0.992574 -1.347065 -1.453412 4.200000 -2.302585 -2.659260 -2.302585 1.000000 0.000000 0.000000 0.000000
-12.942310 7.080213 -4.116194 0.000000 0.000000 0.000000 -0.992574 -1.347065 -1.453412 4.200000 -2.302585 -2.659260 -2.302585 1.000000 0.000000 0.000000 0.000000
-20.333326 6.680373 -3.063563 0.000000 0.000000 0.000000 -0.992574 -1.347065 -1.453412 4.200000 -2.302585 -2.659260 -2.302585 1.000000 0.000000 0.000000 0.000000
-18.918758 7.098120 -0.950032 0.000000 0.000000 0.000000 -0.992574 -1.347065 -1.453412 4.200000 -2.302585 -2.659260 -2.302585 1.000000 0.000000 0.000000 0.000000
-13.776591 7.306941 -7.792314 0.000000 0.000000 0.000000 -0.992574 -1.347065 -1.453412 4.200000 -2.302585 -2.659260 -2.302585 1.000000 0.000000 0.000000 0.000000
-12.051296 6.820243 -2.086590 0.000000 0.000000 0.000000 -0.992574 -1.347065 -1.453412 4.200000 -2.302585 -2.659260 -2.302585 1.000000 0.000000 0.000000 0.000000
-16.500590 7.731451 0.361822 0.000000 0.000000 0.000000 -0.992574 -1.347065 -1.453412 4.200000 -2.302585 -2.659260 -2.302585 1.000000 0.000000 0.000000 0.000000
-11.187329 6.591508 -2.827647 0.000000 0.000000 0.000000 -0.992574 -1.347065 -1.453412 4.200000 -2.302585 -2.659260 -2.302585 1.000000 0.000000 0.000000 0.000000
-15.396194 7.747234 -6.766004 0.000000 0.000000 0.000000 -0.992574 -1.347065 -1.453412 4.200000 -2.302585 -2.659260 -2.302585 1.000000 0.000000 0.000000 0.000000
-19.834234 6.825059 -5.211099 0.000000 0.000000 0.000000 -0.992574 -1.347065 -1.453412 4.200000 -2.302585 -2.659260 -2.302585 1.000000 0.000000 0.000000 0.000000
-18.558552 7.183008 -3.091708 0.000000 0.000000 0.000000 -0.992574 -1.347065 -1.453412 4.200000 -2.302585 -2.659260 -2.302585 1.000000 0.000000 0.000000 0.000000
-11.328253 6.659852 -0.986028 0.000000 0.000000 0.000000 -0.992574 -1.347065 -1.453412 4.200000 -2.302585 -2.659260 -2.302585 1.000000 0.000000 0.000000 0.000000
-12.886086 7.048849 -6.661765 0.000000 0.000000 0.000000 -0.992574 -1.347065 -1.453412 4.200000 -2.302585 -2.659260 -2.302585 1.000000 0.000000 0.000000 0.000000
-12.926921 7.089395 -2.234751 0.000000 0.000000 0.000000 -0.992574 -1.347065 -1.453412 4.200000 -2.302585 -2.659260 -2.302585 1.000000 0.000000 0.000000 0.000000
-12.728606 7.006190 -3.736954 0.000000 0.000000 0.000000 -0.992574 -1.347065 -1.453412 4.200000 -2.302585 -2.659260 -2.302585 1.000000 0.000000 0.000000 0.000000
-13.551409 7.256637 -1.793592 0.000000 0.000000 0.000000 -0.992574 -1.347065 -1.453412 4.200000 -2.302585 -2.659260 -2.302585 1.000000 0.000000 0.000000 0.000000
-18.708942 7.136496 -3.279829 0.000000 0.000000 0.000000 -0.992574 -1.347065 -1.453412 4.200000 -2.302585 -2.659260 -2.302585 1.000000 0.000000 0.000000 0.000000
-12.557767 6.995192 0.371999 0.000000 0.000000 0.000000 -0.992574 -1.347065 -1.453412 4.200000 -2.302585 -2.659260 -2.302585 1.000000 0.000000 0.000000 0.000000
-15.163594 7.677118 0.041116 0.000000 0.000000 0.000000 -0.992574 -1.347065 -1.453412 4.200000 -2.302585 -2.659260 -2.302585 1.000000 0.000000 0.000000 0.000000
-15.981787 7.883544 -4.181135 0.000000 0.000000 0.000000 -0.992574 -1.347065 -1.453412 4.200000 -2.302585 -2.659260 -2.302585 1.000000 0.000000 0.000000 0.000000
-15.806374 7.848508 -3.542690 0.000000 0.000000 0.000000 -0.992574 -1.347065 -1.453412 4.200000 -2.302585 -2.659260 -2.302585 1.000000 0.000000 0.000000 0.000000
-19.243648 6.981800 1.127312 0.000000 0.000000 0.000000 -0.992574 -1.347065 -1.453412 4.200000 -2.302585 -2.659260 -2.302585 1.000000 0.000000 0.000000 0.000000
-11.988302 6.810053 -8.129760 0.000000 0.000000 0.000000 -0.992574 -1.347065 -1.453412 4.200000 -2.302585 -2.659260 -2.302585 1.000000 0.000000 0.000000 0.000000
-17.964228 7.342944 -2.432836 0.000000 0.000000 0.000000 -0.992574 -1.347065 -1.453412 4.200000 -2.302585 -2.659260 -2.302585 1.000000 0.000000 0.000000 0.000000
-12.994849 7.100975 -1.212509 0.000000 0.000000 0.000000 -0.992574 -1.347065 -1.453412 4.200000 -2.302585 -2.659260 -2.302585 1.000000 0.000000 0.000000 0.000000
-14.358323 7.463040 0.323492 0.000000 0.000000 0.000000 -0.992574 -1.347065 -1.453412 4.200000 -2.302585 -2.659260 -2.302585 1.000000 0.000000 0.000000 0.000000
-17.981883 7.338618 1.964552 0.000000 0.000000 0.000000 -0.992574 -1.347065 -1.453412 4.200000 -2.302585 -2.659260 -2.302585 1.000000 0.000000 0.000000 0.000000
-14.982099 7.618395 -4.287439 0.000000 0.000000 0.000000 -0.992574 -1.347065 -1.453412 4.200000 -2.302585 -2.659260 -2.302585 1.000000 0.000000 0.000000 0.000000
-13.195518 7.129938 -4.871158 0.000000 0.000000 0.000000 -0.992574 -1.347065 -1.453412 4.200000 -2.302585 -2.659260 -2.302585 1.000000 0.000000 0.000000 0.000000
-12.913599 7.056344 2.262860 0.000000 0.000000 0.000000 -0.992574 -1.347065 -1.453412 4.200000 -2.302585 -2.659260 -2.302585 1.000000 0.000000 0.000000 0.000000
-13.663638 7.262866 2.245474 0.000000 0.000000 0.000000 -0.992574 -1.347065 -1.453412 4.200000 -2.302585 -2.659260 -2.302585 1.000000 0.000000 0.000000 0.000000
-20.561527 6.645512 -1.457688 0.000000 0.000000 0.000000 -0.992574 -1.347065 -1.453412 4.200000 -2.302585 -2.659260 -2.302585 1.000000 0.000000 0.000000 0.000000
-11.353892 6.638900 -4.000424 0.000000 0.000000 0.000000 -0.992574 -1.347065 -1.453412 4.200000 -2.302585 -2.659260 -2.302585 1.000000 0.000000 0.000000 0.000000
-12.049613 1.620214 -5.808263 0.000000 0.000000 0.000000 -1.488861 -0.496287 -0.070898 4.800000 -2.813411 -2.525729 -2.813411 1.000000 0.000000 0.000000 0.000000
-12.049613 1.554626 -5.054693 0.000000 0.000000 0.000000 -1.488861 -0.496287 -0.070898 4.800000 -2.813411 -2.525729 -2.813411 1.000000 0.000000 0.000000 0.000000
-12.049613 1.388675 -5.575286 0.000000 0.000000 0.000000 -1.488861 -0.496287 -0.070898 4.800000 -2.813411 -2.525729 -2.813411 1.000000 0.000000 0.000000 0.000000
-12.049613 1.799843 -4.999666 0.000000 0.000000 0.000000 -1.488861 -0.496287 -0.070898 4.800000 -2.813411 -2.525729 -2.813411 1.000000 0.000000 0.000000 0.000000
-12.049613 1.906566 -2.704208 0.000000 0.000000 0.000000 -1.488861 -0.496287 -0.070898 4.800000 -2.813411 -2.525729 -2.813411 1.000000 0.000000 0.000000 0.000000
-12.049613 1.731867 -2.894231 0.000000 0.000000 0.000000 -1.488861 -0.496287 -0.070898 4.800000 -2.813411 -2.525729 -2.813411 1.000000 0.000000 0.000000 0.000000
-12.049613 1.500348 -3.010276 0.000000 0.000000 0.000000 -1.488861 -0.496287 -0.070898 4.800000 -2.813411 -2.525729 -2.813411 1.000000 0.000000 0.000000 0.000000
-12.049613 1.695921 -3.218422 0.000000 0.000000 0.000000 -1.488861 -0.496287 -0.070898 4.800000 -2.813411 -2.525729 -2.813411 1.000000 0.000000 0.000000 0.000000
-12.049613 2.002797 -0.743236 0.000000 0.000000 0.000000 -1.488861 -0.496287 -0.070898 4.800000 -2.813411 -2.525729 -2.813411 1.000000 0.000000 0.000000 0.000000
-12.049613 1.888116 -0.807272 0.000000 0.000000 0.000000 -1.488861 -0.496287 -0.070898 4.800000 -2.813411 -2.525729 -2.813411 1.000000 0.000000 0.000000 0.000000
-12.049613 1.492251 -0.599883 0.000000 0.000000 0.000000 -1.488861 -0.496287 -0.070898 4.800000 -2.813411 -2.525729 -2.813411 1.000000 0.000000 0.000000 0.000000
-12.049613 1.721899 -0.620466 0.000000 0.000000 0.000000 -1.488861 -0.496287 -0.070898 4.800000 -2.813411 -2.525729 -2.813411 1.000000 0.000000 0.000000 0.000000
-12.049613 3.681583 -5.522500 0.000000 0.000000 0.000000 -1.488861 -0.496287 -0.070898 4.800000 -2.813411 -2.525729 -2.813411 1.000000 0.000000 0.000000 0.000000
-12.049613 3.525367 -5.641279 0.000000 0.000000 0.000000 -1.488861 -0.496287 -0.070898 4.800000 -2.813411 -2.525729 -2.813411 1.000000 0.000000 0.000000 0.000000
-12.049613 3.906166 -5.246713 0.000000 0.000000 0.000000 -1.488861 -0.496287 -0.070898 4.800000 -2.813411 -2.525729 -2.813411 1.000000 0.000000 0.000000 0.000000
-12.049613 4.012803 -5.630491 0.000000 0.000000 0.000000 -1.488861 -0.496287 -0.070898 4.800000 -2.813411 -2.525729 -2.813411 1.000000 0.000000 0.000000 0.000000
-12.049613 4.046389 -3.446532 0.000000 0.000000 0.000000 -1.488861 -0.496287 -0.070898 4.800000 -2.813411 -2.525729 -2.813411 1.000000 0.000000 0.000000 0.000000
-12.049613 3.815879 -3.180268 0.000000 0.000000 0.000000 -1.488861 -0.496287 -0.070898 4.800000 -2.813411 -2.525729 -2.813411 1.000000 0.000000 0.000000 0.000000
-12.049613 3.932127 -2.540184 0.000000 0.000000 0.000000 -1.488861 -0.496287 -0.070898 4.800000 -2.813411 -2.525729 -2.813411 1.000000 0.000000 0.000000 0.000000
-12.049613 3.931483 -2.614308 0.000000 0.000000 0.000000 -1.488861 -0.496287 -0.070898 4.800000 -2.813411 -2.525729 -2.813411 1.000000 0.000000 0.000000 0.000000
-12.049613 3.677010 -1.021324 0.000000 0.000000 0.000000 -1.488861 -0.496287 -0.070898 4.800000 -2.813411 -2.525729 -2.813411 1.000000 0.000000 0.000000 0.000000
-12.049613 3.741209 -0.675062 0.000000 0.000000 0.000000 -1.488861 -0.496287 -0.070898 4.800000 -2.813411 -2.525729 -2.813411 1.000000 0.000000 0.000000 0.000000
-12.049613 3.935120 -0.770138 0.000000 0.000000 0.000000 -1.488861 -0.496287 -0.070898 4.800000 -2.813411 -2.525729 -2.813411 1.000000 0.000000 0.000000 0.000000
-12.049613 3.692727 -0.717366 0.000000 0.000000 0.000000 -1.488861 -0.496287 -0.070898 4.800000 -2.813411 -2.525729 -2.813411 1.000000 0.000000 0.000000 0.000000
-16.632482 6.390593 5.747074 0.000000 0.000000 0.000000 0.230463 -0.343942 -0.740632 4.200000 -2.207275 -2.900422 -2.207275 1.000000 0.000000 0.000000 0.000000
-18.984142 6.088621 13.297856 0.000000 0.000000 0.000000 0.250215 -0.404278 -0.681832 4.200000 -2.207275 -2.207275 -2.900422 1.000000 0.000000 0.000000 0.000000
-20.808655 1.849863 12.606010 0.000000 0.000000 0.000000 0.300511 -0.211110 -0.673249 4.200000 -2.900422 -2.207275 -2.900422 1.000000 0.000000 0.000000 0.000000
-17.209608 6.390593 6.619711 0.000000 0.000000 0.000000 0.322089 -0.380485 -0.719263 4.200000 -2.207275 -2.900422 -2.207275 1.000000 0.000000 0.000000 0.000000
-12.631535 1.604109 5.236179 0.000000 0.000000 0.000000 0.139830 -0.363273 -0.877615 4.200000 -2.900422 -2.207275 -2.900422 1.000000 0.000000 0.000000 0.000000
-12.638995 6.038263 13.297856 0.000000 0.000000 0.000000 0.078329 -0.191999 -0.736068 4.200000 -2.207275 -2.207275 -2.900422 1.000000 0.000000 0.000000 0.000000
-20.808655 2.161783 11.877780 0.000000 0.000000 0.000000 0.251517 -0.160787 -0.762332 4.200000 -2.900422 -2.207275 -2.900422 1.000000 0.000000 0.000000 0.000000
-15.347761 1.076845 4.702144 0.000000 0.000000 0.000000 0.168516 -0.232238 -0.738991 4.200000 -2.207275 -2.207275 -2.900422 1.000000 0.000000 0.000000 0.000000
-15.718135 5.728952 13.297856 0.000000 0.000000 0.000000 0.168707 -0.164592 -0.865746 4.200000 -2.207275 -2.207275 -2.900422 1.000000 0.000000 0.000000 0.000000
-15.240761 6.390593 4.940379 0.000000 0.000000 0.000000 0.353318 -0.151705 -0.721994 4.200000 -2.207275 -2.900422 -2.207275 1.000000 0.000000 0.000000 0.000000
-20.079538 1.394493 4.702144 0.000000 0.000000 0.000000 0.189264 -0.256796 -0.838703 4.200000 -2.207275 -2.207275 -2.900422 1.000000 0.000000 0.000000 0.000000
-12.910654 0.000000 10.251019 0.000000 0.000000 0.000000 0.211756 -0.385701 -0.833334 4.200000 -2.207275 -2.900422 -2.207275 1.000000 0.000000 0.000000 0.000000
-18.128008 6.390593 13.129185 0.000000 0.000000 0.000000 0.275793 -0.395441 -0.870956 4.200000 -2.207275 -2.900422 -2.207275 1.000000 0.000000 0.000000 0.000000
-12.631535 0.648812 5.270351 0.000000 0.000000 0.000000 0.179046 -0.384770 -0.885854 4.200000 -2.900422 -2.207275 -2.900422 1.000000 0.000000 0.000000 0.000000
-17.569391 3.393223 4.702144 0.000000 0.000000 0.000000 0.135949 -0.328716 -0.822783 4.200000 -2.207275 -2.207275 -2.900422 1.000000 0.000000 0.000000 0.000000
-16.525797 6.390593 7.100971 0.000000 0.000000 0.000000 0.212060 -0.298266 -0.691145 4.200000 -2.207275 -2.900422 -2.207275 1.000000 0.000000 0.000000 0.000000
-16.740602 0.000000 12.988567 0.000000 0.000000 0.000000 0.316946 -0.349242 -0.687617 4.200000 -2.207275 -2.900422 -2.207275 1.000000 0.000000 0.000000 0.000000
-16.559425 0.000000 9.688451 0.000000 0.000000 0.000000 0.311434 -0.294658 -0.724887 4.200000 -2.207275 -2.900422 -2.207275 1.000000 0.000000 0.000000 0.000000
-14.520121 4.340912 13.297856 0.000000 0.000000 0.000000 0.156542 -0.256102 -0.675619 4.200000 -2.207275 -2.207275 -2.900422 1.000000 0.000000 0.000000 0.000000
-14.395425 0.000000 7.028700 0.000000 0.000000 0.000000 0.077934 -0.364647 -0.792188 4.200000 -2.207275 -2.900422 -2.207275 1.000000 0.000000 0.000000 0.000000
-20.808655 3.214433 11.102934 0.000000 0.000000 0.000000 0.248384 -0.337188 -0.854083 4.200000 -2.900422 -2.207275 -2.900422 1.000000 0.000000 0.000000 0.000000
-14.384584 1.298174 4.702144 0.000000 0.000000 0.000000 0.289865 -0.267268 -0.752788 4.200000 -2.207275 -2.207275 -2.900422 1.000000 0.000000 0.000000 0.000000
-20.808655 0.406235 5.740153 0.000000 0.000000 0.000000 0.284034 -0.339406 -0.891858 4.200000 -2.900422 -2.207275 -2.900422 1.000000 0.000000 0.000000 0.000000
-15.198671 4.342353 13.297856 0.000000 0.000000 0.000000 0.278076 -0.161240 -0.644399 4.200000 -2.207275 -2.207275 -2.900422 1.000000 0.000000 0.000000 0.000000
-14.178350 0.000000 6.567570 0.000000 0.000000 0.000000 0.269177 -0.190075 -0.908380 4.200000 -2.207275 -2.900422 -2.207275 1.000000 0.000000 0.000000 0.000000
-18.366048 0.000000 6.430114 0.000000 0.000000 0.000000 0.124778 -0.364735 -0.767206 4.200000 -2.207275 -2.900422 -2.207275 1.000000 0.000000 0.000000 0.000000
-16.469341 6.390593 5.748768 0.000000 0.000000 0.000000 0.334829 -0.371892 -0.814936 4.200000 -2.207275 -2.900422 -2.207275 1.000000 0.000000 0.000000 0.000000
-13.916639 1.802817 4.702144 0.000000 0.000000 0.000000 0.346445 -0.412954 -0.741678 4.200000 -2.207275 -2.207275 -2.900422 1.000000 0.000000 0.000000 0.000000
-15.300210 0.064853 4.702144 0.000000 0.000000 0.000000 0.237515 -0.267847 -0.775670 4.200000 -2.207275 -2.207275 -2.900422 1.000000 0.000000 0.000000 0.000000
-20.570601 0.000000 9.218524 0.000000 0.000000 0.000000 0.131225 -0.194980 -0.732455 4.200000 -2.207275 -2.900422 -2.207275 1.000000 0.000000 0.000000 0.000000
-15.547219 6.390593 8.027141 0.000000 0.000000 0.000000 0.155744 -0.191959 -0.747857 4.200000 -2.207275 -2.900422 -2.207275 1.000000 0.000000 0.000000 0.000000
-15.186099 6.390593 12.139406 0.000000 0.000000 0.000000 0.155843 -0.367940 -0.674422 4.200000 -2.207275 -2.900422 -2.207275 1.000000 0.000000 0.000000 0.000000
-14.667305 6.390593 10.523155 0.000000 0.000000 0.000000 0.081638 -0.280154 -0.775960 4.200000 -2.207275 -2.900422 -2.207275 1.000000 0.000000 0.000000 0.000000
-20.064805 0.000000 5.390380 0.000000 0.000000 0.000000 0.180434 -0.281900 -0.754369 4.200000 -2.207275 -2.900422 -2.207275 1.000000 0.000000 0.000000 0.000000
-13.868007 2.245072 4.702144 0.000000 0.000000 0.000000 0.120859 -0.230439 -0.783991 4.200000 -2.207275 -2.207275 -2.900422 1.000000 0.000000 0.000000 0.000000
-13.027509 0.000000 8.941112 0.000000 0.000000 0.000000 0.225941 -0.383110 -0.791393 4.200000 -2.207275 -2.900422 -2.207275 1.000000 0.000000 0.000000 0.000000
-14.125358 2.790137 4.702144 0.000000 0.000000 0.000000 0.223477 -0.254433 -0.854911 4.200000 -2.207275 -2.207275 -2.900422 1.000000 0.000000 0.000000 0.000000
-18.225057 0.000000 5.517408 0.000000 0.000000 0.000000 0.149617 -0.160301 -0.910699 4.200000 -2.207275 -2.900422 -2.207275 1.000000 0.000000 0.000000 0.000000
-20.808655 5.594397 6.175417 0.000000 0.000000 0.000000 0.258338 -0.179056 -0.714420 4.200000 -2.900422 -2.207275 -2.900422 1.000000 0.000000 0.000000 0.000000
-12.690157 5.890126 13.297856 0.000000 0.000000 0.000000 0.113367 -0.406145 -0.873802 4.200000 -2.207275 -2.207275 -2.900422 1.000000 0.000000 0.000000 0.000000
-12.631535 1.396410 5.824700 0.000000 0.000000 0.000000 0.115259 -0.226782 -0.669828 4.200000 -2.900422 -2.207275 -2.900422 1.000000 0.000000 0.000000 0.000000
-13.023568 6.390593 9.860572 0.000000 0.000000 0.000000 0.093628 -0.287967 -0.796286 4.200000 -2.207275 -2.900422 -2.207275 1.000000 0.000000 0.000000 0.000000
-13.007445 0.000000 7.661430 0.000000 0.000000 0.000000 0.082163 -0.148714 -0.827200 4.200000 -2.207275 -2.900422 -2.207275 1.000000 0.000000 0.000000 0.000000
-18.478617 0.415903 13.297856 0.000000 0.000000 0.000000 0.167943 -0.336637 -0.689979 4.200000 -2.207275 -2.207275 -2.900422 1.000000 0.000000 0.000000 0.000000
-15.717922 0.000000 5.360225 0.000000 0.000000 0.000000 0.179896 -0.271516 -0.825370 4.200000 -2.207275 -2.900422 -2.207275 1.000000 0.000000 0.000000 0.000000
-15.806468 3.514179 13.297856 0.000000 0.000000 0.000000 0.205260 -0.304499 -0.921454 4.200000 -2.207275 -2.207275 -2.900422 1.000000 0.000000 0.000000 0.000000
-17.432138 6.390593 4.916606 0.000000 0.000000 0.000000 0.281462 -0.422256 -0.677111 4.200000 -2.207275 -2.900422 -2.207275 1.000000 0.000000 0.000000 0.000000
-12.631535 4.580680 5.312283 0.000000 0.000000 0.000000 0.077916 -0.231458 -0.685534 4.200000 -2.900422 -2.207275 -2.900422 1.000000 0.000000 0.000000 0.000000
-13.801098 0.000000 11.990801 0.000000 0.000000 0.000000 0.257000 -0.276166 -0.797234 4.200000 -2.207275 -2.900422 -2.207275 1.000000 0.000000 0.000000 0.000000
-17.420411 2.606070 13.297856 0.000000 0.000000 0.000000 0.214111 -0.146696 -0.666338 4.200000 -2.207275 -2.207275 -2.900422 1.000000 0.000000 0.000000 0.000000
-13.731884 6.390593 11.513639 0.000000 0.000000 0.000000 0.207967 -0.222798 -0.874016 4.200000 -2.207275 -2.900422 -2.207275 1.000000 0.000000 0.000000 0.000000
-15.489487 0.000000 10.577393 0.000000 0.000000 0.000000 0.284026 -0.236713 -0.733921 4.200000 -2.207275 -2.900422 -2.207275 1.000000 0.000000 0.000000 0.000000
-18.774244 3.397841 4.702144 0.000000 0.000000 0.000000 0.125820 -0.196850 -0.807803 4.200000 -2.207275 -2.207275 -2.900422 1.000000 0.000000 0.000000 0.000000
-18.469206 0.000000 13.083093 0.000000 0.000000 0.000000 0.233038 -0.283675 -0.648764 4.200000 -2.207275 -2.900422 -2.207275 1.000000 0.000000 0.000000 0.000000
-16.704092 5.260390 13.297856 0.000000 0.000000 0.000000 0.126787 -0.365271 -0.669310 4.200000 -2.207275 -2.207275 -2.900422 1.000000 0.000000 0.000000 0.000000
-12.839392 4.142464 4.702144 0.000000 0.000000 0.000000 0.209361 -0.171842 -0.892679 4.200000 -2.207275 -2.207275 -2.900422 1.000000 0.000000 0.000000 0.000000
-12.631535 0.220807 12.555909 0.000000 0.000000 0.000000 0.071201 -0.323077 -0.857065 4.200000 -2.900422 -2.207275 -2.900422 1.000000 0.000000 0.000000 0.000000
-15.011546 6.390593 5.958119 0.000000 0.000000 0.000000 0.122681 -0.260501 -0.806920 4.200000 -2.207275 -2.900422 -2.207275 1.000000 0.000000 0.000000 0.000000
-19.429923 0.000000 6.186191 0.000000 0.000000 0.000000 0.325081 -0.265803 -0.688117 4.200000 -2.207275 -2.900422 -2.207275 1.000000 0.000000 0.000000 0.000000
-17.830684 0.055598 13.297856 0.000000 0.000000 0.000000 0.130067 -0.404083 -0.900628 4.200000 -2.207275 -2.207275 -2.900422 1.000000 0.000000 0.000000 0.000000
-20.808655 1.893132 10.861862 0.000000 0.000000 0.000000 0.107320 -0.143407 -0.785457 4.200000 -2.900422 -2.207275 -2.900422 1.000000 0.000000 0.000000 0.000000
-14.661151 2.307586 4.702144 0.000000 0.000000 0.000000 0.138083 -0.397322 -0.659867 4.200000 -2.207275 -2.207275 -2.900422 1.000000 0.000000 0.000000 0.000000
-20.808655 2.161863 9.557850 0.000000 0.000000 0.000000 0.178739 -0.190578 -0.778853 4.200000 -2.900422 -2.207275 -2.900422 1.000000 0.000000 0.000000 0.000000
-17.678360 0.000000 11.367702 0.000000 0.000000 0.000000 0.252054 -0.249624 -0.854058 4.200000 -2.207275 -2.900422 -2.207275 1.000000 0.000000 0.000000 0.000000
-16.345271 4.420603 13.297856 0.000000 0.000000 0.000000 0.238836 -0.214863 -0.835869 4.200000 -2.207275 -2.207275 -2.900422 1.000000 0.000000 0.000000 0.000000
-20.808655 4.099563 8.146540 0.000000 0.000000 0.000000 0.307453 -0.204564 -0.919068 4.200000 -2.900422 -2.207275 -2.900422 1.000000 0.000000 0.000000 0.000000
-20.808655 1.495055 6.822787 0.000000 0.000000 0.000000 0.229321 -0.252640 -0.821816 4.200000 -2.900422 -2.207275 -2.900422 1.000000 0.000000 0.000000 0.000000
-16.509654 6.390593 10.179233 0.000000 0.000000 0.000000 0.190735 -0.289217 -0.670196 4.200000 -2.207275 -2.900422 -2.207275 1.000000 0.000000 0.000000 0.000000
-18.052193 0.000000 9.289268 0.000000 0.000000 0.000000 0.209524 -0.299396 -0.875000 4.200000 -2.207275 -2.900422 -2.207275 1.000000 0.000000 0.000000 0.000000
-15.736476 0.000000 7.938704 0.000000 0.000000 0.000000 0.141178 -0.172546 -0.878088 4.200000 -2.207275 -2.900422 -2.207275 1.000000 0.000000 0.000000 0.000000
-20.808655 0.286677 7.402390 0.000000 0.000000 0.000000 0.333877 -0.324298 -0.647248 4.200000 -2.900422 -2.207275 -2.900422 1.000000 0.000000 0.000000 0.000000
-20.808655 2.194910 5.970912 0.000000 0.000000 0.000000 0.348555 -0.178459 -0.746418 4.200000 -2.900422 -2.207275 -2.900422 1.000000 0.000000 0.000000 0.000000
-20.808655 2.917174 6.158565 0.000000 0.000000 0.000000 0.096482 -0.334994 -0.720737 4.200000 -2.900422 -2.207275 -2.900422 1.000000 0.000000 0.000000 0.000000
-20.808655 2.942408 4.720256 0.000000 0.000000 0.000000 0.103783 -0.371673 -0.675451 4.200000 -2.900422 -2.207275 -2.900422 1.000000 0.000000 0.000000 0.000000
-18.806669 5.350467 13.297856 0.000000 0.000000 0.000000 0.351395 -0.218779 -0.816801 4.200000 -2.207275 -2.207275 -2.900422 1.000000 0.000000 0.000000 0.000000
-20.808655 3.829729 6.404266 0.000000 0.000000 0.000000 0.247444 -0.399860 -0.857426 4.200000 -2.900422 -2.207275 -2.900422 1.000000 0.000000 0.000000 0.000000
-12.631535 3.791985 6.904031 0.000000 0.000000 0.000000 0.170188 -0.299542 -0.809430 4.200000 -2.900422 -2.207275 -2.900422 1.000000 0.000000 0.000000 0.000000
-12.631535 3.002615 7.614375 0.000000 0.000000 0.000000 0.326381 -0.235044 -0.855337 4.200000 -2.900422 -2.207275 -2.900422 1.000000 0.000000 0.000000 0.000000
-13.721540 0.000000 5.206014 0.000000 0.000000 0.000000 0.227030 -0.308026 -0.911218 4.200000 -2.207275 -2.900422 -2.207275 1.000000 0.000000 0.000000 0.000000
-12.631535 3.608162 10.126444 0.000000 0.000000 0.000000 0.313603 -0.309748 -0.660658 4.200000 -2.900422 -2.207275 -2.900422 1.000000 0.000000 0.000000 0.000000
-18.913372 5.076796 4.702144 0.000000 0.000000 0.000000 0.075740 -0.287059 -0.869527 4.200000 -2.207275 -2.207275 -2.900422 1.000000 0.000000 0.000000 0.000000
-19.590559 2.229349 4.702144 0.000000 0.000000 0.000000 0.088233 -0.411844 -0.914785 4.200000 -2.207275 -2.207275 -2.900422 1.000000 0.000000 0.000000 0.000000
-12.631535 0.804276 8.142756 0.000000 0.000000 0.000000 0.309344 -0.403659 -0.749282 4.200000 -2.900422 -2.207275 -2.900422 1.000000 0.000000 0.000000 0.000000
-14.563722 7.157583 10.705526 0.000000 0.000000 0.000000 -0.992574 -1.347065 -1.453412 4.200000 -2.302585 -2.659260 -2.302585 1.000000 0.000000 0.000000 0.000000
-14.583315 7.155818 5.255839 0.000000 0.000000 0.000000 -0.992574 -1.347065 -1.453412 4.200000 -2.302585 -2.659260 -2.302585 1.000000 0.000000 0.000000 0.000000
-18.836563 7.151121 9.307770 0.000000 0.000000 0.000000 -0.992574 -1.347065 -1.453412 4.200000 -2.302585 -2.659260 -2.302585 1.000000 0.000000 0.000000 0.000000
-18.902437 7.129020 8.201944 0.000000 0.000000 0.000000 -0.992574 -1.347065 -1.453412 4.200000 -2.302585 -2.659260 -2.302585 1.000000 0.000000 0.000000 0.000000
-20.293189 6.767359 4.667530 0.000000 0.000000 0.000000 -0.992574 -1.347065 -1.453412 4.200000 -2.302585 -2.659260 -2.302585 1.000000 0.000000 0.000000 0.000000
-19.592410 6.977685 13.472279 0.000000 0.000000 0.000000 -0.992574 -1.347065 -1.453412 4.200000 -2.302585 -2.659260 -2.302585 1.000000 0.000000 0.000000 0.000000
-15.178532 7.298148 13.914513 0.000000 0.000000 0.000000 -0.992574 -1.347065 -1.453412 4.200000 -2.302585 -2.659260 -2.302585 1.000000 0.000000 0.000000 0.000000
-18.741863 7.177534 6.191313 0.000000 0.000000 0.000000 -0.992574 -1.347065 -1.453412 4.200000 -2.302585 -2.659260 -2.302585 1.000000 0.000000 0.000000 0.000000
-16.194143 7.552325 8.848634 0.000000 0.000000 0.000000 -0.992574 -1.347065 -1.453412 4.200000 -2.302585 -2.659260 -2.302585 1.000000 0.000000 0.000000 0.000000
-14.693725 7.192882 10.955114 0.000000 0.000000 0.000000 -0.992574 -1.347065 -1.453412 4.200000 -2.302585 -2.659260 -2.302585 1.000000 0.000000 0.000000 0.000000
-16.320051 7.577355 4.635581 0.000000 0.000000 0.000000 -0.992574 -1.347065 -1.453412 4.200000 -2.302585 -2.659260 -2.302585 1.000000 0.000000 0.000000 0.000000
-11.665915 6.392755 9.187950 0.000000 0.000000 0.000000 -0.992574 -1.347065 -1.453412 4.200000 -2.302585 -2.659260 -2.302585 1.000000 0.000000 0.000000 0.000000
-14.496933 7.108120 9.960662 0.000000 0.000000 0.000000 -0.992574 -1.347065 -1.453412 4.200000 -2.302585 -2.659260 -2.302585 1.000000 0.000000 0.000000 0.000000
-21.405224 6.479402 9.387247 0.000000 0.000000 0.000000 -0.992574 -1.347065 -1.453412 4.200000 -2.302585 -2.659260 -2.302585 1.000000 0.000000 0.000000 0.000000
-19.120677 7.096751 4.690494 0.000000 0.000000 0.000000 -0.992574 -1.347065 -1.453412 4.200000 -2.302585 -2.659260 -2.302585 1.000000 0.000000 0.000000 0.000000
-15.610746 7.424648 10.913106 0.000000 0.000000 0.000000 -0.992574 -1.347065 -1.453412 4.200000 -2.302585 -2.659260 -2.302585 1.000000 0.000000 0.000000 0.000000
-12.378355 6.575819 5.321022 0.000000 0.000000 0.000000 -0.992574 -1.347065 -1.453412 4.200000 -2.302585 -2.659260 -2.302585 1.000000 0.000000 0.000000 0.000000
-14.737010 7.170915 9.515938 0.000000 0.000000 0.000000 -0.992574 -1.347065 -1.453412 4.200000 -2.302585 -2.659260 -2.302585 1.000000 0.000000 0.000000 0.000000
-21.623565 6.462073 8.493456 0.000000 0.000000 0.000000 -0.992574 -1.347065 -1.453412 4.200000 -2.302585 -2.659260 -2.302585 1.000000 0.000000 0.000000 0.000000
-18.819389 7.168282 4.569576 0.000000 0.000000 0.000000 -0.992574 -1.347065 -1.453412 4.200000 -2.302585 -2.659260 -2.302585 1.000000 0.000000 0.000000 0.000000
-18.590674 7.205623 6.023664 0.000000 0.000000 0.000000 -0.992574 -1.347065 -1.453412 4.200000 -2.302585 -2.659260 -2.302585 1.000000 0.000000 0.000000 0.000000
-16.558961 7.663229 11.979889 0.000000 0.000000 0.000000 -0.992574 -1.347065 -1.453412 4.200000 -2.302585 -2.659260 -2.302585 1.000000 0.000000 0.000000 0.000000
-18.887690 7.153200 11.668803 0.000000 0.000000 0.000000 -0.992574 -1.347065 -1.453412 4.200000 -2.302585 -2.659260 -2.302585 1.000000 0.000000 0.000000 0.000000
-18.561988 7.217668 11.875434 0.000000 0.000000 0.000000 -0.992574 -1.347065 -1.453412 4.200000 -2.302585 -2.659260 -2.302585 1.000000 0.000000 0.000000 0.000000
-12.471411 6.621286 8.159223 0.000000 0.000000 0.000000 -0.992574 -1.347065 -1.453412 4.200000 -2.302585 -2.659260 -2.302585 1.000000 0.000000 0.000000 0.000000
-13.589430 6.883823 5.566285 0.000000 0.000000 0.000000 -0.992574 -1.347065 -1.453412 4.200000 -2.302585 -2.659260 -2.302585 1.000000 0.000000 0.000000 0.000000
-16.442664 7.629292 9.239018 0.000000 0.000000 0.000000 -0.992574 -1.347065 -1.453412 4.200000 -2.302585 -2.659260 -2.302585 1.000000 0.000000 0.000000 0.000000
-14.061142 7.020994 7.795411 0.000000 0.000000 0.000000 -0.992574 -1.347065 -1.453412 4.200000 -2.302585 -2.659260 -2.302585 1.000000 0.000000 0.000000 0.000000
-13.027545 6.752498 11.552401 0.000000 0.000000 0.000000 -0.992574 -1.347065 -1.453412 4.200000 -2.302585 -2.659260 -2.302585 1.000000 0.000000 0.000000 0.000000
-13.076268 6.775544 6.457468 0.000000 0.000000 0.000000 -0.992574 -1.347065 -1.453412 4.200000 -2.302585 -2.659260 -2.302585 1.000000 0.000000 0.000000 0.000000
-19.635801 6.959477 5.858545 0.000000 0.000000 0.000000 -0.992574 -1.347065 -1.453412 4.200000 -2.302585 -2.659260 -2.302585 1.000000 0.000000 0.000000 0.000000
-11.852616 6.457659 4.226301 0.000000 0.000000 0.000000 -0.992574 -1.347065 -1.453412 4.200000 -2.302585 -2.659260 -2.302585 1.000000 0.000000 0.000000 0.000000
-15.940050 7.482274 4.763423 0.000000 0.000000 0.000000 -0.992574 -1.347065 -1.453412 4.200000 -2.302585 -2.659260 -2.302585 1.000000 0.000000 0.000000 0.000000
-14.280347 7.063895 4.193976 0.000000 0.000000 0.000000 -0.992574 -1.347065 -1.453412 4.200000 -2.302585 -2.659260 -2.302585 1.000000 0.000000 0.000000 0.000000
-20.826045 6.641691 12.552483 0.000000 0.000000 0.000000 -0.992574 -1.347065 -1.453412 4.200000 -2.302585 -2.659260 -2.302585 1.000000 0.000000 0.000000 0.000000
-12.110960 6.520463 7.447589 0.000000 0.000000 0.000000 -0.992574 -1.347065 -1.453412 4.200000 -2.302585 -2.659260 -2.302585 1.000000 0.000000 0.000000 0.000000
-14.172917 7.026476 4.395719 0.000000 0.000000 0.000000 -0.992574 -1.347065 -1.453412 4.200000 -2.302585 -2.659260 -2.302585 1.000000 0.000000 0.000000 0.000000
-19.345516 7.004846 10.513672 0.000000 0.000000 0.000000 -0.992574 -1.347065 -1.453412 4.200000 -2.302585 -2.659260 -2.302585 1.000000 0.000000 0.000000 0.000000
-12.581535 1.808589 7.217137 0.000000 0.000000 0.000000 -1.488861 -0.496287 -0.070898 4.800000 -2.813411 -2.525729 -2.813411 1.000000 0.000000 0.000000 0.000000
-12.581535 1.981802 7.056445 0.000000 0.000000 0.000000 -1.488861 -0.496287 -0.070898 4.800000 -2.813411 -2.525729 -2.813411 1.000000 0.000000 0.000000 0.000000
-12.581535 1.918493 6.244942 0.000000 0.000000 0.000000 -1.488861 -0.496287 -0.070898 4.800000 -2.813411 -2.525729 -2.813411 1.000000 0.000000 0.000000 0.000000
-12.581535 1.362336 7.098762 0.000000 0.000000 0.000000 -1.488861 -0.496287 -0.070898 4.800000 -2.813411 -2.525729 -2.813411 1.000000 0.000000 0.000000 0.000000
-12.581535 1.410771 9.020116 0.000000 0.000000 0.000000 -1.488861 -0.496287 -0.070898 4.800000 -2.813411 -2.525729 -2.813411 1.000000 0.000000 0.000000 0.000000
-12.581535 1.336136 8.464784 0.000000 0.000000 0.000000 -1.488861 -0.496287 -0.070898 4.800000 -2.813411 -2.525729 -2.813411 1.000000 0.000000 0.000000 0.000000
-12.581535 1.665576 8.532181 0.000000 0.000000 0.000000 -1.488861 -0.496287 -0.070898 4.800000 -2.813411 -2.525729 -2.813411 1.000000 0.000000 0.000000 0.000000
-12.581535 1.839638 8.680673 0.000000 0.000000 0.000000 -1.488861 -0.496287 -0.070898 4.800000 -2.813411 -2.525729 -2.813411 1.000000 0.000000 0.000000 0.000000
-12.581535 2.068160 11.386475 0.000000 0.000000 0.000000 -1.488861 -0.496287 -0.070898 4.800000 -2.813411 -2.525729 -2.813411 1.000000 0.000000 0.000000 0.000000
-12.581535 1.648070 11.784099 0.000000 0.000000 0.000000 -1.488861 -0.496287 -0.070898 4.800000 -2.813411 -2.525729 -2.813411 1.000000 0.000000 0.000000 0.000000
-12.581535 1.893639 11.679171 0.000000 0.000000 0.000000 -1.488861 -0.496287 -0.070898 4.800000 -2.813411 -2.525729 -2.813411 1.000000 0.000000 0.000000 0.000000
-12.581535 1.518220 10.789952 0.000000 0.000000 0.000000 -1.488861 -0.496287 -0.070898 4.800000 -2.813411 -2.525729 -2.813411 1.000000 0.000000 0.000000 0.000000
-12.581535 3.478211 6.659224 0.000000 0.000000 0.000000 -1.488861 -0.496287 -0.070898 4.800000 -2.813411 -2.525729 -2.813411 1.000000 0.000000 0.000000 0.000000
-12.581535 3.960305 6.561471 0.000000 0.000000 0.000000 -1.488861 -0.496287 -0.070898 4.800000 -2.813411 -2.525729 -2.813411 1.000000 0.000000 0.000000 0.000000
-12.581535 3.691092 6.467688 0.000000 0.000000 0.000000 -1.488861 -0.496287 -0.070898 4.800000 -2.813411 -2.525729 -2.813411 1.000000 0.000000 0.000000 0.000000
-12.581535 3.715760 6.818694 0.000000 0.000000 0.000000 -1.488861 -0.496287 -0.070898 4.800000 -2.813411 -2.525729 -2.813411 1.000000 0.000000 0.000000 0.000000
-12.581535 3.885849 9.364128 0.000000 0.000000 0.000000 -1.488861 -0.496287 -0.070898 4.800000 -2.813411 -2.525729 -2.813411 1.000000 0.000000 0.000000 0.000000
-12.581535 3.681814 9.544654 0.000000 0.000000 0.000000 -1.488861 -0.496287 -0.070898 4.800000 -2.813411 -2.525729 -2.813411 1.000000 0.000000 0.000000 0.000000
-12.581535 3.484775 8.756168 0.000000 0.000000 0.000000 -1.488861 -0.496287 -0.070898 4.800000 -2.813411 -2.525729 -2.813411 1.000000 0.000000 0.000000 0.000000
-12.581535 4.168971 8.648605 0.000000 0.000000 0.000000 -1.488861 -0.496287 -0.070898 4.800000 -2.813411 -2.525729 -2.813411 1.000000 0.000000 0.000000 0.000000
-12.581535 4.063514 11.598451 0.000000 0.000000 0.000000 -1.488861 -0.496287 -0.070898 4.800000 -2.813411 -2.525729 -2.813411 1.000000 0.000000 0.000000 0.000000
-12.581535 3.927604 11.369271 0.000000 0.000000 0.000000 -1.488861 -0.496287 -0.070898 4.800000 -2.813411 -2.525729 -2.813411 1.000000 0.000000 0.000000 0.000000
-12.581535 3.573722 11.057149 0.000000 0.000000 0.000000 -1.488861 -0.496287 -0.070898 4.800000 -2.813411 -2.525729 -2.813411 1.000000 0.000000 0.000000 0.000000
-12.581535 3.644952 11.099634 0.000000 0.000000 0.000000 -1.488861 -0.496287 -0.070898 4.800000 -2.813411 -2.525729 -2.813411 1.000000 0.000000 0.000000 0.000000
-13.228313 0.000000 24.326412 0.000000 0.000000 0.000000 0.668326 -0.052116 -0.732772 4.200000 -2.207275 -2.900422 -2.207275 1.000000 0.000000 0.000000 0.000000
-16.263125 6.801513 25.857513 0.000000 0.000000 0.000000 0.599245 -0.133103 -0.685035 4.200000 -2.207275 -2.207275 -2.900422 1.000000 0.000000 0.000000 0.000000
-11.257866 6.810625 19.462338 0.000000 0.000000 0.000000 0.423603 -0.100201 -0.718205 4.200000 -2.900422 -2.207275 -2.900422 1.000000 0.000000 0.000000 0.000000
-18.192496 0.000000 22.202403 0.000000 0.000000 0.000000 0.533341 0.032894 -0.680902 4.200000 -2.207275 -2.900422 -2.207275 1.000000 0.000000 0.000000 0.000000
-11.283561 0.000000 16.634677 0.000000 0.000000 0.000000 0.551582 0.020724 -0.606540 4.200000 -2.207275 -2.900422 -2.207275 1.000000 0.000000 0.000000 0.000000
-15.998350 7.662093 16.902182 0.000000 0.000000 0.000000 0.435547 0.055154 -0.695591 4.200000 -2.207275 -2.900422 -2.207275 1.000000 0.000000 0.000000 0.000000
-18.584663 0.000000 21.624278 0.000000 0.000000 0.000000 0.539675 -0.139667 -0.743677 4.200000 -2.207275 -2.900422 -2.207275 1.000000 0.000000 0.000000 0.000000
-19.822936 7.096238 24.429110 0.000000 0.000000 0.000000 0.426114 0.026139 -0.787443 4.200000 -2.900422 -2.207275 -2.900422 1.000000 0.000000 0.000000 0.000000
-15.937577 0.000000 21.538402 0.000000 0.000000 0.000000 0.414027 -0.095293 -0.813500 4.200000 -2.207275 -2.900422 -2.207275 1.000000 0.000000 0.000000 0.000000
-18.335165 4.600248 16.142487 0.000000 0.000000 0.000000 0.450147 0.068073 -0.768486 4.200000 -2.207275 -2.207275 -2.900422 1.000000 0.000000 0.000000 0.000000
-19.161051 7.662093 19.416683 0.000000 0.000000 0.000000 0.393106 -0.129932 -0.787225 4.200000 -2.207275 -2.900422 -2.207275 1.000000 0.000000 0.000000 0.000000
-11.257866 7.179993 20.426746 0.000000 0.000000 0.000000 0.584937 0.000273 -0.615059 4.200000 -2.900422 -2.207275 -2.900422 1.000000 0.000000 0.000000 0.000000
-19.732878 0.000000 19.282297 0.000000 0.000000 0.000000 0.549653 -0.131581 -0.695576 4.200000 -2.207275 -2.900422 -2.207275 1.000000 0.000000 0.000000 0.000000
-19.822936 3.111883 16.876786 0.000000 0.000000 0.000000 0.441110 -0.008372 -0.548151 4.200000 -2.900422 -2.207275 -2.900422 1.000000 0.000000 0.000000 0.000000
-13.074261 5.997588 25.857513 0.000000 0.000000 0.000000 0.492068 -0.065226 -0.561129 4.200000 -2.207275 -2.207275 -2.900422 1.000000 0.000000 0.000000 0.000000
-19.822936 1.173238 25.698510 0.000000 0.000000 0.000000 0.666438 -0.102872 -0.737779 4.200000 -2.900422 -2.207275 -2.900422 1.000000 0.000000 0.000000 0.000000
-17.598623 0.000000 21.129049 0.000000 0.000000 0.000000 0.656329 -0.079741 -0.614827 4.200000 -2.207275 -2.900422 -2.207275 1.000000 0.000000 0.000000 0.000000
-13.872385 4.002983 16.142487 0.000000 0.000000 0.000000 0.481571 -0.140068 -0.717263 4.200000 -2.207275 -2.207275 -2.900422 1.000000 0.000000 0.000000 0.000000
-15.145776 0.000000 16.662272 0.000000 0.000000 0.000000 0.536372 -0.129591 -0.751199 4.200000 -2.207275 -2.900422 -2.207275 1.000000 0.000000 0.000000 0.000000
-14.852997 7.662093 18.116783 0.000000 0.000000 0.000000 0.494093 0.055161 -0.701883 4.200000 -2.207275 -2.900422 -2.207275 1.000000 0.000000 0.000000 0.000000
-13.075473 3.955539 25.857513 0.000000 0.000000 0.000000 0.560272 -0.036128 -0.558343 4.200000 -2.207275 -2.207275 -2.900422 1.000000 0.000000 0.000000 0.000000
-12.718807 0.701922 16.142487 0.000000 0.000000 0.000000 0.451933 0.025916 -0.541165 4.200000 -2.207275 -2.207275 -2.900422 1.000000 0.000000 0.000000 0.000000
-19.431376 0.580348 25.857513 0.000000 0.000000 0.000000 0.566465 0.001518 -0.717857 4.200000 -2.207275 -2.207275 -2.900422 1.000000 0.000000 0.000000 0.000000
-13.050731 6.540557 16.142487 0.000000 0.000000 0.000000 0.590426 -0.003200 -0.658830 4.200000 -2.207275 -2.207275 -2.900422 1.000000 0.000000 0.000000 0.000000
-11.257866 0.787886 24.942423 0.000000 0.000000 0.000000 0.499708 0.043167 -0.688853 4.200000 -2.900422 -2.207275 -2.900422 1.000000 0.000000 0.000000 0.000000
-13.426435 1.920274 25.857513 0.000000 0.000000 0.000000 0.650404 -0.001501 -0.565622 4.200000 -2.207275 -2.207275 -2.900422 1.000000 0.000000 0.000000 0.000000
-11.448648 3.540123 25.857513 0.000000 0.000000 0.000000 0.574979 0.026388 -0.616414 4.200000 -2.207275 -2.207275 -2.900422 1.000000 0.000000 0.000000 0.000000
-16.165841 6.478155 16.142487 0.000000 0.000000 0.000000 0.666294 0.099584 -0.647875 4.200000 -2.207275 -2.207275 -2.900422 1.000000 0.000000 0.000000 0.000000
-19.822936 2.602814 19.431933 0.000000 0.000000 0.000000 0.397109 -0.067204 -0.742946 4.200000 -2.900422 -2.207275 -2.900422 1.000000 0.000000 0.000000 0.000000
-18.924430 7.662093 18.754430 0.000000 0.000000 0.000000 0.505393 -0.133469 -0.673296 4.200000 -2.207275 -2.900422 -2.207275 1.000000 0.000000 0.000000 0.000000
-11.257866 4.265820 25.360372 0.000000 0.000000 0.000000 0.517573 -0.090069 -0.749020 4.200000 -2.900422 -2.207275 -2.900422 1.000000 0.000000 0.000000 0.000000
-17.834451 4.559314 25.857513 0.000000 0.000000 0.000000 0.572506 -0.103690 -0.718853 4.200000 -2.207275 -2.207275 -2.900422 1.000000 0.000000 0.000000 0.000000
-18.412852 1.945503 25.857513 0.000000 0.000000 0.000000 0.592038 -0.127842 -0.770246 4.200000 -2.207275 -2.207275 -2.900422 1.000000 0.000000 0.000000 0.000000
-12.938734 0.000000 17.316109 0.000000 0.000000 0.000000 0.665272 0.018225 -0.803078 4.200000 -2.207275 -2.900422 -2.207275 1.000000 0.000000 0.000000 0.000000
-11.257866 6.112538 22.687630 0.000000 0.000000 0.000000 0.637391 -0.170262 -0.579193 4.200000 -2.900422 -2.207275 -2.900422 1.000000 0.000000 0.000000 0.000000
-19.611771 1.997807 16.142487 0.000000 0.000000 0.000000 0.577007 -0.135398 -0.668713 4.200000 -2.207275 -2.207275 -2.900422 1.000000 0.000000 0.000000 0.000000
-13.077554 7.662093 20.230283 0.000000 0.000000 0.000000 0.442048 -0.175510 -0.767321 4.200000 -2.207275 -2.900422 -2.207275 1.000000 0.000000 0.000000 0.000000
-11.257866 5.889328 21.637286 0.000000 0.000000 0.000000 0.563097 0.006720 -0.729562 4.200000 -2.900422 -2.207275 -2.900422 1.000000 0.000000 0.000000 0.000000
-14.196105 7.662093 19.666015 0.000000 0.000000 0.000000 0.521083 -0.030390 -0.727964 4.200000 -2.207275 -2.900422 -2.207275 1.000000 0.000000 0.000000 0.000000
-11.257866 1.459984 23.995172 0.000000 0.000000 0.000000 0.425899 0.019496 -0.539399 4.200000 -2.900422 -2.207275 -2.900422 1.000000 0.000000 0.000000 0.000000
-17.225303 0.000000 16.714573 0.000000 0.000000 0.000000 0.439182 -0.148759 -0.575404 4.200000 -2.207275 -2.900422 -2.207275 1.000000 0.000000 0.000000 0.000000
-14.410996 7.662093 22.659971 0.000000 0.000000 0.000000 0.635928 0.028305 -0.707555 4.200000 -2.207275 -2.900422 -2.207275 1.000000 0.000000 0.000000 0.000000
-11.257866 0.511200 23.276684 0.000000 0.000000 0.000000 0.491504 0.018045 -0.595532 4.200000 -2.900422 -2.207275 -2.900422 1.000000 0.000000 0.000000 0.000000
-13.897010 6.126230 25.857513 0.000000 0.000000 0.000000 0.491324 -0.127306 -0.804668 4.200000 -2.207275 -2.207275 -2.900422 1.000000 0.000000 0.000000 0.000000
-17.964373 2.329722 25.857513 0.000000 0.000000 0.000000 0.438951 0.032486 -0.805350 4.200000 -2.207275 -2.207275 -2.900422 1.000000 0.000000 0.000000 0.000000
-11.521945 0.000000 23.074152 0.000000 0.000000 0.000000 0.469985 0.014672 -0.582057 4.200000 -2.207275 -2.900422 -2.207275 1.000000 0.000000 0.000000 0.000000
-19.822936 1.418855 17.002240 0.000000 0.000000 0.000000 0.598760 -0.111641 -0.726742 4.200000 -2.900422 -2.207275 -2.900422 1.000000 0.000000 0.000000 0.000000
-15.264002 0.000000 22.686161 0.000000 0.000000 0.000000 0.600573 -0.051088 -0.585510 4.200000 -2.207275 -2.900422 -2.207275 1.000000 0.000000 0.000000 0.000000
-17.740356 7.662093 25.166608 0.000000 0.000000 0.000000 0.391392 -0.043454 -0.544374 4.200000 -2.207275 -2.900422 -2.207275 1.000000 0.000000 0.000000 0.000000
-14.794949 2.534125 16.142487 0.000000 0.000000 0.000000 0.398368 0.042106 -0.681293 4.200000 -2.207275 -2.207275 -2.900422 1.000000 0.000000 0.000000 0.000000
-19.822936 1.348557 20.604351 0.000000 0.000000 0.000000 0.626492 -0.098571 -0.636210 4.200000 -2.900422 -2.207275 -2.900422 1.000000 0.000000 0.000000 0.000000
-16.287768 0.000000 23.160305 0.000000 0.000000 0.000000 0.468682 -0.079560 -0.732492 4.200000 -2.207275 -2.900422 -2.207275 1.000000 0.000000 0.000000 0.000000
-12.573533 2.800310 16.142487 0.000000 0.000000 0.000000 0.453750 -0.165167 -0.600196 4.200000 -2.207275 -2.207275 -2.900422 1.000000 0.000000 0.000000 0.000000
-11.257866 2.847365 20.240602 0.000000 0.000000 0.000000 0.634611 0.044152 -0.797737 4.200000 -2.900422 -2.207275 -2.900422 1.000000 0.000000 0.000000 0.000000
-11.257866 2.839714 18.240522 0.000000 0.000000 0.000000 0.489051 0.066174 -0.759447 4.200000 -2.900422 -2.207275 -2.900422 1.000000 0.000000 0.000000 0.000000
-12.350368 1.275164 16.142487 0.000000 0.000000 0.000000 0.445263 -0.063409 -0.697766 4.200000 -2.207275 -2.207275 -2.900422 1.000000 0.000000 0.000000 0.000000
-19.113340 0.000000 20.751692 0.000000 0.000000 0.000000 0.626866 0.011846 -0.697638 4.200000 -2.207275 -2.900422 -2.207275 1.000000 0.000000 0.000000 0.000000
-12.024711 0.000000 25.471747 0.000000 0.000000 0.000000 0.597218 -0.076601 -0.600173 4.200000 -2.207275 -2.900422 -2.207275 1.000000 0.000000 0.000000 0.000000
-18.196427 7.662093 25.025856 0.000000 0.000000 0.000000 0.480592 0.013324 -0.787743 4.200000 -2.207275 -2.900422 -2.207275 1.000000 0.000000 0.000000 0.000000
-18.574459 0.000000 17.870932 0.000000 0.000000 0.000000 0.463396 -0.033240 -0.665937 4.200000 -2.207275 -2.900422 -2.207275 1.000000 0.000000 0.000000 0.000000
-12.926373 6.015920 25.857513 0.000000 0.000000 0.000000 0.597098 -0.018355 -0.714394 4.200000 -2.207275 -2.207275 -2.900422 1.000000 0.000000 0.000000 0.000000
-11.257866 2.682402 20.255519 0.000000 0.000000 0.000000 0.430611 -0.044189 -0.711148 4.200000 -2.900422 -2.207275 -2.900422 1.000000 0.000000 0.000000 0.000000
-17.805818 5.195508 16.142487 0.000000 0.000000 0.000000 0.514645 0.060448 -0.768095 4.200000 -2.207275 -2.207275 -2.900422 1.000000 0.000000 0.000000 0.000000
-14.993414 0.000000 19.220626 0.000000 0.000000 0.000000 0.468456 0.010169 -0.541329 4.200000 -2.207275 -2.900422 -2.207275 1.000000 0.000000 0.000000 0.000000
-11.257866 2.831370 18.596441 0.000000 0.000000 0.000000 0.486880 -0.100501 -0.730901 4.200000 -2.900422 -2.207275 -2.900422 1.000000 0.000000 0.000000 0.000000
-11.257866 0.445849 21.352515 0.000000 0.000000 0.000000 0.631559 -0.114725 -0.668450 4.200000 -2.900422 -2.207275 -2.900422 1.000000 0.000000 0.000000 0.000000
-18.205408 7.662093 23.962968 0.000000 0.000000 0.000000 0.596105 -0.147605 -0.555043 4.200000 -2.207275 -2.900422 -2.207275 1.000000 0.000000 0.000000 0.000000
-13.683823 0.000000 22.090373 0.000000 0.000000 0.000000 0.483143 -0.141694 -0.694797 4.200000 -2.207275 -2.900422 -2.207275 1.000000 0.000000 0.000000 0.000000
-17.288516 7.662093 24.834685 0.000000 0.000000 0.000000 0.650198 0.020296 -0.639330 4.200000 -2.207275 -2.900422 -2.207275 1.000000 0.000000 0.000000 0.000000
-18.138111 0.000000 20.026022 0.000000 0.000000 0.000000 0.672654 0.079690 -0.567794 4.200000 -2.207275 -2.900422 -2.207275 1.000000 0.000000 0.000000 0.000000
-19.822936 6.248511 24.734995 0.000000 0.000000 0.000000 0.579492 0.031614 -0.698134 4.200000 -2.900422 -2.207275 -2.900422 1.000000 0.000000 0.000000 0.000000
-11.257866 2.610360 17.940662 0.000000 0.000000 0.000000 0.574422 -0.090794 -0.767542 4.200000 -2.900422 -2.207275 -2.900422 1.000000 0.000000 0.000000 0.000000
-11.257866 2.402834 20.853423 0.000000 0.000000 0.000000 0.391605 -0.005749 -0.601622 4.200000 -2.900422 -2.207275 -2.900422 1.000000 0.000000 0.000000 0.000000
-12.875544 0.000000 18.835498 0.000000 0.000000 0.000000 0.464135 0.105178 -0.594240 4.200000 -2.207275 -2.900422 -2.207275 1.000000 0.000000 0.000000 0.000000
-13.549361 1.645378 16.142487 0.000000 0.000000 0.000000 0.639335 -0.054838 -0.538342 4.200000 -2.207275 -2.207275 -2.900422 1.000000 0.000000 0.000000 0.000000
-15.712579 7.252520 16.142487 0.000000 0.000000 0.000000 0.422652 -0.157667 -0.659568 4.200000 -2.207275 -2.207275 -2.900422 1.000000 0.000000 0.000000 0.000000
-11.257866 6.053732 20.914946 0.000000 0.000000 0.000000 0.429614 0.044320 -0.689443 4.200000 -2.900422 -2.207275 -2.900422 1.000000 0.000000 0.000000 0.000000
-18.852471 3.668960 16.142487 0.000000 0.000000 0.000000 0.611031 -0.120593 -0.601485 4.200000 -2.207275 -2.207275 -2.900422 1.000000 0.000000 0.000000 0.000000
-12.309767 0.000000 21.691755 0.000000 0.000000 0.000000 0.601523 -0.069450 -0.561033 4.200000 -2.207275 -2.900422 -2.207275 1.000000 0.000000 0.000000 0.000000
-19.822936 3.000014 19.457073 0.000000 0.000000 0.000000 0.404142 -0.026604 -0.785349 4.200000 -2.900422 -2.207275 -2.900422 1.000000 0.000000 0.000000 0.000000
-16.165147 2.971250 25.857513 0.000000 0.000000 0.000000 0.605084 0.009664 -0.728765 4.200000 -2.207275 -2.207275 -2.900422 1.000000 0.000000 0.000000 0.000000
-13.626381 1.314311 25.857513 0.000000 0.000000 0.000000 0.668005 -0.065860 -0.564853 4.200000 -2.207275 -2.207275 -2.900422 1.000000 0.000000 0.000000 0.000000
-12.027791 1.007016 16.142487 0.000000 0.000000 0.000000 0.505972 -0.054359 -0.658687 4.200000 -2.207275 -2.207275 -2.900422 1.000000 0.000000 0.000000 0.000000
-12.574526 1.509651 16.142487 0.000000 0.000000 0.000000 0.420121 0.058772 -0.762296 4.200000 -2.207275 -2.207275 -2.900422 1.000000 0.000000 0.000000 0.000000
-17.873225 8.387476 17.175097 0.000000 0.000000 0.000000 -0.992574 -1.347065 -1.453412 4.200000 -2.302585 -2.659260 -2.302585 1.000000 0.000000 0.000000 0.000000
-12.095655 8.122982 19.250159 0.000000 0.000000 0.000000 -0.992574 -1.347065 -1.453412 4.200000 -2.302585 -2.659260 -2.302585 1.000000 0.000000 0.000000 0.000000
-18.811525 8.156854 20.127311 0.000000 0.000000 0.000000 -0.992574 -1.347065 -1.453412 4.200000 -2.302585 -2.659260 -2.302585 1.000000 0.000000 0.000000 0.000000
-13.845043 8.568480 22.447159 0.000000 0.000000 0.000000 -0.992574 -1.347065 -1.453412 4.200000 -2.302585 -2.659260 -2.302585 1.000000 0.000000 0.000000 0.000000
-11.251115 7.907434 23.768903 0.000000 0.000000 0.000000 -0.992574 -1.347065 -1.453412 4.200000 -2.302585 -2.659260 -2.302585 1.000000 0.000000 0.000000 0.000000
-16.664061 8.684723 15.746409 0.000000 0.000000 0.000000 -0.992574 -1.347065 -1.453412 4.200000 -2.302585 -2.659260 -2.302585 1.000000 0.000000 0.000000 0.000000
-14.730092 8.762144 18.008598 0.000000 0.000000 0.000000 -0.992574 -1.347065 -1.453412 4.200000 -2.302585 -2.659260 -2.302585 1.000000 0.000000 0.000000 0.000000
-15.393077 8.938845 16.716465 0.000000 0.000000 0.000000 -0.992574 -1.347065 -1.453412 4.200000 -2.302585 -2.659260 -2.302585 1.000000 0.000000 0.000000 0.000000
-14.813616 8.767961 22.259498 0.000000 0.000000 0.000000 -0.992574 -1.347065 -1.453412 4.200000 -2.302585 -2.659260 -2.302585 1.000000 0.000000 0.000000 0.000000
-18.253127 8.286005 22.424677 0.000000 0.000000 0.000000 -0.992574 -1.347065 -1.453412 4.200000 -2.302585 -2.659260 -2.302585 1.000000 0.000000 0.000000 0.000000
-10.939779 7.847796 16.375106 0.000000 0.000000 0.000000 -0.992574 -1.347065 -1.453412 4.200000 -2.302585 -2.659260 -2.302585 1.000000 0.000000 0.000000 0.000000
-14.245044 8.667429 25.514636 0.000000 0.000000 0.000000 -0.992574 -1.347065 -1.453412 4.200000 -2.302585 -2.659260 -2.302585 1.000000 0.000000 0.000000 0.000000
-14.728113 8.746508 18.686171 0.000000 0.000000 0.000000 -0.992574 -1.347065 -1.453412 4.200000 -2.302585 -2.659260 -2.302585 1.000000 0.000000 0.000000 0.000000
-19.179734 8.086765 25.178478 0.000000 0.000000 0.000000 -0.992574 -1.347065 -1.453412 4.200000 -2.302585 -2.659260 -2.302585 1.000000 0.000000 0.000000 0.000000
-20.216881 7.845161 20.427231 0.000000 0.000000 0.000000 -0.992574 -1.347065 -1.453412 4.200000 -2.302585 -2.659260 -2.302585 1.000000 0.000000 0.000000 0.000000
-12.868429 8.323336 18.334102 0.000000 0.000000 0.000000 -0.992574 -1.347065 -1.453412 4.200000 -2.302585 -2.659260 -2.302585 1.000000 0.000000 0.000000 0.000000
-11.167848 7.896530 23.734085 0.000000 0.000000 0.000000 -0.992574 -1.347065 -1.453412 4.200000 -2.302585 -2.659260 -2.302585 1.000000 0.000000 0.000000 0.000000
-14.948944 8.818216 18.569505 0.000000 0.000000 0.000000 -0.992574 -1.347065 -1.453412 4.200000 -2.302585 -2.659260 -2.302585 1.000000 0.000000 0.000000 0.000000
-17.681265 8.454672 15.432961 0.000000 0.000000 0.000000 -0.992574 -1.347065 -1.453412 4.200000 -2.302585 -2.659260 -2.302585 1.000000 0.000000 0.000000 0.000000
-17.795559 8.428606 21.702771 0.000000 0.000000 0.000000 -0.992574 -1.347065 -1.453412 4.200000 -2.302585 -2.659260 -2.302585 1.000000 0.000000 0.000000 0.000000
-15.509015 8.950136 16.980823 0.000000 0.000000 0.000000 -0.992574 -1.347065 -1.453412 4.200000 -2.302585 -2.659260 -2.302585 1.000000 0.000000 0.000000 0.000000
-19.671618 7.956078 18.418836 0.000000 0.000000 0.000000 -0.992574 -1.347065 -1.453412 4.200000 -2.302585 -2.659260 -2.302585 1.000000 0.000000 0.000000 0.000000
-11.954247 8.078168 22.496984 0.000000 0.000000 0.000000 -0.992574 -1.347065 -1.453412 4.200000 -2.302585 -2.659260 -2.302585 1.000000 0.000000 0.000000 0.000000
-15.881765 8.893623 16.737762 0.000000 0.000000 0.000000 -0.992574 -1.347065 -1.453412 4.200000 -2.302585 -2.659260 -2.302585 1.000000 0.000000 0.000000 0.000000
-19.629275 7.987653 25.919107 0.000000 0.000000 0.000000 -0.992574 -1.347065 -1.453412 4.200000 -2.302585 -2.659260 -2.302585 1.000000 0.000000 0.000000 0.000000
-18.149614 8.330359 22.690834 0.000000 0.000000 0.000000 -0.992574 -1.347065 -1.453412 4.200000 -2.302585 -2.659260 -2.302585 1.000000 0.000000 0.000000 0.000000
-11.577974 7.982161 24.912478 0.000000 0.000000 0.000000 -0.992574 -1.347065 -1.453412 4.200000 -2.302585 -2.659260 -2.302585 1.000000 0.000000 0.000000 0.000000
-17.124367 8.558343 20.248326 0.000000 0.000000 0.000000 -0.992574 -1.347065 -1.453412 4.200000 -2.302585 -2.659260 -2.302585 1.000000 0.000000 0.000000 0.000000
-16.567396 8.708997 25.322221 0.000000 0.000000 0.000000 -0.992574 -1.347065 -1.453412 4.200000 -2.302585 -2.659260 -2.302585 1.000000 0.000000 0.000000 0.000000
-17.808577 8.401691 23.044902 0.000000 0.000000 0.000000 -0.992574 -1.347065 -1.453412 4.200000 -2.302585 -2.659260 -2.302585 1.000000 0.000000 0.000000 0.000000
-17.772650 8.402213 17.282446 0.000000 0.000000 0.000000 -0.992574 -1.347065 -1.453412 4.200000 -2.302585 -2.659260 -2.302585 1.000000 0.000000 0.000000 0.000000
-19.327004 8.053940 22.243875 0.000000 0.000000 0.000000 -0.992574 -1.347065 -1.453412 4.200000 -2.302585 -2.659260 -2.302585 1.000000 0.000000 0.000000 0.000000
-13.474960 8.477340 24.297966 0.000000 0.000000 0.000000 -0.992574 -1.347065 -1.453412 4.200000 -2.302585 -2.659260 -2.302585 1.000000 0.000000 0.000000 0.000000
-16.689410 8.667129 17.611955 0.000000 0.000000 0.000000 -0.992574 -1.347065 -1.453412 4.200000 -2.302585 -2.659260 -2.302585 1.000000 0.000000 0.000000 0.000000
-12.767459 8.307322 25.146488 0.000000 0.000000 0.000000 -0.992574 -1.347065 -1.453412 4.200000 -2.302585 -2.659260 -2.302585 1.000000 0.000000 0.000000 0.000000
-12.122149 8.128167 21.198785 0.000000 0.000000 0.000000 -0.992574 -1.347065 -1.453412 4.200000 -2.302585 -2.659260 -2.302585 1.000000 0.000000 0.000000 0.000000
-10.766259 7.804227 23.724355 0.000000 0.000000 0.000000 -0.992574 -1.347065 -1.453412 4.200000 -2.302585 -2.659260 -2.302585 1.000000 0.000000 0.000000 0.000000
-18.865399 8.148610 19.087745 0.000000 0.000000 0.000000 -0.992574 -1.347065 -1.453412 4.200000 -2.302585 -2.659260 -2.302585 1.000000 0.000000 0.000000 0.000000
-11.207866 1.389338 18.375548 0.000000 0.000000 0.000000 -1.488861 -0.496287 -0.070898 4.800000 -2.813411 -2.525729 -2.813411 1.000000 0.000000 0.000000 0.000000
-11.207866 1.614540 18.174126 0.000000 0.000000 0.000000 -1.488861 -0.496287 -0.070898 4.800000 -2.813411 -2.525729 -2.813411 1.000000 0.000000 0.000000 0.000000
-11.207866 1.655842 18.539979 0.000000 0.000000 0.000000 -1.488861 -0.496287 -0.070898 4.800000 -2.813411 -2.525729 -2.813411 1.000000 0.000000 0.000000 0.000000
-11.207866 1.818956 18.867990 0.000000 0.000000 0.000000 -1.488861 -0.496287 -0.070898 4.800000 -2.813411 -2.525729 -2.813411 1.000000 0.000000 0.000000 0.000000
-11.207866 1.376628 20.992454 0.000000 0.000000 0.000000 -1.488861 -0.496287 -0.070898 4.800000 -2.813411 -2.525729 -2.813411 1.000000 0.000000 0.000000 0.000000
-11.207866 1.565826 20.816616 0.000000 0.000000 0.000000 -1.488861 -0.496287 -0.070898 4.800000 -2.813411 -2.525729 -2.813411 1.000000 0.000000 0.000000 0.000000
-11.207866 2.060123 21.066524 0.000000 0.000000 0.000000 -1.488861 -0.496287 -0.070898 4.800000 -2.813411 -2.525729 -2.813411 1.000000 0.000000 0.000000 0.000000
-11.207866 1.661591 20.851226 0.000000 0.000000 0.000000 -1.488861 -0.496287 -0.070898 4.800000 -2.813411 -2.525729 -2.813411 1.000000 0.000000 0.000000 0.000000
-11.207866 1.794299 23.546180 0.000000 0.000000 0.000000 -1.488861 -0.496287 -0.070898 4.800000 -2.813411 -2.525729 -2.813411 1.000000 0.000000 0.000000 0.000000
-11.207866 1.335531 23.796173 0.000000 0.000000 0.000000 -1.488861 -0.496287 -0.070898 4.800000 -2.813411 -2.525729 -2.813411 1.000000 0.000000 0.000000 0.000000
-11.207866 1.750843 23.074187 0.000000 0.000000 0.000000 -1.488861 -0.496287 -0.070898 4.800000 -2.813411 -2.525729 -2.813411 1.000000 0.000000 0.000000 0.000000
-11.207866 1.962898 23.154921 0.000000 0.000000 0.000000 -1.488861 -0.496287 -0.070898 4.800000 -2.813411 -2.525729 -2.813411 1.000000 0.000000 0.000000 0.000000
-11.207866 3.709739 18.715692 0.000000 0.000000 0.000000 -1.488861 -0.496287 -0.070898 4.800000 -2.813411 -2.525729 -2.813411 1.000000 0.000000 0.000000 0.000000
-11.207866 3.638395 18.579613 0.000000 0.000000 0.000000 -1.488861 -0.496287 -0.070898 4.800000 -2.813411 -2.525729 -2.813411 1.000000 0.000000 0.000000 0.000000
-11.207866 3.997554 18.595081 0.000000 0.000000 0.000000 -1.488861 -0.496287 -0.070898 4.800000 -2.813411 -2.525729 -2.813411 1.000000 0.000000 0.000000 0.000000
-11.207866 4.074766 18.597366 0.000000 0.000000 0.000000 -1.488861 -0.496287 -0.070898 4.800000 -2.813411 -2.525729 -2.813411 1.000000 0.000000 0.000000 0.000000
-11.207866 3.611296 20.777573 0.000000 0.000000 0.000000 -1.488861 -0.496287 -0.070898 4.800000 -2.813411 -2.525729 -2.813411 1.000000 0.000000 0.000000 0.000000
-11.207866 3.564728 20.876277 0.000000 0.000000 0.000000 -1.488861 -0.496287 -0.070898 4.800000 -2.813411 -2.525729 -2.813411 1.000000 0.000000 0.000000 0.000000
-11.207866 3.602331 20.508269 0.000000 0.000000 0.000000 -1.488861 -0.496287 -0.070898 4.800000 -2.813411 -2.525729 -2.813411 1.000000 0.000000 0.000000 0.000000
-11.207866 3.542129 21.418745 0.000000 0.000000 0.000000 -1.488861 -0.496287 -0.070898 4.800000 -2.813411 -2.525729 -2.813411 1.000000 0.000000 0.000000 0.000000
-11.207866 4.111366 23.330392 0.000000 0.000000 0.000000 -1.488861 -0.496287 -0.070898 4.800000 -2.813411 -2.525729 -2.813411 1.000000 0.000000 0.000000 0.000000
-11.207866 3.948318 23.782266 0.000000 0.000000 0.000000 -1.488861 -0.496287 -0.070898 4.800000 -2.813411 -2.525729 -2.813411 1.000000 0.000000 0.000000 0.000000
-11.207866 3.995548 23.242019 0.000000 0.000000 0.000000 -1.488861 -0.496287 -0.070898 4.800000 -2.813411 -2.525729 -2.813411 1.000000 0.000000 0.000000 0.000000
-11.207866 4.043289 23.473103 0.000000 0.000000 0.000000 -1.488861 -0.496287 -0.070898 4.800000 -2.813411 -2.525729 -2.813411 1.000000 0.000000 0.000000 0.000000
-13.000969 6.051148 28.101926 0.000000 0.000000 0.000000 0.660180 0.336817 -0.339971 4.200000 -2.207275 -2.207275 -2.900422 1.000000 0.000000 0.000000 0.000000
-17.789234 6.659963 37.898074 0.000000 0.000000 0.000000 0.770746 0.351837 -0.429491 4.200000 -2.207275 -2.207275 -2.900422 1.000000 0.000000 0.000000 0.000000
-20.325142 0.000000 29.840774 0.000000 0.000000 0.000000 0.677318 0.312428 -0.291292 4.200000 -2.207275 -2.900422 -2.207275 1.000000 0.000000 0.000000 0.000000
-12.022795 8.620603 36.680856 0.000000 0.000000 0.000000 0.749430 0.418816 -0.337403 4.200000 -2.900422 -2.207275 -2.900422 1.000000 0.000000 0.000000 0.000000
-12.022795 0.225829 29.275774 0.000000 0.000000 0.000000 0.797749 0.298072 -0.344774 4.200000 -2.900422 -2.207275 -2.900422 1.000000 0.000000 0.000000 0.000000
-13.425793 0.000000 28.827007 0.000000 0.000000 0.000000 0.790475 0.156058 -0.299974 4.200000 -2.207275 -2.900422 -2.207275 1.000000 0.000000 0.000000 0.000000
-12.154719 0.000000 36.069713 0.000000 0.000000 0.000000 0.906546 0.234536 -0.331680 4.200000 -2.207275 -2.900422 -2.207275 1.000000 0.000000 0.000000 0.000000
-12.652801 5.040804 37.898074 0.000000 0.000000 0.000000 0.872547 0.159024 -0.349815 4.200000 -2.207275 -2.207275 -2.900422 1.000000 0.000000 0.000000 0.000000
-12.022795 8.440332 32.710737 0.000000 0.000000 0.000000 0.896235 0.358105 -0.524558 4.200000 -2.900422 -2.207275 -2.900422 1.000000 0.000000 0.000000 0.000000
-12.022795 7.041062 34.231462 0.000000 0.000000 0.000000 0.730360 0.147458 -0.283229 4.200000 -2.900422 -2.207275 -2.900422 1.000000 0.000000 0.000000 0.000000
-12.022795 0.414863 35.378886 0.000000 0.000000 0.000000 0.798967 0.247513 -0.373668 4.200000 -2.900422 -2.207275 -2.900422 1.000000 0.000000 0.000000 0.000000
-15.285335 0.000000 36.837136 0.000000 0.000000 0.000000 0.774313 0.348288 -0.469783 4.200000 -2.207275 -2.900422 -2.207275 1.000000 0.000000 0.000000 0.000000
-15.267523 0.000000 36.883992 0.000000 0.000000 0.000000 0.655487 0.231921 -0.413493 4.200000 -2.207275 -2.900422 -2.207275 1.000000 0.000000 0.000000 0.000000
-15.142027 6.156718 28.101926 0.000000 0.000000 0.000000 0.766997 0.231387 -0.351611 4.200000 -2.207275 -2.207275 -2.900422 1.000000 0.000000 0.000000 0.000000
-12.022795 8.681217 34.566682 0.000000 0.000000 0.000000 0.696939 0.306960 -0.440469 4.200000 -2.900422 -2.207275 -2.900422 1.000000 0.000000 0.000000 0.000000
-20.009324 3.918763 28.101926 0.000000 0.000000 0.000000 0.775962 0.154013 -0.304189 4.200000 -2.207275 -2.207275 -2.900422 1.000000 0.000000 0.000000 0.000000
-15.446624 4.135970 37.898074 0.000000 0.000000 0.000000 0.737030 0.336752 -0.437495 4.200000 -2.207275 -2.207275 -2.900422 1.000000 0.000000 0.000000 0.000000
-17.450552 8.828759 31.042662 0.000000 0.000000 0.000000 0.655489 0.235362 -0.440498 4.200000 -2.207275 -2.900422 -2.207275 1.000000 0.000000 0.000000 0.000000
-12.022795 2.427012 28.418469 0.000000 0.000000 0.000000 0.745680 0.235354 -0.358634 4.200000 -2.900422 -2.207275 -2.900422 1.000000 0.000000 0.000000 0.000000
-17.667598 1.799526 28.101926 0.000000 0.000000 0.000000 0.852125 0.356650 -0.314515 4.200000 -2.207275 -2.207275 -2.900422 1.000000 0.000000 0.000000 0.000000
-20.968499 5.909835 33.142169 0.000000 0.000000 0.000000 0.822913 0.171919 -0.526477 4.200000 -2.900422 -2.207275 -2.900422 1.000000 0.000000 0.000000 0.000000
-13.419376 4.093673 37.898074 0.000000 0.000000 0.000000 0.655419 0.408436 -0.250907 4.200000 -2.207275 -2.207275 -2.900422 1.000000 0.000000 0.000000 0.000000
-20.968499 4.545957 32.238643 0.000000 0.000000 0.000000 0.644543 0.243570 -0.357833 4.200000 -2.900422 -2.207275 -2.900422 1.000000 0.000000 0.000000 0.000000
-14.235868 0.000000 33.951621 0.000000 0.000000 0.000000 0.903025 0.399701 -0.473847 4.200000 -2.207275 -2.900422 -2.207275 1.000000 0.000000 0.000000 0.000000
-18.734700 1.662972 28.101926 0.000000 0.000000 0.000000 0.727621 0.202652 -0.275338 4.200000 -2.207275 -2.207275 -2.900422 1.000000 0.000000 0.000000 0.000000
-18.246341 1.778479 37.898074 0.000000 0.000000 0.000000 0.800093 0.188884 -0.359275 4.200000 -2.207275 -2.207275 -2.900422 1.000000 0.000000 0.000000 0.000000
-12.022795 5.758897 34.183147 0.000000 0.000000 0.000000 0.773795 0.161497 -0.460171 4.200000 -2.900422 -2.207275 -2.900422 1.000000 0.000000 0.000000 0.000000
-18.238395 8.828759 28.260390 0.000000 0.000000 0.000000 0.793059 0.146806 -0.325291 4.200000 -2.207275 -2.900422 -2.207275 1.000000 0.000000 0.000000 0.000000
-14.281338 4.517961 28.101926 0.000000 0.000000 0.000000 0.715471 0.348260 -0.428409 4.200000 -2.207275 -2.207275 -2.900422 1.000000 0.000000 0.000000 0.000000
-12.022795 6.200006 33.584487 0.000000 0.000000 0.000000 0.876957 0.142806 -0.496063 4.200000 -2.900422 -2.207275 -2.900422 1.000000 0.000000 0.000000 0.000000
-12.022795 2.791728 34.773141 0.000000 0.000000 0.000000 0.850304 0.277804 -0.347098 4.200000 -2.900422 -2.207275 -2.900422 1.000000 0.000000 0.000000 0.000000
-20.968499 1.171872 32.458977 0.000000 0.000000 0.000000 0.789534 0.324115 -0.369524 4.200000 -2.900422 -2.207275 -2.900422 1.000000 0.000000 0.000000 0.000000
-18.278373 8.828759 29.737187 0.000000 0.000000 0.000000 0.788779 0.417938 -0.489946 4.200000 -2.207275 -2.900422 -2.207275 1.000000 0.000000 0.000000 0.000000
-12.022795 6.741333 34.289717 0.000000 0.000000 0.000000 0.803577 0.343626 -0.265933 4.200000 -2.900422 -2.207275 -2.900422 1.000000 0.000000 0.000000 0.000000
-20.968499 8.554955 36.273836 0.000000 0.000000 0.000000 0.716763 0.274145 -0.413464 4.200000 -2.900422 -2.207275 -2.900422 1.000000 0.000000 0.000000 0.000000
-20.968499 2.915260 37.756864 0.000000 0.000000 0.000000 0.916077 0.398828 -0.304892 4.200000 -2.900422 -2.207275 -2.900422 1.000000 0.000000 0.000000 0.000000
-20.968499 3.360398 37.225724 0.000000 0.000000 0.000000 0.912310 0.147145 -0.362829 4.200000 -2.900422 -2.207275 -2.900422 1.000000 0.000000 0.000000 0.000000
-12.022795 8.427119 35.157311 0.000000 0.000000 0.000000 0.771260 0.282448 -0.335622 4.200000 -2.900422 -2.207275 -2.900422 1.000000 0.000000 0.000000 0.000000
-14.690938 1.249602 28.101926 0.000000 0.000000 0.000000 0.858183 0.293767 -0.328858 4.200000 -2.207275 -2.207275 -2.900422 1.000000 0.000000 0.000000 0.000000
-18.743547 1.449022 28.101926 0.000000 0.000000 0.000000 0.789093 0.260006 -0.459100 4.200000 -2.207275 -2.207275 -2.900422 1.000000 0.000000 0.000000 0.000000
-16.452480 8.828759 30.808877 0.000000 0.000000 0.000000 0.651603 0.288036 -0.436202 4.200000 -2.207275 -2.900422 -2.207275 1.000000 0.000000 0.000000 0.000000
-20.968499 3.960205 29.296325 0.000000 0.000000 0.000000 0.755326 0.318275 -0.438359 4.200000 -2.900422 -2.207275 -2.900422 1.000000 0.000000 0.000000 0.000000
-20.968499 6.730595 32.017110 0.000000 0.000000 0.000000 0.714167 0.416730 -0.527109 4.200000 -2.900422 -2.207275 -2.900422 1.000000 0.000000 0.000000 0.000000
-20.968499 3.626611 33.808372 0.000000 0.000000 0.000000 0.814085 0.261866 -0.451531 4.200000 -2.900422 -2.207275 -2.900422 1.000000 0.000000 0.000000 0.000000
-12.022795 1.697159 31.083880 0.000000 0.000000 0.000000 0.713566 0.323347 -0.260727 4.200000 -2.900422 -2.207275 -2.900422 1.000000 0.000000 0.000000 0.000000
-19.686739 8.828759 36.672143 0.000000 0.000000 0.000000 0.772784 0.243090 -0.400919 4.200000 -2.207275 -2.900422 -2.207275 1.000000 0.000000 0.000000 0.000000
-14.253793 0.341600 37.898074 0.000000 0.000000 0.000000 0.703783 0.318022 -0.373942 4.200000 -2.207275 -2.207275 -2.900422 1.000000 0.000000 0.000000 0.000000
-19.279229 0.000000 28.411451 0.000000 0.000000 0.000000 0.830306 0.367641 -0.500362 4.200000 -2.207275 -2.900422 -2.207275 1.000000 0.000000 0.000000 0.000000
-19.869397 5.515655 28.101926 0.000000 0.000000 0.000000 0.902342 0.332684 -0.463306 4.200000 -2.207275 -2.207275 -2.900422 1.000000 0.000000 0.000000 0.000000
-15.836170 8.369842 37.898074 0.000000 0.000000 0.000000 0.896226 0.411888 -0.428836 4.200000 -2.207275 -2.207275 -2.900422 1.000000 0.000000 0.000000 0.000000
-20.968499 3.422339 35.703688 0.000000 0.000000 0.000000 0.659015 0.341189 -0.406168 4.200000 -2.900422 -2.207275 -2.900422 1.000000 0.000000 0.000000 0.000000
-20.968499 8.699308 36.984170 0.000000 0.000000 0.000000 0.892906 0.397487 -0.300548 4.200000 -2.900422 -2.207275 -2.900422 1.000000 0.000000 0.000000 0.000000
-13.425870 5.488751 28.101926 0.000000 0.000000 0.000000 0.874388 0.329437 -0.339078 4.200000 -2.207275 -2.207275 -2.900422 1.000000 0.000000 0.000000 0.000000
-12.022795 0.901487 34.021497 0.000000 0.000000 0.000000 0.663448 0.240947 -0.409607 4.200000 -2.900422 -2.207275 -2.900422 1.000000 0.000000 0.000000 0.000000
-20.968499 5.780075 37.203193 0.000000 0.000000 0.000000 0.776518 0.156369 -0.489462 4.200000 -2.900422 -2.207275 -2.900422 1.000000 0.000000 0.000000 0.000000
-20.968499 7.969495 35.689084 0.000000 0.000000 0.000000 0.774408 0.248351 -0.263769 4.200000 -2.900422 -2.207275 -2.900422 1.000000 0.000000 0.000000 0.000000
-12.022795 7.687978 29.061203 0.000000 0.000000 0.000000 0.888043 0.402179 -0.342212 4.200000 -2.900422 -2.207275 -2.900422 1.000000 0.000000 0.000000 0.000000
-16.001585 8.775016 28.101926 0.000000 0.000000 0.000000 0.650002 0.264093 -0.504970 4.200000 -2.207275 -2.207275 -2.900422 1.000000 0.000000 0.000000 0.000000
-20.824021 8.828759 36.797416 0.000000 0.000000 0.000000 0.817039 0.423711 -0.299168 4.200000 -2.207275 -2.900422 -2.207275 1.000000 0.000000 0.000000 0.000000
-20.323011 0.676111 28.101926 0.000000 0.000000 0.000000 0.711632 0.190868 -0.406187 4.200000 -2.207275 -2.207275 -2.900422 1.000000 0.000000 0.000000 0.000000
-13.060434 8.828759 30.956740 0.000000 0.000000 0.000000 0.833187 0.411721 -0.382718 4.200000 -2.207275 -2.900422 -2.207275 1.000000 0.000000 0.000000 0.000000
-16.779499 8.828759 35.076483 0.000000 0.000000 0.000000 0.768002 0.229676 -0.413728 4.200000 -2.207275 -2.900422 -2.207275 1.000000 0.000000 0.000000 0.000000
-12.022795 6.483597 34.268054 0.000000 0.000000 0.000000 0.794685 0.339383 -0.420823 4.200000 -2.900422 -2.207275 -2.900422 1.000000 0.000000 0.000000 0.000000
-19.832179 8.828759 35.645396 0.000000 0.000000 0.000000 0.809627 0.342840 -0.392677 4.200000 -2.207275 -2.900422 -2.207275 1.000000 0.000000 0.000000 0.000000
-12.022795 0.233335 30.672948 0.000000 0.000000 0.000000 0.672003 0.183256 -0.514431 4.200000 -2.900422 -2.207275 -2.900422 1.000000 0.000000 0.000000 0.000000
-12.656612 8.828759 36.879033 0.000000 0.000000 0.000000 0.728206 0.156888 -0.319173 4.200000 -2.207275 -2.900422 -2.207275 1.000000 0.000000 0.000000 0.000000
-20.968499 1.111788 33.550098 0.000000 0.000000 0.000000 0.726135 0.169862 -0.344808 4.200000 -2.900422 -2.207275 -2.900422 1.000000 0.000000 0.000000 0.000000
-12.022795 0.517057 35.870607 0.000000 0.000000 0.000000 0.833031 0.422526 -0.337770 4.200000 -2.900422 -2.207275 -2.900422 1.000000 0.000000 0.000000 0.000000
-20.968499 5.222654 33.568001 0.000000 0.000000 0.000000 0.833884 0.312135 -0.452624 4.200000 -2.900422 -2.207275 -2.900422 1.000000 0.000000 0.000000 0.000000
-18.637183 0.000000 28.874539 0.000000 0.000000 0.000000 0.918943 0.209373 -0.396121 4.200000 -2.207275 -2.900422 -2.207275 1.000000 0.000000 0.000000 0.000000
-20.968499 5.829951 30.073203 0.000000 0.000000 0.000000 0.916833 0.156519 -0.333782 4.200000 -2.900422 -2.207275 -2.900422 1.000000 0.000000 0.000000 0.000000
-16.293380 0.000000 35.827619 0.000000 0.000000 0.000000 0.901344 0.237841 -0.384017 4.200000 -2.207275 -2.900422 -2.207275 1.000000 0.000000 0.000000 0.000000
-15.900033 7.980834 37.898074 0.000000 0.000000 0.000000 0.872507 0.391979 -0.513342 4.200000 -2.207275 -2.207275 -2.900422 1.000000 0.000000 0.000000 0.000000
-12.022795 0.408126 28.846738 0.000000 0.000000 0.000000 0.810306 0.394710 -0.363482 4.200000 -2.900422 -2.207275 -2.900422 1.000000 0.000000 0.000000 0.000000
-12.325992 8.828759 33.901158 0.000000 0.000000 0.000000 0.881027 0.282483 -0.345562 4.200000 -2.207275 -2.900422 -2.207275 1.000000 0.000000 0.000000 0.000000
-17.093133 7.898133 28.101926 0.000000 0.000000 0.000000 0.897604 0.321056 -0.510794 4.200000 -2.207275 -2.207275 -2.900422 1.000000 0.000000 0.000000 0.000000
-18.180929 1.775486 28.101926 0.000000 0.000000 0.000000 0.714388 0.423152 -0.519798 4.200000 -2.207275 -2.207275 -2.900422 1.000000 0.000000 0.000000 0.000000
-12.022795 7.405188 34.255458 0.000000 0.000000 0.000000 0.819762 0.333207 -0.382925 4.200000 -2.900422 -2.207275 -2.900422 1.000000 0.000000 0.000000 0.000000
-15.669418 6.499749 37.898074 0.000000 0.000000 0.000000 0.766032 0.359616 -0.522221 4.200000 -2.207275 -2.207275 -2.900422 1.000000 0.000000 0.000000 0.000000
-18.253768 0.000000 30.065299 0.000000 0.000000 0.000000 0.881838 0.176684 -0.439612 4.200000 -2.207275 -2.900422 -2.207275 1.000000 0.000000 0.000000 0.000000
-15.238790 0.000000 29.583795 0.000000 0.000000 0.000000 0.718265 0.168607 -0.261619 4.200000 -2.207275 -2.900422 -2.207275 1.000000 0.000000 0.000000 0.000000
-16.488481 5.978326 37.898074 0.000000 0.000000 0.000000 0.874877 0.383411 -0.261579 4.200000 -2.207275 -2.207275 -2.900422 1.000000 0.000000 0.000000 0.000000
-12.994554 8.828759 28.587066 0.000000 0.000000 0.000000 0.649517 0.206290 -0.308340 4.200000 -2.207275 -2.900422 -2.207275 1.000000 0.000000 0.000000 0.000000
-22.064380 8.819851 35.034304 0.000000 0.000000 0.000000 -0.992574 -1.347065 -1.453412 4.200000 -2.302585 -2.659260 -2.302585 1.000000 0.000000 0.000000 0.000000
-18.937313 9.542066 30.732042 0.000000 0.000000 0.000000 -0.992574 -1.347065 -1.453412 4.200000 -2.302585 -2.659260 -2.302585 1.000000 0.000000 0.000000 0.000000
-12.233531 9.131844 31.938916 0.000000 0.000000 0.000000 -0.992574 -1.347065 -1.453412 4.200000 -2.302585 -2.659260 -2.302585 1.000000 0.000000 0.000000 0.000000
-12.855054 9.266754 34.619463 0.000000 0.000000 0.000000 -0.992574 -1.347065 -1.453412 4.200000 -2.302585 -2.659260 -2.302585 1.000000 0.000000 0.000000 0.000000
-15.043076 9.786362 34.997746 0.000000 0.000000 0.000000 -0.992574 -1.347065 -1.453412 4.200000 -2.302585 -2.659260 -2.302585 1.000000 0.000000 0.000000 0.000000
-21.165197 9.040936 36.630800 0.000000 0.000000 0.000000 -0.992574 -1.347065 -1.453412 4.200000 -2.302585 -2.659260 -2.302585 1.000000 0.000000 0.000000 0.000000
-15.283985 9.845078 30.339159 0.000000 0.000000 0.000000 -0.992574 -1.347065 -1.453412 4.200000 -2.302585 -2.659260 -2.302585 1.000000 0.000000 0.000000 0.000000
-17.307758 9.937555 32.079890 0.000000 0.000000 0.000000 -0.992574 -1.347065 -1.453412 4.200000 -2.302585 -2.659260 -2.302585 1.000000 0.000000 0.000000 0.000000
-11.381930 8.941383 36.554723 0.000000 0.000000 0.000000 -0.992574 -1.347065 -1.453412 4.200000 -2.302585 -2.659260 -2.302585 1.000000 0.000000 0.000000 0.000000
-16.483599 10.135046 31.130260 0.000000 0.000000 0.000000 -0.992574 -1.347065 -1.453412 4.200000 -2.302585 -2.659260 -2.302585 1.000000 0.000000 0.000000 0.000000
-20.442985 9.229998 36.204248 0.000000 0.000000 0.000000 -0.992574 -1.347065 -1.453412 4.200000 -2.302585 -2.659260 -2.302585 1.000000 0.000000 0.000000 0.000000
-20.986543 9.092709 28.171286 0.000000 0.000000 0.000000 -0.992574 -1.347065 -1.453412 4.200000 -2.302585 -2.659260 -2.302585 1.000000 0.000000 0.000000 0.000000
-18.566155 9.665748 34.276484 0.000000 0.000000 0.000000 -0.992574 -1.347065 -1.453412 4.200000 -2.302585 -2.659260 -2.302585 1.000000 0.000000 0.000000 0.000000
-12.837232 9.277650 34.551026 0.000000 0.000000 0.000000 -0.992574 -1.347065 -1.453412 4.200000 -2.302585 -2.659260 -2.302585 1.000000 0.000000 0.000000 0.000000
-21.322134 8.998136 34.119706 0.000000 0.000000 0.000000 -0.992574 -1.347065 -1.453412 4.200000 -2.302585 -2.659260 -2.302585 1.000000 0.000000 0.000000 0.000000
-12.139189 9.108964 37.651217 0.000000 0.000000 0.000000 -0.992574 -1.347065 -1.453412 4.200000 -2.302585 -2.659260 -2.302585 1.000000 0.000000 0.000000 0.000000
-21.999550 8.868160 35.747735 0.000000 0.000000 0.000000 -0.992574 -1.347065 -1.453412 4.200000 -2.302585 -2.659260 -2.302585 1.000000 0.000000 0.000000 0.000000
-11.704770 9.032800 35.074194 0.000000 0.000000 0.000000 -0.992574 -1.347065 -1.453412 4.200000 -2.302585 -2.659260 -2.302585 1.000000 0.000000 0.000000 0.000000
-15.507147 9.905289 33.038712 0.000000 0.000000 0.000000 -0.992574 -1.347065 -1.453412 4.200000 -2.302585 -2.659260 -2.302585 1.000000 0.000000 0.000000 0.000000
-14.960102 9.774204 29.353057 0.000000 0.000000 0.000000 -0.992574 -1.347065 -1.453412 4.200000 -2.302585 -2.659260 -2.302585 1.000000 0.000000 0.000000 0.000000
-16.551664 10.126298 34.496104 0.000000 0.000000 0.000000 -0.992574 -1.347065 -1.453412 4.200000 -2.302585 -2.659260 -2.302585 1.000000 0.000000 0.000000 0.000000
-14.649389 9.679735 32.936716 0.000000 0.000000 0.000000 -0.992574 -1.347065 -1.453412 4.200000 -2.302585 -2.659260 -2.302585 1.000000 0.000000 0.000000 0.000000
-17.861330 9.808642 34.549886 0.000000 0.000000 0.000000 -0.992574 -1.347065 -1.453412 4.200000 -2.302585 -2.659260 -2.302585 1.000000 0.000000 0.000000 0.000000
-19.402899 9.469997 34.808410 0.000000 0.000000 0.000000 -0.992574 -1.347065 -1.453412 4.200000 -2.302585 -2.659260 -2.302585 1.000000 0.000000 0.000000 0.000000
-14.094519 9.578299 29.573616 0.000000 0.000000 0.000000 -0.992574 -1.347065 -1.453412 4.200000 -2.302585 -2.659260 -2.302585 1.000000 0.000000 0.000000 0.000000
-14.968796 9.779172 30.528401 0.000000 0.000000 0.000000 -0.992574 -1.347065 -1.453412 4.200000 -2.302585 -2.659260 -2.302585 1.000000 0.000000 0.000000 0.000000
-15.296231 9.858112 34.940170 0.000000 0.000000 0.000000 -0.992574 -1.347065 -1.453412 4.200000 -2.302585 -2.659260 -2.302585 1.000000 0.000000 0.000000 0.000000
-17.887880 9.824367 35.239572 0.000000 0.000000 0.000000 -0.992574 -1.347065 -1.453412 4.200000 -2.302585 -2.659260 -2.302585 1.000000 0.000000 0.000000 0.000000
-16.184334 10.065428 35.913202 0.000000 0.000000 0.000000 -0.992574 -1.347065 -1.453412 4.200000 -2.302585 -2.659260 -2.302585 1.000000 0.000000 0.000000 0.000000
-19.434561 9.438865 36.164167 0.000000 0.000000 0.000000 -0.992574 -1.347065 -1.453412 4.200000 -2.302585 -2.659260 -2.302585 1.000000 0.000000 0.000000 0.000000
-13.824739 9.514035 35.431268 0.000000 0.000000 0.000000 -0.992574 -1.347065 -1.453412 4.200000 -2.302585 -2.659260 -2.302585 1.000000 0.000000 0.000000 0.000000
-19.076973 9.524351 30.107108 0.000000 0.000000 0.000000 -0.992574 -1.347065 -1.453412 4.200000 -2.302585 -2.659260 -2.302585 1.000000 0.000000 0.000000 0.000000
-21.410287 8.995934 37.954795 0.000000 0.000000 0.000000 -0.992574 -1.347065 -1.453412 4.200000 -2.302585 -2.659260 -2.302585 1.000000 0.000000 0.000000 0.000000
-14.254579 9.621202 28.150417 0.000000 0.000000 0.000000 -0.992574 -1.347065 -1.453412 4.200000 -2.302585 -2.659260 -2.302585 1.000000 0.000000 0.000000 0.000000
-14.973763 9.790789 31.198617 0.000000 0.000000 0.000000 -0.992574 -1.347065 -1.453412 4.200000 -2.302585 -2.659260 -2.302585 1.000000 0.000000 0.000000 0.000000
-16.662806 10.097587 28.796895 0.000000 0.000000 0.000000 -0.992574 -1.347065 -1.453412 4.200000 -2.302585 -2.659260 -2.302585 1.000000 0.000000 0.000000 0.000000
-11.970094 9.063666 28.836960 0.000000 0.000000 0.000000 -0.992574 -1.347065 -1.453412 4.200000 -2.302585 -2.659260 -2.302585 1.000000 0.000000 0.000000 0.000000
-17.953060 9.778815 37.035325 0.000000 0.000000 0.000000 -0.992574 -1.347065 -1.453412 4.200000 -2.302585 -2.659260 -2.302585 1.000000 0.000000 0.000000 0.000000
-15.173420 9.839285 35.877600 0.000000 0.000000 0.000000 -0.992574 -1.347065 -1.453412 4.200000 -2.302585 -2.659260 -2.302585 1.000000 0.000000 0.000000 0.000000
-11.972795 1.586715 30.628289 0.000000 0.000000 0.000000 -1.488861 -0.496287 -0.070898 4.800000 -2.813411 -2.525729 -2.813411 1.000000 0.000000 0.000000 0.000000
-11.972795 1.440718 31.201057 0.000000 0.000000 0.000000 -1.488861 -0.496287 -0.070898 4.800000 -2.813411 -2.525729 -2.813411 1.000000 0.000000 0.000000 0.000000
-11.972795 1.407376 30.653639 0.000000 0.000000 0.000000 -1.488861 -0.496287 -0.070898 4.800000 -2.813411 -2.525729 -2.813411 1.000000 0.000000 0.000000 0.000000
-11.972795 1.641261 30.550644 0.000000 0.000000 0.000000 -1.488861 -0.496287 -0.070898 4.800000 -2.813411 -2.525729 -2.813411 1.000000 0.000000 0.000000 0.000000
-11.972795 1.575073 32.686829 0.000000 0.000000 0.000000 -1.488861 -0.496287 -0.070898 4.800000 -2.813411 -2.525729 -2.813411 1.000000 0.000000 0.000000 0.000000
-11.972795 1.546194 33.428031 0.000000 0.000000 0.000000 -1.488861 -0.496287 -0.070898 4.800000 -2.813411 -2.525729 -2.813411 1.000000 0.000000 0.000000 0.000000
-11.972795 1.616787 33.177427 0.000000 0.000000 0.000000 -1.488861 -0.496287 -0.070898 4.800000 -2.813411 -2.525729 -2.813411 1.000000 0.000000 0.000000 0.000000
-11.972795 1.329593 33.428983 0.000000 0.000000 0.000000 -1.488861 -0.496287 -0.070898 4.800000 -2.813411 -2.525729 -2.813411 1.000000 0.000000 0.000000 0.000000
-11.972795 1.689450 34.924628 0.000000 0.000000 0.000000 -1.488861 -0.496287 -0.070898 4.800000 -2.813411 -2.525729 -2.813411 1.000000 0.000000 0.000000 0.000000
-11.972795 1.890459 35.784456 0.000000 0.000000 0.000000 -1.488861 -0.496287 -0.070898 4.800000 -2.813411 -2.525729 -2.813411 1.000000 0.000000 0.000000 0.000000
-11.972795 1.643786 35.752047 0.000000 0.000000 0.000000 -1.488861 -0.496287 -0.070898 4.800000 -2.813411 -2.525729 -2.813411 1.000000 0.000000 0.000000 0.000000
-11.972795 1.852818 35.574163 0.000000 0.000000 0.000000 -1.488861 -0.496287 -0.070898 4.800000 -2.813411 -2.525729 -2.813411 1.000000 0.000000 0.000000 0.000000
-11.972795 3.536320 31.227347 0.000000 0.000000 0.000000 -1.488861 -0.496287 -0.070898 4.800000 -2.813411 -2.525729 -2.813411 1.000000 0.000000 0.000000 0.000000
-11.972795 4.017125 30.621596 0.000000 0.000000 0.000000 -1.488861 -0.496287 -0.070898 4.800000 -2.813411 -2.525729 -2.813411 1.000000 0.000000 0.000000 0.000000
-11.972795 3.819485 30.881263 0.000000 0.000000 0.000000 -1.488861 -0.496287 -0.070898 4.800000 -2.813411 -2.525729 -2.813411 1.000000 0.000000 0.000000 0.000000
-11.972795 4.065289 30.206547 0.000000 0.000000 0.000000 -1.488861 -0.496287 -0.070898 4.800000 -2.813411 -2.525729 -2.813411 1.000000 0.000000 0.000000 0.000000
-11.972795 3.799138 32.813843 0.000000 0.000000 0.000000 -1.488861 -0.496287 -0.070898 4.800000 -2.813411 -2.525729 -2.813411 1.000000 0.000000 0.000000 0.000000
-11.972795 3.571288 33.051891 0.000000 0.000000 0.000000 -1.488861 -0.496287 -0.070898 4.800000 -2.813411 -2.525729 -2.813411 1.000000 0.000000 0.000000 0.000000
-11.972795 3.789714 33.071298 0.000000 0.000000 0.000000 -1.488861 -0.496287 -0.070898 4.800000 -2.813411 -2.525729 -2.813411 1.000000 0.000000 0.000000 0.000000
-11.972795 3.602470 33.042664 0.000000 0.000000 0.000000 -1.488861 -0.496287 -0.070898 4.800000 -2.813411 -2.525729 -2.813411 1.000000 0.000000 0.000000 0.000000
-11.972795 3.817534 35.468168 0.000000 0.000000 0.000000 -1.488861 -0.496287 -0.070898 4.800000 -2.813411 -2.525729 -2.813411 1.000000 0.000000 0.000000 0.000000
-11.972795 4.115851 35.468334 0.000000 0.000000 0.000000 -1.488861 -0.496287 -0.070898 4.800000 -2.813411 -2.525729 -2.813411 1.000000 0.000000 0.000000 0.000000
-11.972795 3.447359 35.272705 0.000000 0.000000 0.000000 -1.488861 -0.496287 -0.070898 4.800000 -2.813411 -2.525729 -2.813411 1.000000 0.000000 0.000000 0.000000
-11.972795 4.049496 35.696594 0.000000 0.000000 0.000000 -1.488861 -0.496287 -0.070898 4.800000 -2.813411 -2.525729 -2.813411 1.000000 0.000000 0.000000 0.000000
-11.533069 5.702384 40.049356 0.000000 0.000000 0.000000 0.262078 -0.275896 -0.852657 4.200000 -2.207275 -2.207275 -2.900422 1.000000 0.000000 0.000000 0.000000
-18.969370 3.284659 49.950644 0.000000 0.000000 0.000000 0.209379 -0.377282 -0.891465 4.200000 -2.207275 -2.207275 -2.900422 1.000000 0.000000 0.000000 0.000000
-14.162540 7.941948 42.327133 0.000000 0.000000 0.000000 0.207196 -0.165181 -0.680692 4.200000 -2.207275 -2.900422 -2.207275 1.000000 0.000000 0.000000 0.000000
-19.496109 0.608228 43.106063 0.000000 0.000000 0.000000 0.105114 -0.389522 -0.667986 4.200000 -2.900422 -2.207275 -2.900422 1.000000 0.000000 0.000000 0.000000
-10.523709 1.069577 40.338075 0.000000 0.000000 0.000000 0.344662 -0.287432 -0.709651 4.200000 -2.900422 -2.207275 -2.900422 1.000000 0.000000 0.000000 0.000000
-19.496109 2.706056 44.725300 0.000000 0.000000 0.000000 0.076917 -0.146914 -0.817322 4.200000 -2.900422 -2.207275 -2.900422 1.000000 0.000000 0.000000 0.000000
-11.074352 7.612826 40.049356 0.000000 0.000000 0.000000 0.273906 -0.328243 -0.676978 4.200000 -2.207275 -2.207275 -2.900422 1.000000 0.000000 0.000000 0.000000
-19.496109 0.628613 40.389334 0.000000 0.000000 0.000000 0.235835 -0.236053 -0.905634 4.200000 -2.900422 -2.207275 -2.900422 1.000000 0.000000 0.000000 0.000000
-12.469074 0.000000 49.072344 0.000000 0.000000 0.000000 0.250370 -0.309788 -0.779284 4.200000 -2.207275 -2.900422 -2.207275 1.000000 0.000000 0.000000 0.000000
-19.496109 5.081604 41.318211 0.000000 0.000000 0.000000 0.306015 -0.392472 -0.675419 4.200000 -2.900422 -2.207275 -2.900422 1.000000 0.000000 0.000000 0.000000
-18.518992 0.000000 46.740339 0.000000 0.000000 0.000000 0.250249 -0.157394 -0.848656 4.200000 -2.207275 -2.900422 -2.207275 1.000000 0.000000 0.000000 0.000000
-12.127682 7.941948 46.234864 0.000000 0.000000 0.000000 0.203980 -0.224272 -0.653125 4.200000 -2.207275 -2.900422 -2.207275 1.000000 0.000000 0.000000 0.000000
-13.293022 7.941948 40.202792 0.000000 0.000000 0.000000 0.260111 -0.302596 -0.650790 4.200000 -2.207275 -2.900422 -2.207275 1.000000 0.000000 0.000000 0.000000
-10.523709 6.186119 48.591789 0.000000 0.000000 0.000000 0.250351 -0.341053 -0.709753 4.200000 -2.900422 -2.207275 -2.900422 1.000000 0.000000 0.000000 0.000000
-16.855130 6.270506 40.049356 0.000000 0.000000 0.000000 0.185899 -0.352834 -0.752567 4.200000 -2.207275 -2.207275 -2.900422 1.000000 0.000000 0.000000 0.000000
-11.696749 3.827392 40.049356 0.000000 0.000000 0.000000 0.102520 -0.226963 -0.812802 4.200000 -2.207275 -2.207275 -2.900422 1.000000 0.000000 0.000000 0.000000
-19.496109 2.229495 47.841913 0.000000 0.000000 0.000000 0.212346 -0.233772 -0.667381 4.200000 -2.900422 -2.207275 -2.900422 1.000000 0.000000 0.000000 0.000000
-19.496109 1.632433 41.273705 0.000000 0.000000 0.000000 0.286716 -0.395979 -0.764912 4.200000 -2.900422 -2.207275 -2.900422 1.000000 0.000000 0.000000 0.000000
-12.062459 0.000000 47.267276 0.000000 0.000000 0.000000 0.280925 -0.420715 -0.845925 4.200000 -2.207275 -2.900422 -2.207275 1.000000 0.000000 0.000000 0.000000
-13.310019 0.000000 45.567434 0.000000 0.000000 0.000000 0.178264 -0.347900 -0.837118 4.200000 -2.207275 -2.900422 -2.207275 1.000000 0.000000 0.000000 0.000000
-14.956107 6.270844 40.049356 0.000000 0.000000 0.000000 0.095868 -0.181175 -0.644980 4.200000 -2.207275 -2.207275 -2.900422 1.000000 0.000000 0.000000 0.000000
-10.523709 6.766469 40.960735 0.000000 0.000000 0.000000 0.155476 -0.176641 -0.788390 4.200000 -2.900422 -2.207275 -2.900422 1.000000 0.000000 0.000000 0.000000
-10.523709 3.058770 45.524871 0.000000 0.000000 0.000000 0.270409 -0.379971 -0.920729 4.200000 -2.900422 -2.207275 -2.900422 1.000000 0.000000 0.000000 0.000000
-10.523709 2.418696 44.575467 0.000000 0.000000 0.000000 0.113688 -0.195365 -0.818801 4.200000 -2.900422 -2.207275 -2.900422 1.000000 0.000000 0.000000 0.000000
-17.180888 6.527277 49.950644 0.000000 0.000000 0.000000 0.161944 -0.274266 -0.831847 4.200000 -2.207275 -2.207275 -2.900422 1.000000 0.000000 0.000000 0.000000
-14.558172 2.948197 49.950644 0.000000 0.000000 0.000000 0.312263 -0.227343 -0.859605 4.200000 -2.207275 -2.207275 -2.900422 1.000000 0.000000 0.000000 0.000000
-19.391958 0.647402 40.049356 0.000000 0.000000 0.000000 0.212777 -0.369950 -0.802497 4.200000 -2.207275 -2.207275 -2.900422 1.000000 0.000000 0.000000 0.000000
-11.411274 6.362784 49.950644 0.000000 0.000000 0.000000 0.254330 -0.174933 -0.678205 4.200000 -2.207275 -2.207275 -2.900422 1.000000 0.000000 0.000000 0.000000
-11.317374 7.941948 47.315354 0.000000 0.000000 0.000000 0.141348 -0.278599 -0.799679 4.200000 -2.207275 -2.900422 -2.207275 1.000000 0.000000 0.000000 0.000000
-10.523709 6.919807 45.870683 0.000000 0.000000 0.000000 0.324602 -0.422547 -0.765732 4.200000 -2.900422 -2.207275 -2.900422 1.000000 0.000000 0.000000 0.000000
-16.824603 0.834380 40.049356 0.000000 0.000000 0.000000 0.292907 -0.421812 -0.912278 4.200000 -2.207275 -2.207275 -2.900422 1.000000 0.000000 0.000000 0.000000
-13.252072 7.883010 49.950644 0.000000 0.000000 0.000000 0.258110 -0.338720 -0.860259 4.200000 -2.207275 -2.207275 -2.900422 1.000000 0.000000 0.000000 0.000000
-19.423493 0.960138 49.950644 0.000000 0.000000 0.000000 0.276357 -0.357744 -0.896691 4.200000 -2.207275 -2.207275 -2.900422 1.000000 0.000000 0.000000 0.000000
-16.638531 7.941948 40.851280 0.000000 0.000000 0.000000 0.126557 -0.256404 -0.768183 4.200000 -2.207275 -2.900422 -2.207275 1.000000 0.000000 0.000000 0.000000
-18.330746 7.941948 48.012697 0.000000 0.000000 0.000000 0.317764 -0.423424 -0.737209 4.200000 -2.207275 -2.900422 -2.207275 1.000000 0.000000 0.000000 0.000000
-17.145189 6.754332 40.049356 0.000000 0.000000 0.000000 0.221724 -0.189581 -0.879080 4.200000 -2.207275 -2.207275 -2.900422 1.000000 0.000000 0.000000 0.000000
-10.523709 4.194308 47.625762 0.000000 0.000000 0.000000 0.143604 -0.232749 -0.775045 4.200000 -2.900422 -2.207275 -2.900422 1.000000 0.000000 0.000000 0.000000
-18.317810 7.941948 45.806067 0.000000 0.000000 0.000000 0.257681 -0.231797 -0.671288 4.200000 -2.207275 -2.900422 -2.207275 1.000000 0.000000 0.000000 0.000000
-13.579212 1.093079 40.049356 0.000000 0.000000 0.000000 0.332089 -0.323900 -0.902124 4.200000 -2.207275 -2.207275 -2.900422 1.000000 0.000000 0.000000 0.000000
-10.523709 6.173610 41.517577 0.000000 0.000000 0.000000 0.267046 -0.215317 -0.728268 4.200000 -2.900422 -2.207275 -2.900422 1.000000 0.000000 0.000000 0.000000
-10.523709 3.801868 42.383791 0.000000 0.000000 0.000000 0.220682 -0.419303 -0.708337 4.200000 -2.900422 -2.207275 -2.900422 1.000000 0.000000 0.000000 0.000000
-16.273964 1.923257 49.950644 0.000000 0.000000 0.000000 0.227344 -0.379122 -0.763464 4.200000 -2.207275 -2.207275 -2.900422 1.000000 0.000000 0.000000 0.000000
-13.372393 0.000000 47.788087 0.000000 0.000000 0.000000 0.292900 -0.272936 -0.782565 4.200000 -2.207275 -2.900422 -2.207275 1.000000 0.000000 0.000000 0.000000
-15.959966 0.000000 48.739463 0.000000 0.000000 0.000000 0.175361 -0.166584 -0.875030 4.200000 -2.207275 -2.900422 -2.207275 1.000000 0.000000 0.000000 0.000000
-12.168342 0.000000 45.521904 0.000000 0.000000 0.000000 0.295888 -0.356711 -0.857797 4.200000 -2.207275 -2.900422 -2.207275 1.000000 0.000000 0.000000 0.000000
-10.523709 0.920922 49.784165 0.000000 0.000000 0.000000 0.176885 -0.422147 -0.860899 4.200000 -2.900422 -2.207275 -2.900422 1.000000 0.000000 0.000000 0.000000
-10.523709 3.600138 49.926718 0.000000 0.000000 0.000000 0.227189 -0.406720 -0.824794 4.200000 -2.900422 -2.207275 -2.900422 1.000000 0.000000 0.000000 0.000000
-10.523709 2.925160 49.860422 0.000000 0.000000 0.000000 0.072665 -0.395962 -0.825224 4.200000 -2.900422 -2.207275 -2.900422 1.000000 0.000000 0.000000 0.000000
-10.523709 0.172514 49.719573 0.000000 0.000000 0.000000 0.229612 -0.153407 -0.691086 4.200000 -2.900422 -2.207275 -2.900422 1.000000 0.000000 0.000000 0.000000
-16.624490 4.105970 40.049356 0.000000 0.000000 0.000000 0.284415 -0.199996 -0.640436 4.200000 -2.207275 -2.207275 -2.900422 1.000000 0.000000 0.000000 0.000000
-15.172587 2.176612 40.049356 0.000000 0.000000 0.000000 0.162433 -0.377255 -0.757122 4.200000 -2.207275 -2.207275 -2.900422 1.000000 0.000000 0.000000 0.000000
-15.967866 7.941948 42.953576 0.000000 0.000000 0.000000 0.254831 -0.294327 -0.816015 4.200000 -2.207275 -2.900422 -2.207275 1.000000 0.000000 0.000000 0.000000
-14.306128 5.696794 49.950644 0.000000 0.000000 0.000000 0.316704 -0.221567 -0.700543 4.200000 -2.207275 -2.207275 -2.900422 1.000000 0.000000 0.000000 0.000000
-13.607141 7.941948 45.909860 0.000000 0.000000 0.000000 0.244187 -0.226292 -0.808165 4.200000 -2.207275 -2.900422 -2.207275 1.000000 0.000000 0.000000 0.000000
-13.548278 2.494685 40.049356 0.000000 0.000000 0.000000 0.264874 -0.166557 -0.805011 4.200000 -2.207275 -2.207275 -2.900422 1.000000 0.000000 0.000000 0.000000
-17.096451 0.000000 47.167492 0.000000 0.000000 0.000000 0.324841 -0.241045 -0.681615 4.200000 -2.207275 -2.900422 -2.207275 1.000000 0.000000 0.000000 0.000000
-19.257049 3.260724 49.950644 0.000000 0.000000 0.000000 0.270633 -0.274374 -0.864603 4.200000 -2.207275 -2.207275 -2.900422 1.000000 0.000000 0.000000 0.000000
-19.496109 5.422417 46.220075 0.000000 0.000000 0.000000 0.352856 -0.308875 -0.684543 4.200000 -2.900422 -2.207275 -2.900422 1.000000 0.000000 0.000000 0.000000
-15.015282 0.000000 44.967456 0.000000 0.000000 0.000000 0.097195 -0.145555 -0.673844 4.200000 -2.207275 -2.900422 -2.207275 1.000000 0.000000 0.000000 0.000000
-16.961110 1.470326 40.049356 0.000000 0.000000 0.000000 0.103804 -0.289610 -0.871396 4.200000 -2.207275 -2.207275 -2.900422 1.000000 0.000000 0.000000 0.000000
-12.912919 7.941948 47.462509 0.000000 0.000000 0.000000 0.119953 -0.293636 -0.901575 4.200000 -2.207275 -2.900422 -2.207275 1.000000 0.000000 0.000000 0.000000
-19.496109 1.054158 45.951015 0.000000 0.000000 0.000000 0.236863 -0.386653 -0.906495 4.200000 -2.900422 -2.207275 -2.900422 1.000000 0.000000 0.000000 0.000000
-17.552607 5.455545 49.950644 0.000000 0.000000 0.000000 0.324604 -0.164958 -0.880380 4.200000 -2.207275 -2.207275 -2.900422 1.000000 0.000000 0.000000 0.000000
-17.722447 0.000000 42.654504 0.000000 0.000000 0.000000 0.090496 -0.188542 -0.808135 4.200000 -2.207275 -2.900422 -2.207275 1.000000 0.000000 0.000000 0.000000
-19.496109 3.125908 44.091611 0.000000 0.000000 0.000000 0.220628 -0.224677 -0.735739 4.200000 -2.900422 -2.207275 -2.900422 1.000000 0.000000 0.000000 0.000000
-12.166554 6.732609 40.049356 0.000000 0.000000 0.000000 0.185436 -0.160743 -0.661542 4.200000 -2.207275 -2.207275 -2.900422 1.000000 0.000000 0.000000 0.000000
-12.094876 3.609981 40.049356 0.000000 0.000000 0.000000 0.084040 -0.348562 -0.753151 4.200000 -2.207275 -2.207275 -2.900422 1.000000 0.000000 0.000000 0.000000
-15.819597 6.013631 40.049356 0.000000 0.000000 0.000000 0.079690 -0.281103 -0.766683 4.200000 -2.207275 -2.207275 -2.900422 1.000000 0.000000 0.000000 0.000000
-14.445669 7.941948 47.100238 0.000000 0.000000 0.000000 0.136493 -0.298029 -0.906073 4.200000 -2.207275 -2.900422 -2.207275 1.000000 0.000000 0.000000 0.000000
-11.005082 0.000000 47.377545 0.000000 0.000000 0.000000 0.317330 -0.357539 -0.639409 4.200000 -2.207275 -2.900422 -2.207275 1.000000 0.000000 0.000000 0.000000
-18.213918 7.941948 47.748853 0.000000 0.000000 0.000000 0.277165 -0.277034 -0.815378 4.200000 -2.207275 -2.900422 -2.207275 1.000000 0.000000 0.000000 0.000000
-15.082134 0.581019 40.049356 0.000000 0.000000 0.000000 0.184155 -0.209108 -0.691537 4.200000 -2.207275 -2.207275 -2.900422 1.000000 0.000000 0.000000 0.000000
-10.523709 2.692621 40.804461 0.000000 0.000000 0.000000 0.088159 -0.163030 -0.883116 4.200000 -2.900422 -2.207275 -2.900422 1.000000 0.000000 0.000000 0.000000
-19.496109 1.084074 49.197111 0.000000 0.000000 0.000000 0.207500 -0.368088 -0.706356 4.200000 -2.900422 -2.207275 -2.900422 1.000000 0.000000 0.000000 0.000000
-17.774193 4.130294 40.049356 0.000000 0.000000 0.000000 0.145259 -0.327049 -0.832502 4.200000 -2.207275 -2.207275 -2.900422 1.000000 0.000000 0.000000 0.000000
-10.523709 6.009404 49.737355 0.000000 0.000000 0.000000 0.224461 -0.181040 -0.756440 4.200000 -2.900422 -2.207275 -2.900422 1.000000 0.000000 0.000000 0.000000
-13.765314 0.000000 41.450340 0.000000 0.000000 0.000000 0.246550 -0.310806 -0.671541 4.200000 -2.207275 -2.900422 -2.207275 1.000000 0.000000 0.000000 0.000000
-14.227549 0.000000 46.888956 0.000000 0.000000 0.000000 0.190385 -0.421500 -0.919725 4.200000 -2.207275 -2.900422 -2.207275 1.000000 0.000000 0.000000 0.000000
-10.523709 3.290859 43.591010 0.000000 0.000000 0.000000 0.259411 -0.174486 -0.656972 4.200000 -2.900422 -2.207275 -2.900422 1.000000 0.000000 0.000000 0.000000
-12.106288 5.492699 49.950644 0.000000 0.000000 0.000000 0.260760 -0.363747 -0.825326 4.200000 -2.207275 -2.207275 -2.900422 1.000000 0.000000 0.000000 0.000000
-19.496109 6.376371 40.478099 0.000000 0.000000 0.000000 0.140693 -0.159475 -0.858613 4.200000 -2.900422 -2.207275 -2.900422 1.000000 0.000000 0.000000 0.000000
-12.353439 0.000000 48.556569 0.000000 0.000000 0.000000 0.226730 -0.337804 -0.814839 4.200000 -2.207275 -2.900422 -2.207275 1.000000 0.000000 0.000000 0.000000
-19.496109 0.935543 46.964358 0.000000 0.000000 0.000000 0.247278 -0.345162 -0.687186 4.200000 -2.900422 -2.207275 -2.900422 1.000000 0.000000 0.000000 0.000000
-15.334474 9.168963 44.044068 0.000000 0.000000 0.000000 -0.992574 -1.347065 -1.453412 4.200000 -2.302585 -2.659260 -2.302585 1.000000 0.000000 0.000000 0.000000
-16.126615 8.990062 49.408436 0.000000 0.000000 0.000000 -0.992574 -1.347065 -1.453412 4.200000 -2.302585 -2.659260 -2.302585 1.000000 0.000000 0.000000 0.000000
-13.741081 8.931394 49.794108 0.000000 0.000000 0.000000 -0.992574 -1.347065 -1.453412 4.200000 -2.302585 -2.659260 -2.302585 1.000000 0.000000 0.000000 0.000000
-11.724440 8.496060 47.970362 0.000000 0.000000 0.000000 -0.992574 -1.347065 -1.453412 4.200000 -2.302585 -2.659260 -2.302585 1.000000 0.000000 0.000000 0.000000
-20.604149 7.950868 43.097623 0.000000 0.000000 0.000000 -0.992574 -1.347065 -1.453412 4.200000 -2.302585 -2.659260 -2.302585 1.000000 0.000000 0.000000 0.000000
-16.394424 8.927775 43.259963 0.000000 0.000000 0.000000 -0.992574 -1.347065 -1.453412 4.200000 -2.302585 -2.659260 -2.302585 1.000000 0.000000 0.000000 0.000000
-17.050145 8.756628 44.124162 0.000000 0.000000 0.000000 -0.992574 -1.347065 -1.453412 4.200000 -2.302585 -2.659260 -2.302585 1.000000 0.000000 0.000000 0.000000
-14.542546 9.117461 42.433181 0.000000 0.000000 0.000000 -0.992574 -1.347065 -1.453412 4.200000 -2.302585 -2.659260 -2.302585 1.000000 0.000000 0.000000 0.000000
-17.984532 8.552089 44.937638 0.000000 0.000000 0.000000 -0.992574 -1.347065 -1.453412 4.200000 -2.302585 -2.659260 -2.302585 1.000000 0.000000 0.000000 0.000000
-16.977493 8.800146 43.718671 0.000000 0.000000 0.000000 -0.992574 -1.347065 -1.453412 4.200000 -2.302585 -2.659260 -2.302585 1.000000 0.000000 0.000000 0.000000
-18.213940 8.481144 47.554755 0.000000 0.000000 0.000000 -0.992574 -1.347065 -1.453412 4.200000 -2.302585 -2.659260 -2.302585 1.000000 0.000000 0.000000 0.000000
-12.301098 8.603249 39.723058 0.000000 0.000000 0.000000 -0.992574 -1.347065 -1.453412 4.200000 -2.302585 -2.659260 -2.302585 1.000000 0.000000 0.000000 0.000000
-14.818594 9.196565 43.736495 0.000000 0.000000 0.000000 -0.992574 -1.347065 -1.453412 4.200000 -2.302585 -2.659260 -2.302585 1.000000 0.000000 0.000000 0.000000
-12.557585 8.689008 41.793711 0.000000 0.000000 0.000000 -0.992574 -1.347065 -1.453412 4.200000 -2.302585 -2.659260 -2.302585 1.000000 0.000000 0.000000 0.000000
-17.234109 8.740628 42.540840 0.000000 0.000000 0.000000 -0.992574 -1.347065 -1.453412 4.200000 -2.302585 -2.659260 -2.302585 1.000000 0.000000 0.000000 0.000000
-19.010531 8.295790 40.312913 0.000000 0.000000 0.000000 -0.992574 -1.347065 -1.453412 4.200000 -2.302585 -2.659260 -2.302585 1.000000 0.000000 0.000000 0.000000
-13.889922 8.974074 46.580830 0.000000 0.000000 0.000000 -0.992574 -1.347065 -1.453412 4.200000 -2.302585 -2.659260 -2.302585 1.000000 0.000000 0.000000 0.000000
-18.891051 8.342193 42.678062 0.000000 0.000000 0.000000 -0.992574 -1.347065 -1.453412 4.200000 -2.302585 -2.659260 -2.302585 1.000000 0.000000 0.000000 0.000000
-12.317010 8.614357 47.276148 0.000000 0.000000 0.000000 -0.992574 -1.347065 -1.453412 4.200000 -2.302585 -2.659260 -2.302585 1.000000 0.000000 0.000000 0.000000
-18.967979 8.319042 42.110947 0.000000 0.000000 0.000000 -0.992574 -1.347065 -1.453412 4.200000 -2.302585 -2.659260 -2.302585 1.000000 0.000000 0.000000 0.000000
-15.957859 9.011314 47.725871 0.000000 0.000000 0.000000 -0.992574 -1.347065 -1.453412 4.200000 -2.302585 -2.659260 -2.302585 1.000000 0.000000 0.000000 0.000000
-16.004552 9.011276 39.842457 0.000000 0.000000 0.000000 -0.992574 -1.347065 -1.453412 4.200000 -2.302585 -2.659260 -2.302585 1.000000 0.000000 0.000000 0.000000
-11.165923 8.340620 49.039693 0.000000 0.000000 0.000000 -0.992574 -1.347065 -1.453412 4.200000 -2.302585 -2.659260 -2.302585 1.000000 0.000000 0.000000 0.000000
-20.306405 8.028976 39.345596 0.000000 0.000000 0.000000 -0.992574 -1.347065 -1.453412 4.200000 -2.302585 -2.659260 -2.302585 1.000000 0.000000 0.000000 0.000000
-10.333356 8.143660 49.737478 0.000000 0.000000 0.000000 -0.992574 -1.347065 -1.453412 4.200000 -2.302585 -2.659260 -2.302585 1.000000 0.000000 0.000000 0.000000
-18.340598 8.472965 47.297610 0.000000 0.000000 0.000000 -0.992574 -1.347065 -1.453412 4.200000 -2.302585 -2.659260 -2.302585 1.000000 0.000000 0.000000 0.000000
-9.945048 8.061155 44.507515 0.000000 0.000000 0.000000 -0.992574 -1.347065 -1.453412 4.200000 -2.302585 -2.659260 -2.302585 1.000000 0.000000 0.000000 0.000000
-20.000142 8.085567 46.209792 0.000000 0.000000 0.000000 -0.992574 -1.347065 -1.453412 4.200000 -2.302585 -2.659260 -2.302585 1.000000 0.000000 0.000000 0.000000
-16.702795 8.832683 45.512378 0.000000 0.000000 0.000000 -0.992574 -1.347065 -1.453412 4.200000 -2.302585 -2.659260 -2.302585 1.000000 0.000000 0.000000 0.000000
-18.327566 8.478856 42.989784 0.000000 0.000000 0.000000 -0.992574 -1.347065 -1.453412 4.200000 -2.302585 -2.659260 -2.302585 1.000000 0.000000 0.000000 0.000000
-10.125196 8.116825 40.676720 0.000000 0.000000 0.000000 -0.992574 -1.347065 -1.453412 4.200000 -2.302585 -2.659260 -2.302585 1.000000 0.000000 0.000000 0.000000
-19.699981 8.170063 46.406379 0.000000 0.000000 0.000000 -0.992574 -1.347065 -1.453412 4.200000 -2.302585 -2.659260 -2.302585 1.000000 0.000000 0.000000 0.000000
-11.181951 8.370457 40.106448 0.000000 0.000000 0.000000 -0.992574 -1.347065 -1.453412 4.200000 -2.302585 -2.659260 -2.302585 1.000000 0.000000 0.000000 0.000000
-10.225817 8.136413 45.849442 0.000000 0.000000 0.000000 -0.992574 -1.347065 -1.453412 4.200000 -2.302585 -2.659260 -2.302585 1.000000 0.000000 0.000000 0.000000
-13.688453 8.917046 43.588420 0.000000 0.000000 0.000000 -0.992574 -1.347065 -1.453412 4.200000 -2.302585 -2.659260 -2.302585 1.000000 0.000000 0.000000 0.000000
-19.550871 8.188484 44.310120 0.000000 0.000000 0.000000 -0.992574 -1.347065 -1.453412 4.200000 -2.302585 -2.659260 -2.302585 1.000000 0.000000 0.000000 0.000000
-14.904894 9.197800 45.104445 0.000000 0.000000 0.000000 -0.992574 -1.347065 -1.453412 4.200000 -2.302585 -2.659260 -2.302585 1.000000 0.000000 0.000000 0.000000
-13.220189 8.838881 43.269983 0.000000 0.000000 0.000000 -0.992574 -1.347065 -1.453412 4.200000 -2.302585 -2.659260 -2.302585 1.000000 0.000000 0.000000 0.000000
-10.473709 1.946111 42.899778 0.000000 0.000000 0.000000 -1.488861 -0.496287 -0.070898 4.800000 -2.813411 -2.525729 -2.813411 1.000000 0.000000 0.000000 0.000000
-10.473709 1.944808 42.404544 0.000000 0.000000 0.000000 -1.488861 -0.496287 -0.070898 4.800000 -2.813411 -2.525729 -2.813411 1.000000 0.000000 0.000000 0.000000
-10.473709 1.914179 42.436326 0.000000 0.000000 0.000000 -1.488861 -0.496287 -0.070898 4.800000 -2.813411 -2.525729 -2.813411 1.000000 0.000000 0.000000 0.000000
-10.473709 1.926584 42.220900 0.000000 0.000000 0.000000 -1.488861 -0.496287 -0.070898 4.800000 -2.813411 -2.525729 -2.813411 1.000000 0.000000 0.000000 0.000000
-10.473709 1.849555 44.886828 0.000000 0.000000 0.000000 -1.488861 -0.496287 -0.070898 4.800000 -2.813411 -2.525729 -2.813411 1.000000 0.000000 0.000000 0.000000
-10.473709 1.605573 44.976417 0.000000 0.000000 0.000000 -1.488861 -0.496287 -0.070898 4.800000 -2.813411 -2.525729 -2.813411 1.000000 0.000000 0.000000 0.000000
-10.473709 1.647804 45.111692 0.000000 0.000000 0.000000 -1.488861 -0.496287 -0.070898 4.800000 -2.813411 -2.525729 -2.813411 1.000000 0.000000 0.000000 0.000000
-10.473709 1.688334 44.796515 0.000000 0.000000 0.000000 -1.488861 -0.496287 -0.070898 4.800000 -2.813411 -2.525729 -2.813411 1.000000 0.000000 0.000000 0.000000
-10.473709 1.416747 47.116290 0.000000 0.000000 0.000000 -1.488861 -0.496287 -0.070898 4.800000 -2.813411 -2.525729 -2.813411 1.000000 0.000000 0.000000 0.000000
-10.473709 1.917079 47.640705 0.000000 0.000000 0.000000 -1.488861 -0.496287 -0.070898 4.800000 -2.813411 -2.525729 -2.813411 1.000000 0.000000 0.000000 0.000000
-10.473709 1.437033 46.977814 0.000000 0.000000 0.000000 -1.488861 -0.496287 -0.070898 4.800000 -2.813411 -2.525729 -2.813411 1.000000 0.000000 0.000000 0.000000
-10.473709 2.020491 46.920737 0.000000 0.000000 0.000000 -1.488861 -0.496287 -0.070898 4.800000 -2.813411 -2.525729 -2.813411 1.000000 0.000000 0.000000 0.000000
-10.473709 4.153456 42.477232 0.000000 0.000000 0.000000 -1.488861 -0.496287 -0.070898 4.800000 -2.813411 -2.525729 -2.813411 1.000000 0.000000 0.000000 0.000000
-10.473709 3.459444 42.477719 0.000000 0.000000 0.000000 -1.488861 -0.496287 -0.070898 4.800000 -2.813411 -2.525729 -2.813411 1.000000 0.000000 0.000000 0.000000
-10.473709 3.682662 42.949850 0.000000 0.000000 0.000000 -1.488861 -0.496287 -0.070898 4.800000 -2.813411 -2.525729 -2.813411 1.000000 0.000000 0.000000 0.000000
-10.473709 3.644650 42.415262 0.000000 0.000000 0.000000 -1.488861 -0.496287 -0.070898 4.800000 -2.813411 -2.525729 -2.813411 1.000000 0.000000 0.000000 0.000000
-10.473709 3.655964 44.470143 0.000000 0.000000 0.000000 -1.488861 -0.496287 -0.070898 4.800000 -2.813411 -2.525729 -2.813411 1.000000 0.000000 0.000000 0.000000
-10.473709 3.530099 44.663480 0.000000 0.000000 0.000000 -1.488861 -0.496287 -0.070898 4.800000 -2.813411 -2.525729 -2.813411 1.000000 0.000000 0.000000 0.000000
-10.473709 3.727425 44.927792 0.000000 0.000000 0.000000 -1.488861 -0.496287 -0.070898 4.800000 -2.813411 -2.525729 -2.813411 1.000000 0.000000 0.000000 0.000000
-10.473709 3.487764 44.479358 0.000000 0.000000 0.000000 -1.488861 -0.496287 -0.070898 4.800000 -2.813411 -2.525729 -2.813411 1.000000 0.000000 0.000000 0.000000
-10.473709 3.600368 47.367135 0.000000 0.000000 0.000000 -1.488861 -0.496287 -0.070898 4.800000 -2.813411 -2.525729 -2.813411 1.000000 0.000000 0.000000 0.000000
-10.473709 3.590392 47.660665 0.000000 0.000000 0.000000 -1.488861 -0.496287 -0.070898 4.800000 -2.813411 -2.525729 -2.813411 1.000000 0.000000 0.000000 0.000000
-10.473709 3.639877 46.809283 0.000000 0.000000 0.000000 -1.488861 -0.496287 -0.070898 4.800000 -2.813411 -2.525729 -2.813411 1.000000 0.000000 0.000000 0.000000
-10.473709 3.680952 47.707389 0.000000 0.000000 0.000000 -1.488861 -0.496287 -0.070898 4.800000 -2.813411 -2.525729 -2.813411 1.000000 0.000000 0.000000 0.000000
18.364379 0.000000 -54.443527 0.000000 0.000000 0.000000 0.501282 0.007763 -0.755312 4.200000 -2.207275 -2.900422 -2.207275 1.000000 0.000000 0.000000 0.000000
12.321822 0.000000 -49.253388 0.000000 0.000000 0.000000 0.650790 0.058081 -0.742486 4.200000 -2.207275 -2.900422 -2.207275 1.000000 0.000000 0.000000 0.000000
17.917238 2.684582 -46.524907 0.000000 0.000000 0.000000 0.545521 -0.128672 -0.550994 4.200000 -2.207275 -2.207275 -2.900422 1.000000 0.000000 0.000000 0.000000
16.662382 0.783890 -46.524907 0.000000 0.000000 0.000000 0.615312 -0.059754 -0.769391 4.200000 -2.207275 -2.207275 -2.900422 1.000000 0.000000 0.000000 0.000000
13.825633 2.139494 -46.524907 0.000000 0.000000 0.000000 0.506910 0.015810 -0.728156 4.200000 -2.207275 -2.207275 -2.900422 1.000000 0.000000 0.000000 0.000000
11.794014 6.021400 -54.547763 0.000000 0.000000 0.000000 0.637606 0.012629 -0.652597 4.200000 -2.900422 -2.207275 -2.900422 1.000000 0.000000 0.000000 0.000000
11.794014 4.682823 -54.868401 0.000000 0.000000 0.000000 0.423979 0.052761 -0.790605 4.200000 -2.900422 -2.207275 -2.900422 1.000000 0.000000 0.000000 0.000000
12.375803 5.205814 -46.524907 0.000000 0.000000 0.000000 0.455821 0.011964 -0.594136 4.200000 -2.207275 -2.207275 -2.900422 1.000000 0.000000 0.000000 0.000000
17.771161 0.678818 -55.475093 0.000000 0.000000 0.000000 0.571137 -0.112245 -0.600920 4.200000 -2.207275 -2.207275 -2.900422 1.000000 0.000000 0.000000 0.000000
17.332810 2.328495 -46.524907 0.000000 0.000000 0.000000 0.400628 -0.123437 -0.667442 4.200000 -2.207275 -2.207275 -2.900422 1.000000 0.000000 0.000000 0.000000
19.037568 6.063579 -49.070508 0.000000 0.000000 0.000000 0.454104 -0.073898 -0.756649 4.200000 -2.207275 -2.900422 -2.207275 1.000000 0.000000 0.000000 0.000000
17.102025 1.144396 -46.524907 0.000000 0.000000 0.000000 0.637574 -0.046643 -0.728594 4.200000 -2.207275 -2.207275 -2.900422 1.000000 0.000000 0.000000 0.000000
17.558885 5.115290 -46.524907 0.000000 0.000000 0.000000 0.664309 -0.081981 -0.802718 4.200000 -2.207275 -2.207275 -2.900422 1.000000 0.000000 0.000000 0.000000
14.087240 3.160825 -55.475093 0.000000 0.000000 0.000000 0.558981 -0.135126 -0.538294 4.200000 -2.207275 -2.207275 -2.900422 1.000000 0.000000 0.000000 0.000000
11.794014 4.299921 -46.687162 0.000000 0.000000 0.000000 0.515708 -0.101065 -0.813818 4.200000 -2.900422 -2.207275 -2.900422 1.000000 0.000000 0.000000 0.000000
18.131211 4.802052 -46.524907 0.000000 0.000000 0.000000 0.649137 -0.112469 -0.547092 4.200000 -2.207275 -2.207275 -2.900422 1.000000 0.000000 0.000000 0.000000
14.880523 3.225603 -55.475093 0.000000 0.000000 0.000000 0.532727 -0.038388 -0.688321 4.200000 -2.207275 -2.207275 -2.900422 1.000000 0.000000 0.000000 0.000000
15.046581 6.063579 -49.668860 0.000000 0.000000 0.000000 0.652385 -0.106631 -0.632800 4.200000 -2.207275 -2.900422 -2.207275 1.000000 0.000000 0.000000 0.000000
14.583869 0.066787 -46.524907 0.000000 0.000000 0.000000 0.410913 -0.007138 -0.714595 4.200000 -2.207275 -2.207275 -2.900422 1.000000 0.000000 0.000000 0.000000
14.042072 2.943732 -55.475093 0.000000 0.000000 0.000000 0.615847 0.048719 -0.766098 4.200000 -2.207275 -2.207275 -2.900422 1.000000 0.000000 0.000000 0.000000
11.794014 4.838013 -48.245410 0.000000 0.000000 0.000000 0.661842 -0.157249 -0.664101 4.200000 -2.900422 -2.207275 -2.900422 1.000000 0.000000 0.000000 0.000000
12.824364 6.063579 -51.918933 0.000000 0.000000 0.000000 0.632554 0.091770 -0.610000 4.200000 -2.207275 -2.900422 -2.207275 1.000000 0.000000 0.000000 0.000000
19.113571 4.466474 -55.420733 0.000000 0.000000 0.000000 0.622532 -0.141454 -0.592087 4.200000 -2.900422 -2.207275 -2.900422 1.000000 0.000000 0.000000 0.000000
13.428776 2.830548 -55.475093 0.000000 0.000000 0.000000 0.658145 -0.027097 -0.576207 4.200000 -2.207275 -2.207275 -2.900422 1.000000 0.000000 0.000000 0.000000
11.794014 5.961899 -49.527636 0.000000 0.000000 0.000000 0.510983 0.005434 -0.662581 4.200000 -2.900422 -2.207275 -2.900422 1.000000 0.000000 0.000000 0.000000
16.574908 2.973112 -55.475093 0.000000 0.000000 0.000000 0.430314 -0.019867 -0.634860 4.200000 -2.207275 -2.207275 -2.900422 1.000000 0.000000 0.000000 0.000000
19.113571 1.053402 -50.092329 0.000000 0.000000 0.000000 0.601741 -0.153501 -0.787093 4.200000 -2.900422 -2.207275 -2.900422 1.000000 0.000000 0.000000 0.000000
15.640079 2.993975 -46.524907 0.000000 0.000000 0.000000 0.561154 0.090948 -0.547546 4.200000 -2.207275 -2.207275 -2.900422 1.000000 0.000000 0.000000 0.000000
19.113571 4.931780 -47.337547 0.000000 0.000000 0.000000 0.394414 -0.095342 -0.702769 4.200000 -2.900422 -2.207275 -2.900422 1.000000 0.000000 0.000000 0.000000
13.771496 6.063579 -50.586432 0.000000 0.000000 0.000000 0.609433 -0.021747 -0.794387 4.200000 -2.207275 -2.900422 -2.207275 1.000000 0.000000 0.000000 0.000000
15.500551 6.063579 -47.538605 0.000000 0.000000 0.000000 0.421954 0.085355 -0.585641 4.200000 -2.207275 -2.900422 -2.207275 1.000000 0.000000 0.000000 0.000000
19.113571 5.717193 -47.051026 0.000000 0.000000 0.000000 0.488532 -0.002146 -0.564257 4.200000 -2.900422 -2.207275 -2.900422 1.000000 0.000000 0.000000 0.000000
18.104079 2.397812 -55.475093 0.000000 0.000000 0.000000 0.534082 -0.163756 -0.727106 4.200000 -2.207275 -2.207275 -2.900422 1.000000 0.000000 0.000000 0.000000
16.628657 6.063579 -51.071106 0.000000 0.000000 0.000000 0.662285 -0.029130 -0.748657 4.200000 -2.207275 -2.900422 -2.207275 1.000000 0.000000 0.000000 0.000000
14.052503 4.252656 -55.475093 0.000000 0.000000 0.000000 0.478176 -0.151243 -0.768071 4.200000 -2.207275 -2.207275 -2.900422 1.000000 0.000000 0.000000 0.000000
15.384984 2.164670 -55.475093 0.000000 0.000000 0.000000 0.599778 -0.009035 -0.628650 4.200000 -2.207275 -2.207275 -2.900422 1.000000 0.000000 0.000000 0.000000
16.102964 4.606104 -46.524907 0.000000 0.000000 0.000000 0.451014 0.064731 -0.555139 4.200000 -2.207275 -2.207275 -2.900422 1.000000 0.000000 0.000000 0.000000
16.195951 6.063579 -53.480549 0.000000 0.000000 0.000000 0.635406 0.047697 -0.591086 4.200000 -2.207275 -2.900422 -2.207275 1.000000 0.000000 0.000000 0.000000
13.794780 0.000000 -46.537595 0.000000 0.000000 0.000000 0.621606 -0.108426 -0.674088 4.200000 -2.207275 -2.900422 -2.207275 1.000000 0.000000 0.000000 0.000000
18.855470 2.893409 -46.524907 0.000000 0.000000 0.000000 0.520776 -0.173998 -0.664222 4.200000 -2.207275 -2.207275 -2.900422 1.000000 0.000000 0.000000 0.000000
15.078077 6.063579 -46.544173 0.000000 0.000000 0.000000 0.615849 0.103895 -0.781043 4.200000 -2.207275 -2.900422 -2.207275 1.000000 0.000000 0.000000 0.000000
18.858663 0.000000 -54.531867 0.000000 0.000000 0.000000 0.537529 0.014041 -0.786178 4.200000 -2.207275 -2.900422 -2.207275 1.000000 0.000000 0.000000 0.000000
11.794014 1.444452 -51.718808 0.000000 0.000000 0.000000 0.633960 -0.134223 -0.641525 4.200000 -2.900422 -2.207275 -2.900422 1.000000 0.000000 0.000000 0.000000
14.508146 6.063579 -52.044250 0.000000 0.000000 0.000000 0.463492 -0.106177 -0.625927 4.200000 -2.207275 -2.900422 -2.207275 1.000000 0.000000 0.000000 0.000000
11.794014 3.524330 -49.702023 0.000000 0.000000 0.000000 0.456539 -0.055546 -0.557556 4.200000 -2.900422 -2.207275 -2.900422 1.000000 0.000000 0.000000 0.000000
19.113571 3.335210 -52.247119 0.000000 0.000000 0.000000 0.513584 0.041924 -0.691834 4.200000 -2.900422 -2.207275 -2.900422 1.000000 0.000000 0.000000 0.000000
11.794014 2.625560 -51.827039 0.000000 0.000000 0.000000 0.450236 0.017217 -0.683728 4.200000 -2.900422 -2.207275 -2.900422 1.000000 0.000000 0.000000 0.000000
15.027641 6.063579 -48.957596 0.000000 0.000000 0.000000 0.464402 0.003545 -0.623883 4.200000 -2.207275 -2.900422 -2.207275 1.000000 0.000000 0.000000 0.000000
12.018120 0.000000 -53.544692 0.000000 0.000000 0.000000 0.565254 -0.065738 -0.814948 4.200000 -2.207275 -2.900422 -2.207275 1.000000 0.000000 0.000000 0.000000
19.113571 1.503647 -50.249369 0.000000 0.000000 0.000000 0.634579 -0.128757 -0.584449 4.200000 -2.900422 -2.207275 -2.900422 1.000000 0.000000 0.000000 0.000000
19.113571 0.393112 -49.780868 0.000000 0.000000 0.000000 0.521471 -0.172691 -0.748803 4.200000 -2.900422 -2.207275 -2.900422 1.000000 0.000000 0.000000 0.000000
11.794014 5.152641 -51.442893 0.000000 0.000000 0.000000 0.624810 -0.084398 -0.768482 4.200000 -2.900422 -2.207275 -2.900422 1.000000 0.000000 0.000000 0.000000
19.113571 2.904276 -50.480612 0.000000 0.000000 0.000000 0.633322 -0.123687 -0.728609 4.200000 -2.900422 -2.207275 -2.900422 1.000000 0.000000 0.000000 0.000000
18.247665 6.063579 -54.439674 0.000000 0.000000 0.000000 0.401405 -0.068239 -0.541189 4.200000 -2.207275 -2.900422 -2.207275 1.000000 0.000000 0.000000 0.000000
16.254232 4.386071 -46.524907 0.000000 0.000000 0.000000 0.616333 -0.017439 -0.657340 4.200000 -2.207275 -2.207275 -2.900422 1.000000 0.000000 0.000000 0.000000
16.383192 1.907064 -55.475093 0.000000 0.000000 0.000000 0.656294 -0.001198 -0.537936 4.200000 -2.207275 -2.207275 -2.900422 1.000000 0.000000 0.000000 0.000000
17.188287 6.063579 -47.405125 0.000000 0.000000 0.000000 0.585681 0.017188 -0.587504 4.200000 -2.207275 -2.900422 -2.207275 1.000000 0.000000 0.000000 0.000000
16.853697 3.162700 -46.524907 0.000000 0.000000 0.000000 0.628256 0.055889 -0.553329 4.200000 -2.207275 -2.207275 -2.900422 1.000000 0.000000 0.000000 0.000000
11.794014 4.955418 -50.226738 0.000000 0.000000 0.000000 0.529355 0.102307 -0.664757 4.200000 -2.900422 -2.207275 -2.900422 1.000000 0.000000 0.000000 0.000000
13.416780 3.714363 -55.475093 0.000000 0.000000 0.000000 0.461152 -0.072927 -0.791258 4.200000 -2.207275 -2.207275 -2.900422 1.000000 0.000000 0.000000 0.000000
12.536955 4.967378 -46.524907 0.000000 0.000000 0.000000 0.655125 -0.115309 -0.550257 4.200000 -2.207275 -2.207275 -2.900422 1.000000 0.000000 0.000000 0.000000
17.179252 6.063579 -49.967277 0.000000 0.000000 0.000000 0.573527 -0.161863 -0.602922 4.200000 -2.207275 -2.900422 -2.207275 1.000000 0.000000 0.000000 0.000000
19.113571 0.876958 -49.203723 0.000000 0.000000 0.000000 0.443494 -0.027954 -0.633995 4.200000 -2.900422 -2.207275 -2.900422 1.000000 0.000000 0.000000 0.000000
11.794014 2.338443 -47.708132 0.000000 0.000000 0.000000 0.497042 -0.087911 -0.743312 4.200000 -2.900422 -2.207275 -2.900422 1.000000 0.000000 0.000000 0.000000
14.485632 5.776255 -46.524907 0.000000 0.000000 0.000000 0.461522 0.084804 -0.597060 4.200000 -2.207275 -2.207275 -2.900422 1.000000 0.000000 0.000000 0.000000
18.991145 0.000000 -51.356168 0.000000 0.000000 0.000000 0.620837 0.077577 -0.535314 4.200000 -2.207275 -2.900422 -2.207275 1.000000 0.000000 0.000000 0.000000
11.794014 2.669193 -47.827670 0.000000 0.000000 0.000000 0.665246 -0.005523 -0.802467 4.200000 -2.900422 -2.207275 -2.900422 1.000000 0.000000 0.000000 0.000000
19.113571 1.007524 -55.251547 0.000000 0.000000 0.000000 0.598591 -0.122338 -0.706409 4.200000 -2.900422 -2.207275 -2.900422 1.000000 0.000000 0.000000 0.000000
19.113571 4.770030 -52.136359 0.000000 0.000000 0.000000 0.566279 -0.097434 -0.632330 4.200000 -2.900422 -2.207275 -2.900422 1.000000 0.000000 0.000000 0.000000
12.506982 0.256911 -55.475093 0.000000 0.000000 0.000000 0.420193 0.072136 -0.790483 4.200000 -2.207275 -2.207275 -2.900422 1.000000 0.000000 0.000000 0.000000
11.794014 4.612918 -46.578679 0.000000 0.000000 0.000000 0.542248 -0.050621 -0.760447 4.200000 -2.900422 -2.207275 -2.900422 1.000000 0.000000 0.000000 0.000000
11.794014 5.940894 -54.337890 0.000000 0.000000 0.000000 0.552559 0.050675 -0.772160 4.200000 -2.900422 -2.207275 -2.900422 1.000000 0.000000 0.000000 0.000000
19.113571 3.954398 -53.407673 0.000000 0.000000 0.000000 0.636856 0.002696 -0.562224 4.200000 -2.900422 -2.207275 -2.900422 1.000000 0.000000 0.000000 0.000000
11.794014 4.556819 -50.592817 0.000000 0.000000 0.000000 0.394815 -0.117717 -0.619681 4.200000 -2.900422 -2.207275 -2.900422 1.000000 0.000000 0.000000 0.000000
19.113571 3.116404 -49.156098 0.000000 0.000000 0.000000 0.515465 0.033576 -0.564540 4.200000 -2.900422 -2.207275 -2.900422 1.000000 0.000000 0.000000 0.000000
13.945642 0.000000 -48.130160 0.000000 0.000000 0.000000 0.458866 -0.154819 -0.706046 4.200000 -2.207275 -2.900422 -2.207275 1.000000 0.000000 0.000000 0.000000
17.312024 4.069724 -46.524907 0.000000 0.000000 0.000000 0.553007 0.083252 -0.814637 4.200000 -2.207275 -2.207275 -2.900422 1.000000 0.000000 0.000000 0.000000
17.090072 6.063579 -46.950910 0.000000 0.000000 0.000000 0.510083 -0.053606 -0.727504 4.200000 -2.207275 -2.900422 -2.207275 1.000000 0.000000 0.000000 0.000000
11.794014 2.839782 -54.133293 0.000000 0.000000 0.000000 0.575107 -0.045736 -0.551030 4.200000 -2.900422 -2.207275 -2.900422 1.000000 0.000000 0.000000 0.000000
12.405226 3.182518 -55.475093 0.000000 0.000000 0.000000 0.537332 -0.010537 -0.550126 4.200000 -2.207275 -2.207275 -2.900422 1.000000 0.000000 0.000000 0.000000
16.332647 0.000000 -47.215632 0.000000 0.000000 0.000000 0.567110 0.096359 -0.710229 4.200000 -2.207275 -2.900422 -2.207275 1.000000 0.000000 0.000000 0.000000
12.702702 6.063579 -46.527523 0.000000 0.000000 0.000000 0.602430 -0.091599 -0.634439 4.200000 -2.207275 -2.900422 -2.207275 1.000000 0.000000 0.000000 0.000000
17.394393 5.092968 -46.524907 0.000000 0.000000 0.000000 0.391826 -0.044430 -0.549929 4.200000 -2.207275 -2.207275 -2.900422 1.000000 0.000000 0.000000 0.000000
19.026862 0.000000 -50.970277 0.000000 0.000000 0.000000 0.543105 0.089475 -0.588125 4.200000 -2.207275 -2.900422 -2.207275 1.000000 0.000000 0.000000 0.000000
12.516520 6.541045 -47.590629 0.000000 0.000000 0.000000 -0.992574 -1.347065 -1.453412 4.200000 -2.302585 -2.659260 -2.302585 1.000000 0.000000 0.000000 0.000000
18.163059 6.601806 -50.765928 0.000000 0.000000 0.000000 -0.992574 -1.347065 -1.453412 4.200000 -2.302585 -2.659260 -2.302585 1.000000 0.000000 0.000000 0.000000
12.469512 6.509627 -53.258682 0.000000 0.000000 0.000000 -0.992574 -1.347065 -1.453412 4.200000 -2.302585 -2.659260 -2.302585 1.000000 0.000000 0.000000 0.000000
12.562372 6.538273 -47.296389 0.000000 0.000000 0.000000 -0.992574 -1.347065 -1.453412 4.200000 -2.302585 -2.659260 -2.302585 1.000000 0.000000 0.000000 0.000000
13.507449 6.812731 -54.293610 0.000000 0.000000 0.000000 -0.992574 -1.347065 -1.453412 4.200000 -2.302585 -2.659260 -2.302585 1.000000 0.000000 0.000000 0.000000
14.533864 7.096643 -52.079349 0.000000 0.000000 0.000000 -0.992574 -1.347065 -1.453412 4.200000 -2.302585 -2.659260 -2.302585 1.000000 0.000000 0.000000 0.000000
16.559139 7.061707 -51.014083 0.000000 0.000000 0.000000 -0.992574 -1.347065 -1.453412 4.200000 -2.302585 -2.659260 -2.302585 1.000000 0.000000 0.000000 0.000000
12.650135 6.553885 -55.570995 0.000000 0.000000 0.000000 -0.992574 -1.347065 -1.453412 4.200000 -2.302585 -2.659260 -2.302585 1.000000 0.000000 0.000000 0.000000
11.079697 6.114458 -55.528696 0.000000 0.000000 0.000000 -0.992574 -1.347065 -1.453412 4.200000 -2.302585 -2.659260 -2.302585 1.000000 0.000000 0.000000 0.000000
19.995224 6.071137 -54.404183 0.000000 0.000000 0.000000 -0.992574 -1.347065 -1.453412 4.200000 -2.302585 -2.659260 -2.302585 1.000000 0.000000 0.000000 0.000000
14.537129 7.119972 -47.371410 0.000000 0.000000 0.000000 -0.992574 -1.347065 -1.453412 4.200000 -2.302585 -2.659260 -2.302585 1.000000 0.000000 0.000000 0.000000
19.716701 6.135627 -45.946993 0.000000 0.000000 0.000000 -0.992574 -1.347065 -1.453412 4.200000 -2.302585 -2.659260 -2.302585 1.000000 0.000000 0.000000 0.000000
13.822440 6.897755 -51.269036 0.000000 0.000000 0.000000 -0.992574 -1.347065 -1.453412 4.200000 -2.302585 -2.659260 -2.302585 1.000000 0.000000 0.000000 0.000000
15.710444 7.303970 -55.321588 0.000000 0.000000 0.000000 -0.992574 -1.347065 -1.453412 4.200000 -2.302585 -2.659260 -2.302585 1.000000 0.000000 0.000000 0.000000
19.294801 6.287624 -50.961589 0.000000 0.000000 0.000000 -0.992574 -1.347065 -1.453412 4.200000 -2.302585 -2.659260 -2.302585 1.000000 0.000000 0.000000 0.000000
12.957081 6.669950 -46.133008 0.000000 0.000000 0.000000 -0.992574 -1.347065 -1.453412 4.200000 -2.302585 -2.659260 -2.302585 1.000000 0.000000 0.000000 0.000000
19.317916 6.260937 -54.455209 0.000000 0.000000 0.000000 -0.992574 -1.347065 -1.453412 4.200000 -2.302585 -2.659260 -2.302585 1.000000 0.000000 0.000000 0.000000
19.940088 6.072676 -46.926679 0.000000 0.000000 0.000000 -0.992574 -1.347065 -1.453412 4.200000 -2.302585 -2.659260 -2.302585 1.000000 0.000000 0.000000 0.000000
18.185344 6.574187 -54.622231 0.000000 0.000000 0.000000 -0.992574 -1.347065 -1.453412 4.200000 -2.302585 -2.659260 -2.302585 1.000000 0.000000 0.000000 0.000000
11.740763 6.295495 -49.939476 0.000000 0.000000 0.000000 -0.992574 -1.347065 -1.453412 4.200000 -2.302585 -2.659260 -2.302585 1.000000 0.000000 0.000000 0.000000
16.151291 7.149954 -52.430317 0.000000 0.000000 0.000000 -0.992574 -1.347065 -1.453412 4.200000 -2.302585 -2.659260 -2.302585 1.000000 0.000000 0.000000 0.000000
18.620713 6.467979 -50.085452 0.000000 0.000000 0.000000 -0.992574 -1.347065 -1.453412 4.200000 -2.302585 -2.659260 -2.302585 1.000000 0.000000 0.000000 0.000000
17.308456 6.819869 -51.191524 0.000000 0.000000 0.000000 -0.992574 -1.347065 -1.453412 4.200000 -2.302585 -2.659260 -2.302585 1.000000 0.000000 0.000000 0.000000
15.842705 7.253504 -51.539142 0.000000 0.000000 0.000000 -0.992574 -1.347065 -1.453412 4.200000 -2.302585 -2.659260 -2.302585 1.000000 0.000000 0.000000 0.000000
15.582602 7.344928 -52.436581 0.000000 0.000000 0.000000 -0.992574 -1.347065 -1.453412 4.200000 -2.302585 -2.659260 -2.302585 1.000000 0.000000 0.000000 0.000000
18.337471 6.529451 -47.145153 0.000000 0.000000 0.000000 -0.992574 -1.347065 -1.453412 4.200000 -2.302585 -2.659260 -2.302585 1.000000 0.000000 0.000000 0.000000
14.205005 6.990982 -53.727557 0.000000 0.000000 0.000000 -0.992574 -1.347065 -1.453412 4.200000 -2.302585 -2.659260 -2.302585 1.000000 0.000000 0.000000 0.000000
19.655778 6.174395 -56.016095 0.000000 0.000000 0.000000 -0.992574 -1.347065 -1.453412 4.200000 -2.302585 -2.659260 -2.302585 1.000000 0.000000 0.000000 0.000000
14.425521 7.073542 -50.130421 0.000000 0.000000 0.000000 -0.992574 -1.347065 -1.453412 4.200000 -2.302585 -2.659260 -2.302585 1.000000 0.000000 0.000000 0.000000
14.930286 7.211908 -52.855172 0.000000 0.000000 0.000000 -0.992574 -1.347065 -1.453412 4.200000 -2.302585 -2.659260 -2.302585 1.000000 0.000000 0.000000 0.000000
11.318659 6.188847 -48.320668 0.000000 0.000000 0.000000 -0.992574 -1.347065 -1.453412 4.200000 -2.302585 -2.659260 -2.302585 1.000000 0.000000 0.000000 0.000000
19.902488 6.081380 -51.631664 0.000000 0.000000 0.000000 -0.992574 -1.347065 -1.453412 4.200000 -2.302585 -2.659260 -2.302585 1.000000 0.000000 0.000000 0.000000
17.467285 6.809881 -47.866717 0.000000 0.000000 0.000000 -0.992574 -1.347065 -1.453412 4.200000 -2.302585 -2.659260 -2.302585 1.000000 0.000000 0.000000 0.000000
17.071848 6.886301 -52.929306 0.000000 0.000000 0.000000 -0.992574 -1.347065 -1.453412 4.200000 -2.302585 -2.659260 -2.302585 1.000000 0.000000 0.000000 0.000000
17.582934 6.753615 -48.654917 0.000000 0.000000 0.000000 -0.992574 -1.347065 -1.453412 4.200000 -2.302585 -2.659260 -2.302585 1.000000 0.000000 0.000000 0.000000
11.368319 6.206452 -52.737948 0.000000 0.000000 0.000000 -0.992574 -1.347065 -1.453412 4.200000 -2.302585 -2.659260 -2.302585 1.000000 0.000000 0.000000 0.000000
12.650535 6.559810 -53.052687 0.000000 0.000000 0.000000 -0.992574 -1.347065 -1.453412 4.200000 -2.302585 -2.659260 -2.302585 1.000000 0.000000 0.000000 0.000000
11.103080 6.123149 -46.740199 0.000000 0.000000 0.000000 -0.992574 -1.347065 -1.453412 4.200000 -2.302585 -2.659260 -2.302585 1.000000 0.000000 0.000000 0.000000
11.744014 1.812038 -53.072738 0.000000 0.000000 0.000000 -1.488861 -0.496287 -0.070898 4.800000 -2.813411 -2.525729 -2.813411 1.000000 0.000000 0.000000 0.000000
11.744014 1.574301 -53.093175 0.000000 0.000000 0.000000 -1.488861 -0.496287 -0.070898 4.800000 -2.813411 -2.525729 -2.813411 1.000000 0.000000 0.000000 0.000000
11.744014 1.480090 -52.756796 0.000000 0.000000 0.000000 -1.488861 -0.496287 -0.070898 4.800000 -2.813411 -2.525729 -2.813411 1.000000 0.000000 0.000000 0.000000
11.744014 1.424232 -53.613748 0.000000 0.000000 0.000000 -1.488861 -0.496287 -0.070898 4.800000 -2.813411 -2.525729 -2.813411 1.000000 0.000000 0.000000 0.000000
11.744014 1.688716 -51.459394 0.000000 0.000000 0.000000 -1.488861 -0.496287 -0.070898 4.800000 -2.813411 -2.525729 -2.813411 1.000000 0.000000 0.000000 0.000000
11.744014 1.687301 -50.969553 0.000000 0.000000 0.000000 -1.488861 -0.496287 -0.070898 4.800000 -2.813411 -2.525729 -2.813411 1.000000 0.000000 0.000000 0.000000
11.744014 1.589558 -50.492228 0.000000 0.000000 0.000000 -1.488861 -0.496287 -0.070898 4.800000 -2.813411 -2.525729 -2.813411 1.000000 0.000000 0.000000 0.000000
11.744014 1.735228 -51.219840 0.000000 0.000000 0.000000 -1.488861 -0.496287 -0.070898 4.800000 -2.813411 -2.525729 -2.813411 1.000000 0.000000 0.000000 0.000000
11.744014 1.410165 -48.469777 0.000000 0.000000 0.000000 -1.488861 -0.496287 -0.070898 4.800000 -2.813411 -2.525729 -2.813411 1.000000 0.000000 0.000000 0.000000
11.744014 1.456480 -48.869028 0.000000 0.000000 0.000000 -1.488861 -0.496287 -0.070898 4.800000 -2.813411 -2.525729 -2.813411 1.000000 0.000000 0.000000 0.000000
11.744014 1.706825 -48.421645 0.000000 0.000000 0.000000 -1.488861 -0.496287 -0.070898 4.800000 -2.813411 -2.525729 -2.813411 1.000000 0.000000 0.000000 0.000000
11.744014 1.537085 -49.181585 0.000000 0.000000 0.000000 -1.488861 -0.496287 -0.070898 4.800000 -2.813411 -2.525729 -2.813411 1.000000 0.000000 0.000000 0.000000
11.744014 3.448060 -53.318090 0.000000 0.000000 0.000000 -1.488861 -0.496287 -0.070898 4.800000 -2.813411 -2.525729 -2.813411 1.000000 0.000000 0.000000 0.000000
11.744014 3.545311 -53.806079 0.000000 0.000000 0.000000 -1.488861 -0.496287 -0.070898 4.800000 -2.813411 -2.525729 -2.813411 1.000000 0.000000 0.000000 0.000000
11.744014 4.005138 -53.694930 0.000000 0.000000 0.000000 -1.488861 -0.496287 -0.070898 4.800000 -2.813411 -2.525729 -2.813411 1.000000 0.000000 0.000000 0.000000
11.744014 3.795394 -53.053029 0.000000 0.000000 0.000000 -1.488861 -0.496287 -0.070898 4.800000 -2.813411 -2.525729 -2.813411 1.000000 0.000000 0.000000 0.000000
11.744014 3.834042 -51.468124 0.000000 0.000000 0.000000 -1.488861 -0.496287 -0.070898 4.800000 -2.813411 -2.525729 -2.813411 1.000000 0.000000 0.000000 0.000000
11.744014 3.838814 -50.678976 0.000000 0.000000 0.000000 -1.488861 -0.496287 -0.070898 4.800000 -2.813411 -2.525729 -2.813411 1.000000 0.000000 0.000000 0.000000
11.744014 4.065910 -50.715535 0.000000 0.000000 0.000000 -1.488861 -0.496287 -0.070898 4.800000 -2.813411 -2.525729 -2.813411 1.000000 0.000000 0.000000 0.000000
11.744014 3.556715 -51.371186 0.000000 0.000000 0.000000 -1.488861 -0.496287 -0.070898 4.800000 -2.813411 -2.525729 -2.813411 1.000000 0.000000 0.000000 0.000000
11.744014 3.715374 -49.239168 0.000000 0.000000 0.000000 -1.488861 -0.496287 -0.070898 4.800000 -2.813411 -2.525729 -2.813411 1.000000 0.000000 0.000000 0.000000
11.744014 3.909491 -49.055394 0.000000 0.000000 0.000000 -1.488861 -0.496287 -0.070898 4.800000 -2.813411 -2.525729 -2.813411 1.000000 0.000000 0.000000 0.000000
11.744014 3.801705 -48.881242 0.000000 0.000000 0.000000 -1.488861 -0.496287 -0.070898 4.800000 -2.813411 -2.525729 -2.813411 1.000000 0.000000 0.000000 0.000000
11.744014 3.789517 -48.602338 0.000000 0.000000 0.000000 -1.488861 -0.496287 -0.070898 4.800000 -2.813411 -2.525729 -2.813411 1.000000 0.000000 0.000000 0.000000
12.842119 3.044539 -43.246319 0.000000 0.000000 0.000000 0.791254 0.288006 -0.531454 4.200000 -2.900422 -2.207275 -2.900422 1.000000 0.000000 0.000000 0.000000
17.472724 2.607152 -43.268253 0.000000 0.000000 0.000000 0.847888 0.301141 -0.454995 4.200000 -2.207275 -2.207275 -2.900422 1.000000 0.000000 0.000000 0.000000
20.881189 4.751806 -37.503942 0.000000 0.000000 0.000000 0.754503 0.363136 -0.271210 4.200000 -2.900422 -2.207275 -2.900422 1.000000 0.000000 0.000000 0.000000
13.667484 0.282789 -43.268253 0.000000 0.000000 0.000000 0.695088 0.267489 -0.495883 4.200000 -2.207275 -2.207275 -2.900422 1.000000 0.000000 0.000000 0.000000
15.171779 6.096742 -37.538352 0.000000 0.000000 0.000000 0.777884 0.222181 -0.361398 4.200000 -2.207275 -2.900422 -2.207275 1.000000 0.000000 0.000000 0.000000
20.377050 0.356258 -43.268253 0.000000 0.000000 0.000000 0.741719 0.340439 -0.337330 4.200000 -2.207275 -2.207275 -2.900422 1.000000 0.000000 0.000000 0.000000
20.881189 3.579148 -42.918309 0.000000 0.000000 0.000000 0.829337 0.403428 -0.275036 4.200000 -2.900422 -2.207275 -2.900422 1.000000 0.000000 0.000000 0.000000
15.496131 3.082640 -43.268253 0.000000 0.000000 0.000000 0.744393 0.328343 -0.511917 4.200000 -2.207275 -2.207275 -2.900422 1.000000 0.000000 0.000000 0.000000
16.500776 6.096742 -39.804807 0.000000 0.000000 0.000000 0.780963 0.170190 -0.297675 4.200000 -2.207275 -2.900422 -2.207275 1.000000 0.000000 0.000000 0.000000
12.842119 3.182783 -40.203832 0.000000 0.000000 0.000000 0.694731 0.271494 -0.340810 4.200000 -2.900422 -2.207275 -2.900422 1.000000 0.000000 0.000000 0.000000
12.893641 1.001320 -34.731747 0.000000 0.000000 0.000000 0.828705 0.360076 -0.323398 4.200000 -2.207275 -2.207275 -2.900422 1.000000 0.000000 0.000000 0.000000
12.842119 1.519430 -41.950734 0.000000 0.000000 0.000000 0.690178 0.232064 -0.295229 4.200000 -2.900422 -2.207275 -2.900422 1.000000 0.000000 0.000000 0.000000
15.732392 1.691244 -43.268253 0.000000 0.000000 0.000000 0.717386 0.326084 -0.420472 4.200000 -2.207275 -2.207275 -2.900422 1.000000 0.000000 0.000000 0.000000
16.784253 0.000000 -39.167095 0.000000 0.000000 0.000000 0.801948 0.336789 -0.310741 4.200000 -2.207275 -2.900422 -2.207275 1.000000 0.000000 0.000000 0.000000
20.881189 3.932501 -41.112574 0.000000 0.000000 0.000000 0.807437 0.168168 -0.400489 4.200000 -2.900422 -2.207275 -2.900422 1.000000 0.000000 0.000000 0.000000
20.881189 1.025831 -40.564531 0.000000 0.000000 0.000000 0.682198 0.391432 -0.394227 4.200000 -2.900422 -2.207275 -2.900422 1.000000 0.000000 0.000000 0.000000
12.842119 4.144236 -36.241214 0.000000 0.000000 0.000000 0.735771 0.380273 -0.384894 4.200000 -2.900422 -2.207275 -2.900422 1.000000 0.000000 0.000000 0.000000
13.183931 0.000000 -34.847981 0.000000 0.000000 0.000000 0.767583 0.411372 -0.312422 4.200000 -2.207275 -2.900422 -2.207275 1.000000 0.000000 0.000000 0.000000
17.604610 3.537043 -43.268253 0.000000 0.000000 0.000000 0.890609 0.421510 -0.438595 4.200000 -2.207275 -2.207275 -2.900422 1.000000 0.000000 0.000000 0.000000
12.924648 2.792248 -43.268253 0.000000 0.000000 0.000000 0.763911 0.418469 -0.377145 4.200000 -2.207275 -2.207275 -2.900422 1.000000 0.000000 0.000000 0.000000
20.881189 1.665377 -35.384034 0.000000 0.000000 0.000000 0.711225 0.383957 -0.481292 4.200000 -2.900422 -2.207275 -2.900422 1.000000 0.000000 0.000000 0.000000
12.842119 1.209796 -43.188541 0.000000 0.000000 0.000000 0.708532 0.378087 -0.364553 4.200000 -2.900422 -2.207275 -2.900422 1.000000 0.000000 0.000000 0.000000
18.858816 6.096742 -37.360499 0.000000 0.000000 0.000000 0.867382 0.387772 -0.484654 4.200000 -2.207275 -2.900422 -2.207275 1.000000 0.000000 0.000000 0.000000
20.881189 0.461340 -42.855198 0.000000 0.000000 0.000000 0.867097 0.411312 -0.249925 4.200000 -2.900422 -2.207275 -2.900422 1.000000 0.000000 0.000000 0.000000
13.991924 6.096742 -40.832766 0.000000 0.000000 0.000000 0.659153 0.192195 -0.452207 4.200000 -2.207275 -2.900422 -2.207275 1.000000 0.000000 0.000000 0.000000
20.881189 1.458153 -41.987749 0.000000 0.000000 0.000000 0.831744 0.184690 -0.449053 4.200000 -2.900422 -2.207275 -2.900422 1.000000 0.000000 0.000000 0.000000
18.841492 6.096742 -35.427905 0.000000 0.000000 0.000000 0.911512 0.349513 -0.359740 4.200000 -2.207275 -2.900422 -2.207275 1.000000 0.000000 0.000000 0.000000
12.842119 1.298414 -42.889969 0.000000 0.000000 0.000000 0.731873 0.212918 -0.363682 4.200000 -2.900422 -2.207275 -2.900422 1.000000 0.000000 0.000000 0.000000
19.771383 4.527120 -43.268253 0.000000 0.000000 0.000000 0.759779 0.402930 -0.414136 4.200000 -2.207275 -2.207275 -2.900422 1.000000 0.000000 0.000000 0.000000
16.457109 5.868144 -34.731747 0.000000 0.000000 0.000000 0.727495 0.160524 -0.373853 4.200000 -2.207275 -2.207275 -2.900422 1.000000 0.000000 0.000000 0.000000
12.842119 5.693955 -36.298970 0.000000 0.000000 0.000000 0.715310 0.301324 -0.384419 4.200000 -2.900422 -2.207275 -2.900422 1.000000 0.000000 0.000000 0.000000
14.608465 1.227080 -43.268253 0.000000 0.000000 0.000000 0.771545 0.407985 -0.366917 4.200000 -2.207275 -2.207275 -2.900422 1.000000 0.000000 0.000000 0.000000
18.177519 6.096742 -36.085545 0.000000 0.000000 0.000000 0.770662 0.325286 -0.478207 4.200000 -2.207275 -2.900422 -2.207275 1.000000 0.000000 0.000000 0.000000
15.935514 5.577118 -34.731747 0.000000 0.000000 0.000000 0.651844 0.353410 -0.253684 4.200000 -2.207275 -2.207275 -2.900422 1.000000 0.000000 0.000000 0.000000
12.842119 5.354668 -36.817365 0.000000 0.000000 0.000000 0.830789 0.365400 -0.480617 4.200000 -2.900422 -2.207275 -2.900422 1.000000 0.000000 0.000000 0.000000
20.881189 0.509950 -35.995465 0.000000 0.000000 0.000000 0.823834 0.381346 -0.318980 4.200000 -2.900422 -2.207275 -2.900422 1.000000 0.000000 0.000000 0.000000
20.306472 0.000000 -40.498326 0.000000 0.000000 0.000000 0.908058 0.329966 -0.405550 4.200000 -2.207275 -2.900422 -2.207275 1.000000 0.000000 0.000000 0.000000
20.881189 0.008168 -41.489954 0.000000 0.000000 0.000000 0.785613 0.409797 -0.291321 4.200000 -2.900422 -2.207275 -2.900422 1.000000 0.000000 0.000000 0.000000
16.194608 0.000000 -40.819142 0.000000 0.000000 0.000000 0.824040 0.374049 -0.456536 4.200000 -2.207275 -2.900422 -2.207275 1.000000 0.000000 0.000000 0.000000
19.143672 3.792613 -43.268253 0.000000 0.000000 0.000000 0.852589 0.382094 -0.374745 4.200000 -2.207275 -2.207275 -2.900422 1.000000 0.000000 0.000000 0.000000
17.692802 1.427506 -34.731747 0.000000 0.000000 0.000000 0.825922 0.181234 -0.273368 4.200000 -2.207275 -2.207275 -2.900422 1.000000 0.000000 0.000000 0.000000
17.623227 0.452430 -43.268253 0.000000 0.000000 0.000000 0.776386 0.272395 -0.384355 4.200000 -2.207275 -2.207275 -2.900422 1.000000 0.000000 0.000000 0.000000
20.542956 6.096742 -35.087290 0.000000 0.000000 0.000000 0.842279 0.325850 -0.382830 4.200000 -2.207275 -2.900422 -2.207275 1.000000 0.000000 0.000000 0.000000
15.507366 3.221800 -43.268253 0.000000 0.000000 0.000000 0.684990 0.331113 -0.408659 4.200000 -2.207275 -2.207275 -2.900422 1.000000 0.000000 0.000000 0.000000
19.544118 3.564472 -34.731747 0.000000 0.000000 0.000000 0.638099 0.199404 -0.266289 4.200000 -2.207275 -2.207275 -2.900422 1.000000 0.000000 0.000000 0.000000
17.472404 1.181547 -34.731747 0.000000 0.000000 0.000000 0.707744 0.227388 -0.292181 4.200000 -2.207275 -2.207275 -2.900422 1.000000 0.000000 0.000000 0.000000
19.964654 3.200926 -43.268253 0.000000 0.000000 0.000000 0.733867 0.372154 -0.493377 4.200000 -2.207275 -2.207275 -2.900422 1.000000 0.000000 0.000000 0.000000
15.604589 0.000000 -35.169324 0.000000 0.000000 0.000000 0.917440 0.165686 -0.380709 4.200000 -2.207275 -2.900422 -2.207275 1.000000 0.000000 0.000000 0.000000
13.415853 0.000000 -35.624470 0.000000 0.000000 0.000000 0.766889 0.394198 -0.515642 4.200000 -2.207275 -2.900422 -2.207275 1.000000 0.000000 0.000000 0.000000
12.842119 1.613007 -38.984694 0.000000 0.000000 0.000000 0.672906 0.320095 -0.482764 4.200000 -2.900422 -2.207275 -2.900422 1.000000 0.000000 0.000000 0.000000
14.818749 6.096742 -37.730858 0.000000 0.000000 0.000000 0.743593 0.258279 -0.255720 4.200000 -2.207275 -2.900422 -2.207275 1.000000 0.000000 0.000000 0.000000
16.059888 0.000000 -36.103593 0.000000 0.000000 0.000000 0.878001 0.240183 -0.282457 4.200000 -2.207275 -2.900422 -2.207275 1.000000 0.000000 0.000000 0.000000
20.881189 2.156019 -35.073412 0.000000 0.000000 0.000000 0.909555 0.229172 -0.511905 4.200000 -2.900422 -2.207275 -2.900422 1.000000 0.000000 0.000000 0.000000
20.881189 0.695950 -41.705588 0.000000 0.000000 0.000000 0.767823 0.219291 -0.395873 4.200000 -2.900422 -2.207275 -2.900422 1.000000 0.000000 0.000000 0.000000
16.181757 0.000000 -35.283708 0.000000 0.000000 0.000000 0.829290 0.245786 -0.318243 4.200000 -2.207275 -2.900422 -2.207275 1.000000 0.000000 0.000000 0.000000
20.730747 6.096742 -40.628884 0.000000 0.000000 0.000000 0.891747 0.150193 -0.449870 4.200000 -2.207275 -2.900422 -2.207275 1.000000 0.000000 0.000000 0.000000
14.840159 2.201139 -43.268253 0.000000 0.000000 0.000000 0.644632 0.217969 -0.393536 4.200000 -2.207275 -2.207275 -2.900422 1.000000 0.000000 0.000000 0.000000
15.671703 6.056983 -34.731747 0.000000 0.000000 0.000000 0.866275 0.422432 -0.432051 4.200000 -2.207275 -2.207275 -2.900422 1.000000 0.000000 0.000000 0.000000
16.846589 0.000000 -35.917629 0.000000 0.000000 0.000000 0.878394 0.220042 -0.296881 4.200000 -2.207275 -2.900422 -2.207275 1.000000 0.000000 0.000000 0.000000
15.854440 6.096742 -36.681400 0.000000 0.000000 0.000000 0.900073 0.168372 -0.308994 4.200000 -2.207275 -2.900422 -2.207275 1.000000 0.000000 0.000000 0.000000
15.757793 2.845312 -43.268253 0.000000 0.000000 0.000000 0.732447 0.403523 -0.309996 4.200000 -2.207275 -2.207275 -2.900422 1.000000 0.000000 0.000000 0.000000
12.842119 3.962010 -41.032379 0.000000 0.000000 0.000000 0.664518 0.366175 -0.382469 4.200000 -2.900422 -2.207275 -2.900422 1.000000 0.000000 0.000000 0.000000
18.009210 1.923024 -43.268253 0.000000 0.000000 0.000000 0.903303 0.361326 -0.504162 4.200000 -2.207275 -2.207275 -2.900422 1.000000 0.000000 0.000000 0.000000
15.614781 1.736229 -34.731747 0.000000 0.000000 0.000000 0.716640 0.366020 -0.451465 4.200000 -2.207275 -2.207275 -2.900422 1.000000 0.000000 0.000000 0.000000
19.716862 5.188218 -34.731747 0.000000 0.000000 0.000000 0.796616 0.409479 -0.257569 4.200000 -2.207275 -2.207275 -2.900422 1.000000 0.000000 0.000000 0.000000
18.116750 0.641621 -34.731747 0.000000 0.000000 0.000000 0.728648 0.383314 -0.474024 4.200000 -2.207275 -2.207275 -2.900422 1.000000 0.000000 0.000000 0.000000
20.438095 5.391963 -43.268253 0.000000 0.000000 0.000000 0.911841 0.243230 -0.306719 4.200000 -2.207275 -2.207275 -2.900422 1.000000 0.000000 0.000000 0.000000
14.478202 3.360114 -43.268253 0.000000 0.000000 0.000000 0.788558 0.215980 -0.329880 4.200000 -2.207275 -2.207275 -2.900422 1.000000 0.000000 0.000000 0.000000
20.881189 0.026956 -41.939621 0.000000 0.000000 0.000000 0.815747 0.150977 -0.412430 4.200000 -2.900422 -2.207275 -2.900422 1.000000 0.000000 0.000000 0.000000
13.503790 3.261681 -34.731747 0.000000 0.000000 0.000000 0.803088 0.333806 -0.428441 4.200000 -2.207275 -2.207275 -2.900422 1.000000 0.000000 0.000000 0.000000
15.257755 3.897158 -43.268253 0.000000 0.000000 0.000000 0.701205 0.284332 -0.493875 4.200000 -2.207275 -2.207275 -2.900422 1.000000 0.000000 0.000000 0.000000
15.874786 0.089842 -43.268253 0.000000 0.000000 0.000000 0.767488 0.383010 -0.499983 4.200000 -2.207275 -2.207275 -2.900422 1.000000 0.000000 0.000000 0.000000
12.842119 3.359908 -43.257106 0.000000 0.000000 0.000000 0.689570 0.177808 -0.320257 4.200000 -2.900422 -2.207275 -2.900422 1.000000 0.000000 0.000000 0.000000
17.521809 4.380576 -43.268253 0.000000 0.000000 0.000000 0.885036 0.220277 -0.361245 4.200000 -2.207275 -2.207275 -2.900422 1.000000 0.000000 0.000000 0.000000
20.430400 4.258474 -34.731747 0.000000 0.000000 0.000000 0.918155 0.342931 -0.282930 4.200000 -2.207275 -2.207275 -2.900422 1.000000 0.000000 0.000000 0.000000
15.836030 5.826346 -34.731747 0.000000 0.000000 0.000000 0.675817 0.324978 -0.254062 4.200000 -2.207275 -2.207275 -2.900422 1.000000 0.000000 0.000000 0.000000
16.816740 2.216071 -34.731747 0.000000 0.000000 0.000000 0.647895 0.327149 -0.472502 4.200000 -2.207275 -2.207275 -2.900422 1.000000 0.000000 0.000000 0.000000
17.687407 5.291748 -43.268253 0.000000 0.000000 0.000000 0.875167 0.418588 -0.523594 4.200000 -2.207275 -2.207275 -2.900422 1.000000 0.000000 0.000000 0.000000
13.620201 0.000000 -35.969490 0.000000 0.000000 0.000000 0.823827 0.250959 -0.363005 4.200000 -2.207275 -2.900422 -2.207275 1.000000 0.000000 0.000000 0.000000
12.902144 0.000000 -37.190560 0.000000 0.000000 0.000000 0.899356 0.146152 -0.295249 4.200000 -2.207275 -2.900422 -2.207275 1.000000 0.000000 0.000000 0.000000
15.852603 5.144613 -43.268253 0.000000 0.000000 0.000000 0.733739 0.165294 -0.361845 4.200000 -2.207275 -2.207275 -2.900422 1.000000 0.000000 0.000000 0.000000
20.268666 0.000000 -36.974046 0.000000 0.000000 0.000000 0.881982 0.204291 -0.361290 4.200000 -2.207275 -2.900422 -2.207275 1.000000 0.000000 0.000000 0.000000
14.542453 3.859729 -34.731747 0.000000 0.000000 0.000000 0.892205 0.354717 -0.421903 4.200000 -2.207275 -2.207275 -2.900422 1.000000 0.000000 0.000000 0.000000
13.903524 6.623369 -37.838106 0.000000 0.000000 0.000000 -0.992574 -1.347065 -1.453412 4.200000 -2.302585 -2.659260 -2.302585 1.000000 0.000000 0.000000 0.000000
19.582690 6.682434 -35.137685 0.000000 0.000000 0.000000 -0.992574 -1.347065 -1.453412 4.200000 -2.302585 -2.659260 -2.302585 1.000000 0.000000 0.000000 0.000000
16.387851 7.264830 -38.152453 0.000000 0.000000 0.000000 -0.992574 -1.347065 -1.453412 4.200000 -2.302585 -2.659260 -2.302585 1.000000 0.000000 0.000000 0.000000
13.319312 6.471916 -35.866794 0.000000 0.000000 0.000000 -0.992574 -1.347065 -1.453412 4.200000 -2.302585 -2.659260 -2.302585 1.000000 0.000000 0.000000 0.000000
13.940118 6.651515 -42.238910 0.000000 0.000000 0.000000 -0.992574 -1.347065 -1.453412 4.200000 -2.302585 -2.659260 -2.302585 1.000000 0.000000 0.000000 0.000000
21.408817 6.217158 -43.426874 0.000000 0.000000 0.000000 -0.992574 -1.347065 -1.453412 4.200000 -2.302585 -2.659260 -2.302585 1.000000 0.000000 0.000000 0.000000
19.028623 6.846084 -39.950303 0.000000 0.000000 0.000000 -0.992574 -1.347065 -1.453412 4.200000 -2.302585 -2.659260 -2.302585 1.000000 0.000000 0.000000 0.000000
15.157374 6.958611 -39.008190 0.000000 0.000000 0.000000 -0.992574 -1.347065 -1.453412 4.200000 -2.302585 -2.659260 -2.302585 1.000000 0.000000 0.000000 0.000000
14.073825 6.682505 -40.850459 0.000000 0.000000 0.000000 -0.992574 -1.347065 -1.453412 4.200000 -2.302585 -2.659260 -2.302585 1.000000 0.000000 0.000000 0.000000
12.211801 6.182262 -40.468311 0.000000 0.000000 0.000000 -0.992574 -1.347065 -1.453412 4.200000 -2.302585 -2.659260 -2.302585 1.000000 0.000000 0.000000 0.000000
13.971325 6.657804 -39.241515 0.000000 0.000000 0.000000 -0.992574 -1.347065 -1.453412 4.200000 -2.302585 -2.659260 -2.302585 1.000000 0.000000 0.000000 0.000000
12.786833 6.342641 -39.035610 0.000000 0.000000 0.000000 -0.992574 -1.347065 -1.453412 4.200000 -2.302585 -2.659260 -2.302585 1.000000 0.000000 0.000000 0.000000
17.633428 7.202314 -38.741159 0.000000 0.000000 0.000000 -0.992574 -1.347065 -1.453412 4.200000 -2.302585 -2.659260 -2.302585 1.000000 0.000000 0.000000 0.000000
20.186390 6.548596 -42.597056 0.000000 0.000000 0.000000 -0.992574 -1.347065 -1.453412 4.200000 -2.302585 -2.659260 -2.302585 1.000000 0.000000 0.000000 0.000000
15.514635 7.042499 -37.624881 0.000000 0.000000 0.000000 -0.992574 -1.347065 -1.453412 4.200000 -2.302585 -2.659260 -2.302585 1.000000 0.000000 0.000000 0.000000
17.598320 7.200196 -42.536509 0.000000 0.000000 0.000000 -0.992574 -1.347065 -1.453412 4.200000 -2.302585 -2.659260 -2.302585 1.000000 0.000000 0.000000 0.000000
16.957146 7.370701 -34.241092 0.000000 0.000000 0.000000 -0.992574 -1.347065 -1.453412 4.200000 -2.302585 -2.659260 -2.302585 1.000000 0.000000 0.000000 0.000000
16.998045 7.375408 -35.814173 0.000000 0.000000 0.000000 -0.992574 -1.347065 -1.453412 4.200000 -2.302585 -2.659260 -2.302585 1.000000 0.000000 0.000000 0.000000
20.808374 6.378875 -38.866241 0.000000 0.000000 0.000000 -0.992574 -1.347065 -1.453412 4.200000 -2.302585 -2.659260 -2.302585 1.000000 0.000000 0.000000 0.000000
18.789996 6.911253 -36.595701 0.000000 0.000000 0.000000 -0.992574 -1.347065 -1.453412 4.200000 -2.302585 -2.659260 -2.302585 1.000000 0.000000 0.000000 0.000000
20.810380 6.365236 -36.130680 0.000000 0.000000 0.000000 -0.992574 -1.347065 -1.453412 4.200000 -2.302585 -2.659260 -2.302585 1.000000 0.000000 0.000000 0.000000
18.467013 7.000851 -36.103344 0.000000 0.000000 0.000000 -0.992574 -1.347065 -1.453412 4.200000 -2.302585 -2.659260 -2.302585 1.000000 0.000000 0.000000 0.000000
15.779310 7.133947 -39.807319 0.000000 0.000000 0.000000 -0.992574 -1.347065 -1.453412 4.200000 -2.302585 -2.659260 -2.302585 1.000000 0.000000 0.000000 0.000000
14.486408 6.784356 -37.389027 0.000000 0.000000 0.000000 -0.992574 -1.347065 -1.453412 4.200000 -2.302585 -2.659260 -2.302585 1.000000 0.000000 0.000000 0.000000
13.628690 6.579110 -43.233866 0.000000 0.000000 0.000000 -0.992574 -1.347065 -1.453412 4.200000 -2.302585 -2.659260 -2.302585 1.000000 0.000000 0.000000 0.000000
11.861726 6.085482 -43.401177 0.000000 0.000000 0.000000 -0.992574 -1.347065 -1.453412 4.200000 -2.302585 -2.659260 -2.302585 1.000000 0.000000 0.000000 0.000000
14.338631 6.762050 -34.368068 0.000000 0.000000 0.000000 -0.992574 -1.347065 -1.453412 4.200000 -2.302585 -2.659260 -2.302585 1.000000 0.000000 0.000000 0.000000
19.584611 6.709561 -37.352533 0.000000 0.000000 0.000000 -0.992574 -1.347065 -1.453412 4.200000 -2.302585 -2.659260 -2.302585 1.000000 0.000000 0.000000 0.000000
13.552915 6.559141 -38.054375 0.000000 0.000000 0.000000 -0.992574 -1.347065 -1.453412 4.200000 -2.302585 -2.659260 -2.302585 1.000000 0.000000 0.000000 0.000000
16.420401 7.279915 -42.974825 0.000000 0.000000 0.000000 -0.992574 -1.347065 -1.453412 4.200000 -2.302585 -2.659260 -2.302585 1.000000 0.000000 0.000000 0.000000
19.707349 6.645021 -41.336550 0.000000 0.000000 0.000000 -0.992574 -1.347065 -1.453412 4.200000 -2.302585 -2.659260 -2.302585 1.000000 0.000000 0.000000 0.000000
16.897050 7.400381 -39.301875 0.000000 0.000000 0.000000 -0.992574 -1.347065 -1.453412 4.200000 -2.302585 -2.659260 -2.302585 1.000000 0.000000 0.000000 0.000000
21.022452 6.336209 -35.100700 0.000000 0.000000 0.000000 -0.992574 -1.347065 -1.453412 4.200000 -2.302585 -2.659260 -2.302585 1.000000 0.000000 0.000000 0.000000
21.590359 6.193197 -35.175896 0.000000 0.000000 0.000000 -0.992574 -1.347065 -1.453412 4.200000 -2.302585 -2.659260 -2.302585 1.000000 0.000000 0.000000 0.000000
21.063644 6.326383 -40.313317 0.000000 0.000000 0.000000 -0.992574 -1.347065 -1.453412 4.200000 -2.302585 -2.659260 -2.302585 1.000000 0.000000 0.000000 0.000000
19.185310 6.786222 -40.302185 0.000000 0.000000 0.000000 -0.992574 -1.347065 -1.453412 4.200000 -2.302585 -2.659260 -2.302585 1.000000 0.000000 0.000000 0.000000
20.486135 6.446698 -34.158262 0.000000 0.000000 0.000000 -0.992574 -1.347065 -1.453412 4.200000 -2.302585 -2.659260 -2.302585 1.000000 0.000000 0.000000 0.000000
19.588097 6.706614 -43.080641 0.000000 0.000000 0.000000 -0.992574 -1.347065 -1.453412 4.200000 -2.302585 -2.659260 -2.302585 1.000000 0.000000 0.000000 0.000000
14.153982 6.705598 -43.216005 0.000000 0.000000 0.000000 -0.992574 -1.347065 -1.453412 4.200000 -2.302585 -2.659260 -2.302585 1.000000 0.000000 0.000000 0.000000
12.792119 1.649839 -40.838430 0.000000 0.000000 0.000000 -1.488861 -0.496287 -0.070898 4.800000 -2.813411 -2.525729 -2.813411 1.000000 0.000000 0.000000 0.000000
12.792119 1.799034 -41.364470 0.000000 0.000000 0.000000 -1.488861 -0.496287 -0.070898 4.800000 -2.813411 -2.525729 -2.813411 1.000000 0.000000 0.000000 0.000000
12.792119 1.913288 -41.634868 0.000000 0.000000 0.000000 -1.488861 -0.496287 -0.070898 4.800000 -2.813411 -2.525729 -2.813411 1.000000 0.000000 0.000000 0.000000
12.792119 1.714380 -41.118915 0.000000 0.000000 0.000000 -1.488861 -0.496287 -0.070898 4.800000 -2.813411 -2.525729 -2.813411 1.000000 0.000000 0.000000 0.000000
12.792119 1.406200 -39.196664 0.000000 0.000000 0.000000 -1.488861 -0.496287 -0.070898 4.800000 -2.813411 -2.525729 -2.813411 1.000000 0.000000 0.000000 0.000000
12.792119 1.836089 -38.574514 0.000000 0.000000 0.000000 -1.488861 -0.496287 -0.070898 4.800000 -2.813411 -2.525729 -2.813411 1.000000 0.000000 0.000000 0.000000
12.792119 1.413040 -38.844671 0.000000 0.000000 0.000000 -1.488861 -0.496287 -0.070898 4.800000 -2.813411 -2.525729 -2.813411 1.000000 0.000000 0.000000 0.000000
12.792119 1.646823 -39.475329 0.000000 0.000000 0.000000 -1.488861 -0.496287 -0.070898 4.800000 -2.813411 -2.525729 -2.813411 1.000000 0.000000 0.000000 0.000000
12.792119 1.890979 -36.419938 0.000000 0.000000 0.000000 -1.488861 -0.496287 -0.070898 4.800000 -2.813411 -2.525729 -2.813411 1.000000 0.000000 0.000000 0.000000
12.792119 1.676718 -36.785267 0.000000 0.000000 0.000000 -1.488861 -0.496287 -0.070898 4.800000 -2.813411 -2.525729 -2.813411 1.000000 0.000000 0.000000 0.000000
12.792119 1.556630 -36.592687 0.000000 0.000000 0.000000 -1.488861 -0.496287 -0.070898 4.800000 -2.813411 -2.525729 -2.813411 1.000000 0.000000 0.000000 0.000000
12.792119 2.026705 -36.340136 0.000000 0.000000 0.000000 -1.488861 -0.496287 -0.070898 4.800000 -2.813411 -2.525729 -2.813411 1.000000 0.000000 0.000000 0.000000
12.792119 4.078061 -41.664963 0.000000 0.000000 0.000000 -1.488861 -0.496287 -0.070898 4.800000 -2.813411 -2.525729 -2.813411 1.000000 0.000000 0.000000 0.000000
12.792119 3.513194 -41.282530 0.000000 0.000000 0.000000 -1.488861 -0.496287 -0.070898 4.800000 -2.813411 -2.525729 -2.813411 1.000000 0.000000 0.000000 0.000000
12.792119 3.541936 -41.187661 0.000000 0.000000 0.000000 -1.488861 -0.496287 -0.070898 4.800000 -2.813411 -2.525729 -2.813411 1.000000 0.000000 0.000000 0.000000
12.792119 3.662734 -41.141742 0.000000 0.000000 0.000000 -1.488861 -0.496287 -0.070898 4.800000 -2.813411 -2.525729 -2.813411 1.000000 0.000000 0.000000 0.000000
12.792119 3.688171 -39.009497 0.000000 0.000000 0.000000 -1.488861 -0.496287 -0.070898 4.800000 -2.813411 -2.525729 -2.813411 1.000000 0.000000 0.000000 0.000000
12.792119 3.642704 -38.927310 0.000000 0.000000 0.000000 -1.488861 -0.496287 -0.070898 4.800000 -2.813411 -2.525729 -2.813411 1.000000 0.000000 0.000000 0.000000
12.792119 3.441733 -39.310035 0.000000 0.000000 0.000000 -1.488861 -0.496287 -0.070898 4.800000 -2.813411 -2.525729 -2.813411 1.000000 0.000000 0.000000 0.000000
12.792119 4.173241 -39.266490 0.000000 0.000000 0.000000 -1.488861 -0.496287 -0.070898 4.800000 -2.813411 -2.525729 -2.813411 1.000000 0.000000 0.000000 0.000000
12.792119 3.433449 -37.003837 0.000000 0.000000 0.000000 -1.488861 -0.496287 -0.070898 4.800000 -2.813411 -2.525729 -2.813411 1.000000 0.000000 0.000000 0.000000
12.792119 3.903841 -36.347306 0.000000 0.000000 0.000000 -1.488861 -0.496287 -0.070898 4.800000 -2.813411 -2.525729 -2.813411 1.000000 0.000000 0.000000 0.000000
12.792119 3.575328 -36.239882 0.000000 0.000000 0.000000 -1.488861 -0.496287 -0.070898 4.800000 -2.813411 -2.525729 -2.813411 1.000000 0.000000 0.000000 0.000000
12.792119 3.700890 -36.938044 0.000000 0.000000 0.000000 -1.488861 -0.496287 -0.070898 4.800000 -2.813411 -2.525729 -2.813411 1.000000 0.000000 0.000000 0.000000
20.943128 1.951427 -22.315397 0.000000 0.000000 0.000000 0.342390 -0.167218 -0.892353 4.200000 -2.900422 -2.207275 -2.900422 1.000000 0.000000 0.000000 0.000000
17.306505 4.593630 -31.769725 0.000000 0.000000 0.000000 0.286177 -0.238736 -0.638347 4.200000 -2.207275 -2.207275 -2.900422 1.000000 0.000000 0.000000 0.000000
12.857282 1.838405 -22.230275 0.000000 0.000000 0.000000 0.248494 -0.402561 -0.805902 4.200000 -2.207275 -2.207275 -2.900422 1.000000 0.000000 0.000000 0.000000
16.027994 7.737889 -26.693460 0.000000 0.000000 0.000000 0.288866 -0.266442 -0.717321 4.200000 -2.207275 -2.900422 -2.207275 1.000000 0.000000 0.000000 0.000000
12.041122 6.801642 -29.512097 0.000000 0.000000 0.000000 0.111354 -0.299998 -0.817362 4.200000 -2.900422 -2.207275 -2.900422 1.000000 0.000000 0.000000 0.000000
12.041122 4.442994 -22.731958 0.000000 0.000000 0.000000 0.074946 -0.363694 -0.805429 4.200000 -2.900422 -2.207275 -2.900422 1.000000 0.000000 0.000000 0.000000
12.041122 5.304274 -26.235780 0.000000 0.000000 0.000000 0.240679 -0.222824 -0.842443 4.200000 -2.900422 -2.207275 -2.900422 1.000000 0.000000 0.000000 0.000000
20.943128 0.154534 -29.801203 0.000000 0.000000 0.000000 0.179071 -0.262099 -0.866004 4.200000 -2.900422 -2.207275 -2.900422 1.000000 0.000000 0.000000 0.000000
12.472959 0.000000 -26.622158 0.000000 0.000000 0.000000 0.342770 -0.396336 -0.753968 4.200000 -2.207275 -2.900422 -2.207275 1.000000 0.000000 0.000000 0.000000
20.109972 4.945410 -22.230275 0.000000 0.000000 0.000000 0.143363 -0.354282 -0.720155 4.200000 -2.207275 -2.207275 -2.900422 1.000000 0.000000 0.000000 0.000000
17.949315 7.737889 -28.022069 0.000000 0.000000 0.000000 0.138103 -0.277021 -0.883932 4.200000 -2.207275 -2.900422 -2.207275 1.000000 0.000000 0.000000 0.000000
12.041122 4.713922 -27.608384 0.000000 0.000000 0.000000 0.310201 -0.354000 -0.727375 4.200000 -2.900422 -2.207275 -2.900422 1.000000 0.000000 0.000000 0.000000
20.943128 3.552608 -30.428997 0.000000 0.000000 0.000000 0.292274 -0.332617 -0.748125 4.200000 -2.900422 -2.207275 -2.900422 1.000000 0.000000 0.000000 0.000000
20.508826 3.413890 -31.769725 0.000000 0.000000 0.000000 0.222996 -0.272829 -0.748263 4.200000 -2.207275 -2.207275 -2.900422 1.000000 0.000000 0.000000 0.000000
17.435609 7.737889 -26.854853 0.000000 0.000000 0.000000 0.250187 -0.194211 -0.680055 4.200000 -2.207275 -2.900422 -2.207275 1.000000 0.000000 0.000000 0.000000
16.514341 0.000000 -30.490525 0.000000 0.000000 0.000000 0.350660 -0.318124 -0.810719 4.200000 -2.207275 -2.900422 -2.207275 1.000000 0.000000 0.000000 0.000000
13.600311 0.000000 -23.988370 0.000000 0.000000 0.000000 0.177577 -0.374674 -0.719426 4.200000 -2.207275 -2.900422 -2.207275 1.000000 0.000000 0.000000 0.000000
13.364074 2.584300 -31.769725 0.000000 0.000000 0.000000 0.180024 -0.142919 -0.749168 4.200000 -2.207275 -2.207275 -2.900422 1.000000 0.000000 0.000000 0.000000
18.437694 3.752888 -31.769725 0.000000 0.000000 0.000000 0.121673 -0.411585 -0.694098 4.200000 -2.207275 -2.207275 -2.900422 1.000000 0.000000 0.000000 0.000000
12.041122 4.991407 -23.135233 0.000000 0.000000 0.000000 0.301970 -0.312172 -0.911168 4.200000 -2.900422 -2.207275 -2.900422 1.000000 0.000000 0.000000 0.000000
19.999410 7.428924 -31.769725 0.000000 0.000000 0.000000 0.266005 -0.329912 -0.639211 4.200000 -2.207275 -2.207275 -2.900422 1.000000 0.000000 0.000000 0.000000
13.904567 0.000000 -27.378218 0.000000 0.000000 0.000000 0.316444 -0.244270 -0.818049 4.200000 -2.207275 -2.900422 -2.207275 1.000000 0.000000 0.000000 0.000000
13.903439 4.584593 -31.769725 0.000000 0.000000 0.000000 0.225937 -0.417507 -0.685036 4.200000 -2.207275 -2.207275 -2.900422 1.000000 0.000000 0.000000 0.000000
12.887731 7.410738 -31.769725 0.000000 0.000000 0.000000 0.344650 -0.211618 -0.640421 4.200000 -2.207275 -2.207275 -2.900422 1.000000 0.000000 0.000000 0.000000
20.943128 1.224548 -28.696583 0.000000 0.000000 0.000000 0.269957 -0.272596 -0.907083 4.200000 -2.900422 -2.207275 -2.900422 1.000000 0.000000 0.000000 0.000000
12.881757 0.000000 -22.302557 0.000000 0.000000 0.000000 0.253644 -0.150658 -0.729461 4.200000 -2.207275 -2.900422 -2.207275 1.000000 0.000000 0.000000 0.000000
12.041122 2.487385 -30.959491 0.000000 0.000000 0.000000 0.234897 -0.389033 -0.647797 4.200000 -2.900422 -2.207275 -2.900422 1.000000 0.000000 0.000000 0.000000
12.041122 1.092515 -31.067027 0.000000 0.000000 0.000000 0.212315 -0.265824 -0.855053 4.200000 -2.900422 -2.207275 -2.900422 1.000000 0.000000 0.000000 0.000000
12.343459 0.000000 -28.995212 0.000000 0.000000 0.000000 0.321733 -0.424413 -0.711944 4.200000 -2.207275 -2.900422 -2.207275 1.000000 0.000000 0.000000 0.000000
20.793705 4.414609 -31.769725 0.000000 0.000000 0.000000 0.079399 -0.379833 -0.726310 4.200000 -2.207275 -2.207275 -2.900422 1.000000 0.000000 0.000000 0.000000
15.482312 7.737889 -28.844343 0.000000 0.000000 0.000000 0.148751 -0.268791 -0.833836 4.200000 -2.207275 -2.900422 -2.207275 1.000000 0.000000 0.000000 0.000000
18.136779 6.506963 -22.230275 0.000000 0.000000 0.000000 0.081301 -0.213179 -0.737156 4.200000 -2.207275 -2.207275 -2.900422 1.000000 0.000000 0.000000 0.000000
19.418166 7.737889 -23.458631 0.000000 0.000000 0.000000 0.174074 -0.364743 -0.813995 4.200000 -2.207275 -2.900422 -2.207275 1.000000 0.000000 0.000000 0.000000
16.532091 1.549972 -22.230275 0.000000 0.000000 0.000000 0.335751 -0.251037 -0.915069 4.200000 -2.207275 -2.207275 -2.900422 1.000000 0.000000 0.000000 0.000000
12.041122 6.457425 -29.779851 0.000000 0.000000 0.000000 0.226901 -0.276823 -0.761469 4.200000 -2.900422 -2.207275 -2.900422 1.000000 0.000000 0.000000 0.000000
15.370087 1.553361 -22.230275 0.000000 0.000000 0.000000 0.207599 -0.347739 -0.821888 4.200000 -2.207275 -2.207275 -2.900422 1.000000 0.000000 0.000000 0.000000
13.904400 7.737889 -26.185024 0.000000 0.000000 0.000000 0.094482 -0.194979 -0.913416 4.200000 -2.207275 -2.900422 -2.207275 1.000000 0.000000 0.000000 0.000000
17.352815 0.152995 -31.769725 0.000000 0.000000 0.000000 0.181843 -0.186060 -0.804902 4.200000 -2.207275 -2.207275 -2.900422 1.000000 0.000000 0.000000 0.000000
15.513501 5.392016 -31.769725 0.000000 0.000000 0.000000 0.213326 -0.301276 -0.673279 4.200000 -2.207275 -2.207275 -2.900422 1.000000 0.000000 0.000000 0.000000
12.041122 2.072842 -27.523189 0.000000 0.000000 0.000000 0.179045 -0.212966 -0.753440 4.200000 -2.900422 -2.207275 -2.900422 1.000000 0.000000 0.000000 0.000000
20.252448 6.244110 -31.769725 0.000000 0.000000 0.000000 0.202842 -0.164572 -0.646728 4.200000 -2.207275 -2.207275 -2.900422 1.000000 0.000000 0.000000 0.000000
12.114989 6.932093 -31.769725 0.000000 0.000000 0.000000 0.117460 -0.224172 -0.785273 4.200000 -2.207275 -2.207275 -2.900422 1.000000 0.000000 0.000000 0.000000
16.404722 1.491283 -22.230275 0.000000 0.000000 0.000000 0.226472 -0.160367 -0.853449 4.200000 -2.207275 -2.207275 -2.900422 1.000000 0.000000 0.000000 0.000000
14.474225 7.654879 -31.769725 0.000000 0.000000 0.000000 0.187894 -0.338440 -0.688307 4.200000 -2.207275 -2.207275 -2.900422 1.000000 0.000000 0.000000 0.000000
13.302786 4.963335 -31.769725 0.000000 0.000000 0.000000 0.127121 -0.220989 -0.703142 4.200000 -2.207275 -2.207275 -2.900422 1.000000 0.000000 0.000000 0.000000
12.718390 6.113694 -22.230275 0.000000 0.000000 0.000000 0.249234 -0.417319 -0.767810 4.200000 -2.207275 -2.207275 -2.900422 1.000000 0.000000 0.000000 0.000000
20.943128 2.094218 -24.779987 0.000000 0.000000 0.000000 0.245887 -0.320719 -0.791271 4.200000 -2.900422 -2.207275 -2.900422 1.000000 0.000000 0.000000 0.000000
17.933579 7.737889 -27.156616 0.000000 0.000000 0.000000 0.312841 -0.161517 -0.677717 4.200000 -2.207275 -2.900422 -2.207275 1.000000 0.000000 0.000000 0.000000
12.041122 1.369965 -23.657490 0.000000 0.000000 0.000000 0.323097 -0.264308 -0.877689 4.200000 -2.900422 -2.207275 -2.900422 1.000000 0.000000 0.000000 0.000000
12.041122 4.509384 -24.846686 0.000000 0.000000 0.000000 0.138726 -0.192585 -0.672405 4.200000 -2.900422 -2.207275 -2.900422 1.000000 0.000000 0.000000 0.000000
18.108980 7.737889 -30.777726 0.000000 0.000000 0.000000 0.339262 -0.206904 -0.667179 4.200000 -2.207275 -2.900422 -2.207275 1.000000 0.000000 0.000000 0.000000
20.943128 3.409684 -24.737487 0.000000 0.000000 0.000000 0.326003 -0.150048 -0.662770 4.200000 -2.900422 -2.207275 -2.900422 1.000000 0.000000 0.000000 0.000000
16.385865 6.449456 -22.230275 0.000000 0.000000 0.000000 0.321937 -0.368970 -0.661231 4.200000 -2.207275 -2.207275 -2.900422 1.000000 0.000000 0.000000 0.000000
19.919314 7.737889 -23.064311 0.000000 0.000000 0.000000 0.167022 -0.306501 -0.643014 4.200000 -2.207275 -2.900422 -2.207275 1.000000 0.000000 0.000000 0.000000
20.398825 0.000000 -24.273800 0.000000 0.000000 0.000000 0.192305 -0.332220 -0.751305 4.200000 -2.207275 -2.900422 -2.207275 1.000000 0.000000 0.000000 0.000000
12.783588 7.737889 -27.331770 0.000000 0.000000 0.000000 0.306621 -0.236396 -0.795992 4.200000 -2.207275 -2.900422 -2.207275 1.000000 0.000000 0.000000 0.000000
16.556678 5.166703 -31.769725 0.000000 0.000000 0.000000 0.121132 -0.385621 -0.836371 4.200000 -2.207275 -2.207275 -2.900422 1.000000 0.000000 0.000000 0.000000
14.780285 0.420725 -22.230275 0.000000 0.000000 0.000000 0.281246 -0.413069 -0.899946 4.200000 -2.207275 -2.207275 -2.900422 1.000000 0.000000 0.000000 0.000000
20.943128 6.898126 -30.031030 0.000000 0.000000 0.000000 0.183627 -0.283850 -0.653415 4.200000 -2.900422 -2.207275 -2.900422 1.000000 0.000000 0.000000 0.000000
13.920343 4.412647 -22.230275 0.000000 0.000000 0.000000 0.148594 -0.262211 -0.890001 4.200000 -2.207275 -2.207275 -2.900422 1.000000 0.000000 0.000000 0.000000
19.644499 7.737889 -26.357451 0.000000 0.000000 0.000000 0.108831 -0.387445 -0.856631 4.200000 -2.207275 -2.900422 -2.207275 1.000000 0.000000 0.000000 0.000000
17.502103 2.304555 -22.230275 0.000000 0.000000 0.000000 0.283269 -0.290756 -0.777062 4.200000 -2.207275 -2.207275 -2.900422 1.000000 0.000000 0.000000 0.000000
15.295360 3.605877 -31.769725 0.000000 0.000000 0.000000 0.339271 -0.291828 -0.720862 4.200000 -2.207275 -2.207275 -2.900422 1.000000 0.000000 0.000000 0.000000
14.074109 7.737889 -24.410879 0.000000 0.000000 0.000000 0.082671 -0.308934 -0.844222 4.200000 -2.207275 -2.900422 -2.207275 1.000000 0.000000 0.000000 0.000000
14.780933 7.179173 -31.769725 0.000000 0.000000 0.000000 0.340141 -0.264116 -0.715162 4.200000 -2.207275 -2.207275 -2.900422 1.000000 0.000000 0.000000 0.000000
13.730418 4.511201 -31.769725 0.000000 0.000000 0.000000 0.263950 -0.422416 -0.837965 4.200000 -2.207275 -2.207275 -2.900422 1.000000 0.000000 0.000000 0.000000
18.923897 6.283950 -31.769725 0.000000 0.000000 0.000000 0.072959 -0.176011 -0.851857 4.200000 -2.207275 -2.207275 -2.900422 1.000000 0.000000 0.000000 0.000000
15.158435 7.737889 -22.819292 0.000000 0.000000 0.000000 0.114760 -0.229610 -0.665491 4.200000 -2.207275 -2.900422 -2.207275 1.000000 0.000000 0.000000 0.000000
15.566894 7.737889 -30.240563 0.000000 0.000000 0.000000 0.161905 -0.412934 -0.823834 4.200000 -2.207275 -2.900422 -2.207275 1.000000 0.000000 0.000000 0.000000
19.942571 0.000000 -27.850804 0.000000 0.000000 0.000000 0.324519 -0.417998 -0.761388 4.200000 -2.207275 -2.900422 -2.207275 1.000000 0.000000 0.000000 0.000000
19.933785 4.999884 -31.769725 0.000000 0.000000 0.000000 0.110918 -0.216933 -0.809743 4.200000 -2.207275 -2.207275 -2.900422 1.000000 0.000000 0.000000 0.000000
20.862868 7.737889 -27.493511 0.000000 0.000000 0.000000 0.315061 -0.332995 -0.774726 4.200000 -2.207275 -2.900422 -2.207275 1.000000 0.000000 0.000000 0.000000
12.041122 0.014981 -28.418285 0.000000 0.000000 0.000000 0.186613 -0.419977 -0.670996 4.200000 -2.900422 -2.207275 -2.900422 1.000000 0.000000 0.000000 0.000000
17.819241 0.000000 -30.458167 0.000000 0.000000 0.000000 0.349414 -0.226606 -0.654169 4.200000 -2.207275 -2.900422 -2.207275 1.000000 0.000000 0.000000 0.000000
20.943128 2.429246 -29.583901 0.000000 0.000000 0.000000 0.261917 -0.393520 -0.884956 4.200000 -2.900422 -2.207275 -2.900422 1.000000 0.000000 0.000000 0.000000
18.548548 0.163746 -22.230275 0.000000 0.000000 0.000000 0.286544 -0.304716 -0.719031 4.200000 -2.207275 -2.207275 -2.900422 1.000000 0.000000 0.000000 0.000000
19.635674 0.650505 -31.769725 0.000000 0.000000 0.000000 0.075691 -0.157305 -0.728590 4.200000 -2.207275 -2.207275 -2.900422 1.000000 0.000000 0.000000 0.000000
13.535268 0.000000 -28.628352 0.000000 0.000000 0.000000 0.113994 -0.348353 -0.920264 4.200000 -2.207275 -2.900422 -2.207275 1.000000 0.000000 0.000000 0.000000
13.834884 0.000000 -25.249418 0.000000 0.000000 0.000000 0.081363 -0.292693 -0.711464 4.200000 -2.207275 -2.900422 -2.207275 1.000000 0.000000 0.000000 0.000000
18.355074 3.734254 -22.230275 0.000000 0.000000 0.000000 0.118552 -0.366138 -0.711392 4.200000 -2.207275 -2.207275 -2.900422 1.000000 0.000000 0.000000 0.000000
14.328219 1.250121 -31.769725 0.000000 0.000000 0.000000 0.160362 -0.160460 -0.856217 4.200000 -2.207275 -2.207275 -2.900422 1.000000 0.000000 0.000000 0.000000
19.483951 3.572243 -31.769725 0.000000 0.000000 0.000000 0.323553 -0.161939 -0.674921 4.200000 -2.207275 -2.207275 -2.900422 1.000000 0.000000 0.000000 0.000000
20.943128 4.132379 -23.609887 0.000000 0.000000 0.000000 0.081070 -0.370879 -0.833479 4.200000 -2.900422 -2.207275 -2.900422 1.000000 0.000000 0.000000 0.000000
16.029529 8.929907 -28.050290 0.000000 0.000000 0.000000 -0.992574 -1.347065 -1.453412 4.200000 -2.302585 -2.659260 -2.302585 1.000000 0.000000 0.000000 0.000000
14.558157 8.583810 -29.475980 0.000000 0.000000 0.000000 -0.992574 -1.347065 -1.453412 4.200000 -2.302585 -2.659260 -2.302585 1.000000 0.000000 0.000000 0.000000
16.173831 8.958306 -28.569379 0.000000 0.000000 0.000000 -0.992574 -1.347065 -1.453412 4.200000 -2.302585 -2.659260 -2.302585 1.000000 0.000000 0.000000 0.000000
18.773958 8.486555 -25.944842 0.000000 0.000000 0.000000 -0.992574 -1.347065 -1.453412 4.200000 -2.302585 -2.659260 -2.302585 1.000000 0.000000 0.000000 0.000000
12.163487 8.039453 -24.181770 0.000000 0.000000 0.000000 -0.992574 -1.347065 -1.453412 4.200000 -2.302585 -2.659260 -2.302585 1.000000 0.000000 0.000000 0.000000
15.205891 8.739631 -32.120406 0.000000 0.000000 0.000000 -0.992574 -1.347065 -1.453412 4.200000 -2.302585 -2.659260 -2.302585 1.000000 0.000000 0.000000 0.000000
14.942403 8.668825 -27.178643 0.000000 0.000000 0.000000 -0.992574 -1.347065 -1.453412 4.200000 -2.302585 -2.659260 -2.302585 1.000000 0.000000 0.000000 0.000000
11.105770 7.787511 -29.335702 0.000000 0.000000 0.000000 -0.992574 -1.347065 -1.453412 4.200000 -2.302585 -2.659260 -2.302585 1.000000 0.000000 0.000000 0.000000
14.639962 8.594104 -23.393785 0.000000 0.000000 0.000000 -0.992574 -1.347065 -1.453412 4.200000 -2.302585 -2.659260 -2.302585 1.000000 0.000000 0.000000 0.000000
12.425202 8.093218 -28.411147 0.000000 0.000000 0.000000 -0.992574 -1.347065 -1.453412 4.200000 -2.302585 -2.659260 -2.302585 1.000000 0.000000 0.000000 0.000000
19.689158 8.296971 -27.950182 0.000000 0.000000 0.000000 -0.992574 -1.347065 -1.453412 4.200000 -2.302585 -2.659260 -2.302585 1.000000 0.000000 0.000000 0.000000
17.097657 8.909714 -32.325094 0.000000 0.000000 0.000000 -0.992574 -1.347065 -1.453412 4.200000 -2.302585 -2.659260 -2.302585 1.000000 0.000000 0.000000 0.000000
22.009857 7.757801 -28.008234 0.000000 0.000000 0.000000 -0.992574 -1.347065 -1.453412 4.200000 -2.302585 -2.659260 -2.302585 1.000000 0.000000 0.000000 0.000000
18.448523 8.593091 -24.623466 0.000000 0.000000 0.000000 -0.992574 -1.347065 -1.453412 4.200000 -2.302585 -2.659260 -2.302585 1.000000 0.000000 0.000000 0.000000
20.292081 8.165253 -24.669012 0.000000 0.000000 0.000000 -0.992574 -1.347065 -1.453412 4.200000 -2.302585 -2.659260 -2.302585 1.000000 0.000000 0.000000 0.000000
15.562250 8.815198 -25.406575 0.000000 0.000000 0.000000 -0.992574 -1.347065 -1.453412 4.200000 -2.302585 -2.659260 -2.302585 1.000000 0.000000 0.000000 0.000000
20.699180 8.046038 -26.116370 0.000000 0.000000 0.000000 -0.992574 -1.347065 -1.453412 4.200000 -2.302585 -2.659260 -2.302585 1.000000 0.000000 0.000000 0.000000
14.904496 8.680646 -24.425929 0.000000 0.000000 0.000000 -0.992574 -1.347065 -1.453412 4.200000 -2.302585 -2.659260 -2.302585 1.000000 0.000000 0.000000 0.000000
19.413749 8.370207 -30.412934 0.000000 0.000000 0.000000 -0.992574 -1.347065 -1.453412 4.200000 -2.302585 -2.659260 -2.302585 1.000000 0.000000 0.000000 0.000000
13.283553 8.272356 -31.693187 0.000000 0.000000 0.000000 -0.992574 -1.347065 -1.453412 4.200000 -2.302585 -2.659260 -2.302585 1.000000 0.000000 0.000000 0.000000
18.546431 8.555210 -29.283694 0.000000 0.000000 0.000000 -0.992574 -1.347065 -1.453412 4.200000 -2.302585 -2.659260 -2.302585 1.000000 0.000000 0.000000 0.000000
14.016181 8.467949 -25.468360 0.000000 0.000000 0.000000 -0.992574 -1.347065 -1.453412 4.200000 -2.302585 -2.659260 -2.302585 1.000000 0.000000 0.000000 0.000000
21.182069 7.929998 -29.168487 0.000000 0.000000 0.000000 -0.992574 -1.347065 -1.453412 4.200000 -2.302585 -2.659260 -2.302585 1.000000 0.000000 0.000000 0.000000
20.813618 8.045901 -24.258601 0.000000 0.000000 0.000000 -0.992574 -1.347065 -1.453412 4.200000 -2.302585 -2.659260 -2.302585 1.000000 0.000000 0.000000 0.000000
20.068933 8.216558 -21.747861 0.000000 0.000000 0.000000 -0.992574 -1.347065 -1.453412 4.200000 -2.302585 -2.659260 -2.302585 1.000000 0.000000 0.000000 0.000000
11.743438 7.935582 -27.983008 0.000000 0.000000 0.000000 -0.992574 -1.347065 -1.453412 4.200000 -2.302585 -2.659260 -2.302585 1.000000 0.000000 0.000000 0.000000
14.498458 8.573479 -26.282518 0.000000 0.000000 0.000000 -0.992574 -1.347065 -1.453412 4.200000 -2.302585 -2.659260 -2.302585 1.000000 0.000000 0.000000 0.000000
17.564087 8.804532 -30.217750 0.000000 0.000000 0.000000 -0.992574 -1.347065 -1.453412 4.200000 -2.302585 -2.659260 -2.302585 1.000000 0.000000 0.000000 0.000000
12.993446 8.230133 -29.832744 0.000000 0.000000 0.000000 -0.992574 -1.347065 -1.453412 4.200000 -2.302585 -2.659260 -2.302585 1.000000 0.000000 0.000000 0.000000
12.933193 8.225616 -27.709300 0.000000 0.000000 0.000000 -0.992574 -1.347065 -1.453412 4.200000 -2.302585 -2.659260 -2.302585 1.000000 0.000000 0.000000 0.000000
11.788553 7.923871 -28.084012 0.000000 0.000000 0.000000 -0.992574 -1.347065 -1.453412 4.200000 -2.302585 -2.659260 -2.302585 1.000000 0.000000 0.000000 0.000000
11.605215 7.888113 -28.392814 0.000000 0.000000 0.000000 -0.992574 -1.347065 -1.453412 4.200000 -2.302585 -2.659260 -2.302585 1.000000 0.000000 0.000000 0.000000
13.544374 8.366572 -31.949524 0.000000 0.000000 0.000000 -0.992574 -1.347065 -1.453412 4.200000 -2.302585 -2.659260 -2.302585 1.000000 0.000000 0.000000 0.000000
17.111017 8.882054 -26.678274 0.000000 0.000000 0.000000 -0.992574 -1.347065 -1.453412 4.200000 -2.302585 -2.659260 -2.302585 1.000000 0.000000 0.000000 0.000000
15.366542 8.783397 -25.387210 0.000000 0.000000 0.000000 -0.992574 -1.347065 -1.453412 4.200000 -2.302585 -2.659260 -2.302585 1.000000 0.000000 0.000000 0.000000
21.604845 7.834687 -31.776067 0.000000 0.000000 0.000000 -0.992574 -1.347065 -1.453412 4.200000 -2.302585 -2.659260 -2.302585 1.000000 0.000000 0.000000 0.000000
10.971651 7.747280 -26.420353 0.000000 0.000000 0.000000 -0.992574 -1.347065 -1.453412 4.200000 -2.302585 -2.659260 -2.302585 1.000000 0.000000 0.000000 0.000000
18.456956 8.593950 -24.371654 0.000000 0.000000 0.000000 -0.992574 -1.347065 -1.453412 4.200000 -2.302585 -2.659260 -2.302585 1.000000 0.000000 0.000000 0.000000
11.991122 1.918895 -29.123075 0.000000 0.000000 0.000000 -1.488861 -0.496287 -0.070898 4.800000 -2.813411 -2.525729 -2.813411 1.000000 0.000000 0.000000 0.000000
11.991122 1.935882 -29.058758 0.000000 0.000000 0.000000 -1.488861 -0.496287 -0.070898 4.800000 -2.813411 -2.525729 -2.813411 1.000000 0.000000 0.000000 0.000000
11.991122 1.595013 -28.981834 0.000000 0.000000 0.000000 -1.488861 -0.496287 -0.070898 4.800000 -2.813411 -2.525729 -2.813411 1.000000 0.000000 0.000000 0.000000
11.991122 1.833604 -28.924888 0.000000 0.000000 0.000000 -1.488861 -0.496287 -0.070898 4.800000 -2.813411 -2.525729 -2.813411 1.000000 0.000000 0.000000 0.000000
11.991122 2.036016 -26.451785 0.000000 0.000000 0.000000 -1.488861 -0.496287 -0.070898 4.800000 -2.813411 -2.525729 -2.813411 1.000000 0.000000 0.000000 0.000000
11.991122 1.722754 -26.638333 0.000000 0.000000 0.000000 -1.488861 -0.496287 -0.070898 4.800000 -2.813411 -2.525729 -2.813411 1.000000 0.000000 0.000000 0.000000
11.991122 1.337572 -27.313228 0.000000 0.000000 0.000000 -1.488861 -0.496287 -0.070898 4.800000 -2.813411 -2.525729 -2.813411 1.000000 0.000000 0.000000 0.000000
11.991122 1.508195 -26.978065 0.000000 0.000000 0.000000 -1.488861 -0.496287 -0.070898 4.800000 -2.813411 -2.525729 -2.813411 1.000000 0.000000 0.000000 0.000000
11.991122 2.073752 -24.566046 0.000000 0.000000 0.000000 -1.488861 -0.496287 -0.070898 4.800000 -2.813411 -2.525729 -2.813411 1.000000 0.000000 0.000000 0.000000
11.991122 1.347127 -24.913059 0.000000 0.000000 0.000000 -1.488861 -0.496287 -0.070898 4.800000 -2.813411 -2.525729 -2.813411 1.000000 0.000000 0.000000 0.000000
11.991122 1.411552 -24.820001 0.000000 0.000000 0.000000 -1.488861 -0.496287 -0.070898 4.800000 -2.813411 -2.525729 -2.813411 1.000000 0.000000 0.000000 0.000000
11.991122 1.681511 -24.414374 0.000000 0.000000 0.000000 -1.488861 -0.496287 -0.070898 4.800000 -2.813411 -2.525729 -2.813411 1.000000 0.000000 0.000000 0.000000
11.991122 3.661895 -29.123493 0.000000 0.000000 0.000000 -1.488861 -0.496287 -0.070898 4.800000 -2.813411 -2.525729 -2.813411 1.000000 0.000000 0.000000 0.000000
11.991122 3.630487 -29.066410 0.000000 0.000000 0.000000 -1.488861 -0.496287 -0.070898 4.800000 -2.813411 -2.525729 -2.813411 1.000000 0.000000 0.000000 0.000000
11.991122 3.616613 -29.371475 0.000000 0.000000 0.000000 -1.488861 -0.496287 -0.070898 4.800000 -2.813411 -2.525729 -2.813411 1.000000 0.000000 0.000000 0.000000
11.991122 3.762779 -29.485239 0.000000 0.000000 0.000000 -1.488861 -0.496287 -0.070898 4.800000 -2.813411 -2.525729 -2.813411 1.000000 0.000000 0.000000 0.000000
11.991122 3.937157 -27.453318 0.000000 0.000000 0.000000 -1.488861 -0.496287 -0.070898 4.800000 -2.813411 -2.525729 -2.813411 1.000000 0.000000 0.000000 0.000000
11.991122 3.948285 -27.125792 0.000000 0.000000 0.000000 -1.488861 -0.496287 -0.070898 4.800000 -2.813411 -2.525729 -2.813411 1.000000 0.000000 0.000000 0.000000
11.991122 3.664417 -26.574887 0.000000 0.000000 0.000000 -1.488861 -0.496287 -0.070898 4.800000 -2.813411 -2.525729 -2.813411 1.000000 0.000000 0.000000 0.000000
11.991122 3.921576 -26.887929 0.000000 0.000000 0.000000 -1.488861 -0.496287 -0.070898 4.800000 -2.813411 -2.525729 -2.813411 1.000000 0.000000 0.000000 0.000000
11.991122 3.987666 -24.946787 0.000000 0.000000 0.000000 -1.488861 -0.496287 -0.070898 4.800000 -2.813411 -2.525729 -2.813411 1.000000 0.000000 0.000000 0.000000
11.991122 3.821345 -24.345080 0.000000 0.000000 0.000000 -1.488861 -0.496287 -0.070898 4.800000 -2.813411 -2.525729 -2.813411 1.000000 0.000000 0.000000 0.000000
11.991122 3.637740 -24.740930 0.000000 0.000000 0.000000 -1.488861 -0.496287 -0.070898 4.800000 -2.813411 -2.525729 -2.813411 1.000000 0.000000 0.000000 0.000000
11.991122 3.788979 -24.917237 0.000000 0.000000 0.000000 -1.488861 -0.496287 -0.070898 4.800000 -2.813411 -2.525729 -2.813411 1.000000 0.000000 0.000000 0.000000
20.062361 0.531235 -19.940263 0.000000 0.000000 0.000000 0.616928 -0.115509 -0.776995 4.200000 -2.207275 -2.207275 -2.900422 1.000000 0.000000 0.000000 0.000000
12.397415 4.419358 -13.744039 0.000000 0.000000 0.000000 0.531604 -0.068705 -0.569444 4.200000 -2.900422 -2.207275 -2.900422 1.000000 0.000000 0.000000 0.000000
12.397415 1.916224 -17.243475 0.000000 0.000000 0.000000 0.627664 -0.051476 -0.637627 4.200000 -2.900422 -2.207275 -2.900422 1.000000 0.000000 0.000000 0.000000
16.988377 4.521034 -19.940263 0.000000 0.000000 0.000000 0.544964 0.010443 -0.643931 4.200000 -2.207275 -2.207275 -2.900422 1.000000 0.000000 0.000000 0.000000
14.281701 6.598635 -15.989243 0.000000 0.000000 0.000000 0.479927 -0.008609 -0.687683 4.200000 -2.207275 -2.900422 -2.207275 1.000000 0.000000 0.000000 0.000000
15.396100 0.000000 -14.239031 0.000000 0.000000 0.000000 0.673523 0.000934 -0.749143 4.200000 -2.207275 -2.900422 -2.207275 1.000000 0.000000 0.000000 0.000000
15.127400 0.000000 -19.169805 0.000000 0.000000 0.000000 0.419363 0.045132 -0.648804 4.200000 -2.207275 -2.900422 -2.207275 1.000000 0.000000 0.000000 0.000000
12.397415 4.933857 -16.674436 0.000000 0.000000 0.000000 0.638032 -0.157320 -0.794238 4.200000 -2.900422 -2.207275 -2.900422 1.000000 0.000000 0.000000 0.000000
20.482517 5.311331 -11.603464 0.000000 0.000000 0.000000 0.411988 0.009154 -0.702987 4.200000 -2.900422 -2.207275 -2.900422 1.000000 0.000000 0.000000 0.000000
19.074087 6.598635 -13.609102 0.000000 0.000000 0.000000 0.496035 -0.062673 -0.748032 4.200000 -2.207275 -2.900422 -2.207275 1.000000 0.000000 0.000000 0.000000
14.957450 3.650782 -10.059737 0.000000 0.000000 0.000000 0.611715 -0.008780 -0.541194 4.200000 -2.207275 -2.207275 -2.900422 1.000000 0.000000 0.000000 0.000000
13.647400 0.000000 -13.525895 0.000000 0.000000 0.000000 0.595077 -0.001054 -0.573750 4.200000 -2.207275 -2.900422 -2.207275 1.000000 0.000000 0.000000 0.000000
12.680489 0.199049 -19.940263 0.000000 0.000000 0.000000 0.396010 -0.124642 -0.580171 4.200000 -2.207275 -2.207275 -2.900422 1.000000 0.000000 0.000000 0.000000
18.115720 0.000000 -19.283487 0.000000 0.000000 0.000000 0.598751 -0.174276 -0.599123 4.200000 -2.207275 -2.900422 -2.207275 1.000000 0.000000 0.000000 0.000000
20.482517 3.927014 -12.020589 0.000000 0.000000 0.000000 0.526438 -0.141433 -0.577052 4.200000 -2.900422 -2.207275 -2.900422 1.000000 0.000000 0.000000 0.000000
18.891149 6.598635 -12.533343 0.000000 0.000000 0.000000 0.529773 -0.067653 -0.586140 4.200000 -2.207275 -2.900422 -2.207275 1.000000 0.000000 0.000000 0.000000
14.758536 3.068549 -10.059737 0.000000 0.000000 0.000000 0.463645 -0.132554 -0.533346 4.200000 -2.207275 -2.207275 -2.900422 1.000000 0.000000 0.000000 0.000000
17.514248 0.000000 -14.572842 0.000000 0.000000 0.000000 0.464115 -0.069209 -0.563192 4.200000 -2.207275 -2.900422 -2.207275 1.000000 0.000000 0.000000 0.000000
17.459253 1.514256 -10.059737 0.000000 0.000000 0.000000 0.508500 -0.070895 -0.657358 4.200000 -2.207275 -2.207275 -2.900422 1.000000 0.000000 0.000000 0.000000
15.807151 6.426820 -19.940263 0.000000 0.000000 0.000000 0.526275 -0.130392 -0.662474 4.200000 -2.207275 -2.207275 -2.900422 1.000000 0.000000 0.000000 0.000000
17.866698 1.633248 -19.940263 0.000000 0.000000 0.000000 0.414082 -0.078886 -0.629009 4.200000 -2.207275 -2.207275 -2.900422 1.000000 0.000000 0.000000 0.000000
16.424241 0.000000 -16.680934 0.000000 0.000000 0.000000 0.498512 -0.087056 -0.557996 4.200000 -2.207275 -2.900422 -2.207275 1.000000 0.000000 0.000000 0.000000
18.496350 6.598635 -18.831087 0.000000 0.000000 0.000000 0.530177 -0.145607 -0.621887 4.200000 -2.207275 -2.900422 -2.207275 1.000000 0.000000 0.000000 0.000000
16.209069 0.481891 -10.059737 0.000000 0.000000 0.000000 0.534086 0.036059 -0.538616 4.200000 -2.207275 -2.207275 -2.900422 1.000000 0.000000 0.000000 0.000000
12.397415 0.662259 -18.415257 0.000000 0.000000 0.000000 0.511531 0.080711 -0.567258 4.200000 -2.900422 -2.207275 -2.900422 1.000000 0.000000 0.000000 0.000000
12.397415 5.907980 -11.100000 0.000000 0.000000 0.000000 0.557630 0.054952 -0.694749 4.200000 -2.900422 -2.207275 -2.900422 1.000000 0.000000 0.000000 0.000000
12.397415 0.103963 -19.469667 0.000000 0.000000 0.000000 0.427438 0.024936 -0.775068 4.200000 -2.900422 -2.207275 -2.900422 1.000000 0.000000 0.000000 0.000000
17.888039 5.904026 -10.059737 0.000000 0.000000 0.000000 0.529012 0.034887 -0.753853 4.200000 -2.207275 -2.207275 -2.900422 1.000000 0.000000 0.000000 0.000000
19.479339 0.000000 -13.322074 0.000000 0.000000 0.000000 0.429313 0.099538 -0.598701 4.200000 -2.207275 -2.900422 -2.207275 1.000000 0.000000 0.000000 0.000000
13.248642 1.127906 -10.059737 0.000000 0.000000 0.000000 0.660322 0.033973 -0.734763 4.200000 -2.207275 -2.207275 -2.900422 1.000000 0.000000 0.000000 0.000000
20.482517 3.488376 -11.006033 0.000000 0.000000 0.000000 0.646659 -0.060282 -0.727540 4.200000 -2.900422 -2.207275 -2.900422 1.000000 0.000000 0.000000 0.000000
20.482517 0.583711 -18.317199 0.000000 0.000000 0.000000 0.663857 -0.113602 -0.603265 4.200000 -2.900422 -2.207275 -2.900422 1.000000 0.000000 0.000000 0.000000
12.397415 4.765915 -18.125029 0.000000 0.000000 0.000000 0.582100 0.060825 -0.607680 4.200000 -2.900422 -2.207275 -2.900422 1.000000 0.000000 0.000000 0.000000
20.482517 4.554075 -17.661514 0.000000 0.000000 0.000000 0.466701 0.098455 -0.611581 4.200000 -2.900422 -2.207275 -2.900422 1.000000 0.000000 0.000000 0.000000
15.335047 6.598635 -18.545335 0.000000 0.000000 0.000000 0.649628 0.049662 -0.562942 4.200000 -2.207275 -2.900422 -2.207275 1.000000 0.000000 0.000000 0.000000
20.283208 2.168693 -19.940263 0.000000 0.000000 0.000000 0.572118 -0.051711 -0.534317 4.200000 -2.207275 -2.207275 -2.900422 1.000000 0.000000 0.000000 0.000000
20.220339 2.754299 -10.059737 0.000000 0.000000 0.000000 0.398808 0.093288 -0.662519 4.200000 -2.207275 -2.207275 -2.900422 1.000000 0.000000 0.000000 0.000000
18.727502 4.676449 -10.059737 0.000000 0.000000 0.000000 0.524437 -0.141051 -0.671334 4.200000 -2.207275 -2.207275 -2.900422 1.000000 0.000000 0.000000 0.000000
20.482517 6.239614 -12.975355 0.000000 0.000000 0.000000 0.541389 -0.011073 -0.694663 4.200000 -2.900422 -2.207275 -2.900422 1.000000 0.000000 0.000000 0.000000
15.395888 6.598635 -15.838599 0.000000 0.000000 0.000000 0.429056 -0.090122 -0.646011 4.200000 -2.207275 -2.900422 -2.207275 1.000000 0.000000 0.000000 0.000000
15.804034 6.519015 -19.940263 0.000000 0.000000 0.000000 0.542817 -0.138324 -0.745174 4.200000 -2.207275 -2.207275 -2.900422 1.000000 0.000000 0.000000 0.000000
14.196471 1.929831 -19.940263 0.000000 0.000000 0.000000 0.431073 -0.027355 -0.789938 4.200000 -2.207275 -2.207275 -2.900422 1.000000 0.000000 0.000000 0.000000
12.581500 0.000000 -18.061358 0.000000 0.000000 0.000000 0.435364 -0.165216 -0.562431 4.200000 -2.207275 -2.900422 -2.207275 1.000000 0.000000 0.000000 0.000000
15.404274 3.675709 -10.059737 0.000000 0.000000 0.000000 0.570453 -0.057300 -0.619781 4.200000 -2.207275 -2.207275 -2.900422 1.000000 0.000000 0.000000 0.000000
16.430744 6.598635 -11.403265 0.000000 0.000000 0.000000 0.581710 -0.140453 -0.548490 4.200000 -2.207275 -2.900422 -2.207275 1.000000 0.000000 0.000000 0.000000
16.762042 6.598635 -18.801999 0.000000 0.000000 0.000000 0.513205 0.058546 -0.570115 4.200000 -2.207275 -2.900422 -2.207275 1.000000 0.000000 0.000000 0.000000
18.790791 0.000000 -10.302511 0.000000 0.000000 0.000000 0.618433 0.079642 -0.560130 4.200000 -2.207275 -2.900422 -2.207275 1.000000 0.000000 0.000000 0.000000
14.441098 4.078029 -10.059737 0.000000 0.000000 0.000000 0.480608 -0.153855 -0.630421 4.200000 -2.207275 -2.207275 -2.900422 1.000000 0.000000 0.000000 0.000000
13.215724 0.000000 -19.595357 0.000000 0.000000 0.000000 0.412831 0.011950 -0.647757 4.200000 -2.207275 -2.900422 -2.207275 1.000000 0.000000 0.000000 0.000000
15.211430 2.067579 -19.940263 0.000000 0.000000 0.000000 0.404600 -0.110782 -0.797756 4.200000 -2.207275 -2.207275 -2.900422 1.000000 0.000000 0.000000 0.000000
14.332003 1.789209 -10.059737 0.000000 0.000000 0.000000 0.512937 -0.021075 -0.799206 4.200000 -2.207275 -2.207275 -2.900422 1.000000 0.000000 0.000000 0.000000
18.261489 1.255964 -10.059737 0.000000 0.000000 0.000000 0.625471 0.020471 -0.787614 4.200000 -2.207275 -2.207275 -2.900422 1.000000 0.000000 0.000000 0.000000
20.458552 0.000000 -15.708996 0.000000 0.000000 0.000000 0.440744 -0.131766 -0.786851 4.200000 -2.207275 -2.900422 -2.207275 1.000000 0.000000 0.000000 0.000000
20.482517 6.411000 -16.393792 0.000000 0.000000 0.000000 0.617763 0.077591 -0.669358 4.200000 -2.900422 -2.207275 -2.900422 1.000000 0.000000 0.000000 0.000000
18.564186 0.000000 -10.529502 0.000000 0.000000 0.000000 0.669376 0.099115 -0.709471 4.200000 -2.207275 -2.900422 -2.207275 1.000000 0.000000 0.000000 0.000000
17.000914 6.598635 -13.233120 0.000000 0.000000 0.000000 0.606205 -0.146232 -0.744260 4.200000 -2.207275 -2.900422 -2.207275 1.000000 0.000000 0.000000 0.000000
15.653635 5.886063 -19.940263 0.000000 0.000000 0.000000 0.459272 -0.153895 -0.602071 4.200000 -2.207275 -2.207275 -2.900422 1.000000 0.000000 0.000000 0.000000
19.187540 2.329385 -10.059737 0.000000 0.000000 0.000000 0.653261 -0.033276 -0.532766 4.200000 -2.207275 -2.207275 -2.900422 1.000000 0.000000 0.000000 0.000000
18.583628 5.447968 -19.940263 0.000000 0.000000 0.000000 0.535124 -0.039623 -0.709769 4.200000 -2.207275 -2.207275 -2.900422 1.000000 0.000000 0.000000 0.000000
20.482517 4.938898 -12.727555 0.000000 0.000000 0.000000 0.475353 -0.029683 -0.800184 4.200000 -2.900422 -2.207275 -2.900422 1.000000 0.000000 0.000000 0.000000
12.742508 5.072914 -10.059737 0.000000 0.000000 0.000000 0.442222 0.082550 -0.570588 4.200000 -2.207275 -2.207275 -2.900422 1.000000 0.000000 0.000000 0.000000
20.238610 6.598635 -12.912261 0.000000 0.000000 0.000000 0.406910 -0.034385 -0.554056 4.200000 -2.207275 -2.900422 -2.207275 1.000000 0.000000 0.000000 0.000000
18.246717 6.598635 -14.693567 0.000000 0.000000 0.000000 0.651433 0.041703 -0.752350 4.200000 -2.207275 -2.900422 -2.207275 1.000000 0.000000 0.000000 0.000000
17.567716 0.000000 -11.680720 0.000000 0.000000 0.000000 0.607895 -0.029093 -0.661740 4.200000 -2.207275 -2.900422 -2.207275 1.000000 0.000000 0.000000 0.000000
13.238243 0.000000 -14.735301 0.000000 0.000000 0.000000 0.404652 -0.089825 -0.748633 4.200000 -2.207275 -2.900422 -2.207275 1.000000 0.000000 0.000000 0.000000
19.663383 0.000000 -14.463204 0.000000 0.000000 0.000000 0.481476 0.033726 -0.754995 4.200000 -2.207275 -2.900422 -2.207275 1.000000 0.000000 0.000000 0.000000
15.846512 0.306359 -19.940263 0.000000 0.000000 0.000000 0.658851 -0.064303 -0.687090 4.200000 -2.207275 -2.207275 -2.900422 1.000000 0.000000 0.000000 0.000000
19.476760 6.533165 -19.940263 0.000000 0.000000 0.000000 0.669977 -0.017801 -0.628336 4.200000 -2.207275 -2.207275 -2.900422 1.000000 0.000000 0.000000 0.000000
20.455499 0.000000 -18.167207 0.000000 0.000000 0.000000 0.447352 -0.130417 -0.585359 4.200000 -2.207275 -2.900422 -2.207275 1.000000 0.000000 0.000000 0.000000
13.922455 2.536789 -10.059737 0.000000 0.000000 0.000000 0.617471 0.087664 -0.701257 4.200000 -2.207275 -2.207275 -2.900422 1.000000 0.000000 0.000000 0.000000
18.777747 0.000000 -16.878272 0.000000 0.000000 0.000000 0.575885 0.088142 -0.543412 4.200000 -2.207275 -2.900422 -2.207275 1.000000 0.000000 0.000000 0.000000
20.482517 3.730505 -15.077143 0.000000 0.000000 0.000000 0.466361 0.080907 -0.668056 4.200000 -2.900422 -2.207275 -2.900422 1.000000 0.000000 0.000000 0.000000
16.555114 0.000000 -10.970808 0.000000 0.000000 0.000000 0.528980 0.013267 -0.560605 4.200000 -2.207275 -2.900422 -2.207275 1.000000 0.000000 0.000000 0.000000
12.397415 2.628166 -14.375055 0.000000 0.000000 0.000000 0.624244 0.088951 -0.569893 4.200000 -2.900422 -2.207275 -2.900422 1.000000 0.000000 0.000000 0.000000
20.480853 0.446692 -19.940263 0.000000 0.000000 0.000000 0.482683 0.040398 -0.750309 4.200000 -2.207275 -2.207275 -2.900422 1.000000 0.000000 0.000000 0.000000
20.407801 0.000000 -13.234603 0.000000 0.000000 0.000000 0.576841 -0.153092 -0.597638 4.200000 -2.207275 -2.900422 -2.207275 1.000000 0.000000 0.000000 0.000000
12.397415 0.202515 -12.853216 0.000000 0.000000 0.000000 0.575033 -0.052449 -0.737145 4.200000 -2.900422 -2.207275 -2.900422 1.000000 0.000000 0.000000 0.000000
17.969066 0.000000 -16.408046 0.000000 0.000000 0.000000 0.573645 -0.142852 -0.668492 4.200000 -2.207275 -2.900422 -2.207275 1.000000 0.000000 0.000000 0.000000
12.397415 3.578003 -10.707900 0.000000 0.000000 0.000000 0.437121 -0.028084 -0.706038 4.200000 -2.900422 -2.207275 -2.900422 1.000000 0.000000 0.000000 0.000000
15.964138 0.759526 -10.059737 0.000000 0.000000 0.000000 0.452377 0.083968 -0.686615 4.200000 -2.207275 -2.207275 -2.900422 1.000000 0.000000 0.000000 0.000000
12.903938 3.639758 -10.059737 0.000000 0.000000 0.000000 0.483592 -0.144853 -0.699032 4.200000 -2.207275 -2.207275 -2.900422 1.000000 0.000000 0.000000 0.000000
12.397415 4.047423 -14.557734 0.000000 0.000000 0.000000 0.611477 -0.038394 -0.700610 4.200000 -2.900422 -2.207275 -2.900422 1.000000 0.000000 0.000000 0.000000
20.482517 0.059429 -11.903580 0.000000 0.000000 0.000000 0.506040 -0.154242 -0.670832 4.200000 -2.900422 -2.207275 -2.900422 1.000000 0.000000 0.000000 0.000000
19.369715 0.000000 -16.801160 0.000000 0.000000 0.000000 0.621927 0.043683 -0.725770 4.200000 -2.207275 -2.900422 -2.207275 1.000000 0.000000 0.000000 0.000000
16.224406 7.859817 -17.852915 0.000000 0.000000 0.000000 -0.992574 -1.347065 -1.453412 4.200000 -2.302585 -2.659260 -2.302585 1.000000 0.000000 0.000000 0.000000
12.288915 6.841504 -13.651792 0.000000 0.000000 0.000000 -0.992574 -1.347065 -1.453412 4.200000 -2.302585 -2.659260 -2.302585 1.000000 0.000000 0.000000 0.000000
19.933272 7.008748 -10.141340 0.000000 0.000000 0.000000 -0.992574 -1.347065 -1.453412 4.200000 -2.302585 -2.659260 -2.302585 1.000000 0.000000 0.000000 0.000000
15.410163 7.642610 -13.526192 0.000000 0.000000 0.000000 -0.992574 -1.347065 -1.453412 4.200000 -2.302585 -2.659260 -2.302585 1.000000 0.000000 0.000000 0.000000
21.424180 6.626323 -19.460100 0.000000 0.000000 0.000000 -0.992574 -1.347065 -1.453412 4.200000 -2.302585 -2.659260 -2.302585 1.000000 0.000000 0.000000 0.000000
15.508550 7.664350 -16.528824 0.000000 0.000000 0.000000 -0.992574 -1.347065 -1.453412 4.200000 -2.302585 -2.659260 -2.302585 1.000000 0.000000 0.000000 0.000000
19.554763 7.085400 -12.050257 0.000000 0.000000 0.000000 -0.992574 -1.347065 -1.453412 4.200000 -2.302585 -2.659260 -2.302585 1.000000 0.000000 0.000000 0.000000
17.354819 7.667683 -13.472859 0.000000 0.000000 0.000000 -0.992574 -1.347065 -1.453412 4.200000 -2.302585 -2.659260 -2.302585 1.000000 0.000000 0.000000 0.000000
17.502859 7.644221 -12.934101 0.000000 0.000000 0.000000 -0.992574 -1.347065 -1.453412 4.200000 -2.302585 -2.659260 -2.302585 1.000000 0.000000 0.000000 0.000000
17.788799 7.558728 -18.875362 0.000000 0.000000 0.000000 -0.992574 -1.347065 -1.453412 4.200000 -2.302585 -2.659260 -2.302585 1.000000 0.000000 0.000000 0.000000
13.654526 7.178973 -16.895223 0.000000 0.000000 0.000000 -0.992574 -1.347065 -1.453412 4.200000 -2.302585 -2.659260 -2.302585 1.000000 0.000000 0.000000 0.000000
11.588257 6.635383 -9.876820 0.000000 0.000000 0.000000 -0.992574 -1.347065 -1.453412 4.200000 -2.302585 -2.659260 -2.302585 1.000000 0.000000 0.000000 0.000000
15.406399 7.626023 -13.610499 0.000000 0.000000 0.000000 -0.992574 -1.347065 -1.453412 4.200000 -2.302585 -2.659260 -2.302585 1.000000 0.000000 0.000000 0.000000
20.840547 6.764383 -19.169507 0.000000 0.000000 0.000000 -0.992574 -1.347065 -1.453412 4.200000 -2.302585 -2.659260 -2.302585 1.000000 0.000000 0.000000 0.000000
17.741706 7.576093 -11.397168 0.000000 0.000000 0.000000 -0.992574 -1.347065 -1.453412 4.200000 -2.302585 -2.659260 -2.302585 1.000000 0.000000 0.000000 0.000000
13.840135 7.240707 -17.217786 0.000000 0.000000 0.000000 -0.992574 -1.347065 -1.453412 4.200000 -2.302585 -2.659260 -2.302585 1.000000 0.000000 0.000000 0.000000
13.737652 7.184595 -19.459593 0.000000 0.000000 0.000000 -0.992574 -1.347065 -1.453412 4.200000 -2.302585 -2.659260 -2.302585 1.000000 0.000000 0.000000 0.000000
21.349160 6.630243 -11.546855 0.000000 0.000000 0.000000 -0.992574 -1.347065 -1.453412 4.200000 -2.302585 -2.659260 -2.302585 1.000000 0.000000 0.000000 0.000000
14.624467 7.431915 -19.478962 0.000000 0.000000 0.000000 -0.992574 -1.347065 -1.453412 4.200000 -2.302585 -2.659260 -2.302585 1.000000 0.000000 0.000000 0.000000
14.239889 7.335668 -13.693126 0.000000 0.000000 0.000000 -0.992574 -1.347065 -1.453412 4.200000 -2.302585 -2.659260 -2.302585 1.000000 0.000000 0.000000 0.000000
12.042944 6.758738 -17.057226 0.000000 0.000000 0.000000 -0.992574 -1.347065 -1.453412 4.200000 -2.302585 -2.659260 -2.302585 1.000000 0.000000 0.000000 0.000000
20.014273 6.968365 -20.098408 0.000000 0.000000 0.000000 -0.992574 -1.347065 -1.453412 4.200000 -2.302585 -2.659260 -2.302585 1.000000 0.000000 0.000000 0.000000
19.275318 7.184437 -19.829504 0.000000 0.000000 0.000000 -0.992574 -1.347065 -1.453412 4.200000 -2.302585 -2.659260 -2.302585 1.000000 0.000000 0.000000 0.000000
19.874148 7.009878 -15.461501 0.000000 0.000000 0.000000 -0.992574 -1.347065 -1.453412 4.200000 -2.302585 -2.659260 -2.302585 1.000000 0.000000 0.000000 0.000000
19.355383 7.154613 -14.708106 0.000000 0.000000 0.000000 -0.992574 -1.347065 -1.453412 4.200000 -2.302585 -2.659260 -2.302585 1.000000 0.000000 0.000000 0.000000
19.929440 7.018755 -10.045283 0.000000 0.000000 0.000000 -0.992574 -1.347065 -1.453412 4.200000 -2.302585 -2.659260 -2.302585 1.000000 0.000000 0.000000 0.000000
18.388867 7.381270 -12.853396 0.000000 0.000000 0.000000 -0.992574 -1.347065 -1.453412 4.200000 -2.302585 -2.659260 -2.302585 1.000000 0.000000 0.000000 0.000000
17.440380 7.630890 -11.771187 0.000000 0.000000 0.000000 -0.992574 -1.347065 -1.453412 4.200000 -2.302585 -2.659260 -2.302585 1.000000 0.000000 0.000000 0.000000
13.926885 7.242934 -13.374209 0.000000 0.000000 0.000000 -0.992574 -1.347065 -1.453412 4.200000 -2.302585 -2.659260 -2.302585 1.000000 0.000000 0.000000 0.000000
17.284641 7.688652 -19.932428 0.000000 0.000000 0.000000 -0.992574 -1.347065 -1.453412 4.200000 -2.302585 -2.659260 -2.302585 1.000000 0.000000 0.000000 0.000000
13.885787 7.223450 -10.813254 0.000000 0.000000 0.000000 -0.992574 -1.347065 -1.453412 4.200000 -2.302585 -2.659260 -2.302585 1.000000 0.000000 0.000000 0.000000
15.016033 7.536045 -10.313692 0.000000 0.000000 0.000000 -0.992574 -1.347065 -1.453412 4.200000 -2.302585 -2.659260 -2.302585 1.000000 0.000000 0.000000 0.000000
17.557594 7.594319 -13.983217 0.000000 0.000000 0.000000 -0.992574 -1.347065 -1.453412 4.200000 -2.302585 -2.659260 -2.302585 1.000000 0.000000 0.000000 0.000000
15.891191 7.769255 -16.239720 0.000000 0.000000 0.000000 -0.992574 -1.347065 -1.453412 4.200000 -2.302585 -2.659260 -2.302585 1.000000 0.000000 0.000000 0.000000
18.615734 7.329482 -11.374420 0.000000 0.000000 0.000000 -0.992574 -1.347065 -1.453412 4.200000 -2.302585 -2.659260 -2.302585 1.000000 0.000000 0.000000 0.000000
15.219098 7.581433 -17.463235 0.000000 0.000000 0.000000 -0.992574 -1.347065 -1.453412 4.200000 -2.302585 -2.659260 -2.302585 1.000000 0.000000 0.000000 0.000000
13.708628 7.192689 -12.534485 0.000000 0.000000 0.000000 -0.992574 -1.347065 -1.453412 4.200000 -2.302585 -2.659260 -2.302585 1.000000 0.000000 0.000000 0.000000
16.349553 7.872624 -19.609272 0.000000 0.000000 0.000000 -0.992574 -1.347065 -1.453412 4.200000 -2.302585 -2.659260 -2.302585 1.000000 0.000000 0.000000 0.000000
12.347415 1.880480 -17.739135 0.000000 0.000000 0.000000 -1.488861 -0.496287 -0.070898 4.800000 -2.813411 -2.525729 -2.813411 1.000000 0.000000 0.000000 0.000000
12.347415 1.768282 -17.388281 0.000000 0.000000 0.000000 -1.488861 -0.496287 -0.070898 4.800000 -2.813411 -2.525729 -2.813411 1.000000 0.000000 0.000000 0.000000
12.347415 1.911174 -17.146881 0.000000 0.000000 0.000000 -1.488861 -0.496287 -0.070898 4.800000 -2.813411 -2.525729 -2.813411 1.000000 0.000000 0.000000 0.000000
12.347415 1.625017 -17.493922 0.000000 0.000000 0.000000 -1.488861 -0.496287 -0.070898 4.800000 -2.813411 -2.525729 -2.813411 1.000000 0.000000 0.000000 0.000000
12.347415 1.585879 -14.480917 0.000000 0.000000 0.000000 -1.488861 -0.496287 -0.070898 4.800000 -2.813411 -2.525729 -2.813411 1.000000 0.000000 0.000000 0.000000
12.347415 2.031478 -15.518074 0.000000 0.000000 0.000000 -1.488861 -0.496287 -0.070898 4.800000 -2.813411 -2.525729 -2.813411 1.000000 0.000000 0.000000 0.000000
12.347415 1.886152 -15.203605 0.000000 0.000000 0.000000 -1.488861 -0.496287 -0.070898 4.800000 -2.813411 -2.525729 -2.813411 1.000000 0.000000 0.000000 0.000000
12.347415 1.590623 -14.602883 0.000000 0.000000 0.000000 -1.488861 -0.496287 -0.070898 4.800000 -2.813411 -2.525729 -2.813411 1.000000 0.000000 0.000000 0.000000
12.347415 1.582673 -12.467006 0.000000 0.000000 0.000000 -1.488861 -0.496287 -0.070898 4.800000 -2.813411 -2.525729 -2.813411 1.000000 0.000000 0.000000 0.000000
12.347415 1.551254 -12.187998 0.000000 0.000000 0.000000 -1.488861 -0.496287 -0.070898 4.800000 -2.813411 -2.525729 -2.813411 1.000000 0.000000 0.000000 0.000000
12.347415 1.483751 -12.172219 0.000000 0.000000 0.000000 -1.488861 -0.496287 -0.070898 4.800000 -2.813411 -2.525729 -2.813411 1.000000 0.000000 0.000000 0.000000
12.347415 1.370654 -12.534130 0.000000 0.000000 0.000000 -1.488861 -0.496287 -0.070898 4.800000 -2.813411 -2.525729 -2.813411 1.000000 0.000000 0.000000 0.000000
12.347415 3.859889 -17.622697 0.000000 0.000000 0.000000 -1.488861 -0.496287 -0.070898 4.800000 -2.813411 -2.525729 -2.813411 1.000000 0.000000 0.000000 0.000000
12.347415 3.713635 -17.821701 0.000000 0.000000 0.000000 -1.488861 -0.496287 -0.070898 4.800000 -2.813411 -2.525729 -2.813411 1.000000 0.000000 0.000000 0.000000
12.347415 4.067728 -16.979178 0.000000 0.000000 0.000000 -1.488861 -0.496287 -0.070898 4.800000 -2.813411 -2.525729 -2.813411 1.000000 0.000000 0.000000 0.000000
12.347415 3.820423 -16.910303 0.000000 0.000000 0.000000 -1.488861 -0.496287 -0.070898 4.800000 -2.813411 -2.525729 -2.813411 1.000000 0.000000 0.000000 0.000000
12.347415 3.818581 -15.310754 0.000000 0.000000 0.000000 -1.488861 -0.496287 -0.070898 4.800000 -2.813411 -2.525729 -2.813411 1.000000 0.000000 0.000000 0.000000
12.347415 4.063696 -14.890723 0.000000 0.000000 0.000000 -1.488861 -0.496287 -0.070898 4.800000 -2.813411 -2.525729 -2.813411 1.000000 0.000000 0.000000 0.000000
12.347415 3.891711 -14.770351 0.000000 0.000000 0.000000 -1.488861 -0.496287 -0.070898 4.800000 -2.813411 -2.525729 -2.813411 1.000000 0.000000 0.000000 0.000000
12.347415 3.874170 -15.219254 0.000000 0.000000 0.000000 -1.488861 -0.496287 -0.070898 4.800000 -2.813411 -2.525729 -2.813411 1.000000 0.000000 0.000000 0.000000
12.347415 3.508298 -13.128025 0.000000 0.000000 0.000000 -1.488861 -0.496287 -0.070898 4.800000 -2.813411 -2.525729 -2.813411 1.000000 0.000000 0.000000 0.000000
12.347415 3.805705 -12.839897 0.000000 0.000000 0.000000 -1.488861 -0.496287 -0.070898 4.800000 -2.813411 -2.525729 -2.813411 1.000000 0.000000 0.000000 0.000000
12.347415 3.732827 -12.866194 0.000000 0.000000 0.000000 -1.488861 -0.496287 -0.070898 4.800000 -2.813411 -2.525729 -2.813411 1.000000 0.000000 0.000000 0.000000
12.347415 3.494670 -12.588316 0.000000 0.000000 0.000000 -1.488861 -0.496287 -0.070898 4.800000 -2.813411 -2.525729 -2.813411 1.000000 0.000000 0.000000 0.000000
12.794440 7.926234 -5.693296 0.000000 0.000000 0.000000 0.702067 0.161305 -0.513836 4.200000 -2.207275 -2.900422 -2.207275 1.000000 0.000000 0.000000 0.000000
16.615408 0.781267 1.333021 0.000000 0.000000 0.000000 0.894850 0.215745 -0.327148 4.200000 -2.207275 -2.207275 -2.900422 1.000000 0.000000 0.000000 0.000000
15.049669 3.022466 -7.333021 0.000000 0.000000 0.000000 0.770526 0.184019 -0.318504 4.200000 -2.207275 -2.207275 -2.900422 1.000000 0.000000 0.000000 0.000000
13.844436 5.317124 -7.333021 0.000000 0.000000 0.000000 0.657317 0.317248 -0.505601 4.200000 -2.207275 -2.207275 -2.900422 1.000000 0.000000 0.000000 0.000000
13.962547 7.926234 -3.827043 0.000000 0.000000 0.000000 0.731162 0.354628 -0.462442 4.200000 -2.207275 -2.900422 -2.207275 1.000000 0.000000 0.000000 0.000000
12.929337 6.981136 -7.333021 0.000000 0.000000 0.000000 0.689825 0.281966 -0.414536 4.200000 -2.207275 -2.207275 -2.900422 1.000000 0.000000 0.000000 0.000000
14.797890 0.152347 -7.333021 0.000000 0.000000 0.000000 0.843245 0.358004 -0.517881 4.200000 -2.207275 -2.207275 -2.900422 1.000000 0.000000 0.000000 0.000000
15.459702 7.926234 -6.420483 0.000000 0.000000 0.000000 0.658124 0.338054 -0.334791 4.200000 -2.207275 -2.900422 -2.207275 1.000000 0.000000 0.000000 0.000000
15.381631 7.926234 1.258447 0.000000 0.000000 0.000000 0.870761 0.187923 -0.286235 4.200000 -2.207275 -2.900422 -2.207275 1.000000 0.000000 0.000000 0.000000
19.738379 3.372790 1.332890 0.000000 0.000000 0.000000 0.879381 0.375619 -0.431719 4.200000 -2.900422 -2.207275 -2.900422 1.000000 0.000000 0.000000 0.000000
19.738379 5.332119 -0.411486 0.000000 0.000000 0.000000 0.721227 0.177863 -0.515512 4.200000 -2.900422 -2.207275 -2.900422 1.000000 0.000000 0.000000 0.000000
12.500479 5.383269 1.333021 0.000000 0.000000 0.000000 0.818969 0.224041 -0.481487 4.200000 -2.207275 -2.207275 -2.900422 1.000000 0.000000 0.000000 0.000000
11.817127 2.106790 -2.415714 0.000000 0.000000 0.000000 0.691086 0.162787 -0.346383 4.200000 -2.900422 -2.207275 -2.900422 1.000000 0.000000 0.000000 0.000000
18.182538 0.000000 0.605189 0.000000 0.000000 0.000000 0.755075 0.418557 -0.508154 4.200000 -2.207275 -2.900422 -2.207275 1.000000 0.000000 0.000000 0.000000
15.043859 7.926234 -3.901151 0.000000 0.000000 0.000000 0.823374 0.322417 -0.344189 4.200000 -2.207275 -2.900422 -2.207275 1.000000 0.000000 0.000000 0.000000
11.991839 2.581424 -7.333021 0.000000 0.000000 0.000000 0.718423 0.245840 -0.351721 4.200000 -2.207275 -2.207275 -2.900422 1.000000 0.000000 0.000000 0.000000
17.064582 6.081529 1.333021 0.000000 0.000000 0.000000 0.642902 0.309666 -0.527893 4.200000 -2.207275 -2.207275 -2.900422 1.000000 0.000000 0.000000 0.000000
18.220906 4.226151 -7.333021 0.000000 0.000000 0.000000 0.809631 0.423403 -0.433587 4.200000 -2.207275 -2.207275 -2.900422 1.000000 0.000000 0.000000 0.000000
15.569138 7.926234 -3.633971 0.000000 0.000000 0.000000 0.785573 0.413060 -0.403374 4.200000 -2.207275 -2.900422 -2.207275 1.000000 0.000000 0.000000 0.000000
11.817127 1.320476 0.163613 0.000000 0.000000 0.000000 0.763771 0.416870 -0.405083 4.200000 -2.900422 -2.207275 -2.900422 1.000000 0.000000 0.000000 0.000000
16.208867 3.546687 1.333021 0.000000 0.000000 0.000000 0.748453 0.369751 -0.404718 4.200000 -2.207275 -2.207275 -2.900422 1.000000 0.000000 0.000000 0.000000
11.817127 6.582744 -1.215713 0.000000 0.000000 0.000000 0.901773 0.357489 -0.337094 4.200000 -2.900422 -2.207275 -2.900422 1.000000 0.000000 0.000000 0.000000
15.497134 7.155763 -7.333021 0.000000 0.000000 0.000000 0.812465 0.171947 -0.402312 4.200000 -2.207275 -2.207275 -2.900422 1.000000 0.000000 0.000000 0.000000
19.738379 0.540188 -0.571778 0.000000 0.000000 0.000000 0.641848 0.351033 -0.382976 4.200000 -2.900422 -2.207275 -2.900422 1.000000 0.000000 0.000000 0.000000
18.723195 7.926234 -0.398387 0.000000 0.000000 0.000000 0.701897 0.420703 -0.248331 4.200000 -2.207275 -2.900422 -2.207275 1.000000 0.000000 0.000000 0.000000
14.828040 7.742180 1.333021 0.000000 0.000000 0.000000 0.769659 0.387294 -0.446446 4.200000 -2.207275 -2.207275 -2.900422 1.000000 0.000000 0.000000 0.000000
17.265015 7.926234 -3.437878 0.000000 0.000000 0.000000 0.827454 0.274939 -0.521115 4.200000 -2.207275 -2.900422 -2.207275 1.000000 0.000000 0.000000 0.000000
11.817127 4.984475 -4.519148 0.000000 0.000000 0.000000 0.750257 0.333778 -0.458668 4.200000 -2.900422 -2.207275 -2.900422 1.000000 0.000000 0.000000 0.000000
13.317359 7.926234 -7.326120 0.000000 0.000000 0.000000 0.670966 0.206919 -0.345670 4.200000 -2.207275 -2.900422 -2.207275 1.000000 0.000000 0.000000 0.000000
19.738379 4.397953 -3.724848 0.000000 0.000000 0.000000 0.893580 0.174808 -0.258846 4.200000 -2.900422 -2.207275 -2.900422 1.000000 0.000000 0.000000 0.000000
14.001988 5.815772 -7.333021 0.000000 0.000000 0.000000 0.718321 0.271629 -0.525078 4.200000 -2.207275 -2.207275 -2.900422 1.000000 0.000000 0.000000 0.000000
18.684216 7.680592 -7.333021 0.000000 0.000000 0.000000 0.863128 0.310710 -0.463748 4.200000 -2.207275 -2.207275 -2.900422 1.000000 0.000000 0.000000 0.000000
11.817127 5.973952 -1.546437 0.000000 0.000000 0.000000 0.780331 0.143841 -0.460072 4.200000 -2.900422 -2.207275 -2.900422 1.000000 0.000000 0.000000 0.000000
18.023398 0.000000 -3.598062 0.000000 0.000000 0.000000 0.725699 0.401046 -0.296737 4.200000 -2.207275 -2.900422 -2.207275 1.000000 0.000000 0.000000 0.000000
19.738379 4.394188 -6.223194 0.000000 0.000000 0.000000 0.913732 0.162475 -0.372604 4.200000 -2.900422 -2.207275 -2.900422 1.000000 0.000000 0.000000 0.000000
11.835911 7.926234 -5.390336 0.000000 0.000000 0.000000 0.766373 0.154044 -0.273495 4.200000 -2.207275 -2.900422 -2.207275 1.000000 0.000000 0.000000 0.000000
17.612001 7.926234 -0.966935 0.000000 0.000000 0.000000 0.784359 0.279250 -0.335776 4.200000 -2.207275 -2.900422 -2.207275 1.000000 0.000000 0.000000 0.000000
16.582711 0.000000 -4.893357 0.000000 0.000000 0.000000 0.785828 0.347723 -0.510399 4.200000 -2.207275 -2.900422 -2.207275 1.000000 0.000000 0.000000 0.000000
11.817127 2.347692 -0.930348 0.000000 0.000000 0.000000 0.794530 0.409767 -0.436422 4.200000 -2.900422 -2.207275 -2.900422 1.000000 0.000000 0.000000 0.000000
13.306852 3.939165 1.333021 0.000000 0.000000 0.000000 0.708646 0.234095 -0.480474 4.200000 -2.207275 -2.207275 -2.900422 1.000000 0.000000 0.000000 0.000000
11.817127 5.212422 -7.310173 0.000000 0.000000 0.000000 0.820379 0.178594 -0.527853 4.200000 -2.900422 -2.207275 -2.900422 1.000000 0.000000 0.000000 0.000000
14.592836 7.740440 1.333021 0.000000 0.000000 0.000000 0.700009 0.410385 -0.521090 4.200000 -2.207275 -2.207275 -2.900422 1.000000 0.000000 0.000000 0.000000
13.563579 0.000000 1.009841 0.000000 0.000000 0.000000 0.646223 0.409327 -0.368560 4.200000 -2.207275 -2.900422 -2.207275 1.000000 0.000000 0.000000 0.000000
11.817127 0.580956 0.635870 0.000000 0.000000 0.000000 0.751028 0.420237 -0.473014 4.200000 -2.900422 -2.207275 -2.900422 1.000000 0.000000 0.000000 0.000000
19.738379 6.843174 -3.988143 0.000000 0.000000 0.000000 0.854664 0.376883 -0.318379 4.200000 -2.900422 -2.207275 -2.900422 1.000000 0.000000 0.000000 0.000000
13.124211 4.143319 1.333021 0.000000 0.000000 0.000000 0.770892 0.188426 -0.297205 4.200000 -2.207275 -2.207275 -2.900422 1.000000 0.000000 0.000000 0.000000
19.738379 6.323709 -7.068694 0.000000 0.000000 0.000000 0.657517 0.147043 -0.336943 4.200000 -2.900422 -2.207275 -2.900422 1.000000 0.000000 0.000000 0.000000
13.358254 0.364328 -7.333021 0.000000 0.000000 0.000000 0.681578 0.381231 -0.358697 4.200000 -2.207275 -2.207275 -2.900422 1.000000 0.000000 0.000000 0.000000
19.738379 0.224245 -1.306763 0.000000 0.000000 0.000000 0.711550 0.228406 -0.441560 4.200000 -2.900422 -2.207275 -2.900422 1.000000 0.000000 0.000000 0.000000
12.896147 0.000000 0.656942 0.000000 0.000000 0.000000 0.750176 0.209551 -0.371706 4.200000 -2.207275 -2.900422 -2.207275 1.000000 0.000000 0.000000 0.000000
12.454165 7.926234 -0.633739 0.000000 0.000000 0.000000 0.849831 0.273101 -0.382741 4.200000 -2.207275 -2.900422 -2.207275 1.000000 0.000000 0.000000 0.000000
16.769096 1.309245 -7.333021 0.000000 0.000000 0.000000 0.705078 0.291074 -0.339636 4.200000 -2.207275 -2.207275 -2.900422 1.000000 0.000000 0.000000 0.000000
17.905219 0.050789 1.333021 0.000000 0.000000 0.000000 0.803562 0.269751 -0.251232 4.200000 -2.207275 -2.207275 -2.900422 1.000000 0.000000 0.000000 0.000000
19.738379 4.012865 -2.938372 0.000000 0.000000 0.000000 0.729859 0.364977 -0.493940 4.200000 -2.900422 -2.207275 -2.900422 1.000000 0.000000 0.000000 0.000000
12.322290 3.866913 1.333021 0.000000 0.000000 0.000000 0.707830 0.233048 -0.349433 4.200000 -2.207275 -2.207275 -2.900422 1.000000 0.000000 0.000000 0.000000
17.880577 0.000000 -4.586578 0.000000 0.000000 0.000000 0.799439 0.362742 -0.499226 4.200000 -2.207275 -2.900422 -2.207275 1.000000 0.000000 0.000000 0.000000
15.249079 4.018579 -7.333021 0.000000 0.000000 0.000000 0.918466 0.159907 -0.466273 4.200000 -2.207275 -2.207275 -2.900422 1.000000 0.000000 0.000000 0.000000
12.753901 0.000000 -2.828434 0.000000 0.000000 0.000000 0.669999 0.211288 -0.489376 4.200000 -2.207275 -2.900422 -2.207275 1.000000 0.000000 0.000000 0.000000
11.817127 2.929508 -4.563039 0.000000 0.000000 0.000000 0.836273 0.250166 -0.451705 4.200000 -2.900422 -2.207275 -2.900422 1.000000 0.000000 0.000000 0.000000
12.417491 0.000000 0.616079 0.000000 0.000000 0.000000 0.835782 0.215355 -0.375335 4.200000 -2.207275 -2.900422 -2.207275 1.000000 0.000000 0.000000 0.000000
14.844963 7.307466 -7.333021 0.000000 0.000000 0.000000 0.834483 0.383431 -0.333769 4.200000 -2.207275 -2.207275 -2.900422 1.000000 0.000000 0.000000 0.000000
19.738379 0.090912 -1.181409 0.000000 0.000000 0.000000 0.797768 0.248609 -0.468949 4.200000 -2.900422 -2.207275 -2.900422 1.000000 0.000000 0.000000 0.000000
11.817127 3.305595 -5.010062 0.000000 0.000000 0.000000 0.677308 0.250115 -0.368594 4.200000 -2.900422 -2.207275 -2.900422 1.000000 0.000000 0.000000 0.000000
18.830558 0.000000 -0.593352 0.000000 0.000000 0.000000 0.865270 0.376348 -0.314123 4.200000 -2.207275 -2.900422 -2.207275 1.000000 0.000000 0.000000 0.000000
12.842053 1.440945 1.333021 0.000000 0.000000 0.000000 0.861392 0.325359 -0.266352 4.200000 -2.207275 -2.207275 -2.900422 1.000000 0.000000 0.000000 0.000000
11.817127 7.882612 -3.338836 0.000000 0.000000 0.000000 0.902562 0.392924 -0.366260 4.200000 -2.900422 -2.207275 -2.900422 1.000000 0.000000 0.000000 0.000000
19.167839 0.111942 -7.333021 0.000000 0.000000 0.000000 0.806906 0.361775 -0.421995 4.200000 -2.207275 -2.207275 -2.900422 1.000000 0.000000 0.000000 0.000000
19.738379 7.787753 0.292935 0.000000 0.000000 0.000000 0.885649 0.248873 -0.503542 4.200000 -2.900422 -2.207275 -2.900422 1.000000 0.000000 0.000000 0.000000
19.738379 7.356823 1.159742 0.000000 0.000000 0.000000 0.903033 0.352192 -0.425573 4.200000 -2.900422 -2.207275 -2.900422 1.000000 0.000000 0.000000 0.000000
11.817127 0.045180 -6.241223 0.000000 0.000000 0.000000 0.819099 0.357921 -0.438921 4.200000 -2.900422 -2.207275 -2.900422 1.000000 0.000000 0.000000 0.000000
19.738379 0.545017 0.402715 0.000000 0.000000 0.000000 0.731139 0.299064 -0.345405 4.200000 -2.900422 -2.207275 -2.900422 1.000000 0.000000 0.000000 0.000000
15.907527 2.977996 -7.333021 0.000000 0.000000 0.000000 0.740190 0.256048 -0.458207 4.200000 -2.207275 -2.207275 -2.900422 1.000000 0.000000 0.000000 0.000000
11.817127 3.173588 -5.939584 0.000000 0.000000 0.000000 0.692785 0.171441 -0.296362 4.200000 -2.900422 -2.207275 -2.900422 1.000000 0.000000 0.000000 0.000000
15.762804 0.000000 -3.893840 0.000000 0.000000 0.000000 0.769784 0.385743 -0.462802 4.200000 -2.207275 -2.900422 -2.207275 1.000000 0.000000 0.000000 0.000000
14.360787 7.926234 0.416722 0.000000 0.000000 0.000000 0.866123 0.314149 -0.501894 4.200000 -2.207275 -2.900422 -2.207275 1.000000 0.000000 0.000000 0.000000
17.112556 7.926234 -2.549834 0.000000 0.000000 0.000000 0.891664 0.191487 -0.343871 4.200000 -2.207275 -2.900422 -2.207275 1.000000 0.000000 0.000000 0.000000
18.070058 7.926234 -6.052882 0.000000 0.000000 0.000000 0.732239 0.162038 -0.372803 4.200000 -2.207275 -2.900422 -2.207275 1.000000 0.000000 0.000000 0.000000
17.722883 0.742952 -7.333021 0.000000 0.000000 0.000000 0.819802 0.253518 -0.501917 4.200000 -2.207275 -2.207275 -2.900422 1.000000 0.000000 0.000000 0.000000
15.321329 7.926234 -3.059086 0.000000 0.000000 0.000000 0.859658 0.380238 -0.461087 4.200000 -2.207275 -2.900422 -2.207275 1.000000 0.000000 0.000000 0.000000
12.666015 0.000000 -3.734516 0.000000 0.000000 0.000000 0.707753 0.295557 -0.301196 4.200000 -2.207275 -2.900422 -2.207275 1.000000 0.000000 0.000000 0.000000
13.984059 0.000000 -0.630186 0.000000 0.000000 0.000000 0.880719 0.164502 -0.269587 4.200000 -2.207275 -2.900422 -2.207275 1.000000 0.000000 0.000000 0.000000
15.689796 3.366438 -7.333021 0.000000 0.000000 0.000000 0.647074 0.239880 -0.330290 4.200000 -2.207275 -2.207275 -2.900422 1.000000 0.000000 0.000000 0.000000
11.817127 7.362656 1.223209 0.000000 0.000000 0.000000 0.803897 0.336277 -0.400924 4.200000 -2.900422 -2.207275 -2.900422 1.000000 0.000000 0.000000 0.000000
13.966135 8.744804 1.933181 0.000000 0.000000 0.000000 -0.992574 -1.347065 -1.453412 4.200000 -2.302585 -2.659260 -2.302585 1.000000 0.000000 0.000000 0.000000
12.795947 8.462052 -2.266103 0.000000 0.000000 0.000000 -0.992574 -1.347065 -1.453412 4.200000 -2.302585 -2.659260 -2.302585 1.000000 0.000000 0.000000 0.000000
15.253843 9.091244 -0.091799 0.000000 0.000000 0.000000 -0.992574 -1.347065 -1.453412 4.200000 -2.302585 -2.659260 -2.302585 1.000000 0.000000 0.000000 0.000000
20.185019 8.068620 -5.834479 0.000000 0.000000 0.000000 -0.992574 -1.347065 -1.453412 4.200000 -2.302585 -2.659260 -2.302585 1.000000 0.000000 0.000000 0.000000
12.320766 8.320004 -1.986623 0.000000 0.000000 0.000000 -0.992574 -1.347065 -1.453412 4.200000 -2.302585 -2.659260 -2.302585 1.000000 0.000000 0.000000 0.000000
13.347128 8.586184 -5.702079 0.000000 0.000000 0.000000 -0.992574 -1.347065 -1.453412 4.200000 -2.302585 -2.659260 -2.302585 1.000000 0.000000 0.000000 0.000000
19.841142 8.140910 0.522605 0.000000 0.000000 0.000000 -0.992574 -1.347065 -1.453412 4.200000 -2.302585 -2.659260 -2.302585 1.000000 0.000000 0.000000 0.000000
11.464678 8.081365 -2.350539 0.000000 0.000000 0.000000 -0.992574 -1.347065 -1.453412 4.200000 -2.302585 -2.659260 -2.302585 1.000000 0.000000 0.000000 0.000000
17.002899 8.924020 -4.564860 0.000000 0.000000 0.000000 -0.992574 -1.347065 -1.453412 4.200000 -2.302585 -2.659260 -2.302585 1.000000 0.000000 0.000000 0.000000
18.994812 8.379820 0.936867 0.000000 0.000000 0.000000 -0.992574 -1.347065 -1.453412 4.200000 -2.302585 -2.659260 -2.302585 1.000000 0.000000 0.000000 0.000000
19.877617 8.146289 0.033786 0.000000 0.000000 0.000000 -0.992574 -1.347065 -1.453412 4.200000 -2.302585 -2.659260 -2.302585 1.000000 0.000000 0.000000 0.000000
14.549102 8.921799 -6.322499 0.000000 0.000000 0.000000 -0.992574 -1.347065 -1.453412 4.200000 -2.302585 -2.659260 -2.302585 1.000000 0.000000 0.000000 0.000000
13.891815 8.725817 0.899354 0.000000 0.000000 0.000000 -0.992574 -1.347065 -1.453412 4.200000 -2.302585 -2.659260 -2.302585 1.000000 0.000000 0.000000 0.000000
13.719068 8.691926 -2.429426 0.000000 0.000000 0.000000 -0.992574 -1.347065 -1.453412 4.200000 -2.302585 -2.659260 -2.302585 1.000000 0.000000 0.000000 0.000000
18.624254 8.491913 -2.647890 0.000000 0.000000 0.000000 -0.992574 -1.347065 -1.453412 4.200000 -2.302585 -2.659260 -2.302585 1.000000 0.000000 0.000000 0.000000
13.539054 8.625055 -1.669525 0.000000 0.000000 0.000000 -0.992574 -1.347065 -1.453412 4.200000 -2.302585 -2.659260 -2.302585 1.000000 0.000000 0.000000 0.000000
12.266021 8.306585 0.770338 0.000000 0.000000 0.000000 -0.992574 -1.347065 -1.453412 4.200000 -2.302585 -2.659260 -2.302585 1.000000 0.000000 0.000000 0.000000
15.084478 9.057315 -6.729452 0.000000 0.000000 0.000000 -0.992574 -1.347065 -1.453412 4.200000 -2.302585 -2.659260 -2.302585 1.000000 0.000000 0.000000 0.000000
14.619619 8.921021 -4.314133 0.000000 0.000000 0.000000 -0.992574 -1.347065 -1.453412 4.200000 -2.302585 -2.659260 -2.302585 1.000000 0.000000 0.000000 0.000000
18.959964 8.398865 -1.187042 0.000000 0.000000 0.000000 -0.992574 -1.347065 -1.453412 4.200000 -2.302585 -2.659260 -2.302585 1.000000 0.000000 0.000000 0.000000
13.273336 8.550323 -0.149668 0.000000 0.000000 0.000000 -0.992574 -1.347065 -1.453412 4.200000 -2.302585 -2.659260 -2.302585 1.000000 0.000000 0.000000 0.000000
20.688238 7.956408 -0.771386 0.000000 0.000000 0.000000 -0.992574 -1.347065 -1.453412 4.200000 -2.302585 -2.659260 -2.302585 1.000000 0.000000 0.000000 0.000000
12.038194 8.263711 -2.517960 0.000000 0.000000 0.000000 -0.992574 -1.347065 -1.453412 4.200000 -2.302585 -2.659260 -2.302585 1.000000 0.000000 0.000000 0.000000
20.166612 8.074251 -6.048290 0.000000 0.000000 0.000000 -0.992574 -1.347065 -1.453412 4.200000 -2.302585 -2.659260 -2.302585 1.000000 0.000000 0.000000 0.000000
14.547583 8.902673 -0.445962 0.000000 0.000000 0.000000 -0.992574 -1.347065 -1.453412 4.200000 -2.302585 -2.659260 -2.302585 1.000000 0.000000 0.000000 0.000000
17.450973 8.786577 -2.851014 0.000000 0.000000 0.000000 -0.992574 -1.347065 -1.453412 4.200000 -2.302585 -2.659260 -2.302585 1.000000 0.000000 0.000000 0.000000
16.625880 8.983531 -2.275939 0.000000 0.000000 0.000000 -0.992574 -1.347065 -1.453412 4.200000 -2.302585 -2.659260 -2.302585 1.000000 0.000000 0.000000 0.000000
17.579676 8.765061 -0.086095 0.000000 0.000000 0.000000 -0.992574 -1.347065 -1.453412 4.200000 -2.302585 -2.659260 -2.302585 1.000000 0.000000 0.000000 0.000000
20.048803 8.086253 1.947627 0.000000 0.000000 0.000000 -0.992574 -1.347065 -1.453412 4.200000 -2.302585 -2.659260 -2.302585 1.000000 0.000000 0.000000 0.000000
18.209852 8.595749 1.507311 0.000000 0.000000 0.000000 -0.992574 -1.347065 -1.453412 4.200000 -2.302585 -2.659260 -2.302585 1.000000 0.000000 0.000000 0.000000
12.363584 8.344636 -3.512119 0.000000 0.000000 0.000000 -0.992574 -1.347065 -1.453412 4.200000 -2.302585 -2.659260 -2.302585 1.000000 0.000000 0.000000 0.000000
12.064007 8.254191 -3.478608 0.000000 0.000000 0.000000 -0.992574 -1.347065 -1.453412 4.200000 -2.302585 -2.659260 -2.302585 1.000000 0.000000 0.000000 0.000000
17.096043 8.878928 -6.883739 0.000000 0.000000 0.000000 -0.992574 -1.347065 -1.453412 4.200000 -2.302585 -2.659260 -2.302585 1.000000 0.000000 0.000000 0.000000
17.057984 8.879728 -3.384907 0.000000 0.000000 0.000000 -0.992574 -1.347065 -1.453412 4.200000 -2.302585 -2.659260 -2.302585 1.000000 0.000000 0.000000 0.000000
14.511146 8.885970 1.478058 0.000000 0.000000 0.000000 -0.992574 -1.347065 -1.453412 4.200000 -2.302585 -2.659260 -2.302585 1.000000 0.000000 0.000000 0.000000
19.839000 8.140414 1.208293 0.000000 0.000000 0.000000 -0.992574 -1.347065 -1.453412 4.200000 -2.302585 -2.659260 -2.302585 1.000000 0.000000 0.000000 0.000000
20.604229 7.942695 -1.586388 0.000000 0.000000 0.000000 -0.992574 -1.347065 -1.453412 4.200000 -2.302585 -2.659260 -2.302585 1.000000 0.000000 0.000000 0.000000
16.686539 9.007290 0.980249 0.000000 0.000000 0.000000 -0.992574 -1.347065 -1.453412 4.200000 -2.302585 -2.659260 -2.302585 1.000000 0.000000 0.000000 0.000000
11.275754 8.060474 -7.787046 0.000000 0.000000 0.000000 -0.992574 -1.347065 -1.453412 4.200000 -2.302585 -2.659260 -2.302585 1.000000 0.000000 0.000000 0.000000
11.767127 1.922189 -5.451475 0.000000 0.000000 0.000000 -1.488861 -0.496287 -0.070898 4.800000 -2.813411 -2.525729 -2.813411 1.000000 0.000000 0.000000 0.000000
11.767127 1.609477 -5.358797 0.000000 0.000000 0.000000 -1.488861 -0.496287 -0.070898 4.800000 -2.813411 -2.525729 -2.813411 1.000000 0.000000 0.000000 0.000000
11.767127 2.051946 -5.504327 0.000000 0.000000 0.000000 -1.488861 -0.496287 -0.070898 4.800000 -2.813411 -2.525729 -2.813411 1.000000 0.000000 0.000000 0.000000
11.767127 1.940674 -5.031317 0.000000 0.000000 0.000000 -1.488861 -0.496287 -0.070898 4.800000 -2.813411 -2.525729 -2.813411 1.000000 0.000000 0.000000 0.000000
11.767127 1.758704 -3.453687 0.000000 0.000000 0.000000 -1.488861 -0.496287 -0.070898 4.800000 -2.813411 -2.525729 -2.813411 1.000000 0.000000 0.000000 0.000000
11.767127 1.497619 -2.613620 0.000000 0.000000 0.000000 -1.488861 -0.496287 -0.070898 4.800000 -2.813411 -2.525729 -2.813411 1.000000 0.000000 0.000000 0.000000
11.767127 1.898795 -3.194863 0.000000 0.000000 0.000000 -1.488861 -0.496287 -0.070898 4.800000 -2.813411 -2.525729 -2.813411 1.000000 0.000000 0.000000 0.000000
11.767127 1.394111 -3.231831 0.000000 0.000000 0.000000 -1.488861 -0.496287 -0.070898 4.800000 -2.813411 -2.525729 -2.813411 1.000000 0.000000 0.000000 0.000000
11.767127 1.770434 -0.605674 0.000000 0.000000 0.000000 -1.488861 -0.496287 -0.070898 4.800000 -2.813411 -2.525729 -2.813411 1.000000 0.000000 0.000000 0.000000
11.767127 2.026363 -0.901124 0.000000 0.000000 0.000000 -1.488861 -0.496287 -0.070898 4.800000 -2.813411 -2.525729 -2.813411 1.000000 0.000000 0.000000 0.000000
11.767127 1.506576 -0.647236 0.000000 0.000000 0.000000 -1.488861 -0.496287 -0.070898 4.800000 -2.813411 -2.525729 -2.813411 1.000000 0.000000 0.000000 0.000000
11.767127 1.887805 -1.108818 0.000000 0.000000 0.000000 -1.488861 -0.496287 -0.070898 4.800000 -2.813411 -2.525729 -2.813411 1.000000 0.000000 0.000000 0.000000
11.767127 3.705049 -4.798206 0.000000 0.000000 0.000000 -1.488861 -0.496287 -0.070898 4.800000 -2.813411 -2.525729 -2.813411 1.000000 0.000000 0.000000 0.000000
11.767127 3.694835 -5.438915 0.000000 0.000000 0.000000 -1.488861 -0.496287 -0.070898 4.800000 -2.813411 -2.525729 -2.813411 1.000000 0.000000 0.000000 0.000000
11.767127 3.479551 -4.762927 0.000000 0.000000 0.000000 -1.488861 -0.496287 -0.070898 4.800000 -2.813411 -2.525729 -2.813411 1.000000 0.000000 0.000000 0.000000
11.767127 3.619844 -5.274191 0.000000 0.000000 0.000000 -1.488861 -0.496287 -0.070898 4.800000 -2.813411 -2.525729 -2.813411 1.000000 0.000000 0.000000 0.000000
11.767127 4.119151 -3.153515 0.000000 0.000000 0.000000 -1.488861 -0.496287 -0.070898 4.800000 -2.813411 -2.525729 -2.813411 1.000000 0.000000 0.000000 0.000000
11.767127 3.855252 -2.707209 0.000000 0.000000 0.000000 -1.488861 -0.496287 -0.070898 4.800000 -2.813411 -2.525729 -2.813411 1.000000 0.000000 0.000000 0.000000
11.767127 3.736000 -3.183452 0.000000 0.000000 0.000000 -1.488861 -0.496287 -0.070898 4.800000 -2.813411 -2.525729 -2.813411 1.000000 0.000000 0.000000 0.000000
11.767127 3.441134 -3.515347 0.000000 0.000000 0.000000 -1.488861 -0.496287 -0.070898 4.800000 -2.813411 -2.525729 -2.813411 1.000000 0.000000 0.000000 0.000000
11.767127 4.026208 -0.233010 0.000000 0.000000 0.000000 -1.488861 -0.496287 -0.070898 4.800000 -2.813411 -2.525729 -2.813411 1.000000 0.000000 0.000000 0.000000
11.767127 3.955553 -0.290093 0.000000 0.000000 0.000000 -1.488861 -0.496287 -0.070898 4.800000 -2.813411 -2.525729 -2.813411 1.000000 0.000000 0.000000 0.000000
11.767127 3.804485 -1.053363 0.000000 0.000000 0.000000 -1.488861 -0.496287 -0.070898 4.800000 -2.813411 -2.525729 -2.813411 1.000000 0.000000 0.000000 0.000000
11.767127 3.595272 -0.319504 0.000000 0.000000 0.000000 -1.488861 -0.496287 -0.070898 4.800000 -2.813411 -2.525729 -2.813411 1.000000 0.000000 0.000000 0.000000
15.416414 8.429117 8.006950 0.000000 0.000000 0.000000 0.193931 -0.201645 -0.638105 4.200000 -2.207275 -2.900422 -2.207275 1.000000 0.000000 0.000000 0.000000
17.455657 0.000000 9.314422 0.000000 0.000000 0.000000 0.194489 -0.365349 -0.844011 4.200000 -2.207275 -2.900422 -2.207275 1.000000 0.000000 0.000000 0.000000
13.363917 1.730977 7.895121 0.000000 0.000000 0.000000 0.164941 -0.425201 -0.808406 4.200000 -2.900422 -2.207275 -2.900422 1.000000 0.000000 0.000000 0.000000
15.347911 4.779780 13.184364 0.000000 0.000000 0.000000 0.268704 -0.348822 -0.844582 4.200000 -2.207275 -2.207275 -2.900422 1.000000 0.000000 0.000000 0.000000
17.619460 0.000000 7.030542 0.000000 0.000000 0.000000 0.228948 -0.311669 -0.731918 4.200000 -2.207275 -2.900422 -2.207275 1.000000 0.000000 0.000000 0.000000
16.340880 8.429117 12.183942 0.000000 0.000000 0.000000 0.081330 -0.200625 -0.801933 4.200000 -2.207275 -2.900422 -2.207275 1.000000 0.000000 0.000000 0.000000
19.310071 8.429117 12.475446 0.000000 0.000000 0.000000 0.123471 -0.259051 -0.818265 4.200000 -2.207275 -2.900422 -2.207275 1.000000 0.000000 0.000000 0.000000
13.901847 0.889254 13.184364 0.000000 0.000000 0.000000 0.099824 -0.154967 -0.785019 4.200000 -2.207275 -2.207275 -2.900422 1.000000 0.000000 0.000000 0.000000
20.612531 1.876696 11.937611 0.000000 0.000000 0.000000 0.256798 -0.336474 -0.741063 4.200000 -2.900422 -2.207275 -2.900422 1.000000 0.000000 0.000000 0.000000
15.642138 8.429117 7.727433 0.000000 0.000000 0.000000 0.288136 -0.407774 -0.766389 4.200000 -2.207275 -2.900422 -2.207275 1.000000 0.000000 0.000000 0.000000
16.921187 8.429117 6.092588 0.000000 0.000000 0.000000 0.213817 -0.422988 -0.664840 4.200000 -2.207275 -2.900422 -2.207275 1.000000 0.000000 0.000000 0.000000
17.503264 8.429117 10.399757 0.000000 0.000000 0.000000 0.335436 -0.285409 -0.782645 4.200000 -2.207275 -2.900422 -2.207275 1.000000 0.000000 0.000000 0.000000
14.265224 8.429117 8.310921 0.000000 0.000000 0.000000 0.175412 -0.387698 -0.913724 4.200000 -2.207275 -2.900422 -2.207275 1.000000 0.000000 0.000000 0.000000
17.237853 8.429117 8.892523 0.000000 0.000000 0.000000 0.168831 -0.383390 -0.795603 4.200000 -2.207275 -2.900422 -2.207275 1.000000 0.000000 0.000000 0.000000
14.235928 0.000000 7.729066 0.000000 0.000000 0.000000 0.271207 -0.173050 -0.741118 4.200000 -2.207275 -2.900422 -2.207275 1.000000 0.000000 0.000000 0.000000
13.363917 1.520043 9.845343 0.000000 0.000000 0.000000 0.105022 -0.231883 -0.805910 4.200000 -2.900422 -2.207275 -2.900422 1.000000 0.000000 0.000000 0.000000
20.612531 2.278212 5.921578 0.000000 0.000000 0.000000 0.333443 -0.178946 -0.797576 4.200000 -2.900422 -2.207275 -2.900422 1.000000 0.000000 0.000000 0.000000
19.904055 8.429117 7.740170 0.000000 0.000000 0.000000 0.235324 -0.156369 -0.770807 4.200000 -2.207275 -2.900422 -2.207275 1.000000 0.000000 0.000000 0.000000
13.363917 7.999018 9.536536 0.000000 0.000000 0.000000 0.168892 -0.234121 -0.847652 4.200000 -2.900422 -2.207275 -2.900422 1.000000 0.000000 0.000000 0.000000
13.363917 1.834380 11.114562 0.000000 0.000000 0.000000 0.298732 -0.354869 -0.643284 4.200000 -2.900422 -2.207275 -2.900422 1.000000 0.000000 0.000000 0.000000
13.363917 3.007723 5.862628 0.000000 0.000000 0.000000 0.096865 -0.249673 -0.640343 4.200000 -2.900422 -2.207275 -2.900422 1.000000 0.000000 0.000000 0.000000
17.169016 6.029969 13.184364 0.000000 0.000000 0.000000 0.098370 -0.313125 -0.863494 4.200000 -2.207275 -2.207275 -2.900422 1.000000 0.000000 0.000000 0.000000
16.896565 4.946736 4.815636 0.000000 0.000000 0.000000 0.130380 -0.395748 -0.803036 4.200000 -2.207275 -2.207275 -2.900422 1.000000 0.000000 0.000000 0.000000
15.633989 5.993316 13.184364 0.000000 0.000000 0.000000 0.227037 -0.371890 -0.750931 4.200000 -2.207275 -2.207275 -2.900422 1.000000 0.000000 0.000000 0.000000
13.756504 3.519835 13.184364 0.000000 0.000000 0.000000 0.256730 -0.178835 -0.899251 4.200000 -2.207275 -2.207275 -2.900422 1.000000 0.000000 0.000000 0.000000
14.933254 8.429117 8.648940 0.000000 0.000000 0.000000 0.088754 -0.349194 -0.836337 4.200000 -2.207275 -2.900422 -2.207275 1.000000 0.000000 0.000000 0.000000
19.962709 0.000000 8.594409 0.000000 0.000000 0.000000 0.307427 -0.417069 -0.647857 4.200000 -2.207275 -2.900422 -2.207275 1.000000 0.000000 0.000000 0.000000
20.612531 1.099199 8.639942 0.000000 0.000000 0.000000 0.261520 -0.253106 -0.665649 4.200000 -2.900422 -2.207275 -2.900422 1.000000 0.000000 0.000000 0.000000
13.804179 0.000000 7.153039 0.000000 0.000000 0.000000 0.350244 -0.277288 -0.915466 4.200000 -2.207275 -2.900422 -2.207275 1.000000 0.000000 0.000000 0.000000
16.006259 1.264531 4.815636 0.000000 0.000000 0.000000 0.334320 -0.220940 -0.646982 4.200000 -2.207275 -2.207275 -2.900422 1.000000 0.000000 0.000000 0.000000
18.823110 4.192375 13.184364 0.000000 0.000000 0.000000 0.257005 -0.209127 -0.845849 4.200000 -2.207275 -2.207275 -2.900422 1.000000 0.000000 0.000000 0.000000
13.363917 8.175009 13.129515 0.000000 0.000000 0.000000 0.162641 -0.319917 -0.739305 4.200000 -2.900422 -2.207275 -2.900422 1.000000 0.000000 0.000000 0.000000
18.351608 0.000000 11.212077 0.000000 0.000000 0.000000 0.271349 -0.410427 -0.787824 4.200000 -2.207275 -2.900422 -2.207275 1.000000 0.000000 0.000000 0.000000
13.363917 1.338659 10.541477 0.000000 0.000000 0.000000 0.243686 -0.161177 -0.691507 4.200000 -2.900422 -2.207275 -2.900422 1.000000 0.000000 0.000000 0.000000
19.715214 8.128155 4.815636 0.000000 0.000000 0.000000 0.216807 -0.282631 -0.720410 4.200000 -2.207275 -2.207275 -2.900422 1.000000 0.000000 0.000000 0.000000
13.743787 2.874427 4.815636 0.000000 0.000000 0.000000 0.305705 -0.182031 -0.843091 4.200000 -2.207275 -2.207275 -2.900422 1.000000 0.000000 0.000000 0.000000
13.825554 5.801424 4.815636 0.000000 0.000000 0.000000 0.145870 -0.337094 -0.641767 4.200000 -2.207275 -2.207275 -2.900422 1.000000 0.000000 0.000000 0.000000
13.363917 4.965389 8.769030 0.000000 0.000000 0.000000 0.074673 -0.181316 -0.705633 4.200000 -2.900422 -2.207275 -2.900422 1.000000 0.000000 0.000000 0.000000
20.612531 5.862652 11.289567 0.000000 0.000000 0.000000 0.327854 -0.323658 -0.649172 4.200000 -2.900422 -2.207275 -2.900422 1.000000 0.000000 0.000000 0.000000
18.205332 5.365706 4.815636 0.000000 0.000000 0.000000 0.280360 -0.341256 -0.670399 4.200000 -2.207275 -2.207275 -2.900422 1.000000 0.000000 0.000000 0.000000
18.889228 7.625201 13.184364 0.000000 0.000000 0.000000 0.346407 -0.361200 -0.904900 4.200000 -2.207275 -2.207275 -2.900422 1.000000 0.000000 0.000000 0.000000
20.061966 8.429117 6.209715 0.000000 0.000000 0.000000 0.120539 -0.294546 -0.834102 4.200000 -2.207275 -2.900422 -2.207275 1.000000 0.000000 0.000000 0.000000
17.889180 0.000000 12.516980 0.000000 0.000000 0.000000 0.284670 -0.206059 -0.847327 4.200000 -2.207275 -2.900422 -2.207275 1.000000 0.000000 0.000000 0.000000
13.363917 7.765605 5.328359 0.000000 0.000000 0.000000 0.241683 -0.168695 -0.787965 4.200000 -2.900422 -2.207275 -2.900422 1.000000 0.000000 0.000000 0.000000
13.853926 0.000000 12.823733 0.000000 0.000000 0.000000 0.278522 -0.173003 -0.832378 4.200000 -2.207275 -2.900422 -2.207275 1.000000 0.000000 0.000000 0.000000
18.814960 8.429117 5.954645 0.000000 0.000000 0.000000 0.265357 -0.323427 -0.726763 4.200000 -2.207275 -2.900422 -2.207275 1.000000 0.000000 0.000000 0.000000
13.363917 8.114739 10.619029 0.000000 0.000000 0.000000 0.250428 -0.159655 -0.854424 4.200000 -2.900422 -2.207275 -2.900422 1.000000 0.000000 0.000000 0.000000
13.588696 0.707143 13.184364 0.000000 0.000000 0.000000 0.241084 -0.194535 -0.682268 4.200000 -2.207275 -2.207275 -2.900422 1.000000 0.000000 0.000000 0.000000
17.417645 8.429117 11.697480 0.000000 0.000000 0.000000 0.086681 -0.209428 -0.653971 4.200000 -2.207275 -2.900422 -2.207275 1.000000 0.000000 0.000000 0.000000
19.161784 0.000000 4.908447 0.000000 0.000000 0.000000 0.273706 -0.289068 -0.720530 4.200000 -2.207275 -2.900422 -2.207275 1.000000 0.000000 0.000000 0.000000
20.612531 2.894952 11.975041 0.000000 0.000000 0.000000 0.341443 -0.193857 -0.867003 4.200000 -2.900422 -2.207275 -2.900422 1.000000 0.000000 0.000000 0.000000
19.150109 0.000000 8.516572 0.000000 0.000000 0.000000 0.163168 -0.323499 -0.676540 4.200000 -2.207275 -2.900422 -2.207275 1.000000 0.000000 0.000000 0.000000
17.718228 7.572395 13.184364 0.000000 0.000000 0.000000 0.149945 -0.351721 -0.646683 4.200000 -2.207275 -2.207275 -2.900422 1.000000 0.000000 0.000000 0.000000
14.902262 2.610371 4.815636 0.000000 0.000000 0.000000 0.121379 -0.425036 -0.733211 4.200000 -2.207275 -2.207275 -2.900422 1.000000 0.000000 0.000000 0.000000
18.515165 0.000000 5.107127 0.000000 0.000000 0.000000 0.139354 -0.336446 -0.838650 4.200000 -2.207275 -2.900422 -2.207275 1.000000 0.000000 0.000000 0.000000
19.627503 0.324848 13.184364 0.000000 0.000000 0.000000 0.343176 -0.206539 -0.685721 4.200000 -2.207275 -2.207275 -2.900422 1.000000 0.000000 0.000000 0.000000
16.122652 7.164096 13.184364 0.000000 0.000000 0.000000 0.294612 -0.147505 -0.664575 4.200000 -2.207275 -2.207275 -2.900422 1.000000 0.000000 0.000000 0.000000
13.662648 8.429117 10.327668 0.000000 0.000000 0.000000 0.317120 -0.233550 -0.757546 4.200000 -2.207275 -2.900422 -2.207275 1.000000 0.000000 0.000000 0.000000
20.108636 2.084796 4.815636 0.000000 0.000000 0.000000 0.264530 -0.392420 -0.710291 4.200000 -2.207275 -2.207275 -2.900422 1.000000 0.000000 0.000000 0.000000
13.363917 7.506617 12.905628 0.000000 0.000000 0.000000 0.079209 -0.167275 -0.787647 4.200000 -2.900422 -2.207275 -2.900422 1.000000 0.000000 0.000000 0.000000
16.996677 0.000000 10.343952 0.000000 0.000000 0.000000 0.213708 -0.147047 -0.738108 4.200000 -2.207275 -2.900422 -2.207275 1.000000 0.000000 0.000000 0.000000
18.999008 7.030102 13.184364 0.000000 0.000000 0.000000 0.174433 -0.352068 -0.877879 4.200000 -2.207275 -2.207275 -2.900422 1.000000 0.000000 0.000000 0.000000
14.641187 8.429117 6.195273 0.000000 0.000000 0.000000 0.099706 -0.248023 -0.686113 4.200000 -2.207275 -2.900422 -2.207275 1.000000 0.000000 0.000000 0.000000
20.191698 8.429117 6.404744 0.000000 0.000000 0.000000 0.284350 -0.330737 -0.842214 4.200000 -2.207275 -2.900422 -2.207275 1.000000 0.000000 0.000000 0.000000
14.215727 0.444683 4.815636 0.000000 0.000000 0.000000 0.136158 -0.360773 -0.914860 4.200000 -2.207275 -2.207275 -2.900422 1.000000 0.000000 0.000000 0.000000
13.363917 5.681774 5.452651 0.000000 0.000000 0.000000 0.221330 -0.309071 -0.665844 4.200000 -2.900422 -2.207275 -2.900422 1.000000 0.000000 0.000000 0.000000
15.510338 8.429117 10.675110 0.000000 0.000000 0.000000 0.099029 -0.185813 -0.767906 4.200000 -2.207275 -2.900422 -2.207275 1.000000 0.000000 0.000000 0.000000
19.857685 0.000000 10.467865 0.000000 0.000000 0.000000 0.180840 -0.374515 -0.820125 4.200000 -2.207275 -2.900422 -2.207275 1.000000 0.000000 0.000000 0.000000
13.363917 0.178143 7.525177 0.000000 0.000000 0.000000 0.223475 -0.200675 -0.789746 4.200000 -2.900422 -2.207275 -2.900422 1.000000 0.000000 0.000000 0.000000
13.363917 8.330240 7.669637 0.000000 0.000000 0.000000 0.191195 -0.152541 -0.890280 4.200000 -2.900422 -2.207275 -2.900422 1.000000 0.000000 0.000000 0.000000
13.613959 0.000000 8.540111 0.000000 0.000000 0.000000 0.343543 -0.274951 -0.836952 4.200000 -2.207275 -2.900422 -2.207275 1.000000 0.000000 0.000000 0.000000
19.621551 0.000000 9.043147 0.000000 0.000000 0.000000 0.103170 -0.181163 -0.699014 4.200000 -2.207275 -2.900422 -2.207275 1.000000 0.000000 0.000000 0.000000
15.388662 2.169943 4.815636 0.000000 0.000000 0.000000 0.194066 -0.418962 -0.644091 4.200000 -2.207275 -2.207275 -2.900422 1.000000 0.000000 0.000000 0.000000
13.363917 0.525015 12.135416 0.000000 0.000000 0.000000 0.289179 -0.272846 -0.868760 4.200000 -2.900422 -2.207275 -2.900422 1.000000 0.000000 0.000000 0.000000
18.617831 0.000000 5.876271 0.000000 0.000000 0.000000 0.316317 -0.382657 -0.752748 4.200000 -2.207275 -2.900422 -2.207275 1.000000 0.000000 0.000000 0.000000
15.405058 7.417570 4.815636 0.000000 0.000000 0.000000 0.248559 -0.204170 -0.641744 4.200000 -2.207275 -2.207275 -2.900422 1.000000 0.000000 0.000000 0.000000
17.935119 0.000000 10.916177 0.000000 0.000000 0.000000 0.242118 -0.153354 -0.876276 4.200000 -2.207275 -2.900422 -2.207275 1.000000 0.000000 0.000000 0.000000
14.802810 6.403360 4.815636 0.000000 0.000000 0.000000 0.276551 -0.320070 -0.907611 4.200000 -2.207275 -2.207275 -2.900422 1.000000 0.000000 0.000000 0.000000
14.450013 0.000000 5.351477 0.000000 0.000000 0.000000 0.206893 -0.236306 -0.648678 4.200000 -2.207275 -2.900422 -2.207275 1.000000 0.000000 0.000000 0.000000
20.612531 0.510998 5.503342 0.000000 0.000000 0.000000 0.197303 -0.256848 -0.725456 4.200000 -2.900422 -2.207275 -2.900422 1.000000 0.000000 0.000000 0.000000
17.705659 6.682468 13.184364 0.000000 0.000000 0.000000 0.115757 -0.309301 -0.659916 4.200000 -2.207275 -2.207275 -2.900422 1.000000 0.000000 0.000000 0.000000
13.577500 0.000000 11.320188 0.000000 0.000000 0.000000 0.197811 -0.347288 -0.700623 4.200000 -2.207275 -2.900422 -2.207275 1.000000 0.000000 0.000000 0.000000
19.502944 0.000000 8.485773 0.000000 0.000000 0.000000 0.121723 -0.416588 -0.808238 4.200000 -2.207275 -2.900422 -2.207275 1.000000 0.000000 0.000000 0.000000
18.319039 9.364580 8.945208 0.000000 0.000000 0.000000 -0.992574 -1.347065 -1.453412 4.200000 -2.302585 -2.659260 -2.302585 1.000000 0.000000 0.000000 0.000000
20.894957 8.602778 6.467910 0.000000 0.000000 0.000000 -0.992574 -1.347065 -1.453412 4.200000 -2.302585 -2.659260 -2.302585 1.000000 0.000000 0.000000 0.000000
16.131965 9.477793 8.809860 0.000000 0.000000 0.000000 -0.992574 -1.347065 -1.453412 4.200000 -2.302585 -2.659260 -2.302585 1.000000 0.000000 0.000000 0.000000
18.209777 9.360085 4.520966 0.000000 0.000000 0.000000 -0.992574 -1.347065 -1.453412 4.200000 -2.302585 -2.659260 -2.302585 1.000000 0.000000 0.000000 0.000000
16.147516 9.504075 5.451074 0.000000 0.000000 0.000000 -0.992574 -1.347065 -1.453412 4.200000 -2.302585 -2.659260 -2.302585 1.000000 0.000000 0.000000 0.000000
14.576873 9.028483 10.960829 0.000000 0.000000 0.000000 -0.992574 -1.347065 -1.453412 4.200000 -2.302585 -2.659260 -2.302585 1.000000 0.000000 0.000000 0.000000
20.850432 8.632827 7.524837 0.000000 0.000000 0.000000 -0.992574 -1.347065 -1.453412 4.200000 -2.302585 -2.659260 -2.302585 1.000000 0.000000 0.000000 0.000000
17.745340 9.510338 4.758486 0.000000 0.000000 0.000000 -0.992574 -1.347065 -1.453412 4.200000 -2.302585 -2.659260 -2.302585 1.000000 0.000000 0.000000 0.000000
17.352592 9.614164 6.661371 0.000000 0.000000 0.000000 -0.992574 -1.347065 -1.453412 4.200000 -2.302585 -2.659260 -2.302585 1.000000 0.000000 0.000000 0.000000
14.151712 8.914937 11.006911 0.000000 0.000000 0.000000 -0.992574 -1.347065 -1.453412 4.200000 -2.302585 -2.659260 -2.302585 1.000000 0.000000 0.000000 0.000000
15.250336 9.223730 8.005216 0.000000 0.000000 0.000000 -0.992574 -1.347065 -1.453412 4.200000 -2.302585 -2.659260 -2.302585 1.000000 0.000000 0.000000 0.000000
14.249947 8.952510 5.991191 0.000000 0.000000 0.000000 -0.992574 -1.347065 -1.453412 4.200000 -2.302585 -2.659260 -2.302585 1.000000 0.000000 0.000000 0.000000
14.117538 8.891923 6.655042 0.000000 0.000000 0.000000 -0.992574 -1.347065 -1.453412 4.200000 -2.302585 -2.659260 -2.302585 1.000000 0.000000 0.000000 0.000000
20.543156 8.691081 12.243155 0.000000 0.000000 0.000000 -0.992574 -1.347065 -1.453412 4.200000 -2.302585 -2.659260 -2.302585 1.000000 0.000000 0.000000 0.000000
14.104154 8.900069 10.855414 0.000000 0.000000 0.000000 -0.992574 -1.347065 -1.453412 4.200000 -2.302585 -2.659260 -2.302585 1.000000 0.000000 0.000000 0.000000
14.884031 9.142342 10.936545 0.000000 0.000000 0.000000 -0.992574 -1.347065 -1.453412 4.200000 -2.302585 -2.659260 -2.302585 1.000000 0.000000 0.000000 0.000000
19.075819 9.139338 7.834192 0.000000 0.000000 0.000000 -0.992574 -1.347065 -1.453412 4.200000 -2.302585 -2.659260 -2.302585 1.000000 0.000000 0.000000 0.000000
18.253647 9.365102 6.074667 0.000000 0.000000 0.000000 -0.992574 -1.347065 -1.453412 4.200000 -2.302585 -2.659260 -2.302585 1.000000 0.000000 0.000000 0.000000
17.777397 9.497743 4.343078 0.000000 0.000000 0.000000 -0.992574 -1.347065 -1.453412 4.200000 -2.302585 -2.659260 -2.302585 1.000000 0.000000 0.000000 0.000000
21.061630 8.552436 12.571934 0.000000 0.000000 0.000000 -0.992574 -1.347065 -1.453412 4.200000 -2.302585 -2.659260 -2.302585 1.000000 0.000000 0.000000 0.000000
16.868225 9.701101 6.714603 0.000000 0.000000 0.000000 -0.992574 -1.347065 -1.453412 4.200000 -2.302585 -2.659260 -2.302585 1.000000 0.000000 0.000000 0.000000
14.722398 9.096501 11.242810 0.000000 0.000000 0.000000 -0.992574 -1.347065 -1.453412 4.200000 -2.302585 -2.659260 -2.302585 1.000000 0.000000 0.000000 0.000000
13.053850 8.580648 8.986066 0.000000 0.000000 0.000000 -0.992574 -1.347065 -1.453412 4.200000 -2.302585 -2.659260 -2.302585 1.000000 0.000000 0.000000 0.000000
12.961533 8.590215 11.576048 0.000000 0.000000 0.000000 -0.992574 -1.347065 -1.453412 4.200000 -2.302585 -2.659260 -2.302585 1.000000 0.000000 0.000000 0.000000
18.040554 9.428752 8.796986 0.000000 0.000000 0.000000 -0.992574 -1.347065 -1.453412 4.200000 -2.302585 -2.659260 -2.302585 1.000000 0.000000 0.000000 0.000000
19.758130 8.949348 4.770913 0.000000 0.000000 0.000000 -0.992574 -1.347065 -1.453412 4.200000 -2.302585 -2.659260 -2.302585 1.000000 0.000000 0.000000 0.000000
13.865098 8.833970 9.938396 0.000000 0.000000 0.000000 -0.992574 -1.347065 -1.453412 4.200000 -2.302585 -2.659260 -2.302585 1.000000 0.000000 0.000000 0.000000
20.007639 8.851365 7.530393 0.000000 0.000000 0.000000 -0.992574 -1.347065 -1.453412 4.200000 -2.302585 -2.659260 -2.302585 1.000000 0.000000 0.000000 0.000000
14.057779 8.876249 4.887162 0.000000 0.000000 0.000000 -0.992574 -1.347065 -1.453412 4.200000 -2.302585 -2.659260 -2.302585 1.000000 0.000000 0.000000 0.000000
13.935124 8.866955 7.846233 0.000000 0.000000 0.000000 -0.992574 -1.347065 -1.453412 4.200000 -2.302585 -2.659260 -2.302585 1.000000 0.000000 0.000000 0.000000
14.854770 9.130983 11.530019 0.000000 0.000000 0.000000 -0.992574 -1.347065 -1.453412 4.200000 -2.302585 -2.659260 -2.302585 1.000000 0.000000 0.000000 0.000000
15.304983 9.251931 6.673688 0.000000 0.000000 0.000000 -0.992574 -1.347065 -1.453412 4.200000 -2.302585 -2.659260 -2.302585 1.000000 0.000000 0.000000 0.000000
20.269215 8.780437 4.352866 0.000000 0.000000 0.000000 -0.992574 -1.347065 -1.453412 4.200000 -2.302585 -2.659260 -2.302585 1.000000 0.000000 0.000000 0.000000
14.818339 9.116183 12.367461 0.000000 0.000000 0.000000 -0.992574 -1.347065 -1.453412 4.200000 -2.302585 -2.659260 -2.302585 1.000000 0.000000 0.000000 0.000000
15.343599 9.244419 4.314228 0.000000 0.000000 0.000000 -0.992574 -1.347065 -1.453412 4.200000 -2.302585 -2.659260 -2.302585 1.000000 0.000000 0.000000 0.000000
20.777588 8.628631 11.528862 0.000000 0.000000 0.000000 -0.992574 -1.347065 -1.453412 4.200000 -2.302585 -2.659260 -2.302585 1.000000 0.000000 0.000000 0.000000
16.563811 9.601761 4.778124 0.000000 0.000000 0.000000 -0.992574 -1.347065 -1.453412 4.200000 -2.302585 -2.659260 -2.302585 1.000000 0.000000 0.000000 0.000000
18.429808 9.296159 4.906605 0.000000 0.000000 0.000000 -0.992574 -1.347065 -1.453412 4.200000 -2.302585 -2.659260 -2.302585 1.000000 0.000000 0.000000 0.000000
13.313917 1.785821 6.922445 0.000000 0.000000 0.000000 -1.488861 -0.496287 -0.070898 4.800000 -2.813411 -2.525729 -2.813411 1.000000 0.000000 0.000000 0.000000
13.313917 2.038708 6.350417 0.000000 0.000000 0.000000 -1.488861 -0.496287 -0.070898 4.800000 -2.813411 -2.525729 -2.813411 1.000000 0.000000 0.000000 0.000000
13.313917 1.932867 6.989573 0.000000 0.000000 0.000000 -1.488861 -0.496287 -0.070898 4.800000 -2.813411 -2.525729 -2.813411 1.000000 0.000000 0.000000 0.000000
13.313917 1.400586 6.405870 0.000000 0.000000 0.000000 -1.488861 -0.496287 -0.070898 4.800000 -2.813411 -2.525729 -2.813411 1.000000 0.000000 0.000000 0.000000
13.313917 1.361533 8.804291 0.000000 0.000000 0.000000 -1.488861 -0.496287 -0.070898 4.800000 -2.813411 -2.525729 -2.813411 1.000000 0.000000 0.000000 0.000000
13.313917 1.492717 8.659888 0.000000 0.000000 0.000000 -1.488861 -0.496287 -0.070898 4.800000 -2.813411 -2.525729 -2.813411 1.000000 0.000000 0.000000 0.000000
13.313917 1.326206 9.428175 0.000000 0.000000 0.000000 -1.488861 -0.496287 -0.070898 4.800000 -2.813411 -2.525729 -2.813411 1.000000 0.000000 0.000000 0.000000
13.313917 2.029731 8.853289 0.000000 0.000000 0.000000 -1.488861 -0.496287 -0.070898 4.800000 -2.813411 -2.525729 -2.813411 1.000000 0.000000 0.000000 0.000000
13.313917 1.714363 11.117932 0.000000 0.000000 0.000000 -1.488861 -0.496287 -0.070898 4.800000 -2.813411 -2.525729 -2.813411 1.000000 0.000000 0.000000 0.000000
13.313917 1.683944 11.791008 0.000000 0.000000 0.000000 -1.488861 -0.496287 -0.070898 4.800000 -2.813411 -2.525729 -2.813411 1.000000 0.000000 0.000000 0.000000
13.313917 1.514248 11.414612 0.000000 0.000000 0.000000 -1.488861 -0.496287 -0.070898 4.800000 -2.813411 -2.525729 -2.813411 1.000000 0.000000 0.000000 0.000000
13.313917 1.675568 11.235566 0.000000 0.000000 0.000000 -1.488861 -0.496287 -0.070898 4.800000 -2.813411 -2.525729 -2.813411 1.000000 0.000000 0.000000 0.000000
13.313917 3.758733 6.906083 0.000000 0.000000 0.000000 -1.488861 -0.496287 -0.070898 4.800000 -2.813411 -2.525729 -2.813411 1.000000 0.000000 0.000000 0.000000
13.313917 3.703950 6.594589 0.000000 0.000000 0.000000 -1.488861 -0.496287 -0.070898 4.800000 -2.813411 -2.525729 -2.813411 1.000000 0.000000 0.000000 0.000000
13.313917 4.058127 6.632281 0.000000 0.000000 0.000000 -1.488861 -0.496287 -0.070898 4.800000 -2.813411 -2.525729 -2.813411 1.000000 0.000000 0.000000 0.000000
13.313917 4.169389 6.299210 0.000000 0.000000 0.000000 -1.488861 -0.496287 -0.070898 4.800000 -2.813411 -2.525729 -2.813411 1.000000 0.000000 0.000000 0.000000
13.313917 4.086962 8.639315 0.000000 0.000000 0.000000 -1.488861 -0.496287 -0.070898 4.800000 -2.813411 -2.525729 -2.813411 1.000000 0.000000 0.000000 0.000000
13.313917 3.695135 8.795259 0.000000 0.000000 0.000000 -1.488861 -0.496287 -0.070898 4.800000 -2.813411 -2.525729 -2.813411 1.000000 0.000000 0.000000 0.000000
13.313917 3.602318 8.790948 0.000000 0.000000 0.000000 -1.488861 -0.496287 -0.070898 4.800000 -2.813411 -2.525729 -2.813411 1.000000 0.000000 0.000000 0.000000
13.313917 3.448082 8.893162 0.000000 0.000000 0.000000 -1.488861 -0.496287 -0.070898 4.800000 -2.813411 -2.525729 -2.813411 1.000000 0.000000 0.000000 0.000000
13.313917 4.020866 11.614520 0.000000 0.000000 0.000000 -1.488861 -0.496287 -0.070898 4.800000 -2.813411 -2.525729 -2.813411 1.000000 0.000000 0.000000 0.000000
13.313917 3.445716 11.811660 0.000000 0.000000 0.000000 -1.488861 -0.496287 -0.070898 4.800000 -2.813411 -2.525729 -2.813411 1.000000 0.000000 0.000000 0.000000
13.313917 3.881789 10.840077 0.000000 0.000000 0.000000 -1.488861 -0.496287 -0.070898 4.800000 -2.813411 -2.525729 -2.813411 1.000000 0.000000 0.000000 0.000000
13.313917 4.158996 11.646282 0.000000 0.000000 0.000000 -1.488861 -0.496287 -0.070898 4.800000 -2.813411 -2.525729 -2.813411 1.000000 0.000000 0.000000 0.000000
13.857049 5.404942 25.150998 0.000000 0.000000 0.000000 0.617237 -0.004623 -0.806016 4.200000 -2.207275 -2.207275 -2.900422 1.000000 0.000000 0.000000 0.000000
15.733333 0.000000 23.087299 0.000000 0.000000 0.000000 0.586892 -0.029663 -0.702015 4.200000 -2.207275 -2.900422 -2.207275 1.000000 0.000000 0.000000 0.000000
18.614837 1.187347 16.849002 0.000000 0.000000 0.000000 0.609261 -0.063152 -0.720659 4.200000 -2.207275 -2.207275 -2.900422 1.000000 0.000000 0.000000 0.000000
15.865625 0.000000 20.953222 0.000000 0.000000 0.000000 0.452858 0.092396 -0.590367 4.200000 -2.207275 -2.900422 -2.207275 1.000000 0.000000 0.000000 0.000000
16.112058 0.000000 20.573894 0.000000 0.000000 0.000000 0.407471 -0.069324 -0.590651 4.200000 -2.207275 -2.900422 -2.207275 1.000000 0.000000 0.000000 0.000000
12.388612 2.071358 19.425216 0.000000 0.000000 0.000000 0.452998 -0.039663 -0.688880 4.200000 -2.900422 -2.207275 -2.900422 1.000000 0.000000 0.000000 0.000000
15.236161 8.897895 23.799061 0.000000 0.000000 0.000000 0.589421 0.060505 -0.750137 4.200000 -2.207275 -2.900422 -2.207275 1.000000 0.000000 0.000000 0.000000
15.383750 0.000000 21.394707 0.000000 0.000000 0.000000 0.456446 0.050585 -0.674348 4.200000 -2.207275 -2.900422 -2.207275 1.000000 0.000000 0.000000 0.000000
12.388612 6.831585 23.584219 0.000000 0.000000 0.000000 0.668246 0.069749 -0.590192 4.200000 -2.900422 -2.207275 -2.900422 1.000000 0.000000 0.000000 0.000000
12.388612 2.302205 21.400069 0.000000 0.000000 0.000000 0.545324 0.064566 -0.579114 4.200000 -2.900422 -2.207275 -2.900422 1.000000 0.000000 0.000000 0.000000
12.388612 4.412154 21.440443 0.000000 0.000000 0.000000 0.505936 0.033952 -0.622394 4.200000 -2.900422 -2.207275 -2.900422 1.000000 0.000000 0.000000 0.000000
17.763476 8.897895 20.794522 0.000000 0.000000 0.000000 0.669089 0.061469 -0.790723 4.200000 -2.207275 -2.900422 -2.207275 1.000000 0.000000 0.000000 0.000000
15.649300 0.717520 25.150998 0.000000 0.000000 0.000000 0.648742 -0.123154 -0.542885 4.200000 -2.207275 -2.207275 -2.900422 1.000000 0.000000 0.000000 0.000000
20.381700 8.897895 16.898470 0.000000 0.000000 0.000000 0.614721 -0.133187 -0.567052 4.200000 -2.207275 -2.900422 -2.207275 1.000000 0.000000 0.000000 0.000000
21.027609 6.590819 19.850908 0.000000 0.000000 0.000000 0.575334 0.053945 -0.740019 4.200000 -2.900422 -2.207275 -2.900422 1.000000 0.000000 0.000000 0.000000
21.027609 2.821538 22.946908 0.000000 0.000000 0.000000 0.592686 -0.040683 -0.787429 4.200000 -2.900422 -2.207275 -2.900422 1.000000 0.000000 0.000000 0.000000
14.542184 5.808083 16.849002 0.000000 0.000000 0.000000 0.659329 -0.079338 -0.541516 4.200000 -2.207275 -2.207275 -2.900422 1.000000 0.000000 0.000000 0.000000
15.116883 8.897895 18.103561 0.000000 0.000000 0.000000 0.504456 -0.045435 -0.780131 4.200000 -2.207275 -2.900422 -2.207275 1.000000 0.000000 0.000000 0.000000
16.225439 0.000000 17.577279 0.000000 0.000000 0.000000 0.521112 -0.154469 -0.604316 4.200000 -2.207275 -2.900422 -2.207275 1.000000 0.000000 0.000000 0.000000
15.426942 3.942547 16.849002 0.000000 0.000000 0.000000 0.413088 -0.128202 -0.802844 4.200000 -2.207275 -2.207275 -2.900422 1.000000 0.000000 0.000000 0.000000
19.360659 1.416902 25.150998 0.000000 0.000000 0.000000 0.582661 -0.062122 -0.667800 4.200000 -2.207275 -2.207275 -2.900422 1.000000 0.000000 0.000000 0.000000
12.582364 3.764776 16.849002 0.000000 0.000000 0.000000 0.452776 -0.017649 -0.738320 4.200000 -2.207275 -2.207275 -2.900422 1.000000 0.000000 0.000000 0.000000
19.322674 6.869352 16.849002 0.000000 0.000000 0.000000 0.400187 -0.116592 -0.598396 4.200000 -2.207275 -2.207275 -2.900422 1.000000 0.000000 0.000000 0.000000
12.388612 2.955492 18.653421 0.000000 0.000000 0.000000 0.541624 0.041505 -0.545830 4.200000 -2.900422 -2.207275 -2.900422 1.000000 0.000000 0.000000 0.000000
14.848394 8.897895 20.161682 0.000000 0.000000 0.000000 0.638584 -0.043695 -0.763188 4.200000 -2.207275 -2.900422 -2.207275 1.000000 0.000000 0.000000 0.000000
12.388612 4.858723 17.479039 0.000000 0.000000 0.000000 0.561534 -0.130718 -0.545222 4.200000 -2.900422 -2.207275 -2.900422 1.000000 0.000000 0.000000 0.000000
18.914169 8.897895 22.053496 0.000000 0.000000 0.000000 0.594651 0.080271 -0.664893 4.200000 -2.207275 -2.900422 -2.207275 1.000000 0.000000 0.000000 0.000000
17.713394 8.897895 22.036221 0.000000 0.000000 0.000000 0.661017 0.096879 -0.606376 4.200000 -2.207275 -2.900422 -2.207275 1.000000 0.000000 0.000000 0.000000
15.000312 8.897895 23.043137 0.000000 0.000000 0.000000 0.454576 -0.168461 -0.536234 4.200000 -2.207275 -2.900422 -2.207275 1.000000 0.000000 0.000000 0.000000
15.256586 2.663498 16.849002 0.000000 0.000000 0.000000 0.422979 -0.036330 -0.737594 4.200000 -2.207275 -2.207275 -2.900422 1.000000 0.000000 0.000000 0.000000
12.388612 8.228670 20.340392 0.000000 0.000000 0.000000 0.453184 -0.027479 -0.638426 4.200000 -2.900422 -2.207275 -2.900422 1.000000 0.000000 0.000000 0.000000
16.942024 0.495543 25.150998 0.000000 0.000000 0.000000 0.507290 -0.149490 -0.593258 4.200000 -2.207275 -2.207275 -2.900422 1.000000 0.000000 0.000000 0.000000
14.795052 8.897895 21.386959 0.000000 0.000000 0.000000 0.391457 0.036912 -0.534622 4.200000 -2.207275 -2.900422 -2.207275 1.000000 0.000000 0.000000 0.000000
12.388612 0.451738 21.174199 0.000000 0.000000 0.000000 0.531983 -0.018262 -0.679527 4.200000 -2.900422 -2.207275 -2.900422 1.000000 0.000000 0.000000 0.000000
12.388612 3.607008 17.833324 0.000000 0.000000 0.000000 0.474138 -0.115243 -0.773189 4.200000 -2.900422 -2.207275 -2.900422 1.000000 0.000000 0.000000 0.000000
18.180631 8.897895 23.196381 0.000000 0.000000 0.000000 0.588716 0.007436 -0.643281 4.200000 -2.207275 -2.900422 -2.207275 1.000000 0.000000 0.000000 0.000000
12.388612 4.818466 16.873640 0.000000 0.000000 0.000000 0.579363 0.043734 -0.580585 4.200000 -2.900422 -2.207275 -2.900422 1.000000 0.000000 0.000000 0.000000
13.760814 7.897107 16.849002 0.000000 0.000000 0.000000 0.525557 -0.159614 -0.578578 4.200000 -2.207275 -2.207275 -2.900422 1.000000 0.000000 0.000000 0.000000
14.940791 8.897895 23.703450 0.000000 0.000000 0.000000 0.483306 -0.120810 -0.656591 4.200000 -2.207275 -2.900422 -2.207275 1.000000 0.000000 0.000000 0.000000
12.400060 0.000000 24.749570 0.000000 0.000000 0.000000 0.661961 -0.170056 -0.695920 4.200000 -2.207275 -2.900422 -2.207275 1.000000 0.000000 0.000000 0.000000
12.652414 0.000000 20.584671 0.000000 0.000000 0.000000 0.670775 -0.152509 -0.551138 4.200000 -2.207275 -2.900422 -2.207275 1.000000 0.000000 0.000000 0.000000
19.084997 8.897895 17.177574 0.000000 0.000000 0.000000 0.554666 -0.060943 -0.605805 4.200000 -2.207275 -2.900422 -2.207275 1.000000 0.000000 0.000000 0.000000
20.537058 5.495295 25.150998 0.000000 0.000000 0.000000 0.573152 0.035643 -0.644306 4.200000 -2.207275 -2.207275 -2.900422 1.000000 0.000000 0.000000 0.000000
19.477719 8.897895 23.833607 0.000000 0.000000 0.000000 0.587546 -0.073804 -0.613286 4.200000 -2.207275 -2.900422 -2.207275 1.000000 0.000000 0.000000 0.000000
15.058263 0.000000 20.671933 0.000000 0.000000 0.000000 0.524324 -0.094464 -0.763926 4.200000 -2.207275 -2.900422 -2.207275 1.000000 0.000000 0.000000 0.000000
20.461980 7.169043 16.849002 0.000000 0.000000 0.000000 0.462103 0.015690 -0.612760 4.200000 -2.207275 -2.207275 -2.900422 1.000000 0.000000 0.000000 0.000000
17.700258 8.897895 23.829141 0.000000 0.000000 0.000000 0.523302 -0.076675 -0.541217 4.200000 -2.207275 -2.900422 -2.207275 1.000000 0.000000 0.000000 0.000000
12.388612 3.912611 23.142033 0.000000 0.000000 0.000000 0.456462 -0.082241 -0.790672 4.200000 -2.900422 -2.207275 -2.900422 1.000000 0.000000 0.000000 0.000000
17.487006 8.897895 17.870223 0.000000 0.000000 0.000000 0.456078 -0.133712 -0.648901 4.200000 -2.207275 -2.900422 -2.207275 1.000000 0.000000 0.000000 0.000000
20.642544 8.897895 20.204747 0.000000 0.000000 0.000000 0.594007 0.013319 -0.708608 4.200000 -2.207275 -2.900422 -2.207275 1.000000 0.000000 0.000000 0.000000
21.027609 0.876947 17.249205 0.000000 0.000000 0.000000 0.615308 0.004273 -0.668664 4.200000 -2.900422 -2.207275 -2.900422 1.000000 0.000000 0.000000 0.000000
20.674334 0.000000 21.134290 0.000000 0.000000 0.000000 0.399145 -0.160910 -0.684631 4.200000 -2.207275 -2.900422 -2.207275 1.000000 0.000000 0.000000 0.000000
21.027609 5.064401 21.046457 0.000000 0.000000 0.000000 0.487324 -0.134824 -0.597692 4.200000 -2.900422 -2.207275 -2.900422 1.000000 0.000000 0.000000 0.000000
15.905896 7.662743 25.150998 0.000000 0.000000 0.000000 0.432251 -0.107650 -0.624960 4.200000 -2.207275 -2.207275 -2.900422 1.000000 0.000000 0.000000 0.000000
12.388612 0.015988 22.103770 0.000000 0.000000 0.000000 0.504229 -0.039106 -0.579953 4.200000 -2.900422 -2.207275 -2.900422 1.000000 0.000000 0.000000 0.000000
13.672088 0.000000 21.737831 0.000000 0.000000 0.000000 0.614115 0.007503 -0.586905 4.200000 -2.207275 -2.900422 -2.207275 1.000000 0.000000 0.000000 0.000000
18.238905 1.245542 16.849002 0.000000 0.000000 0.000000 0.475737 0.048642 -0.553785 4.200000 -2.207275 -2.207275 -2.900422 1.000000 0.000000 0.000000 0.000000
21.027609 0.005261 18.690500 0.000000 0.000000 0.000000 0.609818 0.100182 -0.689063 4.200000 -2.900422 -2.207275 -2.900422 1.000000 0.000000 0.000000 0.000000
21.027609 6.568148 23.663030 0.000000 0.000000 0.000000 0.562495 0.053912 -0.532410 4.200000 -2.900422 -2.207275 -2.900422 1.000000 0.000000 0.000000 0.000000
21.027609 2.300275 20.060723 0.000000 0.000000 0.000000 0.596987 -0.044055 -0.687965 4.200000 -2.900422 -2.207275 -2.900422 1.000000 0.000000 0.000000 0.000000
12.388612 8.446758 17.806615 0.000000 0.000000 0.000000 0.608843 -0.080802 -0.694103 4.200000 -2.900422 -2.207275 -2.900422 1.000000 0.000000 0.000000 0.000000
12.388612 6.945993 17.105777 0.000000 0.000000 0.000000 0.603606 -0.043469 -0.583082 4.200000 -2.900422 -2.207275 -2.900422 1.000000 0.000000 0.000000 0.000000
17.503491 8.064060 25.150998 0.000000 0.000000 0.000000 0.661990 0.081338 -0.726056 4.200000 -2.207275 -2.207275 -2.900422 1.000000 0.000000 0.000000 0.000000
21.027609 0.735640 21.582880 0.000000 0.000000 0.000000 0.430930 -0.098582 -0.540235 4.200000 -2.900422 -2.207275 -2.900422 1.000000 0.000000 0.000000 0.000000
21.027609 1.470206 18.211938 0.000000 0.000000 0.000000 0.488903 0.078598 -0.750435 4.200000 -2.900422 -2.207275 -2.900422 1.000000 0.000000 0.000000 0.000000
18.381733 3.921467 16.849002 0.000000 0.000000 0.000000 0.392500 -0.022362 -0.577110 4.200000 -2.207275 -2.207275 -2.900422 1.000000 0.000000 0.000000 0.000000
21.027609 6.523838 18.712624 0.000000 0.000000 0.000000 0.514479 -0.109774 -0.652408 4.200000 -2.900422 -2.207275 -2.900422 1.000000 0.000000 0.000000 0.000000
20.939919 8.897895 20.377887 0.000000 0.000000 0.000000 0.428665 0.061655 -0.542621 4.200000 -2.207275 -2.900422 -2.207275 1.000000 0.000000 0.000000 0.000000
12.388612 2.710471 17.262057 0.000000 0.000000 0.000000 0.604080 -0.007069 -0.698076 4.200000 -2.900422 -2.207275 -2.900422 1.000000 0.000000 0.000000 0.000000
15.847403 0.000000 22.919818 0.000000 0.000000 0.000000 0.502079 -0.037937 -0.647297 4.200000 -2.207275 -2.900422 -2.207275 1.000000 0.000000 0.000000 0.000000
13.810546 8.897895 20.070245 0.000000 0.000000 0.000000 0.551998 0.025651 -0.698579 4.200000 -2.207275 -2.900422 -2.207275 1.000000 0.000000 0.000000 0.000000
21.027609 2.314599 23.205527 0.000000 0.000000 0.000000 0.495292 0.061140 -0.628029 4.200000 -2.900422 -2.207275 -2.900422 1.000000 0.000000 0.000000 0.000000
20.895322 0.000000 21.770460 0.000000 0.000000 0.000000 0.513316 -0.092793 -0.799661 4.200000 -2.207275 -2.900422 -2.207275 1.000000 0.000000 0.000000 0.000000
21.027609 2.850144 20.931687 0.000000 0.000000 0.000000 0.446240 0.012364 -0.776706 4.200000 -2.900422 -2.207275 -2.900422 1.000000 0.000000 0.000000 0.000000
20.241289 8.897895 19.802429 0.000000 0.000000 0.000000 0.426464 -0.054909 -0.726551 4.200000 -2.207275 -2.900422 -2.207275 1.000000 0.000000 0.000000 0.000000
14.554843 8.897895 20.204796 0.000000 0.000000 0.000000 0.553986 -0.103185 -0.665012 4.200000 -2.207275 -2.900422 -2.207275 1.000000 0.000000 0.000000 0.000000
17.756945 8.423621 25.150998 0.000000 0.000000 0.000000 0.463628 -0.137492 -0.533165 4.200000 -2.207275 -2.207275 -2.900422 1.000000 0.000000 0.000000 0.000000
20.227074 4.253109 16.849002 0.000000 0.000000 0.000000 0.659310 -0.168163 -0.771565 4.200000 -2.207275 -2.207275 -2.900422 1.000000 0.000000 0.000000 0.000000
12.890878 1.361861 25.150998 0.000000 0.000000 0.000000 0.445437 0.007486 -0.589402 4.200000 -2.207275 -2.207275 -2.900422 1.000000 0.000000 0.000000 0.000000
18.474717 5.464044 16.849002 0.000000 0.000000 0.000000 0.421065 -0.087731 -0.629887 4.200000 -2.207275 -2.207275 -2.900422 1.000000 0.000000 0.000000 0.000000
12.388612 6.646812 24.330974 0.000000 0.000000 0.000000 0.673167 0.070397 -0.608342 4.200000 -2.900422 -2.207275 -2.900422 1.000000 0.000000 0.000000 0.000000
18.245056 8.897895 23.889441 0.000000 0.000000 0.000000 0.458736 -0.078939 -0.557852 4.200000 -2.207275 -2.900422 -2.207275 1.000000 0.000000 0.000000 0.000000
21.027609 3.217322 21.886791 0.000000 0.000000 0.000000 0.447700 0.096123 -0.725574 4.200000 -2.900422 -2.207275 -2.900422 1.000000 0.000000 0.000000 0.000000
21.027609 1.733720 22.057618 0.000000 0.000000 0.000000 0.535614 -0.097441 -0.758892 4.200000 -2.900422 -2.207275 -2.900422 1.000000 0.000000 0.000000 0.000000
21.891086 8.952894 23.925429 0.000000 0.000000 0.000000 -0.992574 -1.347065 -1.453412 4.200000 -2.302585 -2.659260 -2.302585 1.000000 0.000000 0.000000 0.000000
15.196325 9.853172 25.290776 0.000000 0.000000 0.000000 -0.992574 -1.347065 -1.453412 4.200000 -2.302585 -2.659260 -2.302585 1.000000 0.000000 0.000000 0.000000
19.707072 9.477564 23.076553 0.000000 0.000000 0.000000 -0.992574 -1.347065 -1.453412 4.200000 -2.302585 -2.659260 -2.302585 1.000000 0.000000 0.000000 0.000000
21.437103 9.044378 19.860738 0.000000 0.000000 0.000000 -0.992574 -1.347065 -1.453412 4.200000 -2.302585 -2.659260 -2.302585 1.000000 0.000000 0.000000 0.000000
16.398874 10.109727 24.024642 0.000000 0.000000 0.000000 -0.992574 -1.347065 -1.453412 4.200000 -2.302585 -2.659260 -2.302585 1.000000 0.000000 0.000000 0.000000
13.144096 9.320240 19.969706 0.000000 0.000000 0.000000 -0.992574 -1.347065 -1.453412 4.200000 -2.302585 -2.659260 -2.302585 1.000000 0.000000 0.000000 0.000000
14.596528 9.704963 20.198521 0.000000 0.000000 0.000000 -0.992574 -1.347065 -1.453412 4.200000 -2.302585 -2.659260 -2.302585 1.000000 0.000000 0.000000 0.000000
21.293393 9.110940 17.197962 0.000000 0.000000 0.000000 -0.992574 -1.347065 -1.453412 4.200000 -2.302585 -2.659260 -2.302585 1.000000 0.000000 0.000000 0.000000
16.608211 10.172232 22.498927 0.000000 0.000000 0.000000 -0.992574 -1.347065 -1.453412 4.200000 -2.302585 -2.659260 -2.302585 1.000000 0.000000 0.000000 0.000000
21.727092 9.005893 16.257131 0.000000 0.000000 0.000000 -0.992574 -1.347065 -1.453412 4.200000 -2.302585 -2.659260 -2.302585 1.000000 0.000000 0.000000 0.000000
14.989521 9.779710 24.081642 0.000000 0.000000 0.000000 -0.992574 -1.347065 -1.453412 4.200000 -2.302585 -2.659260 -2.302585 1.000000 0.000000 0.000000 0.000000
15.798693 9.966470 19.210798 0.000000 0.000000 0.000000 -0.992574 -1.347065 -1.453412 4.200000 -2.302585 -2.659260 -2.302585 1.000000 0.000000 0.000000 0.000000
17.179275 10.090487 19.878710 0.000000 0.000000 0.000000 -0.992574 -1.347065 -1.453412 4.200000 -2.302585 -2.659260 -2.302585 1.000000 0.000000 0.000000 0.000000
21.136756 9.150562 23.911647 0.000000 0.000000 0.000000 -0.992574 -1.347065 -1.453412 4.200000 -2.302585 -2.659260 -2.302585 1.000000 0.000000 0.000000 0.000000
17.994643 9.883892 21.147888 0.000000 0.000000 0.000000 -0.992574 -1.347065 -1.453412 4.200000 -2.302585 -2.659260 -2.302585 1.000000 0.000000 0.000000 0.000000
18.680368 9.709809 22.521013 0.000000 0.000000 0.000000 -0.992574 -1.347065 -1.453412 4.200000 -2.302585 -2.659260 -2.302585 1.000000 0.000000 0.000000 0.000000
11.815171 9.017303 25.057831 0.000000 0.000000 0.000000 -0.992574 -1.347065 -1.453412 4.200000 -2.302585 -2.659260 -2.302585 1.000000 0.000000 0.000000 0.000000
11.366103 8.896177 25.724308 0.000000 0.000000 0.000000 -0.992574 -1.347065 -1.453412 4.200000 -2.302585 -2.659260 -2.302585 1.000000 0.000000 0.000000 0.000000
19.507523 9.523818 21.433994 0.000000 0.000000 0.000000 -0.992574 -1.347065 -1.453412 4.200000 -2.302585 -2.659260 -2.302585 1.000000 0.000000 0.000000 0.000000
14.085542 9.548433 21.422816 0.000000 0.000000 0.000000 -0.992574 -1.347065 -1.453412 4.200000 -2.302585 -2.659260 -2.302585 1.000000 0.000000 0.000000 0.000000
13.644804 9.461177 17.762352 0.000000 0.000000 0.000000 -0.992574 -1.347065 -1.453412 4.200000 -2.302585 -2.659260 -2.302585 1.000000 0.000000 0.000000 0.000000
19.964074 9.422456 17.971708 0.000000 0.000000 0.000000 -0.992574 -1.347065 -1.453412 4.200000 -2.302585 -2.659260 -2.302585 1.000000 0.000000 0.000000 0.000000
16.196783 10.090063 17.022240 0.000000 0.000000 0.000000 -0.992574 -1.347065 -1.453412 4.200000 -2.302585 -2.659260 -2.302585 1.000000 0.000000 0.000000 0.000000
12.342745 9.129967 20.880212 0.000000 0.000000 0.000000 -0.992574 -1.347065 -1.453412 4.200000 -2.302585 -2.659260 -2.302585 1.000000 0.000000 0.000000 0.000000
19.951326 9.402643 17.402052 0.000000 0.000000 0.000000 -0.992574 -1.347065 -1.453412 4.200000 -2.302585 -2.659260 -2.302585 1.000000 0.000000 0.000000 0.000000
20.423884 9.302577 17.866973 0.000000 0.000000 0.000000 -0.992574 -1.347065 -1.453412 4.200000 -2.302585 -2.659260 -2.302585 1.000000 0.000000 0.000000 0.000000
17.173549 10.094821 25.517992 0.000000 0.000000 0.000000 -0.992574 -1.347065 -1.453412 4.200000 -2.302585 -2.659260 -2.302585 1.000000 0.000000 0.000000 0.000000
17.722985 9.934609 18.171990 0.000000 0.000000 0.000000 -0.992574 -1.347065 -1.453412 4.200000 -2.302585 -2.659260 -2.302585 1.000000 0.000000 0.000000 0.000000
17.939735 9.898314 24.063226 0.000000 0.000000 0.000000 -0.992574 -1.347065 -1.453412 4.200000 -2.302585 -2.659260 -2.302585 1.000000 0.000000 0.000000 0.000000
14.583317 9.702723 22.138507 0.000000 0.000000 0.000000 -0.992574 -1.347065 -1.453412 4.200000 -2.302585 -2.659260 -2.302585 1.000000 0.000000 0.000000 0.000000
17.022055 10.122863 18.987477 0.000000 0.000000 0.000000 -0.992574 -1.347065 -1.453412 4.200000 -2.302585 -2.659260 -2.302585 1.000000 0.000000 0.000000 0.000000
16.185067 10.081559 20.378302 0.000000 0.000000 0.000000 -0.992574 -1.347065 -1.453412 4.200000 -2.302585 -2.659260 -2.302585 1.000000 0.000000 0.000000 0.000000
18.216355 9.844634 23.307614 0.000000 0.000000 0.000000 -0.992574 -1.347065 -1.453412 4.200000 -2.302585 -2.659260 -2.302585 1.000000 0.000000 0.000000 0.000000
11.812573 9.005365 19.663179 0.000000 0.000000 0.000000 -0.992574 -1.347065 -1.453412 4.200000 -2.302585 -2.659260 -2.302585 1.000000 0.000000 0.000000 0.000000
17.871039 9.915669 20.276438 0.000000 0.000000 0.000000 -0.992574 -1.347065 -1.453412 4.200000 -2.302585 -2.659260 -2.302585 1.000000 0.000000 0.000000 0.000000
12.128543 9.092544 23.845594 0.000000 0.000000 0.000000 -0.992574 -1.347065 -1.453412 4.200000 -2.302585 -2.659260 -2.302585 1.000000 0.000000 0.000000 0.000000
18.902274 9.669857 18.402776 0.000000 0.000000 0.000000 -0.992574 -1.347065 -1.453412 4.200000 -2.302585 -2.659260 -2.302585 1.000000 0.000000 0.000000 0.000000
15.204766 9.841653 22.153605 0.000000 0.000000 0.000000 -0.992574 -1.347065 -1.453412 4.200000 -2.302585 -2.659260 -2.302585 1.000000 0.000000 0.000000 0.000000
12.338612 1.841956 18.807982 0.000000 0.000000 0.000000 -1.488861 -0.496287 -0.070898 4.800000 -2.813411 -2.525729 -2.813411 1.000000 0.000000 0.000000 0.000000
12.338612 2.074607 18.537253 0.000000 0.000000 0.000000 -1.488861 -0.496287 -0.070898 4.800000 -2.813411 -2.525729 -2.813411 1.000000 0.000000 0.000000 0.000000
12.338612 1.896700 18.401767 0.000000 0.000000 0.000000 -1.488861 -0.496287 -0.070898 4.800000 -2.813411 -2.525729 -2.813411 1.000000 0.000000 0.000000 0.000000
12.338612 1.368267 19.242842 0.000000 0.000000 0.000000 -1.488861 -0.496287 -0.070898 4.800000 -2.813411 -2.525729 -2.813411 1.000000 0.000000 0.000000 0.000000
12.338612 1.965129 21.410456 0.000000 0.000000 0.000000 -1.488861 -0.496287 -0.070898 4.800000 -2.813411 -2.525729 -2.813411 1.000000 0.000000 0.000000 0.000000
12.338612 1.384346 21.433292 0.000000 0.000000 0.000000 -1.488861 -0.496287 -0.070898 4.800000 -2.813411 -2.525729 -2.813411 1.000000 0.000000 0.000000 0.000000
12.338612 1.539549 21.269863 0.000000 0.000000 0.000000 -1.488861 -0.496287 -0.070898 4.800000 -2.813411 -2.525729 -2.813411 1.000000 0.000000 0.000000 0.000000
12.338612 1.765952 21.277805 0.000000 0.000000 0.000000 -1.488861 -0.496287 -0.070898 4.800000 -2.813411 -2.525729 -2.813411 1.000000 0.000000 0.000000 0.000000
12.338612 1.894541 23.553237 0.000000 0.000000 0.000000 -1.488861 -0.496287 -0.070898 4.800000 -2.813411 -2.525729 -2.813411 1.000000 0.000000 0.000000 0.000000
12.338612 1.721821 23.492918 0.000000 0.000000 0.000000 -1.488861 -0.496287 -0.070898 4.800000 -2.813411 -2.525729 -2.813411 1.000000 0.000000 0.000000 0.000000
12.338612 1.630732 23.304114 0.000000 0.000000 0.000000 -1.488861 -0.496287 -0.070898 4.800000 -2.813411 -2.525729 -2.813411 1.000000 0.000000 0.000000 0.000000
12.338612 2.067997 23.809551 0.000000 0.000000 0.000000 -1.488861 -0.496287 -0.070898 4.800000 -2.813411 -2.525729 -2.813411 1.000000 0.000000 0.000000 0.000000
12.338612 3.905427 18.264359 0.000000 0.000000 0.000000 -1.488861 -0.496287 -0.070898 4.800000 -2.813411 -2.525729 -2.813411 1.000000 0.000000 0.000000 0.000000
12.338612 4.043561 18.609134 0.000000 0.000000 0.000000 -1.488861 -0.496287 -0.070898 4.800000 -2.813411 -2.525729 -2.813411 1.000000 0.000000 0.000000 0.000000
12.338612 3.707721 18.164848 0.000000 0.000000 0.000000 -1.488861 -0.496287 -0.070898 4.800000 -2.813411 -2.525729 -2.813411 1.000000 0.000000 0.000000 0.000000
12.338612 3.714227 18.964142 0.000000 0.000000 0.000000 -1.488861 -0.496287 -0.070898 4.800000 -2.813411 -2.525729 -2.813411 1.000000 0.000000 0.000000 0.000000
12.338612 4.158142 21.166683 0.000000 0.000000 0.000000 -1.488861 -0.496287 -0.070898 4.800000 -2.813411 -2.525729 -2.813411 1.000000 0.000000 0.000000 0.000000
12.338612 3.470762 21.389663 0.000000 0.000000 0.000000 -1.488861 -0.496287 -0.070898 4.800000 -2.813411 -2.525729 -2.813411 1.000000 0.000000 0.000000 0.000000
12.338612 3.870244 20.561672 0.000000 0.000000 0.000000 -1.488861 -0.496287 -0.070898 4.800000 -2.813411 -2.525729 -2.813411 1.000000 0.000000 0.000000 0.000000
12.338612 3.624847 21.362245 0.000000 0.000000 0.000000 -1.488861 -0.496287 -0.070898 4.800000 -2.813411 -2.525729 -2.813411 1.000000 0.000000 0.000000 0.000000
12.338612 4.164339 23.409939 0.000000 0.000000 0.000000 -1.488861 -0.496287 -0.070898 4.800000 -2.813411 -2.525729 -2.813411 1.000000 0.000000 0.000000 0.000000
12.338612 3.908002 23.472106 0.000000 0.000000 0.000000 -1.488861 -0.496287 -0.070898 4.800000 -2.813411 -2.525729 -2.813411 1.000000 0.000000 0.000000 0.000000
12.338612 3.681061 23.758912 0.000000 0.000000 0.000000 -1.488861 -0.496287 -0.070898 4.800000 -2.813411 -2.525729 -2.813411 1.000000 0.000000 0.000000 0.000000
12.338612 3.684063 23.076280 0.000000 0.000000 0.000000 -1.488861 -0.496287 -0.070898 4.800000 -2.813411 -2.525729 -2.813411 1.000000 0.000000 0.000000 0.000000
12.628491 5.758764 32.650389 0.000000 0.000000 0.000000 0.822732 0.180609 -0.448915 4.200000 -2.900422 -2.207275 -2.900422 1.000000 0.000000 0.000000 0.000000
15.653738 1.281574 37.209451 0.000000 0.000000 0.000000 0.722760 0.365711 -0.401144 4.200000 -2.207275 -2.207275 -2.900422 1.000000 0.000000 0.000000 0.000000
15.695937 8.099078 37.209451 0.000000 0.000000 0.000000 0.745135 0.414310 -0.261523 4.200000 -2.207275 -2.207275 -2.900422 1.000000 0.000000 0.000000 0.000000
20.838311 2.692281 31.593213 0.000000 0.000000 0.000000 0.833396 0.386607 -0.380888 4.200000 -2.900422 -2.207275 -2.900422 1.000000 0.000000 0.000000 0.000000
19.675308 0.000000 34.033268 0.000000 0.000000 0.000000 0.873925 0.262764 -0.477810 4.200000 -2.207275 -2.900422 -2.207275 1.000000 0.000000 0.000000 0.000000
19.344364 6.741716 37.209451 0.000000 0.000000 0.000000 0.910632 0.180675 -0.475409 4.200000 -2.207275 -2.207275 -2.900422 1.000000 0.000000 0.000000 0.000000
17.496565 8.517089 31.731628 0.000000 0.000000 0.000000 0.729308 0.399507 -0.358676 4.200000 -2.207275 -2.900422 -2.207275 1.000000 0.000000 0.000000 0.000000
20.099682 8.517089 29.792593 0.000000 0.000000 0.000000 0.836273 0.254567 -0.353817 4.200000 -2.207275 -2.900422 -2.207275 1.000000 0.000000 0.000000 0.000000
16.958995 3.856314 37.209451 0.000000 0.000000 0.000000 0.803072 0.194923 -0.521506 4.200000 -2.207275 -2.207275 -2.900422 1.000000 0.000000 0.000000 0.000000
18.064456 0.489326 28.790549 0.000000 0.000000 0.000000 0.756966 0.195842 -0.412424 4.200000 -2.207275 -2.207275 -2.900422 1.000000 0.000000 0.000000 0.000000
19.945248 0.000000 31.368381 0.000000 0.000000 0.000000 0.913466 0.216720 -0.349227 4.200000 -2.207275 -2.900422 -2.207275 1.000000 0.000000 0.000000 0.000000
15.979169 0.861647 37.209451 0.000000 0.000000 0.000000 0.696012 0.363152 -0.421855 4.200000 -2.207275 -2.207275 -2.900422 1.000000 0.000000 0.000000 0.000000
20.838311 1.171118 29.569932 0.000000 0.000000 0.000000 0.908046 0.231979 -0.529670 4.200000 -2.900422 -2.207275 -2.900422 1.000000 0.000000 0.000000 0.000000
17.181081 0.567304 28.790549 0.000000 0.000000 0.000000 0.757250 0.217432 -0.315291 4.200000 -2.207275 -2.207275 -2.900422 1.000000 0.000000 0.000000 0.000000
20.838311 4.415727 33.333531 0.000000 0.000000 0.000000 0.868585 0.376272 -0.254007 4.200000 -2.900422 -2.207275 -2.900422 1.000000 0.000000 0.000000 0.000000
20.838311 7.404018 32.438935 0.000000 0.000000 0.000000 0.807583 0.339316 -0.402779 4.200000 -2.900422 -2.207275 -2.900422 1.000000 0.000000 0.000000 0.000000
12.628491 6.014870 29.765864 0.000000 0.000000 0.000000 0.750622 0.366566 -0.254611 4.200000 -2.900422 -2.207275 -2.900422 1.000000 0.000000 0.000000 0.000000
20.838311 1.630864 35.353706 0.000000 0.000000 0.000000 0.886078 0.341680 -0.265502 4.200000 -2.900422 -2.207275 -2.900422 1.000000 0.000000 0.000000 0.000000
14.862162 8.517089 32.323785 0.000000 0.000000 0.000000 0.657042 0.329649 -0.351087 4.200000 -2.207275 -2.900422 -2.207275 1.000000 0.000000 0.000000 0.000000
12.628491 7.001750 32.218693 0.000000 0.000000 0.000000 0.715164 0.407738 -0.387634 4.200000 -2.900422 -2.207275 -2.900422 1.000000 0.000000 0.000000 0.000000
15.136027 8.517089 31.264035 0.000000 0.000000 0.000000 0.821306 0.198051 -0.286362 4.200000 -2.207275 -2.900422 -2.207275 1.000000 0.000000 0.000000 0.000000
12.628491 0.615823 36.576448 0.000000 0.000000 0.000000 0.729510 0.413870 -0.452721 4.200000 -2.900422 -2.207275 -2.900422 1.000000 0.000000 0.000000 0.000000
20.838311 5.998854 29.630098 0.000000 0.000000 0.000000 0.714436 0.200490 -0.270833 4.200000 -2.900422 -2.207275 -2.900422 1.000000 0.000000 0.000000 0.000000
12.839675 8.517089 32.106334 0.000000 0.000000 0.000000 0.688599 0.348249 -0.298596 4.200000 -2.207275 -2.900422 -2.207275 1.000000 0.000000 0.000000 0.000000
12.628491 2.219667 30.184585 0.000000 0.000000 0.000000 0.852308 0.368728 -0.505998 4.200000 -2.900422 -2.207275 -2.900422 1.000000 0.000000 0.000000 0.000000
17.359073 0.000000 34.645615 0.000000 0.000000 0.000000 0.821181 0.346436 -0.501875 4.200000 -2.207275 -2.900422 -2.207275 1.000000 0.000000 0.000000 0.000000
20.326592 6.870439 28.790549 0.000000 0.000000 0.000000 0.834702 0.281495 -0.453690 4.200000 -2.207275 -2.207275 -2.900422 1.000000 0.000000 0.000000 0.000000
12.999600 4.700701 28.790549 0.000000 0.000000 0.000000 0.911315 0.362374 -0.458037 4.200000 -2.207275 -2.207275 -2.900422 1.000000 0.000000 0.000000 0.000000
18.497873 8.517089 36.434445 0.000000 0.000000 0.000000 0.643283 0.387319 -0.339224 4.200000 -2.207275 -2.900422 -2.207275 1.000000 0.000000 0.000000 0.000000
12.628491 6.333360 29.261222 0.000000 0.000000 0.000000 0.811103 0.387028 -0.331238 4.200000 -2.900422 -2.207275 -2.900422 1.000000 0.000000 0.000000 0.000000
15.608982 0.000000 32.536293 0.000000 0.000000 0.000000 0.894016 0.154994 -0.294080 4.200000 -2.207275 -2.900422 -2.207275 1.000000 0.000000 0.000000 0.000000
12.628491 8.212048 29.341979 0.000000 0.000000 0.000000 0.904779 0.419761 -0.404616 4.200000 -2.900422 -2.207275 -2.900422 1.000000 0.000000 0.000000 0.000000
17.781129 2.344189 37.209451 0.000000 0.000000 0.000000 0.661989 0.144888 -0.303286 4.200000 -2.207275 -2.207275 -2.900422 1.000000 0.000000 0.000000 0.000000
15.802672 4.225197 37.209451 0.000000 0.000000 0.000000 0.913267 0.242115 -0.477528 4.200000 -2.207275 -2.207275 -2.900422 1.000000 0.000000 0.000000 0.000000
12.862177 0.000000 31.231900 0.000000 0.000000 0.000000 0.680728 0.349919 -0.291717 4.200000 -2.207275 -2.900422 -2.207275 1.000000 0.000000 0.000000 0.000000
14.620220 0.000000 31.506436 0.000000 0.000000 0.000000 0.673310 0.358794 -0.436660 4.200000 -2.207275 -2.900422 -2.207275 1.000000 0.000000 0.000000 0.000000
12.989295 0.217762 28.790549 0.000000 0.000000 0.000000 0.806116 0.367701 -0.271522 4.200000 -2.207275 -2.207275 -2.900422 1.000000 0.000000 0.000000 0.000000
20.332035 0.000000 35.567871 0.000000 0.000000 0.000000 0.846624 0.277241 -0.403941 4.200000 -2.207275 -2.900422 -2.207275 1.000000 0.000000 0.000000 0.000000
18.052174 1.546073 28.790549 0.000000 0.000000 0.000000 0.907591 0.159858 -0.380492 4.200000 -2.207275 -2.207275 -2.900422 1.000000 0.000000 0.000000 0.000000
20.764423 2.196221 28.790549 0.000000 0.000000 0.000000 0.734769 0.155387 -0.458450 4.200000 -2.207275 -2.207275 -2.900422 1.000000 0.000000 0.000000 0.000000
12.628491 2.305382 32.337403 0.000000 0.000000 0.000000 0.682505 0.358735 -0.325492 4.200000 -2.900422 -2.207275 -2.900422 1.000000 0.000000 0.000000 0.000000
18.637069 8.517089 31.763151 0.000000 0.000000 0.000000 0.790678 0.367103 -0.380790 4.200000 -2.207275 -2.900422 -2.207275 1.000000 0.000000 0.000000 0.000000
16.855639 8.517089 29.358519 0.000000 0.000000 0.000000 0.784858 0.148848 -0.464002 4.200000 -2.207275 -2.900422 -2.207275 1.000000 0.000000 0.000000 0.000000
20.838311 5.877699 36.663118 0.000000 0.000000 0.000000 0.823043 0.339130 -0.502733 4.200000 -2.900422 -2.207275 -2.900422 1.000000 0.000000 0.000000 0.000000
15.745419 0.000000 32.741727 0.000000 0.000000 0.000000 0.831016 0.401965 -0.331284 4.200000 -2.207275 -2.900422 -2.207275 1.000000 0.000000 0.000000 0.000000
14.169397 7.735796 37.209451 0.000000 0.000000 0.000000 0.791904 0.257601 -0.248773 4.200000 -2.207275 -2.207275 -2.900422 1.000000 0.000000 0.000000 0.000000
20.838311 3.502540 29.900103 0.000000 0.000000 0.000000 0.716027 0.158889 -0.442365 4.200000 -2.900422 -2.207275 -2.900422 1.000000 0.000000 0.000000 0.000000
13.335931 3.658118 28.790549 0.000000 0.000000 0.000000 0.810093 0.417179 -0.376855 4.200000 -2.207275 -2.207275 -2.900422 1.000000 0.000000 0.000000 0.000000
20.130647 2.655123 28.790549 0.000000 0.000000 0.000000 0.703448 0.363670 -0.456726 4.200000 -2.207275 -2.207275 -2.900422 1.000000 0.000000 0.000000 0.000000
18.536066 0.000000 35.608461 0.000000 0.000000 0.000000 0.644150 0.212688 -0.283724 4.200000 -2.207275 -2.900422 -2.207275 1.000000 0.000000 0.000000 0.000000
12.628491 2.465107 30.516288 0.000000 0.000000 0.000000 0.779636 0.338849 -0.445176 4.200000 -2.900422 -2.207275 -2.900422 1.000000 0.000000 0.000000 0.000000
19.239464 8.517089 31.754255 0.000000 0.000000 0.000000 0.915108 0.330162 -0.340042 4.200000 -2.207275 -2.900422 -2.207275 1.000000 0.000000 0.000000 0.000000
20.838311 7.985104 31.125842 0.000000 0.000000 0.000000 0.806174 0.366138 -0.530128 4.200000 -2.900422 -2.207275 -2.900422 1.000000 0.000000 0.000000 0.000000
12.628491 3.002726 31.991093 0.000000 0.000000 0.000000 0.771150 0.335981 -0.268585 4.200000 -2.900422 -2.207275 -2.900422 1.000000 0.000000 0.000000 0.000000
15.056115 4.655618 37.209451 0.000000 0.000000 0.000000 0.845552 0.417524 -0.329671 4.200000 -2.207275 -2.207275 -2.900422 1.000000 0.000000 0.000000 0.000000
14.165992 0.000000 32.036520 0.000000 0.000000 0.000000 0.739059 0.317404 -0.374042 4.200000 -2.207275 -2.900422 -2.207275 1.000000 0.000000 0.000000 0.000000
20.838311 1.081930 33.898581 0.000000 0.000000 0.000000 0.840009 0.198513 -0.328700 4.200000 -2.900422 -2.207275 -2.900422 1.000000 0.000000 0.000000 0.000000
16.851689 8.517089 35.219956 0.000000 0.000000 0.000000 0.816902 0.180709 -0.304975 4.200000 -2.207275 -2.900422 -2.207275 1.000000 0.000000 0.000000 0.000000
20.421447 0.149215 28.790549 0.000000 0.000000 0.000000 0.748318 0.217257 -0.333051 4.200000 -2.207275 -2.207275 -2.900422 1.000000 0.000000 0.000000 0.000000
19.694384 7.013720 37.209451 0.000000 0.000000 0.000000 0.680079 0.241212 -0.367189 4.200000 -2.207275 -2.207275 -2.900422 1.000000 0.000000 0.000000 0.000000
12.628491 4.078021 35.013504 0.000000 0.000000 0.000000 0.726124 0.370084 -0.473772 4.200000 -2.900422 -2.207275 -2.900422 1.000000 0.000000 0.000000 0.000000
20.750006 0.000000 32.325583 0.000000 0.000000 0.000000 0.798700 0.275121 -0.499663 4.200000 -2.207275 -2.900422 -2.207275 1.000000 0.000000 0.000000 0.000000
16.903578 7.314061 37.209451 0.000000 0.000000 0.000000 0.859711 0.213113 -0.456854 4.200000 -2.207275 -2.207275 -2.900422 1.000000 0.000000 0.000000 0.000000
15.579112 6.183609 37.209451 0.000000 0.000000 0.000000 0.639268 0.219458 -0.305818 4.200000 -2.207275 -2.207275 -2.900422 1.000000 0.000000 0.000000 0.000000
15.163871 0.000000 35.787078 0.000000 0.000000 0.000000 0.841971 0.423134 -0.309126 4.200000 -2.207275 -2.900422 -2.207275 1.000000 0.000000 0.000000 0.000000
19.142852 4.443508 28.790549 0.000000 0.000000 0.000000 0.815613 0.277452 -0.324856 4.200000 -2.207275 -2.207275 -2.900422 1.000000 0.000000 0.000000 0.000000
19.132133 0.000000 35.115683 0.000000 0.000000 0.000000 0.773598 0.218965 -0.282619 4.200000 -2.207275 -2.900422 -2.207275 1.000000 0.000000 0.000000 0.000000
12.628491 4.445450 33.071347 0.000000 0.000000 0.000000 0.852709 0.148629 -0.491280 4.200000 -2.900422 -2.207275 -2.900422 1.000000 0.000000 0.000000 0.000000
19.232127 0.000000 30.980169 0.000000 0.000000 0.000000 0.642232 0.181040 -0.260669 4.200000 -2.207275 -2.900422 -2.207275 1.000000 0.000000 0.000000 0.000000
15.303204 5.509359 37.209451 0.000000 0.000000 0.000000 0.866772 0.305738 -0.478925 4.200000 -2.207275 -2.207275 -2.900422 1.000000 0.000000 0.000000 0.000000
18.795755 8.345250 28.790549 0.000000 0.000000 0.000000 0.733310 0.248841 -0.497609 4.200000 -2.207275 -2.207275 -2.900422 1.000000 0.000000 0.000000 0.000000
13.835285 0.000000 35.910011 0.000000 0.000000 0.000000 0.891581 0.330365 -0.309035 4.200000 -2.207275 -2.900422 -2.207275 1.000000 0.000000 0.000000 0.000000
12.802850 0.000000 33.430684 0.000000 0.000000 0.000000 0.906333 0.240058 -0.333802 4.200000 -2.207275 -2.900422 -2.207275 1.000000 0.000000 0.000000 0.000000
20.446028 1.296362 37.209451 0.000000 0.000000 0.000000 0.742316 0.207020 -0.331048 4.200000 -2.207275 -2.207275 -2.900422 1.000000 0.000000 0.000000 0.000000
20.838311 5.971344 29.288442 0.000000 0.000000 0.000000 0.919348 0.355938 -0.320680 4.200000 -2.900422 -2.207275 -2.900422 1.000000 0.000000 0.000000 0.000000
15.157806 8.517089 34.041008 0.000000 0.000000 0.000000 0.861444 0.236543 -0.297518 4.200000 -2.207275 -2.900422 -2.207275 1.000000 0.000000 0.000000 0.000000
12.628491 3.812558 35.766844 0.000000 0.000000 0.000000 0.777882 0.272706 -0.279887 4.200000 -2.900422 -2.207275 -2.900422 1.000000 0.000000 0.000000 0.000000
20.838311 3.967615 35.631373 0.000000 0.000000 0.000000 0.797124 0.394698 -0.482827 4.200000 -2.900422 -2.207275 -2.900422 1.000000 0.000000 0.000000 0.000000
12.628491 8.129247 31.182564 0.000000 0.000000 0.000000 0.881127 0.317557 -0.269701 4.200000 -2.900422 -2.207275 -2.900422 1.000000 0.000000 0.000000 0.000000
20.838311 4.447632 32.296791 0.000000 0.000000 0.000000 0.754570 0.340555 -0.421629 4.200000 -2.900422 -2.207275 -2.900422 1.000000 0.000000 0.000000 0.000000
17.072974 8.517089 29.823653 0.000000 0.000000 0.000000 0.900193 0.355269 -0.341755 4.200000 -2.207275 -2.900422 -2.207275 1.000000 0.000000 0.000000 0.000000
20.598468 0.000000 30.626391 0.000000 0.000000 0.000000 0.849076 0.219723 -0.331573 4.200000 -2.207275 -2.900422 -2.207275 1.000000 0.000000 0.000000 0.000000
19.224106 8.517089 35.791823 0.000000 0.000000 0.000000 0.748256 0.293168 -0.285902 4.200000 -2.207275 -2.900422 -2.207275 1.000000 0.000000 0.000000 0.000000
20.650750 8.815392 33.843456 0.000000 0.000000 0.000000 -0.992574 -1.347065 -1.453412 4.200000 -2.302585 -2.659260 -2.302585 1.000000 0.000000 0.000000 0.000000
18.395893 9.415648 32.919455 0.000000 0.000000 0.000000 -0.992574 -1.347065 -1.453412 4.200000 -2.302585 -2.659260 -2.302585 1.000000 0.000000 0.000000 0.000000
17.825251 9.559456 32.565094 0.000000 0.000000 0.000000 -0.992574 -1.347065 -1.453412 4.200000 -2.302585 -2.659260 -2.302585 1.000000 0.000000 0.000000 0.000000
21.293918 8.644988 31.847544 0.000000 0.000000 0.000000 -0.992574 -1.347065 -1.453412 4.200000 -2.302585 -2.659260 -2.302585 1.000000 0.000000 0.000000 0.000000
15.058024 9.376633 33.404241 0.000000 0.000000 0.000000 -0.992574 -1.347065 -1.453412 4.200000 -2.302585 -2.659260 -2.302585 1.000000 0.000000 0.000000 0.000000
21.703655 8.572245 29.358393 0.000000 0.000000 0.000000 -0.992574 -1.347065 -1.453412 4.200000 -2.302585 -2.659260 -2.302585 1.000000 0.000000 0.000000 0.000000
15.934417 9.594756 36.727957 0.000000 0.000000 0.000000 -0.992574 -1.347065 -1.453412 4.200000 -2.302585 -2.659260 -2.302585 1.000000 0.000000 0.000000 0.000000
13.257148 8.952538 29.355029 0.000000 0.000000 0.000000 -0.992574 -1.347065 -1.453412 4.200000 -2.302585 -2.659260 -2.302585 1.000000 0.000000 0.000000 0.000000
20.933900 8.749879 34.786943 0.000000 0.000000 0.000000 -0.992574 -1.347065 -1.453412 4.200000 -2.302585 -2.659260 -2.302585 1.000000 0.000000 0.000000 0.000000
14.920244 9.352844 32.155466 0.000000 0.000000 0.000000 -0.992574 -1.347065 -1.453412 4.200000 -2.302585 -2.659260 -2.302585 1.000000 0.000000 0.000000 0.000000
20.951933 8.761965 31.046305 0.000000 0.000000 0.000000 -0.992574 -1.347065 -1.453412 4.200000 -2.302585 -2.659260 -2.302585 1.000000 0.000000 0.000000 0.000000
15.855792 9.613821 30.854991 0.000000 0.000000 0.000000 -0.992574 -1.347065 -1.453412 4.200000 -2.302585 -2.659260 -2.302585 1.000000 0.000000 0.000000 0.000000
13.903261 9.119506 31.241455 0.000000 0.000000 0.000000 -0.992574 -1.347065 -1.453412 4.200000 -2.302585 -2.659260 -2.302585 1.000000 0.000000 0.000000 0.000000
14.179684 9.177931 31.323289 0.000000 0.000000 0.000000 -0.992574 -1.347065 -1.453412 4.200000 -2.302585 -2.659260 -2.302585 1.000000 0.000000 0.000000 0.000000
19.543837 9.096618 36.984554 0.000000 0.000000 0.000000 -0.992574 -1.347065 -1.453412 4.200000 -2.302585 -2.659260 -2.302585 1.000000 0.000000 0.000000 0.000000
17.922365 9.523640 36.371207 0.000000 0.000000 0.000000 -0.992574 -1.347065 -1.453412 4.200000 -2.302585 -2.659260 -2.302585 1.000000 0.000000 0.000000 0.000000
20.545956 8.833307 32.624314 0.000000 0.000000 0.000000 -0.992574 -1.347065 -1.453412 4.200000 -2.302585 -2.659260 -2.302585 1.000000 0.000000 0.000000 0.000000
21.563091 8.583304 36.025901 0.000000 0.000000 0.000000 -0.992574 -1.347065 -1.453412 4.200000 -2.302585 -2.659260 -2.302585 1.000000 0.000000 0.000000 0.000000
16.534505 9.784169 35.102084 0.000000 0.000000 0.000000 -0.992574 -1.347065 -1.453412 4.200000 -2.302585 -2.659260 -2.302585 1.000000 0.000000 0.000000 0.000000
17.914251 9.513003 35.263854 0.000000 0.000000 0.000000 -0.992574 -1.347065 -1.453412 4.200000 -2.302585 -2.659260 -2.302585 1.000000 0.000000 0.000000 0.000000
13.413941 8.995173 29.527784 0.000000 0.000000 0.000000 -0.992574 -1.347065 -1.453412 4.200000 -2.302585 -2.659260 -2.302585 1.000000 0.000000 0.000000 0.000000
12.735951 8.821580 36.571212 0.000000 0.000000 0.000000 -0.992574 -1.347065 -1.453412 4.200000 -2.302585 -2.659260 -2.302585 1.000000 0.000000 0.000000 0.000000
14.946000 9.381408 36.978434 0.000000 0.000000 0.000000 -0.992574 -1.347065 -1.453412 4.200000 -2.302585 -2.659260 -2.302585 1.000000 0.000000 0.000000 0.000000
16.857846 9.777867 32.814122 0.000000 0.000000 0.000000 -0.992574 -1.347065 -1.453412 4.200000 -2.302585 -2.659260 -2.302585 1.000000 0.000000 0.000000 0.000000
18.699077 9.336138 35.415815 0.000000 0.000000 0.000000 -0.992574 -1.347065 -1.453412 4.200000 -2.302585 -2.659260 -2.302585 1.000000 0.000000 0.000000 0.000000
19.161008 9.189634 37.305435 0.000000 0.000000 0.000000 -0.992574 -1.347065 -1.453412 4.200000 -2.302585 -2.659260 -2.302585 1.000000 0.000000 0.000000 0.000000
12.797313 8.806971 33.831834 0.000000 0.000000 0.000000 -0.992574 -1.347065 -1.453412 4.200000 -2.302585 -2.659260 -2.302585 1.000000 0.000000 0.000000 0.000000
21.698658 8.568856 28.792264 0.000000 0.000000 0.000000 -0.992574 -1.347065 -1.453412 4.200000 -2.302585 -2.659260 -2.302585 1.000000 0.000000 0.000000 0.000000
12.396732 8.732181 37.217830 0.000000 0.000000 0.000000 -0.992574 -1.347065 -1.453412 4.200000 -2.302585 -2.659260 -2.302585 1.000000 0.000000 0.000000 0.000000
15.233293 9.417318 30.722775 0.000000 0.000000 0.000000 -0.992574 -1.347065 -1.453412 4.200000 -2.302585 -2.659260 -2.302585 1.000000 0.000000 0.000000 0.000000
21.427564 8.628123 31.967502 0.000000 0.000000 0.000000 -0.992574 -1.347065 -1.453412 4.200000 -2.302585 -2.659260 -2.302585 1.000000 0.000000 0.000000 0.000000
20.161875 8.951614 32.883496 0.000000 0.000000 0.000000 -0.992574 -1.347065 -1.453412 4.200000 -2.302585 -2.659260 -2.302585 1.000000 0.000000 0.000000 0.000000
16.007604 9.633640 31.106722 0.000000 0.000000 0.000000 -0.992574 -1.347065 -1.453412 4.200000 -2.302585 -2.659260 -2.302585 1.000000 0.000000 0.000000 0.000000
13.477257 9.005540 32.431307 0.000000 0.000000 0.000000 -0.992574 -1.347065 -1.453412 4.200000 -2.302585 -2.659260 -2.302585 1.000000 0.000000 0.000000 0.000000
15.221631 9.450048 34.849702 0.000000 0.000000 0.000000 -0.992574 -1.347065 -1.453412 4.200000 -2.302585 -2.659260 -2.302585 1.000000 0.000000 0.000000 0.000000
15.778427 9.588288 30.603323 0.000000 0.000000 0.000000 -0.992574 -1.347065 -1.453412 4.200000 -2.302585 -2.659260 -2.302585 1.000000 0.000000 0.000000 0.000000
17.571138 9.612256 34.586818 0.000000 0.000000 0.000000 -0.992574 -1.347065 -1.453412 4.200000 -2.302585 -2.659260 -2.302585 1.000000 0.000000 0.000000 0.000000
13.174083 8.914921 30.098744 0.000000 0.000000 0.000000 -0.992574 -1.347065 -1.453412 4.200000 -2.302585 -2.659260 -2.302585 1.000000 0.000000 0.000000 0.000000
12.394167 8.706823 34.960062 0.000000 0.000000 0.000000 -0.992574 -1.347065 -1.453412 4.200000 -2.302585 -2.659260 -2.302585 1.000000 0.000000 0.000000 0.000000
12.578491 1.739207 31.071623 0.000000 0.000000 0.000000 -1.488861 -0.496287 -0.070898 4.800000 -2.813411 -2.525729 -2.813411 1.000000 0.000000 0.000000 0.000000
12.578491 1.480351 30.205832 0.000000 0.000000 0.000000 -1.488861 -0.496287 -0.070898 4.800000 -2.813411 -2.525729 -2.813411 1.000000 0.000000 0.000000 0.000000
12.578491 1.946897 30.801098 0.000000 0.000000 0.000000 -1.488861 -0.496287 -0.070898 4.800000 -2.813411 -2.525729 -2.813411 1.000000 0.000000 0.000000 0.000000
12.578491 1.823811 30.504359 0.000000 0.000000 0.000000 -1.488861 -0.496287 -0.070898 4.800000 -2.813411 -2.525729 -2.813411 1.000000 0.000000 0.000000 0.000000
12.578491 1.781063 33.102553 0.000000 0.000000 0.000000 -1.488861 -0.496287 -0.070898 4.800000 -2.813411 -2.525729 -2.813411 1.000000 0.000000 0.000000 0.000000
12.578491 1.937979 33.451093 0.000000 0.000000 0.000000 -1.488861 -0.496287 -0.070898 4.800000 -2.813411 -2.525729 -2.813411 1.000000 0.000000 0.000000 0.000000
12.578491 2.064176 33.059522 0.000000 0.000000 0.000000 -1.488861 -0.496287 -0.070898 4.800000 -2.813411 -2.525729 -2.813411 1.000000 0.000000 0.000000 0.000000
12.578491 1.624670 32.873900 0.000000 0.000000 0.000000 -1.488861 -0.496287 -0.070898 4.800000 -2.813411 -2.525729 -2.813411 1.000000 0.000000 0.000000 0.000000
12.578491 1.685546 34.899428 0.000000 0.000000 0.000000 -1.488861 -0.496287 -0.070898 4.800000 -2.813411 -2.525729 -2.813411 1.000000 0.000000 0.000000 0.000000
12.578491 1.958626 35.203753 0.000000 0.000000 0.000000 -1.488861 -0.496287 -0.070898 4.800000 -2.813411 -2.525729 -2.813411 1.000000 0.000000 0.000000 0.000000
12.578491 1.446009 35.149825 0.000000 0.000000 0.000000 -1.488861 -0.496287 -0.070898 4.800000 -2.813411 -2.525729 -2.813411 1.000000 0.000000 0.000000 0.000000
12.578491 1.989506 35.785887 0.000000 0.000000 0.000000 -1.488861 -0.496287 -0.070898 4.800000 -2.813411 -2.525729 -2.813411 1.000000 0.000000 0.000000 0.000000
12.578491 3.683461 30.322271 0.000000 0.000000 0.000000 -1.488861 -0.496287 -0.070898 4.800000 -2.813411 -2.525729 -2.813411 1.000000 0.000000 0.000000 0.000000
12.578491 3.796315 30.630005 0.000000 0.000000 0.000000 -1.488861 -0.496287 -0.070898 4.800000 -2.813411 -2.525729 -2.813411 1.000000 0.000000 0.000000 0.000000
12.578491 4.075253 30.194828 0.000000 0.000000 0.000000 -1.488861 -0.496287 -0.070898 4.800000 -2.813411 -2.525729 -2.813411 1.000000 0.000000 0.000000 0.000000
12.578491 3.966752 30.743127 0.000000 0.000000 0.000000 -1.488861 -0.496287 -0.070898 4.800000 -2.813411 -2.525729 -2.813411 1.000000 0.000000 0.000000 0.000000
12.578491 3.495209 32.518572 0.000000 0.000000 0.000000 -1.488861 -0.496287 -0.070898 4.800000 -2.813411 -2.525729 -2.813411 1.000000 0.000000 0.000000 0.000000
12.578491 3.595593 33.148685 0.000000 0.000000 0.000000 -1.488861 -0.496287 -0.070898 4.800000 -2.813411 -2.525729 -2.813411 1.000000 0.000000 0.000000 0.000000
12.578491 3.652369 33.144119 0.000000 0.000000 0.000000 -1.488861 -0.496287 -0.070898 4.800000 -2.813411 -2.525729 -2.813411 1.000000 0.000000 0.000000 0.000000
12.578491 4.069599 32.686108 0.000000 0.000000 0.000000 -1.488861 -0.496287 -0.070898 4.800000 -2.813411 -2.525729 -2.813411 1.000000 0.000000 0.000000 0.000000
12.578491 3.613076 35.669831 0.000000 0.000000 0.000000 -1.488861 -0.496287 -0.070898 4.800000 -2.813411 -2.525729 -2.813411 1.000000 0.000000 0.000000 0.000000
12.578491 3.977158 35.298129 0.000000 0.000000 0.000000 -1.488861 -0.496287 -0.070898 4.800000 -2.813411 -2.525729 -2.813411 1.000000 0.000000 0.000000 0.000000
12.578491 3.637157 35.013072 0.000000 0.000000 0.000000 -1.488861 -0.496287 -0.070898 4.800000 -2.813411 -2.525729 -2.813411 1.000000 0.000000 0.000000 0.000000
12.578491 3.921714 35.840593 0.000000 0.000000 0.000000 -1.488861 -0.496287 -0.070898 4.800000 -2.813411 -2.525729 -2.813411 1.000000 0.000000 0.000000 0.000000
19.409889 1.147891 47.903425 0.000000 0.000000 0.000000 0.256227 -0.267194 -0.919442 4.200000 -2.900422 -2.207275 -2.900422 1.000000 0.000000 0.000000 0.000000
13.484054 8.915924 41.518995 0.000000 0.000000 0.000000 0.283313 -0.298995 -0.899765 4.200000 -2.207275 -2.900422 -2.207275 1.000000 0.000000 0.000000 0.000000
11.598268 7.071169 47.878305 0.000000 0.000000 0.000000 0.099419 -0.277098 -0.682479 4.200000 -2.900422 -2.207275 -2.900422 1.000000 0.000000 0.000000 0.000000
11.598268 8.036659 44.258132 0.000000 0.000000 0.000000 0.245003 -0.272143 -0.838450 4.200000 -2.900422 -2.207275 -2.900422 1.000000 0.000000 0.000000 0.000000
13.408195 0.000000 43.438243 0.000000 0.000000 0.000000 0.152059 -0.188395 -0.762753 4.200000 -2.207275 -2.900422 -2.207275 1.000000 0.000000 0.000000 0.000000
14.575680 4.506166 49.056627 0.000000 0.000000 0.000000 0.134294 -0.157808 -0.686130 4.200000 -2.207275 -2.207275 -2.900422 1.000000 0.000000 0.000000 0.000000
11.598268 0.053802 43.743890 0.000000 0.000000 0.000000 0.302595 -0.175618 -0.720185 4.200000 -2.900422 -2.207275 -2.900422 1.000000 0.000000 0.000000 0.000000
14.603937 8.915924 43.398452 0.000000 0.000000 0.000000 0.208405 -0.291836 -0.823231 4.200000 -2.207275 -2.900422 -2.207275 1.000000 0.000000 0.000000 0.000000
13.098420 8.915924 44.499423 0.000000 0.000000 0.000000 0.255314 -0.142958 -0.795873 4.200000 -2.207275 -2.900422 -2.207275 1.000000 0.000000 0.000000 0.000000
19.409889 5.071412 44.145216 0.000000 0.000000 0.000000 0.210905 -0.196013 -0.908119 4.200000 -2.900422 -2.207275 -2.900422 1.000000 0.000000 0.000000 0.000000
12.894159 8.895941 40.943373 0.000000 0.000000 0.000000 0.150017 -0.383458 -0.861538 4.200000 -2.207275 -2.207275 -2.900422 1.000000 0.000000 0.000000 0.000000
19.409889 0.146241 48.738476 0.000000 0.000000 0.000000 0.120168 -0.208529 -0.911562 4.200000 -2.900422 -2.207275 -2.900422 1.000000 0.000000 0.000000 0.000000
19.409889 1.128330 43.992781 0.000000 0.000000 0.000000 0.162725 -0.195241 -0.665481 4.200000 -2.900422 -2.207275 -2.900422 1.000000 0.000000 0.000000 0.000000
14.373098 8.915924 43.097146 0.000000 0.000000 0.000000 0.115103 -0.148745 -0.702990 4.200000 -2.207275 -2.900422 -2.207275 1.000000 0.000000 0.000000 0.000000
11.598268 0.514256 46.320612 0.000000 0.000000 0.000000 0.161525 -0.243279 -0.723022 4.200000 -2.900422 -2.207275 -2.900422 1.000000 0.000000 0.000000 0.000000
19.409889 4.208023 46.584276 0.000000 0.000000 0.000000 0.169337 -0.222984 -0.814769 4.200000 -2.900422 -2.207275 -2.900422 1.000000 0.000000 0.000000 0.000000
16.861725 4.983235 40.943373 0.000000 0.000000 0.000000 0.305115 -0.396006 -0.694763 4.200000 -2.207275 -2.207275 -2.900422 1.000000 0.000000 0.000000 0.000000
17.249030 8.915924 42.403800 0.000000 0.000000 0.000000 0.137204 -0.421040 -0.777434 4.200000 -2.207275 -2.900422 -2.207275 1.000000 0.000000 0.000000 0.000000
19.409889 0.478027 46.971892 0.000000 0.000000 0.000000 0.351587 -0.289697 -0.862539 4.200000 -2.900422 -2.207275 -2.900422 1.000000 0.000000 0.000000 0.000000
16.797209 2.881293 40.943373 0.000000 0.000000 0.000000 0.205940 -0.201079 -0.875078 4.200000 -2.207275 -2.207275 -2.900422 1.000000 0.000000 0.000000 0.000000
19.409889 2.725300 48.939522 0.000000 0.000000 0.000000 0.250445 -0.362460 -0.727904 4.200000 -2.900422 -2.207275 -2.900422 1.000000 0.000000 0.000000 0.000000
11.598268 1.637060 46.000613 0.000000 0.000000 0.000000 0.254193 -0.167777 -0.652681 4.200000 -2.900422 -2.207275 -2.900422 1.000000 0.000000 0.000000 0.000000
11.814653 0.000000 44.452711 0.000000 0.000000 0.000000 0.206389 -0.319883 -0.812937 4.200000 -2.207275 -2.900422 -2.207275 1.000000 0.000000 0.000000 0.000000
15.090310 6.297232 49.056627 0.000000 0.000000 0.000000 0.296420 -0.237049 -0.827463 4.200000 -2.207275 -2.207275 -2.900422 1.000000 0.000000 0.000000 0.000000
19.409889 3.732119 47.743075 0.000000 0.000000 0.000000 0.248143 -0.396153 -0.908567 4.200000 -2.900422 -2.207275 -2.900422 1.000000 0.000000 0.000000 0.000000
12.713442 5.512487 49.056627 0.000000 0.000000 0.000000 0.175809 -0.412031 -0.781301 4.200000 -2.207275 -2.207275 -2.900422 1.000000 0.000000 0.000000 0.000000
16.170824 8.915924 44.121984 0.000000 0.000000 0.000000 0.288234 -0.155672 -0.802505 4.200000 -2.207275 -2.900422 -2.207275 1.000000 0.000000 0.000000 0.000000
11.598268 5.038499 48.306910 0.000000 0.000000 0.000000 0.080341 -0.325282 -0.912512 4.200000 -2.900422 -2.207275 -2.900422 1.000000 0.000000 0.000000 0.000000
15.317846 0.000000 48.812311 0.000000 0.000000 0.000000 0.108198 -0.305322 -0.791422 4.200000 -2.207275 -2.900422 -2.207275 1.000000 0.000000 0.000000 0.000000
19.409889 5.548706 44.500073 0.000000 0.000000 0.000000 0.200263 -0.157296 -0.828635 4.200000 -2.900422 -2.207275 -2.900422 1.000000 0.000000 0.000000 0.000000
19.001896 0.000000 41.623244 0.000000 0.000000 0.000000 0.084653 -0.235949 -0.737321 4.200000 -2.207275 -2.900422 -2.207275 1.000000 0.000000 0.000000 0.000000
15.251866 7.023719 40.943373 0.000000 0.000000 0.000000 0.252491 -0.223578 -0.679287 4.200000 -2.207275 -2.207275 -2.900422 1.000000 0.000000 0.000000 0.000000
14.301703 0.000000 41.239144 0.000000 0.000000 0.000000 0.181236 -0.222670 -0.729769 4.200000 -2.207275 -2.900422 -2.207275 1.000000 0.000000 0.000000 0.000000
14.676559 3.999597 40.943373 0.000000 0.000000 0.000000 0.099911 -0.401514 -0.807459 4.200000 -2.207275 -2.207275 -2.900422 1.000000 0.000000 0.000000 0.000000
18.343430 0.000000 48.217830 0.000000 0.000000 0.000000 0.226996 -0.154787 -0.920688 4.200000 -2.207275 -2.900422 -2.207275 1.000000 0.000000 0.000000 0.000000
14.256506 8.915924 43.641214 0.000000 0.000000 0.000000 0.076969 -0.296447 -0.776234 4.200000 -2.207275 -2.900422 -2.207275 1.000000 0.000000 0.000000 0.000000
19.409889 8.864717 47.030612 0.000000 0.000000 0.000000 0.126192 -0.187265 -0.762357 4.200000 -2.900422 -2.207275 -2.900422 1.000000 0.000000 0.000000 0.000000
13.869823 8.331621 40.943373 0.000000 0.000000 0.000000 0.231586 -0.206901 -0.689262 4.200000 -2.207275 -2.207275 -2.900422 1.000000 0.000000 0.000000 0.000000
19.409889 1.041443 46.926704 0.000000 0.000000 0.000000 0.157168 -0.348165 -0.771138 4.200000 -2.900422 -2.207275 -2.900422 1.000000 0.000000 0.000000 0.000000
13.276908 5.638912 40.943373 0.000000 0.000000 0.000000 0.273410 -0.292039 -0.859188 4.200000 -2.207275 -2.207275 -2.900422 1.000000 0.000000 0.000000 0.000000
12.933282 2.304062 49.056627 0.000000 0.000000 0.000000 0.081308 -0.371388 -0.758688 4.200000 -2.207275 -2.207275 -2.900422 1.000000 0.000000 0.000000 0.000000
19.409889 2.617835 48.487494 0.000000 0.000000 0.000000 0.126171 -0.285379 -0.918159 4.200000 -2.900422 -2.207275 -2.900422 1.000000 0.000000 0.000000 0.000000
13.047571 2.690599 40.943373 0.000000 0.000000 0.000000 0.264964 -0.151759 -0.898114 4.200000 -2.207275 -2.207275 -2.900422 1.000000 0.000000 0.000000 0.000000
15.087059 8.279362 49.056627 0.000000 0.000000 0.000000 0.188383 -0.394490 -0.778704 4.200000 -2.207275 -2.207275 -2.900422 1.000000 0.000000 0.000000 0.000000
15.117348 5.446899 49.056627 0.000000 0.000000 0.000000 0.213062 -0.185388 -0.685995 4.200000 -2.207275 -2.207275 -2.900422 1.000000 0.000000 0.000000 0.000000
16.649665 3.414694 40.943373 0.000000 0.000000 0.000000 0.195616 -0.265758 -0.853513 4.200000 -2.207275 -2.207275 -2.900422 1.000000 0.000000 0.000000 0.000000
13.886688 6.254257 40.943373 0.000000 0.000000 0.000000 0.231217 -0.258111 -0.714766 4.200000 -2.207275 -2.207275 -2.900422 1.000000 0.000000 0.000000 0.000000
17.826659 8.433437 40.943373 0.000000 0.000000 0.000000 0.080333 -0.310348 -0.643211 4.200000 -2.207275 -2.207275 -2.900422 1.000000 0.000000 0.000000 0.000000
18.149972 0.000000 47.287699 0.000000 0.000000 0.000000 0.137441 -0.205807 -0.816840 4.200000 -2.207275 -2.900422 -2.207275 1.000000 0.000000 0.000000 0.000000
18.017838 3.368393 40.943373 0.000000 0.000000 0.000000 0.300823 -0.422322 -0.661353 4.200000 -2.207275 -2.207275 -2.900422 1.000000 0.000000 0.000000 0.000000
17.817202 7.675682 49.056627 0.000000 0.000000 0.000000 0.238735 -0.181194 -0.756373 4.200000 -2.207275 -2.207275 -2.900422 1.000000 0.000000 0.000000 0.000000
17.722409 0.000000 48.029244 0.000000 0.000000 0.000000 0.267687 -0.243445 -0.791621 4.200000 -2.207275 -2.900422 -2.207275 1.000000 0.000000 0.000000 0.000000
15.365243 8.915924 42.074277 0.000000 0.000000 0.000000 0.165870 -0.301156 -0.907113 4.200000 -2.207275 -2.900422 -2.207275 1.000000 0.000000 0.000000 0.000000
18.521240 2.446997 40.943373 0.000000 0.000000 0.000000 0.173671 -0.210968 -0.753286 4.200000 -2.207275 -2.207275 -2.900422 1.000000 0.000000 0.000000 0.000000
12.078434 8.915924 43.303012 0.000000 0.000000 0.000000 0.212297 -0.388855 -0.823991 4.200000 -2.207275 -2.900422 -2.207275 1.000000 0.000000 0.000000 0.000000
18.389769 8.915924 44.594276 0.000000 0.000000 0.000000 0.204927 -0.219219 -0.801638 4.200000 -2.207275 -2.900422 -2.207275 1.000000 0.000000 0.000000 0.000000
11.598268 1.010173 46.443704 0.000000 0.000000 0.000000 0.223178 -0.322946 -0.663736 4.200000 -2.900422 -2.207275 -2.900422 1.000000 0.000000 0.000000 0.000000
17.649954 1.167328 40.943373 0.000000 0.000000 0.000000 0.217014 -0.185759 -0.653892 4.200000 -2.207275 -2.207275 -2.900422 1.000000 0.000000 0.000000 0.000000
14.822844 8.915924 41.953994 0.000000 0.000000 0.000000 0.328786 -0.169568 -0.691962 4.200000 -2.207275 -2.900422 -2.207275 1.000000 0.000000 0.000000 0.000000
19.409889 2.468257 48.762150 0.000000 0.000000 0.000000 0.245300 -0.311420 -0.763937 4.200000 -2.900422 -2.207275 -2.900422 1.000000 0.000000 0.000000 0.000000
11.598268 5.611768 48.191739 0.000000 0.000000 0.000000 0.230304 -0.248249 -0.915683 4.200000 -2.900422 -2.207275 -2.900422 1.000000 0.000000 0.000000 0.000000
17.808280 0.680320 40.943373 0.000000 0.000000 0.000000 0.209701 -0.292626 -0.795504 4.200000 -2.207275 -2.207275 -2.900422 1.000000 0.000000 0.000000 0.000000
16.656245 8.915924 45.219154 0.000000 0.000000 0.000000 0.091792 -0.377152 -0.657126 4.200000 -2.207275 -2.900422 -2.207275 1.000000 0.000000 0.000000 0.000000
13.006921 5.079677 49.056627 0.000000 0.000000 0.000000 0.108282 -0.410105 -0.782619 4.200000 -2.207275 -2.207275 -2.900422 1.000000 0.000000 0.000000 0.000000
18.314986 0.000000 46.309342 0.000000 0.000000 0.000000 0.148572 -0.168310 -0.682474 4.200000 -2.207275 -2.900422 -2.207275 1.000000 0.000000 0.000000 0.000000
17.991387 8.681778 40.943373 0.000000 0.000000 0.000000 0.239131 -0.414247 -0.843930 4.200000 -2.207275 -2.207275 -2.900422 1.000000 0.000000 0.000000 0.000000
19.301469 8.121420 49.056627 0.000000 0.000000 0.000000 0.256112 -0.394392 -0.766600 4.200000 -2.207275 -2.207275 -2.900422 1.000000 0.000000 0.000000 0.000000
12.714937 8.915924 43.994077 0.000000 0.000000 0.000000 0.192825 -0.215901 -0.826761 4.200000 -2.207275 -2.900422 -2.207275 1.000000 0.000000 0.000000 0.000000
19.409889 1.290962 45.731468 0.000000 0.000000 0.000000 0.117170 -0.175442 -0.801174 4.200000 -2.900422 -2.207275 -2.900422 1.000000 0.000000 0.000000 0.000000
14.514014 7.214259 40.943373 0.000000 0.000000 0.000000 0.208373 -0.387231 -0.741406 4.200000 -2.207275 -2.207275 -2.900422 1.000000 0.000000 0.000000 0.000000
16.660016 8.915924 45.293978 0.000000 0.000000 0.000000 0.203425 -0.287481 -0.781907 4.200000 -2.207275 -2.900422 -2.207275 1.000000 0.000000 0.000000 0.000000
14.071133 0.000000 45.027958 0.000000 0.000000 0.000000 0.285640 -0.372899 -0.666885 4.200000 -2.207275 -2.900422 -2.207275 1.000000 0.000000 0.000000 0.000000
13.032945 7.773623 40.943373 0.000000 0.000000 0.000000 0.105833 -0.384003 -0.707256 4.200000 -2.207275 -2.207275 -2.900422 1.000000 0.000000 0.000000 0.000000
19.409889 4.343909 42.120058 0.000000 0.000000 0.000000 0.152917 -0.210856 -0.803387 4.200000 -2.900422 -2.207275 -2.900422 1.000000 0.000000 0.000000 0.000000
12.416464 0.000000 47.097489 0.000000 0.000000 0.000000 0.203597 -0.167483 -0.695693 4.200000 -2.207275 -2.900422 -2.207275 1.000000 0.000000 0.000000 0.000000
14.321498 4.308257 49.056627 0.000000 0.000000 0.000000 0.156229 -0.311211 -0.826532 4.200000 -2.207275 -2.207275 -2.900422 1.000000 0.000000 0.000000 0.000000
13.404073 0.000000 47.959865 0.000000 0.000000 0.000000 0.206345 -0.366555 -0.900657 4.200000 -2.207275 -2.900422 -2.207275 1.000000 0.000000 0.000000 0.000000
17.086038 4.388364 49.056627 0.000000 0.000000 0.000000 0.338155 -0.379652 -0.873284 4.200000 -2.207275 -2.207275 -2.900422 1.000000 0.000000 0.000000 0.000000
15.936027 0.000000 41.497587 0.000000 0.000000 0.000000 0.267843 -0.319851 -0.831761 4.200000 -2.207275 -2.900422 -2.207275 1.000000 0.000000 0.000000 0.000000
12.116487 0.000000 44.423002 0.000000 0.000000 0.000000 0.143291 -0.391355 -0.775123 4.200000 -2.207275 -2.900422 -2.207275 1.000000 0.000000 0.000000 0.000000
18.120825 0.000000 46.678737 0.000000 0.000000 0.000000 0.189621 -0.253056 -0.797902 4.200000 -2.207275 -2.900422 -2.207275 1.000000 0.000000 0.000000 0.000000
17.662554 2.708449 49.056627 0.000000 0.000000 0.000000 0.212805 -0.411496 -0.891119 4.200000 -2.207275 -2.207275 -2.900422 1.000000 0.000000 0.000000 0.000000
17.070423 0.967575 40.943373 0.000000 0.000000 0.000000 0.241247 -0.246091 -0.827717 4.200000 -2.207275 -2.207275 -2.900422 1.000000 0.000000 0.000000 0.000000
16.673148 9.916183 42.870436 0.000000 0.000000 0.000000 -0.992574 -1.347065 -1.453412 4.200000 -2.302585 -2.659260 -2.302585 1.000000 0.000000 0.000000 0.000000
18.505447 9.399884 42.712928 0.000000 0.000000 0.000000 -0.992574 -1.347065 -1.453412 4.200000 -2.302585 -2.659260 -2.302585 1.000000 0.000000 0.000000 0.000000
11.832944 9.228882 47.250903 0.000000 0.000000 0.000000 -0.992574 -1.347065 -1.453412 4.200000 -2.302585 -2.659260 -2.302585 1.000000 0.000000 0.000000 0.000000
16.917207 9.838422 44.643578 0.000000 0.000000 0.000000 -0.992574 -1.347065 -1.453412 4.200000 -2.302585 -2.659260 -2.302585 1.000000 0.000000 0.000000 0.000000
14.353766 9.909923 47.991928 0.000000 0.000000 0.000000 -0.992574 -1.347065 -1.453412 4.200000 -2.302585 -2.659260 -2.302585 1.000000 0.000000 0.000000 0.000000
19.778436 9.072534 49.478369 0.000000 0.000000 0.000000 -0.992574 -1.347065 -1.453412 4.200000 -2.302585 -2.659260 -2.302585 1.000000 0.000000 0.000000 0.000000
19.008017 9.290997 47.727632 0.000000 0.000000 0.000000 -0.992574 -1.347065 -1.453412 4.200000 -2.302585 -2.659260 -2.302585 1.000000 0.000000 0.000000 0.000000
18.725252 9.371150 47.573353 0.000000 0.000000 0.000000 -0.992574 -1.347065 -1.453412 4.200000 -2.302585 -2.659260 -2.302585 1.000000 0.000000 0.000000 0.000000
15.506580 10.232951 47.307551 0.000000 0.000000 0.000000 -0.992574 -1.347065 -1.453412 4.200000 -2.302585 -2.659260 -2.302585 1.000000 0.000000 0.000000 0.000000
16.679607 9.889984 41.109664 0.000000 0.000000 0.000000 -0.992574 -1.347065 -1.453412 4.200000 -2.302585 -2.659260 -2.302585 1.000000 0.000000 0.000000 0.000000
11.334720 9.086277 46.157818 0.000000 0.000000 0.000000 -0.992574 -1.347065 -1.453412 4.200000 -2.302585 -2.659260 -2.302585 1.000000 0.000000 0.000000 0.000000
11.689588 9.188806 43.682111 0.000000 0.000000 0.000000 -0.992574 -1.347065 -1.453412 4.200000 -2.302585 -2.659260 -2.302585 1.000000 0.000000 0.000000 0.000000
19.421424 9.166017 47.208688 0.000000 0.000000 0.000000 -0.992574 -1.347065 -1.453412 4.200000 -2.302585 -2.659260 -2.302585 1.000000 0.000000 0.000000 0.000000
14.529753 9.952120 42.538431 0.000000 0.000000 0.000000 -0.992574 -1.347065 -1.453412 4.200000 -2.302585 -2.659260 -2.302585 1.000000 0.000000 0.000000 0.000000
14.821565 10.019588 45.413826 0.000000 0.000000 0.000000 -0.992574 -1.347065 -1.453412 4.200000 -2.302585 -2.659260 -2.302585 1.000000 0.000000 0.000000 0.000000
10.972703 9.002461 40.500445 0.000000 0.000000 0.000000 -0.992574 -1.347065 -1.453412 4.200000 -2.302585 -2.659260 -2.302585 1.000000 0.000000 0.000000 0.000000
14.090139 9.823572 42.346134 0.000000 0.000000 0.000000 -0.992574 -1.347065 -1.453412 4.200000 -2.302585 -2.659260 -2.302585 1.000000 0.000000 0.000000 0.000000
16.416472 9.986894 41.731805 0.000000 0.000000 0.000000 -0.992574 -1.347065 -1.453412 4.200000 -2.302585 -2.659260 -2.302585 1.000000 0.000000 0.000000 0.000000
13.066301 9.557617 40.915775 0.000000 0.000000 0.000000 -0.992574 -1.347065 -1.453412 4.200000 -2.302585 -2.659260 -2.302585 1.000000 0.000000 0.000000 0.000000
14.714191 10.021172 41.698007 0.000000 0.000000 0.000000 -0.992574 -1.347065 -1.453412 4.200000 -2.302585 -2.659260 -2.302585 1.000000 0.000000 0.000000 0.000000
12.746780 9.480437 46.387597 0.000000 0.000000 0.000000 -0.992574 -1.347065 -1.453412 4.200000 -2.302585 -2.659260 -2.302585 1.000000 0.000000 0.000000 0.000000
19.085233 9.269277 43.040411 0.000000 0.000000 0.000000 -0.992574 -1.347065 -1.453412 4.200000 -2.302585 -2.659260 -2.302585 1.000000 0.000000 0.000000 0.000000
16.718959 9.894036 48.077500 0.000000 0.000000 0.000000 -0.992574 -1.347065 -1.453412 4.200000 -2.302585 -2.659260 -2.302585 1.000000 0.000000 0.000000 0.000000
12.597773 9.442119 48.998285 0.000000 0.000000 0.000000 -0.992574 -1.347065 -1.453412 4.200000 -2.302585 -2.659260 -2.302585 1.000000 0.000000 0.000000 0.000000
17.197960 9.770574 49.323295 0.000000 0.000000 0.000000 -0.992574 -1.347065 -1.453412 4.200000 -2.302585 -2.659260 -2.302585 1.000000 0.000000 0.000000 0.000000
13.775394 9.764450 45.760675 0.000000 0.000000 0.000000 -0.992574 -1.347065 -1.453412 4.200000 -2.302585 -2.659260 -2.302585 1.000000 0.000000 0.000000 0.000000
18.902585 9.305756 41.217943 0.000000 0.000000 0.000000 -0.992574 -1.347065 -1.453412 4.200000 -2.302585 -2.659260 -2.302585 1.000000 0.000000 0.000000 0.000000
19.974394 9.006283 46.304735 0.000000 0.000000 0.000000 -0.992574 -1.347065 -1.453412 4.200000 -2.302585 -2.659260 -2.302585 1.000000 0.000000 0.000000 0.000000
15.127573 10.101605 46.959627 0.000000 0.000000 0.000000 -0.992574 -1.347065 -1.453412 4.200000 -2.302585 -2.659260 -2.302585 1.000000 0.000000 0.000000 0.000000
19.639808 9.130332 49.058249 0.000000 0.000000 0.000000 -0.992574 -1.347065 -1.453412 4.200000 -2.302585 -2.659260 -2.302585 1.000000 0.000000 0.000000 0.000000
12.262712 9.342658 41.576291 0.000000 0.000000 0.000000 -0.992574 -1.347065 -1.453412 4.200000 -2.302585 -2.659260 -2.302585 1.000000 0.000000 0.000000 0.000000
15.544660 10.193861 43.019524 0.000000 0.000000 0.000000 -0.992574 -1.347065 -1.453412 4.200000 -2.302585 -2.659260 -2.302585 1.000000 0.000000 0.000000 0.000000
19.825110 9.077916 40.408469 0.000000 0.000000 0.000000 -0.992574 -1.347065 -1.453412 4.200000 -2.302585 -2.659260 -2.302585 1.000000 0.000000 0.000000 0.000000
14.389332 9.935146 44.488261 0.000000 0.000000 0.000000 -0.992574 -1.347065 -1.453412 4.200000 -2.302585 -2.659260 -2.302585 1.000000 0.000000 0.000000 0.000000
15.369091 10.176471 43.007987 0.000000 0.000000 0.000000 -0.992574 -1.347065 -1.453412 4.200000 -2.302585 -2.659260 -2.302585 1.000000 0.000000 0.000000 0.000000
17.942943 9.555110 43.586935 0.000000 0.000000 0.000000 -0.992574 -1.347065 -1.453412 4.200000 -2.302585 -2.659260 -2.302585 1.000000 0.000000 0.000000 0.000000
10.667603 8.919369 42.848399 0.000000 0.000000 0.000000 -0.992574 -1.347065 -1.453412 4.200000 -2.302585 -2.659260 -2.302585 1.000000 0.000000 0.000000 0.000000
15.012660 10.076909 48.510209 0.000000 0.000000 0.000000 -0.992574 -1.347065 -1.453412 4.200000 -2.302585 -2.659260 -2.302585 1.000000 0.000000 0.000000 0.000000
11.548268 1.942204 43.226464 0.000000 0.000000 0.000000 -1.488861 -0.496287 -0.070898 4.800000 -2.813411 -2.525729 -2.813411 1.000000 0.000000 0.000000 0.000000
11.548268 1.333667 42.995419 0.000000 0.000000 0.000000 -1.488861 -0.496287 -0.070898 4.800000 -2.813411 -2.525729 -2.813411 1.000000 0.000000 0.000000 0.000000
11.548268 1.878569 42.673875 0.000000 0.000000 0.000000 -1.488861 -0.496287 -0.070898 4.800000 -2.813411 -2.525729 -2.813411 1.000000 0.000000 0.000000 0.000000
11.548268 1.506416 42.721242 0.000000 0.000000 0.000000 -1.488861 -0.496287 -0.070898 4.800000 -2.813411 -2.525729 -2.813411 1.000000 0.000000 0.000000 0.000000
11.548268 1.352781 44.585319 0.000000 0.000000 0.000000 -1.488861 -0.496287 -0.070898 4.800000 -2.813411 -2.525729 -2.813411 1.000000 0.000000 0.000000 0.000000
11.548268 1.778491 45.124625 0.000000 0.000000 0.000000 -1.488861 -0.496287 -0.070898 4.800000 -2.813411 -2.525729 -2.813411 1.000000 0.000000 0.000000 0.000000
11.548268 1.889138 45.396769 0.000000 0.000000 0.000000 -1.488861 -0.496287 -0.070898 4.800000 -2.813411 -2.525729 -2.813411 1.000000 0.000000 0.000000 0.000000
11.548268 1.770940 44.454032 0.000000 0.000000 0.000000 -1.488861 -0.496287 -0.070898 4.800000 -2.813411 -2.525729 -2.813411 1.000000 0.000000 0.000000 0.000000
11.548268 1.830621 47.017143 0.000000 0.000000 0.000000 -1.488861 -0.496287 -0.070898 4.800000 -2.813411 -2.525729 -2.813411 1.000000 0.000000 0.000000 0.000000
11.548268 1.452800 47.457803 0.000000 0.000000 0.000000 -1.488861 -0.496287 -0.070898 4.800000 -2.813411 -2.525729 -2.813411 1.000000 0.000000 0.000000 0.000000
11.548268 1.692364 47.305941 0.000000 0.000000 0.000000 -1.488861 -0.496287 -0.070898 4.800000 -2.813411 -2.525729 -2.813411 1.000000 0.000000 0.000000 0.000000
11.548268 1.634204 46.954417 0.000000 0.000000 0.000000 -1.488861 -0.496287 -0.070898 4.800000 -2.813411 -2.525729 -2.813411 1.000000 0.000000 0.000000 0.000000
11.548268 3.469173 42.877347 0.000000 0.000000 0.000000 -1.488861 -0.496287 -0.070898 4.800000 -2.813411 -2.525729 -2.813411 1.000000 0.000000 0.000000 0.000000
11.548268 3.807204 42.210159 0.000000 0.000000 0.000000 -1.488861 -0.496287 -0.070898 4.800000 -2.813411 -2.525729 -2.813411 1.000000 0.000000 0.000000 0.000000
11.548268 3.929477 43.114452 0.000000 0.000000 0.000000 -1.488861 -0.496287 -0.070898 4.800000 -2.813411 -2.525729 -2.813411 1.000000 0.000000 0.000000 0.000000
11.548268 3.881922 43.223078 0.000000 0.000000 0.000000 -1.488861 -0.496287 -0.070898 4.800000 -2.813411 -2.525729 -2.813411 1.000000 0.000000 0.000000 0.000000
11.548268 3.674092 44.644987 0.000000 0.000000 0.000000 -1.488861 -0.496287 -0.070898 4.800000 -2.813411 -2.525729 -2.813411 1.000000 0.000000 0.000000 0.000000
11.548268 3.789838 44.799780 0.000000 0.000000 0.000000 -1.488861 -0.496287 -0.070898 4.800000 -2.813411 -2.525729 -2.813411 1.000000 0.000000 0.000000 0.000000
11.548268 3.593099 44.713499 0.000000 0.000000 0.000000 -1.488861 -0.496287 -0.070898 4.800000 -2.813411 -2.525729 -2.813411 1.000000 0.000000 0.000000 0.000000
11.548268 4.071394 45.265425 0.000000 0.000000 0.000000 -1.488861 -0.496287 -0.070898 4.800000 -2.813411 -2.525729 -2.813411 1.000000 0.000000 0.000000 0.000000
11.548268 3.547928 46.829750 0.000000 0.000000 0.000000 -1.488861 -0.496287 -0.070898 4.800000 -2.813411 -2.525729 -2.813411 1.000000 0.000000 0.000000 0.000000
11.548268 3.710440 47.150540 0.000000 0.000000 0.000000 -1.488861 -0.496287 -0.070898 4.800000 -2.813411 -2.525729 -2.813411 1.000000 0.000000 0.000000 0.000000
11.548268 3.786375 47.040028 0.000000 0.000000 0.000000 -1.488861 -0.496287 -0.070898 4.800000 -2.813411 -2.525729 -2.813411 1.000000 0.000000 0.000000 0.000000
11.548268 3.819419 46.780933 0.000000 0.000000 0.000000 -1.488861 -0.496287 -0.070898 4.800000 -2.813411 -2.525729 -2.813411 1.000000 0.000000 0.000000 0.000000
-11.517740 0.145978 -53.028388 0.000000 0.000000 0.000000 -0.638083 -1.134370 -1.488861 4.200000 -2.813411 -2.120264 -2.813411 1.000000 0.000000 0.000000 0.000000
-11.536786 0.305903 -52.882215 0.000000 0.000000 0.000000 -0.638083 -1.134370 -1.488861 4.200000 -2.813411 -2.120264 -2.813411 1.000000 0.000000 0.000000 0.000000
-11.435091 0.205864 -52.920645 0.000000 0.000000 0.000000 -0.638083 -1.134370 -1.488861 4.200000 -2.813411 -2.120264 -2.813411 1.000000 0.000000 0.000000 0.000000
-11.495112 0.985774 -52.888425 0.000000 0.000000 0.000000 -0.638083 -1.134370 -1.488861 4.200000 -2.813411 -2.120264 -2.813411 1.000000 0.000000 0.000000 0.000000
-11.581254 2.292644 -52.963724 0.000000 0.000000 0.000000 -0.638083 -1.134370 -1.488861 4.200000 -2.813411 -2.120264 -2.813411 1.000000 0.000000 0.000000 0.000000
-11.466048 1.016270 -53.043070 0.000000 0.000000 0.000000 -0.638083 -1.134370 -1.488861 4.200000 -2.813411 -2.120264 -2.813411 1.000000 0.000000 0.000000 0.000000
-11.494868 0.038373 -53.063294 0.000000 0.000000 0.000000 -0.638083 -1.134370 -1.488861 4.200000 -2.813411 -2.120264 -2.813411 1.000000 0.000000 0.000000 0.000000
-11.457977 0.009075 -53.073259 0.000000 0.000000 0.000000 -0.638083 -1.134370 -1.488861 4.200000 -2.813411 -2.120264 -2.813411 1.000000 0.000000 0.000000 0.000000
-11.575290 0.717091 -52.918646 0.000000 0.000000 0.000000 -0.638083 -1.134370 -1.488861 4.200000 -2.813411 -2.120264 -2.813411 1.000000 0.000000 0.000000 0.000000
-11.463120 2.105987 -52.900506 0.000000 0.000000 0.000000 -0.638083 -1.134370 -1.488861 4.200000 -2.813411 -2.120264 -2.813411 1.000000 0.000000 0.000000 0.000000
-11.043074 3.659357 -52.810935 0.000000 0.000000 0.000000 -1.205660 -0.306931 -1.205269 4.200000 -2.207275 -2.207275 -2.207275 1.000000 0.000000 0.000000 0.000000
-12.071504 3.065251 -52.454965 0.000000 0.000000 0.000000 -1.298481 0.023036 -1.205269 4.200000 -2.207275 -2.207275 -2.207275 1.000000 0.000000 0.000000 0.000000
-11.368235 3.822172 -53.541665 0.000000 0.000000 0.000000 -1.271522 -0.339727 -1.205269 4.200000 -2.207275 -2.207275 -2.207275 1.000000 0.000000 0.000000 0.000000
-11.844306 2.426167 -52.513508 0.000000 0.000000 0.000000 -1.068199 0.211600 -1.205269 4.200000 -2.207275 -2.207275 -2.207275 1.000000 0.000000 0.000000 0.000000
-11.723260 3.041669 -52.052127 0.000000 0.000000 0.000000 -1.066696 0.201579 -1.205269 4.200000 -2.207275 -2.207275 -2.207275 1.000000 0.000000 0.000000 0.000000
-11.080032 3.106887 -53.364129 0.000000 0.000000 0.000000 -1.070956 -0.245248 -1.205269 4.200000 -2.207275 -2.207275 -2.207275 1.000000 0.000000 0.000000 0.000000
-11.414360 2.326443 -52.702655 0.000000 0.000000 0.000000 -1.216010 -0.013360 -1.205269 4.200000 -2.207275 -2.207275 -2.207275 1.000000 0.000000 0.000000 0.000000
-11.806370 3.189078 -52.453909 0.000000 0.000000 0.000000 -1.190380 -0.109214 -1.205269 4.200000 -2.207275 -2.207275 -2.207275 1.000000 0.000000 0.000000 0.000000
-11.067065 2.990539 -52.699095 0.000000 0.000000 0.000000 -1.194734 -0.401926 -1.205269 4.200000 -2.207275 -2.207275 -2.207275 1.000000 0.000000 0.000000 0.000000
-11.968886 2.828915 -53.648049 0.000000 0.000000 0.000000 -1.281530 -0.029644 -1.205269 4.200000 -2.207275 -2.207275 -2.207275 1.000000 0.000000 0.000000 0.000000
-11.735293 2.850294 -52.932151 0.000000 0.000000 0.000000 -1.203233 -0.246177 -1.205269 4.200000 -2.207275 -2.207275 -2.207275 1.000000 0.000000 0.000000 0.000000
-12.006174 3.038119 -52.981558 0.000000 0.000000 0.000000 -1.134375 -0.325225 -1.205269 4.200000 -2.207275 -2.207275 -2.207275 1.000000 0.000000 0.000000 0.000000
-11.618015 2.838413 -53.833065 0.000000 0.000000 0.000000 -1.145606 -0.184152 -1.205269 4.200000 -2.207275 -2.207275 -2.207275 1.000000 0.000000 0.000000 0.000000
-12.174259 2.955746 -53.065719 0.000000 0.000000 0.000000 -1.269074 -0.007604 -1.205269 4.200000 -2.207275 -2.207275 -2.207275 1.000000 0.000000 0.000000 0.000000
-11.149853 2.308292 -52.632970 0.000000 0.000000 0.000000 -1.274177 -0.235891 -1.205269 4.200000 -2.207275 -2.207275 -2.207275 1.000000 0.000000 0.000000 0.000000
-11.005594 3.345076 -53.372691 0.000000 0.000000 0.000000 -1.153185 -0.240544 -1.205269 4.200000 -2.207275 -2.207275 -2.207275 1.000000 0.000000 0.000000 0.000000
-11.209459 3.386831 -52.455123 0.000000 0.000000 0.000000 -1.341953 -0.193775 -1.205269 4.200000 -2.207275 -2.207275 -2.207275 1.000000 0.000000 0.000000 0.000000
-10.998723 3.557100 -52.394218 0.000000 0.000000 0.000000 -1.315419 0.075411 -1.205269 4.200000 -2.207275 -2.207275 -2.207275 1.000000 0.000000 0.000000 0.000000
-11.585544 2.833479 -53.292065 0.000000 0.000000 0.000000 -1.126652 -0.087240 -1.205269 4.200000 -2.207275 -2.207275 -2.207275 1.000000 0.000000 0.000000 0.000000
-11.915597 2.822956 -53.700458 0.000000 0.000000 0.000000 -1.131125 -0.324749 -1.205269 4.200000 -2.207275 -2.207275 -2.207275 1.000000 0.000000 0.000000 0.000000
-11.179786 3.846067 -53.404866 0.000000 0.000000 0.000000 -1.102451 -0.185627 -1.205269 4.200000 -2.207275 -2.207275 -2.207275 1.000000 0.000000 0.000000 0.000000
-11.113887 2.847791 -53.124053 0.000000 0.000000 0.000000 -1.280832 -0.379763 -1.205269 4.200000 -2.207275 -2.207275 -2.207275 1.000000 0.000000 0.000000 0.000000
-10.961128 3.167791 -53.637861 0.000000 0.000000 0.000000 -1.211723 -0.021665 -1.205269 4.200000 -2.207275 -2.207275 -2.207275 1.000000 0.000000 0.000000 0.000000
-11.769831 3.426426 -52.946488 0.000000 0.000000 0.000000 -1.265979 -0.276943 -1.205269 4.200000 -2.207275 -2.207275 -2.207275 1.000000 0.000000 0.000000 0.000000
-11.779481 3.050605 -53.054956 0.000000 0.000000 0.000000 -1.297453 -0.294712 -1.205269 4.200000 -2.207275 -2.207275 -2.207275 1.000000 0.000000 0.000000 0.000000
-11.188895 3.174517 -52.752478 0.000000 0.000000 0.000000 -1.280571 -0.092081 -1.205269 4.200000 -2.207275 -2.207275 -2.207275 1.000000 0.000000 0.000000 0.000000
-10.733782 2.712966 -52.533039 0.000000 0.000000 0.000000 -1.105743 0.125218 -1.205269 4.200000 -2.207275 -2.207275 -2.207275 1.000000 0.000000 0.000000 0.000000
-11.768597 2.891141 -53.025993 0.000000 0.000000 0.000000 -1.332432 0.177300 -1.205269 4.200000 -2.207275 -2.207275 -2.207275 1.000000 0.000000 0.000000 0.000000
-11.077987 2.911470 -52.487118 0.000000 0.000000 0.000000 -1.315303 0.202095 -1.205269 4.200000 -2.207275 -2.207275 -2.207275 1.000000 0.000000 0.000000 0.000000
-10.985630 3.761605 -53.445577 0.000000 0.000000 0.000000 -1.065878 -0.218846 -1.205269 4.200000 -2.207275 -2.207275 -2.207275 1.000000 0.000000 0.000000 0.000000
-11.608644 4.068954 -53.051516 0.000000 0.000000 0.000000 -1.147929 -0.316438 -1.205269 4.200000 -2.207275 -2.207275 -2.207275 1.000000 0.000000 0.000000 0.000000
-11.560820 1.890326 -43.379125 0.000000 0.000000 0.000000 -0.638083 -1.134370 -1.488861 4.200000 -2.813411 -2.120264 -2.813411 1.000000 0.000000 0.000000 0.000000
-11.475460 1.949327 -43.436903 0.000000 0.000000 0.000000 -0.638083 -1.134370 -1.488861 4.200000 -2.813411 -2.120264 -2.813411 1.000000 0.000000 0.000000 0.000000
-11.440068 0.101099 -43.581500 0.000000 0.000000 0.000000 -0.638083 -1.134370 -1.488861 4.200000 -2.813411 -2.120264 -2.813411 1.000000 0.000000 0.000000 0.000000
-11.381357 1.711646 -43.426694 0.000000 0.000000 0.000000 -0.638083 -1.134370 -1.488861 4.200000 -2.813411 -2.120264 -2.813411 1.000000 0.000000 0.000000 0.000000
-11.478073 0.071845 -43.552102 0.000000 0.000000 0.000000 -0.638083 -1.134370 -1.488861 4.200000 -2.813411 -2.120264 -2.813411 1.000000 0.000000 0.000000 0.000000
-11.411214 1.709732 -43.594932 0.000000 0.000000 0.000000 -0.638083 -1.134370 -1.488861 4.200000 -2.813411 -2.120264 -2.813411 1.000000 0.000000 0.000000 0.000000
-11.609249 2.766403 -43.572680 0.000000 0.000000 0.000000 -0.638083 -1.134370 -1.488861 4.200000 -2.813411 -2.120264 -2.813411 1.000000 0.000000 0.000000 0.000000
-11.532851 2.641181 -43.547587 0.000000 0.000000 0.000000 -0.638083 -1.134370 -1.488861 4.200000 -2.813411 -2.120264 -2.813411 1.000000 0.000000 0.000000 0.000000
-11.393406 2.734710 -43.579377 0.000000 0.000000 0.000000 -0.638083 -1.134370 -1.488861 4.200000 -2.813411 -2.120264 -2.813411 1.000000 0.000000 0.000000 0.000000
-12.159490 2.915755 -43.687527 0.000000 0.000000 0.000000 -1.226426 0.195475 -1.205269 4.200000 -2.207275 -2.207275 -2.207275 1.000000 0.000000 0.000000 0.000000
-11.482926 2.820483 -43.528070 0.000000 0.000000 0.000000 -1.302048 -0.293338 -1.205269 4.200000 -2.207275 -2.207275 -2.207275 1.000000 0.000000 0.000000 0.000000
-12.386463 2.795687 -43.246520 0.000000 0.000000 0.000000 -1.290962 -0.386799 -1.205269 4.200000 -2.207275 -2.207275 -2.207275 1.000000 0.000000 0.000000 0.000000
-11.583285 3.486839 -44.125379 0.000000 0.000000 0.000000 -1.142573 0.131719 -1.205269 4.200000 -2.207275 -2.207275 -2.207275 1.000000 0.000000 0.000000 0.000000
-11.801714 2.347569 -43.158151 0.000000 0.000000 0.000000 -1.158503 0.132445 -1.205269 4.200000 -2.207275 -2.207275 -2.207275 1.000000 0.000000 0.000000 0.000000
-11.673689 3.739967 -43.468266 0.000000 0.000000 0.000000 -1.322908 -0.335676 -1.205269 4.200000 -2.207275 -2.207275 -2.207275 1.000000 0.000000 0.000000 0.000000
-11.508106 2.364496 -42.972520 0.000000 0.000000 0.000000 -1.088556 -0.389145 -1.205269 4.200000 -2.207275 -2.207275 -2.207275 1.000000 0.000000 0.000000 0.000000
-11.040296 3.255194 -42.914273 0.000000 0.000000 0.000000 -1.307274 -0.008697 -1.205269 4.200000 -2.207275 -2.207275 -2.207275 1.000000 0.000000 0.000000 0.000000
-10.990212 3.619693 -43.304808 0.000000 0.000000 0.000000 -1.238005 -0.024229 -1.205269 4.200000 -2.207275 -2.207275 -2.207275 1.000000 0.000000 0.000000 0.000000
-11.026853 3.293911 -43.629356 0.000000 0.000000 0.000000 -1.149268 -0.237874 -1.205269 4.200000 -2.207275 -2.207275 -2.207275 1.000000 0.000000 0.000000 0.000000
-11.329671 2.312381 -43.812774 0.000000 0.000000 0.000000 -1.089044 -0.211386 -1.205269 4.200000 -2.207275 -2.207275 -2.207275 1.000000 0.000000 0.000000 0.000000
-11.754966 2.756092 -44.247563 0.000000 0.000000 0.000000 -1.094001 0.054170 -1.205269 4.200000 -2.207275 -2.207275 -2.207275 1.000000 0.000000 0.000000 0.000000
-11.062472 3.321476 -43.821055 0.000000 0.000000 0.000000 -1.213067 -0.424585 -1.205269 4.200000 -2.207275 -2.207275 -2.207275 1.000000 0.000000 0.000000 0.000000
-11.517876 2.987844 -43.006488 0.000000 0.000000 0.000000 -1.131425 -0.367362 -1.205269 4.200000 -2.207275 -2.207275 -2.207275 1.000000 0.000000 0.000000 0.000000
-11.979575 2.714373 -42.975679 0.000000 0.000000 0.000000 -1.090758 -0.115602 -1.205269 4.200000 -2.207275 -2.207275 -2.207275 1.000000 0.000000 0.000000 0.000000
-10.986885 2.940555 -42.828493 0.000000 0.000000 0.000000 -1.169467 -0.321490 -1.205269 4.200000 -2.207275 -2.207275 -2.207275 1.000000 0.000000 0.000000 0.000000
-10.965714 3.461005 -43.640674 0.000000 0.000000 0.000000 -1.072749 -0.003266 -1.205269 4.200000 -2.207275 -2.207275 -2.207275 1.000000 0.000000 0.000000 0.000000
-12.336200 2.724876 -43.448235 0.000000 0.000000 0.000000 -1.299337 -0.096704 -1.205269 4.200000 -2.207275 -2.207275 -2.207275 1.000000 0.000000 0.000000 0.000000
-12.415208 2.750309 -43.527418 0.000000 0.000000 0.000000 -1.202658 -0.106939 -1.205269 4.200000 -2.207275 -2.207275 -2.207275 1.000000 0.000000 0.000000 0.000000
-12.261237 3.201885 -43.647133 0.000000 0.000000 0.000000 -1.296189 -0.235640 -1.205269 4.200000 -2.207275 -2.207275 -2.207275 1.000000 0.000000 0.000000 0.000000
-11.311926 2.422218 -42.830549 0.000000 0.000000 0.000000 -1.243034 -0.314052 -1.205269 4.200000 -2.207275 -2.207275 -2.207275 1.000000 0.000000 0.000000 0.000000
-11.225079 3.180620 -44.272379 0.000000 0.000000 0.000000 -1.288883 -0.008593 -1.205269 4.200000 -2.207275 -2.207275 -2.207275 1.000000 0.000000 0.000000 0.000000
-12.050916 2.828293 -43.466388 0.000000 0.000000 0.000000 -1.175876 0.158151 -1.205269 4.200000 -2.207275 -2.207275 -2.207275 1.000000 0.000000 0.000000 0.000000
-11.576363 3.671206 -43.109317 0.000000 0.000000 0.000000 -1.131702 0.120891 -1.205269 4.200000 -2.207275 -2.207275 -2.207275 1.000000 0.000000 0.000000 0.000000
-11.956253 2.806083 -43.602903 0.000000 0.000000 0.000000 -1.325595 -0.194266 -1.205269 4.200000 -2.207275 -2.207275 -2.207275 1.000000 0.000000 0.000000 0.000000
-12.077047 3.689010 -43.679382 0.000000 0.000000 0.000000 -1.118951 -0.049918 -1.205269 4.200000 -2.207275 -2.207275 -2.207275 1.000000 0.000000 0.000000 0.000000
-12.218073 3.109768 -42.816372 0.000000 0.000000 0.000000 -1.247780 -0.056405 -1.205269 4.200000 -2.207275 -2.207275 -2.207275 1.000000 0.000000 0.000000 0.000000
-11.545290 3.660873 -44.199767 0.000000 0.000000 0.000000 -1.317168 -0.352620 -1.205269 4.200000 -2.207275 -2.207275 -2.207275 1.000000 0.000000 0.000000 0.000000
-11.533047 3.041166 -44.089493 0.000000 0.000000 0.000000 -1.314793 -0.417010 -1.205269 4.200000 -2.207275 -2.207275 -2.207275 1.000000 0.000000 0.000000 0.000000
-11.508885 3.075779 -42.689034 0.000000 0.000000 0.000000 -1.226867 -0.212316 -1.205269 4.200000 -2.207275 -2.207275 -2.207275 1.000000 0.000000 0.000000 0.000000
-11.731766 2.500507 -43.600538 0.000000 0.000000 0.000000 -1.070524 -0.179949 -1.205269 4.200000 -2.207275 -2.207275 -2.207275 1.000000 0.000000 0.000000 0.000000
-11.179813 3.597328 -43.735013 0.000000 0.000000 0.000000 -1.158484 0.087657 -1.205269 4.200000 -2.207275 -2.207275 -2.207275 1.000000 0.000000 0.000000 0.000000
-11.437168 1.754462 -34.109126 0.000000 0.000000 0.000000 -0.638083 -1.134370 -1.488861 4.200000 -2.813411 -2.120264 -2.813411 1.000000 0.000000 0.000000 0.000000
-11.601117 0.047120 -33.933646 0.000000 0.000000 0.000000 -0.638083 -1.134370 -1.488861 4.200000 -2.813411 -2.120264 -2.813411 1.000000 0.000000 0.000000 0.000000
-11.557595 0.411801 -34.105593 0.000000 0.000000 0.000000 -0.638083 -1.134370 -1.488861 4.200000 -2.813411 -2.120264 -2.813411 1.000000 0.000000 0.000000 0.000000
-11.427688 2.691971 -33.928481 0.000000 0.000000 0.000000 -0.638083 -1.134370 -1.488861 4.200000 -2.813411 -2.120264 -2.813411 1.000000 0.000000 0.000000 0.000000
-11.490961 0.207587 -33.952846 0.000000 0.000000 0.000000 -0.638083 -1.134370 -1.488861 4.200000 -2.813411 -2.120264 -2.813411 1.000000 0.000000 0.000000 0.000000
-11.376331 2.438756 -34.011676 0.000000 0.000000 0.000000 -0.638083 -1.134370 -1.488861 4.200000 -2.813411 -2.120264 -2.813411 1.000000 0.000000 0.000000 0.000000
-11.520809 2.434209 -34.051387 0.000000 0.000000 0.000000 -0.638083 -1.134370 -1.488861 4.200000 -2.813411 -2.120264 -2.813411 1.000000 0.000000 0.000000 0.000000
-11.421145 1.175721 -33.924994 0.000000 0.000000 0.000000 -0.638083 -1.134370 -1.488861 4.200000 -2.813411 -2.120264 -2.813411 1.000000 0.000000 0.000000 0.000000
-11.378986 1.004751 -33.958001 0.000000 0.000000 0.000000 -0.638083 -1.134370 -1.488861 4.200000 -2.813411 -2.120264 -2.813411 1.000000 0.000000 0.000000 0.000000
-11.144969 2.656973 -33.931643 0.000000 0.000000 0.000000 -1.119448 -0.213337 -1.205269 4.200000 -2.207275 -2.207275 -2.207275 1.000000 0.000000 0.000000 0.000000
-11.541828 3.234233 -33.998457 0.000000 0.000000 0.000000 -1.077410 -0.145140 -1.205269 4.200000 -2.207275 -2.207275 -2.207275 1.000000 0.000000 0.000000 0.000000
-11.361941 3.801455 -33.922159 0.000000 0.000000 0.000000 -1.246399 -0.066182 -1.205269 4.200000 -2.207275 -2.207275 -2.207275 1.000000 0.000000 0.000000 0.000000
-10.814994 3.425998 -33.747910 0.000000 0.000000 0.000000 -1.184129 -0.203458 -1.205269 4.200000 -2.207275 -2.207275 -2.207275 1.000000 0.000000 0.000000 0.000000
-11.581859 3.382673 -34.059565 0.000000 0.000000 0.000000 -1.287963 0.122430 -1.205269 4.200000 -2.207275 -2.207275 -2.207275 1.000000 0.000000 0.000000 0.000000
-11.244189 3.738754 -33.330026 0.000000 0.000000 0.000000 -1.174249 -0.295894 -1.205269 4.200000 -2.207275 -2.207275 -2.207275 1.000000 0.000000 0.000000 0.000000
-11.977015 3.192332 -34.070451 0.000000 0.000000 0.000000 -1.243131 -0.000984 -1.205269 4.200000 -2.207275 -2.207275 -2.207275 1.000000 0.000000 0.000000 0.000000
-11.123757 3.643439 -34.018952 0.000000 0.000000 0.000000 -1.304558 -0.300338 -1.205269 4.200000 -2.207275 -2.207275 -2.207275 1.000000 0.000000 0.000000 0.000000
-10.816301 3.498330 -34.086202 0.000000 0.000000 0.000000 -1.279774 -0.148715 -1.205269 4.200000 -2.207275 -2.207275 -2.207275 1.000000 0.000000 0.000000 0.000000
-11.549299 2.774239 -33.326385 0.000000 0.000000 0.000000 -1.325336 -0.376084 -1.205269 4.200000 -2.207275 -2.207275 -2.207275 1.000000 0.000000 0.000000 0.000000
-11.374688 3.166865 -33.388409 0.000000 0.000000 0.000000 -1.200836 -0.423419 -1.205269 4.200000 -2.207275 -2.207275 -2.207275 1.000000 0.000000 0.000000 0.000000
-12.020843 3.119558 -34.095897 0.000000 0.000000 0.000000 -1.191103 0.100233 -1.205269 4.200000 -2.207275 -2.207275 -2.207275 1.000000 0.000000 0.000000 0.000000
-10.758692 3.040265 -33.768218 0.000000 0.000000 0.000000 -1.326821 -0.096849 -1.205269 4.200000 -2.207275 -2.207275 -2.207275 1.000000 0.000000 0.000000 0.000000
-11.165632 2.692917 -34.828866 0.000000 0.000000 0.000000 -1.308208 0.140703 -1.205269 4.200000 -2.207275 -2.207275 -2.207275 1.000000 0.000000 0.000000 0.000000
-12.048236 3.757095 -34.431233 0.000000 0.000000 0.000000 -1.140458 -0.021633 -1.205269 4.200000 -2.207275 -2.207275 -2.207275 1.000000 0.000000 0.000000 0.000000
-11.607200 3.449449 -33.612080 0.000000 0.000000 0.000000 -1.095121 0.198304 -1.205269 4.200000 -2.207275 -2.207275 -2.207275 1.000000 0.000000 0.000000 0.000000
-10.726812 3.371430 -33.454509 0.000000 0.000000 0.000000 -1.136502 -0.213823 -1.205269 4.200000 -2.207275 -2.207275 -2.207275 1.000000 0.000000 0.000000 0.000000
-12.115069 2.388400 -33.695301 0.000000 0.000000 0.000000 -1.270856 -0.051989 -1.205269 4.200000 -2.207275 -2.207275 -2.207275 1.000000 0.000000 0.000000 0.000000
-11.383996 3.213027 -33.080933 0.000000 0.000000 0.000000 -1.238175 -0.248884 -1.205269 4.200000 -2.207275 -2.207275 -2.207275 1.000000 0.000000 0.000000 0.000000
-12.185109 3.461467 -34.253205 0.000000 0.000000 0.000000 -1.241234 0.017380 -1.205269 4.200000 -2.207275 -2.207275 -2.207275 1.000000 0.000000 0.000000 0.000000
-11.863433 3.695000 -34.111330 0.000000 0.000000 0.000000 -1.332918 0.131975 -1.205269 4.200000 -2.207275 -2.207275 -2.207275 1.000000 0.000000 0.000000 0.000000
-11.873667 3.850873 -33.790219 0.000000 0.000000 0.000000 -1.299304 -0.310608 -1.205269 4.200000 -2.207275 -2.207275 -2.207275 1.000000 0.000000 0.000000 0.000000
-12.323498 2.909790 -33.777072 0.000000 0.000000 0.000000 -1.083829 -0.181783 -1.205269 4.200000 -2.207275 -2.207275 -2.207275 1.000000 0.000000 0.000000 0.000000
-10.928600 3.394145 -33.946353 0.000000 0.000000 0.000000 -1.193193 0.051078 -1.205269 4.200000 -2.207275 -2.207275 -2.207275 1.000000 0.000000 0.000000 0.000000
-10.984973 3.728945 -34.142811 0.000000 0.000000 0.000000 -1.240923 0.106711 -1.205269 4.200000 -2.207275 -2.207275 -2.207275 1.000000 0.000000 0.000000 0.000000
-11.162137 3.121818 -34.822550 0.000000 0.000000 0.000000 -1.226396 -0.363343 -1.205269 4.200000 -2.207275 -2.207275 -2.207275 1.000000 0.000000 0.000000 0.000000
-11.022491 2.775133 -34.380325 0.000000 0.000000 0.000000 -1.207294 -0.074256 -1.205269 4.200000 -2.207275 -2.207275 -2.207275 1.000000 0.000000 0.000000 0.000000
-11.018445 3.206704 -33.151902 0.000000 0.000000 0.000000 -1.182281 -0.079087 -1.205269 4.200000 -2.207275 -2.207275 -2.207275 1.000000 0.000000 0.000000 0.000000
-11.360861 3.410612 -34.918123 0.000000 0.000000 0.000000 -1.152477 -0.194942 -1.205269 4.200000 -2.207275 -2.207275 -2.207275 1.000000 0.000000 0.000000 0.000000
-11.728215 2.762046 -34.841731 0.000000 0.000000 0.000000 -1.201914 0.171204 -1.205269 4.200000 -2.207275 -2.207275 -2.207275 1.000000 0.000000 0.000000 0.000000
-12.407286 2.869218 -33.904572 0.000000 0.000000 0.000000 -1.305102 -0.054839 -1.205269 4.200000 -2.207275 -2.207275 -2.207275 1.000000 0.000000 0.000000 0.000000
-11.519796 2.386240 -34.000538 0.000000 0.000000 0.000000 -1.092103 -0.335415 -1.205269 4.200000 -2.207275 -2.207275 -2.207275 1.000000 0.000000 0.000000 0.000000
-11.558722 1.805928 -24.601240 0.000000 0.000000 0.000000 -0.638083 -1.134370 -1.488861 4.200000 -2.813411 -2.120264 -2.813411 1.000000 0.000000 0.000000 0.000000
-11.623647 2.110526 -24.477498 0.000000 0.000000 0.000000 -0.638083 -1.134370 -1.488861 4.200000 -2.813411 -2.120264 -2.813411 1.000000 0.000000 0.000000 0.000000
-11.479311 0.228983 -24.606815 0.000000 0.000000 0.000000 -0.638083 -1.134370 -1.488861 4.200000 -2.813411 -2.120264 -2.813411 1.000000 0.000000 0.000000 0.000000
-11.582440 1.993739 -24.413855 0.000000 0.000000 0.000000 -0.638083 -1.134370 -1.488861 4.200000 -2.813411 -2.120264 -2.813411 1.000000 0.000000 0.000000 0.000000
-11.561710 1.501328 -24.570294 0.000000 0.000000 0.000000 -0.638083 -1.134370 -1.488861 4.200000 -2.813411 -2.120264 -2.813411 1.000000 0.000000 0.000000 0.000000
-11.591513 1.464736 -24.405308 0.000000 0.000000 0.000000 -0.638083 -1.134370 -1.488861 4.200000 -2.813411 -2.120264 -2.813411 1.000000 0.000000 0.000000 0.000000
-11.371766 2.517821 -24.472264 0.000000 0.000000 0.000000 -0.638083 -1.134370 -1.488861 4.200000 -2.813411 -2.120264 -2.813411 1.000000 0.000000 0.000000 0.000000
-11.542823 2.093090 -24.400480 0.000000 0.000000 0.000000 -0.638083 -1.134370 -1.488861 4.200000 -2.813411 -2.120264 -2.813411 1.000000 0.000000 0.000000 0.000000
-11.565469 1.305355 -24.513747 0.000000 0.000000 0.000000 -0.638083 -1.134370 -1.488861 4.200000 -2.813411 -2.120264 -2.813411 1.000000 0.000000 0.000000 0.000000
-10.646031 2.855792 -24.791463 0.000000 0.000000 0.000000 -1.320429 -0.055275 -1.205269 4.200000 -2.207275 -2.207275 -2.207275 1.000000 0.000000 0.000000 0.000000
-11.401562 3.538102 -23.681201 0.000000 0.000000 0.000000 -1.346055 -0.193624 -1.205269 4.200000 -2.207275 -2.207275 -2.207275 1.000000 0.000000 0.000000 0.000000
-11.564075 2.964712 -24.596549 0.000000 0.000000 0.000000 -1.179278 0.098504 -1.205269 4.200000 -2.207275 -2.207275 -2.207275 1.000000 0.000000 0.000000 0.000000
-10.990405 2.873197 -23.982430 0.000000 0.000000 0.000000 -1.069076 -0.268894 -1.205269 4.200000 -2.207275 -2.207275 -2.207275 1.000000 0.000000 0.000000 0.000000
-11.914108 3.276032 -24.694579 0.000000 0.000000 0.000000 -1.272946 -0.027418 -1.205269 4.200000 -2.207275 -2.207275 -2.207275 1.000000 0.000000 0.000000 0.000000
-10.950623 3.510215 -24.225670 0.000000 0.000000 0.000000 -1.101294 -0.394073 -1.205269 4.200000 -2.207275 -2.207275 -2.207275 1.000000 0.000000 0.000000 0.000000
-11.135400 2.913604 -23.937693 0.000000 0.000000 0.000000 -1.160921 -0.113705 -1.205269 4.200000 -2.207275 -2.207275 -2.207275 1.000000 0.000000 0.000000 0.000000
-12.202381 2.764018 -24.414781 0.000000 0.000000 0.000000 -1.221981 0.076240 -1.205269 4.200000 -2.207275 -2.207275 -2.207275 1.000000 0.000000 0.000000 0.000000
-11.134186 2.800087 -24.167919 0.000000 0.000000 0.000000 -1.110321 0.191227 -1.205269 4.200000 -2.207275 -2.207275 -2.207275 1.000000 0.000000 0.000000 0.000000
-11.480475 3.215950 -25.113363 0.000000 0.000000 0.000000 -1.268959 -0.062402 -1.205269 4.200000 -2.207275 -2.207275 -2.207275 1.000000 0.000000 0.000000 0.000000
-11.476189 3.605625 -24.149808 0.000000 0.000000 0.000000 -1.233464 0.155721 -1.205269 4.200000 -2.207275 -2.207275 -2.207275 1.000000 0.000000 0.000000 0.000000
-10.610798 3.329039 -24.340764 0.000000 0.000000 0.000000 -1.288619 -0.237935 -1.205269 4.200000 -2.207275 -2.207275 -2.207275 1.000000 0.000000 0.000000 0.000000
-10.888652 2.636088 -24.020192 0.000000 0.000000 0.000000 -1.261049 -0.340482 -1.205269 4.200000 -2.207275 -2.207275 -2.207275 1.000000 0.000000 0.000000 0.000000
-11.806557 2.531159 -24.692904 0.000000 0.000000 0.000000 -1.307695 0.144368 -1.205269 4.200000 -2.207275 -2.207275 -2.207275 1.000000 0.000000 0.000000 0.000000
-10.684454 2.761246 -24.429431 0.000000 0.000000 0.000000 -1.115448 0.038005 -1.205269 4.200000 -2.207275 -2.207275 -2.207275 1.000000 0.000000 0.000000 0.000000
-11.812672 3.670902 -23.961778 0.000000 0.000000 0.000000 -1.124732 -0.004735 -1.205269 4.200000 -2.207275 -2.207275 -2.207275 1.000000 0.000000 0.000000 0.000000
-12.460212 3.124349 -24.228004 0.000000 0.000000 0.000000 -1.234362 0.014337 -1.205269 4.200000 -2.207275 -2.207275 -2.207275 1.000000 0.000000 0.000000 0.000000
-11.858725 2.721276 -25.026546 0.000000 0.000000 0.000000 -1.134903 0.067800 -1.205269 4.200000 -2.207275 -2.207275 -2.207275 1.000000 0.000000 0.000000 0.000000
-11.500417 2.932636 -23.593175 0.000000 0.000000 0.000000 -1.064647 -0.205932 -1.205269 4.200000 -2.207275 -2.207275 -2.207275 1.000000 0.000000 0.000000 0.000000
-11.092429 2.471624 -24.096737 0.000000 0.000000 0.000000 -1.272506 0.089810 -1.205269 4.200000 -2.207275 -2.207275 -2.207275 1.000000 0.000000 0.000000 0.000000
-11.900889 3.174863 -24.462349 0.000000 0.000000 0.000000 -1.200385 -0.300342 -1.205269 4.200000 -2.207275 -2.207275 -2.207275 1.000000 0.000000 0.000000 0.000000
-10.902499 2.407611 -24.113419 0.000000 0.000000 0.000000 -1.248116 -0.107445 -1.205269 4.200000 -2.207275 -2.207275 -2.207275 1.000000 0.000000 0.000000 0.000000
-11.860875 3.086491 -23.586858 0.000000 0.000000 0.000000 -1.302710 0.080818 -1.205269 4.200000 -2.207275 -2.207275 -2.207275 1.000000 0.000000 0.000000 0.000000
-11.019641 3.453400 -23.831540 0.000000 0.000000 0.000000 -1.094278 0.042912 -1.205269 4.200000 -2.207275 -2.207275 -2.207275 1.000000 0.000000 0.000000 0.000000
-11.026036 2.700903 -24.398327 0.000000 0.000000 0.000000 -1.305641 0.150616 -1.205269 4.200000 -2.207275 -2.207275 -2.207275 1.000000 0.000000 0.000000 0.000000
-11.796906 3.379625 -24.723822 0.000000 0.000000 0.000000 -1.085615 -0.236638 -1.205269 4.200000 -2.207275 -2.207275 -2.207275 1.000000 0.000000 0.000000 0.000000
-12.381330 3.265980 -24.732591 0.000000 0.000000 0.000000 -1.283024 -0.102877 -1.205269 4.200000 -2.207275 -2.207275 -2.207275 1.000000 0.000000 0.000000 0.000000
-11.264662 3.293020 -25.133769 0.000000 0.000000 0.000000 -1.309048 -0.045373 -1.205269 4.200000 -2.207275 -2.207275 -2.207275 1.000000 0.000000 0.000000 0.000000
-12.076955 2.793206 -23.815802 0.000000 0.000000 0.000000 -1.069056 -0.028060 -1.205269 4.200000 -2.207275 -2.207275 -2.207275 1.000000 0.000000 0.000000 0.000000
-12.228858 3.670529 -24.261404 0.000000 0.000000 0.000000 -1.099646 0.211868 -1.205269 4.200000 -2.207275 -2.207275 -2.207275 1.000000 0.000000 0.000000 0.000000
-11.480490 3.826712 -24.096546 0.000000 0.000000 0.000000 -1.290653 -0.192110 -1.205269 4.200000 -2.207275 -2.207275 -2.207275 1.000000 0.000000 0.000000 0.000000
-11.659541 2.457679 -24.036933 0.000000 0.000000 0.000000 -1.255051 -0.350557 -1.205269 4.200000 -2.207275 -2.207275 -2.207275 1.000000 0.000000 0.000000 0.000000
-11.607915 0.768177 -15.049365 0.000000 0.000000 0.000000 -0.638083 -1.134370 -1.488861 4.200000 -2.813411 -2.120264 -2.813411 1.000000 0.000000 0.000000 0.000000
-11.483427 0.307815 -15.046353 0.000000 0.000000 0.000000 -0.638083 -1.134370 -1.488861 4.200000 -2.813411 -2.120264 -2.813411 1.000000 0.000000 0.000000 0.000000
-11.521304 0.539188 -14.982377 0.000000 0.000000 0.000000 -0.638083 -1.134370 -1.488861 4.200000 -2.813411 -2.120264 -2.813411 1.000000 0.000000 0.000000 0.000000
-11.535279 1.253950 -14.985066 0.000000 0.000000 0.000000 -0.638083 -1.134370 -1.488861 4.200000 -2.813411 -2.120264 -2.813411 1.000000 0.000000 0.000000 0.000000
-11.618872 1.823259 -15.010985 0.000000 0.000000 0.000000 -0.638083 -1.134370 -1.488861 4.200000 -2.813411 -2.120264 -2.813411 1.000000 0.000000 0.000000 0.000000
-11.400514 0.723008 -15.012553 0.000000 0.000000 0.000000 -0.638083 -1.134370 -1.488861 4.200000 -2.813411 -2.120264 -2.813411 1.000000 0.000000 0.000000 0.000000
-11.515832 0.514241 -15.021012 0.000000 0.000000 0.000000 -0.638083 -1.134370 -1.488861 4.200000 -2.813411 -2.120264 -2.813411 1.000000 0.000000 0.000000 0.000000
-11.407613 1.755823 -15.047725 0.000000 0.000000 0.000000 -0.638083 -1.134370 -1.488861 4.200000 -2.813411 -2.120264 -2.813411 1.000000 0.000000 0.000000 0.000000
-11.531307 1.376078 -14.966838 0.000000 0.000000 0.000000 -0.638083 -1.134370 -1.488861 4.200000 -2.813411 -2.120264 -2.813411 1.000000 0.000000 0.000000 0.000000
-11.061194 3.393865 -14.873255 0.000000 0.000000 0.000000 -1.310016 -0.178176 -1.205269 4.200000 -2.207275 -2.207275 -2.207275 1.000000 0.000000 0.000000 0.000000
-12.038477 3.137966 -14.372206 0.000000 0.000000 0.000000 -1.270560 -0.056066 -1.205269 4.200000 -2.207275 -2.207275 -2.207275 1.000000 0.000000 0.000000 0.000000
-11.922349 3.507299 -14.358463 0.000000 0.000000 0.000000 -1.086863 -0.364554 -1.205269 4.200000 -2.207275 -2.207275 -2.207275 1.000000 0.000000 0.000000 0.000000
-12.147922 3.161297 -14.497847 0.000000 0.000000 0.000000 -1.281108 -0.072154 -1.205269 4.200000 -2.207275 -2.207275 -2.207275 1.000000 0.000000 0.000000 0.000000
-11.450018 3.656645 -15.110248 0.000000 0.000000 0.000000 -1.132154 -0.041415 -1.205269 4.200000 -2.207275 -2.207275 -2.207275 1.000000 0.000000 0.000000 0.000000
-12.256373 3.118664 -15.112818 0.000000 0.000000 0.000000 -1.166228 -0.317034 -1.205269 4.200000 -2.207275 -2.207275 -2.207275 1.000000 0.000000 0.000000 0.000000
-10.881360 2.456498 -15.396172 0.000000 0.000000 0.000000 -1.162187 0.109552 -1.205269 4.200000 -2.207275 -2.207275 -2.207275 1.000000 0.000000 0.000000 0.000000
-11.375665 2.754542 -14.795820 0.000000 0.000000 0.000000 -1.071070 0.013537 -1.205269 4.200000 -2.207275 -2.207275 -2.207275 1.000000 0.000000 0.000000 0.000000
-12.375987 2.967546 -15.301023 0.000000 0.000000 0.000000 -1.191574 0.128375 -1.205269 4.200000 -2.207275 -2.207275 -2.207275 1.000000 0.000000 0.000000 0.000000
-11.340579 3.410184 -15.677880 0.000000 0.000000 0.000000 -1.148638 0.049303 -1.205269 4.200000 -2.207275 -2.207275 -2.207275 1.000000 0.000000 0.000000 0.000000
-11.746112 3.753895 -14.864491 0.000000 0.000000 0.000000 -1.131107 -0.232983 -1.205269 4.200000 -2.207275 -2.207275 -2.207275 1.000000 0.000000 0.000000 0.000000
-11.907832 3.077876 -15.563078 0.000000 0.000000 0.000000 -1.305721 -0.110781 -1.205269 4.200000 -2.207275 -2.207275 -2.207275 1.000000 0.000000 0.000000 0.000000
-11.409361 2.927538 -14.721787 0.000000 0.000000 0.000000 -1.155641 -0.283248 -1.205269 4.200000 -2.207275 -2.207275 -2.207275 1.000000 0.000000 0.000000 0.000000
-11.888023 2.443319 -15.265454 0.000000 0.000000 0.000000 -1.253664 -0.195105 -1.205269 4.200000 -2.207275 -2.207275 -2.207275 1.000000 0.000000 0.000000 0.000000
-12.363547 2.690027 -14.734654 0.000000 0.000000 0.000000 -1.151141 0.011780 -1.205269 4.200000 -2.207275 -2.207275 -2.207275 1.000000 0.000000 0.000000 0.000000
-11.543115 2.680470 -14.660188 0.000000 0.000000 0.000000 -1.181567 -0.232683 -1.205269 4.200000 -2.207275 -2.207275 -2.207275 1.000000 0.000000 0.000000 0.000000
-10.923804 2.943314 -14.498215 0.000000 0.000000 0.000000 -1.176885 -0.036594 -1.205269 4.200000 -2.207275 -2.207275 -2.207275 1.000000 0.000000 0.000000 0.000000
-11.120702 3.058219 -14.679540 0.000000 0.000000 0.000000 -1.265572 -0.237355 -1.205269 4.200000 -2.207275 -2.207275 -2.207275 1.000000 0.000000 0.000000 0.000000
-10.767430 3.183310 -14.536727 0.000000 0.000000 0.000000 -1.142591 -0.102500 -1.205269 4.200000 -2.207275 -2.207275 -2.207275 1.000000 0.000000 0.000000 0.000000
-11.392877 3.634611 -14.761048 0.000000 0.000000 0.000000 -1.182389 -0.394179 -1.205269 4.200000 -2.207275 -2.207275 -2.207275 1.000000 0.000000 0.000000 0.000000
-12.040072 2.501528 -14.587633 0.000000 0.000000 0.000000 -1.228650 -0.321049 -1.205269 4.200000 -2.207275 -2.207275 -2.207275 1.000000 0.000000 0.000000 0.000000
-11.517967 3.004463 -15.960750 0.000000 0.000000 0.000000 -1.134473 0.088342 -1.205269 4.200000 -2.207275 -2.207275 -2.207275 1.000000 0.000000 0.000000 0.000000
-11.755394 3.315022 -15.277399 0.000000 0.000000 0.000000 -1.225601 -0.412120 -1.205269 4.200000 -2.207275 -2.207275 -2.207275 1.000000 0.000000 0.000000 0.000000
-11.219070 2.844090 -15.878806 0.000000 0.000000 0.000000 -1.221937 -0.203425 -1.205269 4.200000 -2.207275 -2.207275 -2.207275 1.000000 0.000000 0.000000 0.000000
-11.606229 2.575635 -15.248358 0.000000 0.000000 0.000000 -1.330974 0.003710 -1.205269 4.200000 -2.207275 -2.207275 -2.207275 1.000000 0.000000 0.000000 0.000000
-12.310882 2.960506 -15.401737 0.000000 0.000000 0.000000 -1.079157 -0.042887 -1.205269 4.200000 -2.207275 -2.207275 -2.207275 1.000000 0.000000 0.000000 0.000000
-11.290238 3.778997 -14.463377 0.000000 0.000000 0.000000 -1.186160 -0.020497 -1.205269 4.200000 -2.207275 -2.207275 -2.207275 1.000000 0.000000 0.000000 0.000000
-10.641124 3.048253 -15.382495 0.000000 0.000000 0.000000 -1.321393 0.140696 -1.205269 4.200000 -2.207275 -2.207275 -2.207275 1.000000 0.000000 0.000000 0.000000
-12.012126 3.437068 -14.886909 0.000000 0.000000 0.000000 -1.168991 -0.146804 -1.205269 4.200000 -2.207275 -2.207275 -2.207275 1.000000 0.000000 0.000000 0.000000
-11.139769 3.137231 -14.223693 0.000000 0.000000 0.000000 -1.160536 -0.192707 -1.205269 4.200000 -2.207275 -2.207275 -2.207275 1.000000 0.000000 0.000000 0.000000
-11.895794 3.193102 -15.179684 0.000000 0.000000 0.000000 -1.086620 -0.395570 -1.205269 4.200000 -2.207275 -2.207275 -2.207275 1.000000 0.000000 0.000000 0.000000
-10.916954 3.214663 -14.557845 0.000000 0.000000 0.000000 -1.095378 -0.161821 -1.205269 4.200000 -2.207275 -2.207275 -2.207275 1.000000 0.000000 0.000000 0.000000
-11.588404 2.720470 -5.586368 0.000000 0.000000 0.000000 -0.638083 -1.134370 -1.488861 4.200000 -2.813411 -2.120264 -2.813411 1.000000 0.000000 0.000000 0.000000
-11.423309 0.067495 -5.614484 0.000000 0.000000 0.000000 -0.638083 -1.134370 -1.488861 4.200000 -2.813411 -2.120264 -2.813411 1.000000 0.000000 0.000000 0.000000
-11.379562 2.568102 -5.553342 0.000000 0.000000 0.000000 -0.638083 -1.134370 -1.488861 4.200000 -2.813411 -2.120264 -2.813411 1.000000 0.000000 0.000000 0.000000
-11.510512 2.188697 -5.547342 0.000000 0.000000 0.000000 -0.638083 -1.134370 -1.488861 4.200000 -2.813411 -2.120264 -2.813411 1.000000 0.000000 0.000000 0.000000
-11.490053 2.642792 -5.508107 0.000000 0.000000 0.000000 -0.638083 -1.134370 -1.488861 4.200000 -2.813411 -2.120264 -2.813411 1.000000 0.000000 0.000000 0.000000
-11.499094 0.410145 -5.516652 0.000000 0.000000 0.000000 -0.638083 -1.134370 -1.488861 4.200000 -2.813411 -2.120264 -2.813411 1.000000 0.000000 0.000000 0.000000
-11.580746 2.225480 -5.482635 0.000000 0.000000 0.000000 -0.638083 -1.134370 -1.488861 4.200000 -2.813411 -2.120264 -2.813411 1.000000 0.000000 0.000000 0.000000
-11.375216 0.272126 -5.449437 0.000000 0.000000 0.000000 -0.638083 -1.134370 -1.488861 4.200000 -2.813411 -2.120264 -2.813411 1.000000 0.000000 0.000000 0.000000
-11.526658 0.837704 -5.410492 0.000000 0.000000 0.000000 -0.638083 -1.134370 -1.488861 4.200000 -2.813411 -2.120264 -2.813411 1.000000 0.000000 0.000000 0.000000
-12.393348 3.189389 -5.779175 0.000000 0.000000 0.000000 -1.200875 -0.290759 -1.205269 4.200000 -2.207275 -2.207275 -2.207275 1.000000 0.000000 0.000000 0.000000
-11.146348 2.586463 -5.783874 0.000000 0.000000 0.000000 -1.107467 -0.377879 -1.205269 4.200000 -2.207275 -2.207275 -2.207275 1.000000 0.000000 0.000000 0.000000
-12.451314 2.954840 -5.278606 0.000000 0.000000 0.000000 -1.082784 -0.370042 -1.205269 4.200000 -2.207275 -2.207275 -2.207275 1.000000 0.000000 0.000000 0.000000
-10.835456 3.475532 -6.133181 0.000000 0.000000 0.000000 -1.066647 0.012146 -1.205269 4.200000 -2.207275 -2.207275 -2.207275 1.000000 0.000000 0.000000 0.000000
-11.015660 2.624864 -4.967102 0.000000 0.000000 0.000000 -1.146461 -0.007089 -1.205269 4.200000 -2.207275 -2.207275 -2.207275 1.000000 0.000000 0.000000 0.000000
-11.049695 2.667404 -4.801783 0.000000 0.000000 0.000000 -1.275040 -0.349894 -1.205269 4.200000 -2.207275 -2.207275 -2.207275 1.000000 0.000000 0.000000 0.000000
-11.741206 2.952106 -6.214390 0.000000 0.000000 0.000000 -1.092599 -0.019484 -1.205269 4.200000 -2.207275 -2.207275 -2.207275 1.000000 0.000000 0.000000 0.000000
-11.830174 3.597165 -5.853698 0.000000 0.000000 0.000000 -1.087944 -0.275715 -1.205269 4.200000 -2.207275 -2.207275 -2.207275 1.000000 0.000000 0.000000 0.000000
-11.773972 3.058527 -5.514206 0.000000 0.000000 0.000000 -1.120079 -0.335622 -1.205269 4.200000 -2.207275 -2.207275 -2.207275 1.000000 0.000000 0.000000 0.000000
-10.816652 2.598885 -5.334264 0.000000 0.000000 0.000000 -1.144522 0.009914 -1.205269 4.200000 -2.207275 -2.207275 -2.207275 1.000000 0.000000 0.000000 0.000000
-10.863379 3.528857 -5.349581 0.000000 0.000000 0.000000 -1.104147 -0.014805 -1.205269 4.200000 -2.207275 -2.207275 -2.207275 1.000000 0.000000 0.000000 0.000000
-10.674865 2.877728 -5.328562 0.000000 0.000000 0.000000 -1.194282 -0.011403 -1.205269 4.200000 -2.207275 -2.207275 -2.207275 1.000000 0.000000 0.000000 0.000000
-10.806149 2.564771 -5.313059 0.000000 0.000000 0.000000 -1.265709 0.171626 -1.205269 4.200000 -2.207275 -2.207275 -2.207275 1.000000 0.000000 0.000000 0.000000
-12.004466 3.197560 -6.169551 0.000000 0.000000 0.000000 -1.326416 -0.089746 -1.205269 4.200000 -2.207275 -2.207275 -2.207275 1.000000 0.000000 0.000000 0.000000
-11.531925 3.072766 -5.948834 0.000000 0.000000 0.000000 -1.270322 -0.008796 -1.205269 4.200000 -2.207275 -2.207275 -2.207275 1.000000 0.000000 0.000000 0.000000
-10.767360 2.490871 -5.518293 0.000000 0.000000 0.000000 -1.340728 -0.037704 -1.205269 4.200000 -2.207275 -2.207275 -2.207275 1.000000 0.000000 0.000000 0.000000
-11.510721 2.342204 -4.943259 0.000000 0.000000 0.000000 -1.277983 0.047976 -1.205269 4.200000 -2.207275 -2.207275 -2.207275 1.000000 0.000000 0.000000 0.000000
-11.349252 3.466698 -5.265069 0.000000 0.000000 0.000000 -1.109849 -0.135482 -1.205269 4.200000 -2.207275 -2.207275 -2.207275 1.000000 0.000000 0.000000 0.000000
-11.273398 3.049708 -5.394456 0.000000 0.000000 0.000000 -1.137891 -0.413175 -1.205269 4.200000 -2.207275 -2.207275 -2.207275 1.000000 0.000000 0.000000 0.000000
-11.334017 2.902071 -4.542579 0.000000 0.000000 0.000000 -1.075488 -0.120346 -1.205269 4.200000 -2.207275 -2.207275 -2.207275 1.000000 0.000000 0.000000 0.000000
-11.987122 2.358773 -5.426227 0.000000 0.000000 0.000000 -1.175582 -0.361610 -1.205269 4.200000 -2.207275 -2.207275 -2.207275 1.000000 0.000000 0.000000 0.000000
-11.036178 2.282735 -5.385868 0.000000 0.000000 0.000000 -1.094294 -0.358049 -1.205269 4.200000 -2.207275 -2.207275 -2.207275 1.000000 0.000000 0.000000 0.000000
-10.791559 3.397265 -5.662732 0.000000 0.000000 0.000000 -1.343638 0.068880 -1.205269 4.200000 -2.207275 -2.207275 -2.207275 1.000000 0.000000 0.000000 0.000000
-10.959602 2.466711 -5.115920 0.000000 0.000000 0.000000 -1.254083 -0.373727 -1.205269 4.200000 -2.207275 -2.207275 -2.207275 1.000000 0.000000 0.000000 0.000000
-11.857050 3.423312 -5.191362 0.000000 0.000000 0.000000 -1.113587 -0.347738 -1.205269 4.200000 -2.207275 -2.207275 -2.207275 1.000000 0.000000 0.000000 0.000000
-11.525452 2.562257 -5.537716 0.000000 0.000000 0.000000 -1.232009 0.035185 -1.205269 4.200000 -2.207275 -2.207275 -2.207275 1.000000 0.000000 0.000000 0.000000
-12.132903 2.617972 -5.035662 0.000000 0.000000 0.000000 -1.128411 -0.126191 -1.205269 4.200000 -2.207275 -2.207275 -2.207275 1.000000 0.000000 0.000000 0.000000
-11.481652 3.317258 -4.622483 0.000000 0.000000 0.000000 -1.297208 -0.367706 -1.205269 4.200000 -2.207275 -2.207275 -2.207275 1.000000 0.000000 0.000000 0.000000
-11.880859 2.534029 -5.269956 0.000000 0.000000 0.000000 -1.319741 0.035896 -1.205269 4.200000 -2.207275 -2.207275 -2.207275 1.000000 0.000000 0.000000 0.000000
-12.289839 3.052062 -5.544307 0.000000 0.000000 0.000000 -1.093444 -0.273861 -1.205269 4.200000 -2.207275 -2.207275 -2.207275 1.000000 0.000000 0.000000 0.000000
-10.632529 3.347106 -5.709754 0.000000 0.000000 0.000000 -1.075114 -0.410090 -1.205269 4.200000 -2.207275 -2.207275 -2.207275 1.000000 0.000000 0.000000 0.000000
-11.614338 0.363459 4.063256 0.000000 0.000000 0.000000 -0.638083 -1.134370 -1.488861 4.200000 -2.813411 -2.120264 -2.813411 1.000000 0.000000 0.000000 0.000000
-11.554162 1.330065 3.947940 0.000000 0.000000 0.000000 -0.638083 -1.134370 -1.488861 4.200000 -2.813411 -2.120264 -2.813411 1.000000 0.000000 0.000000 0.000000
-11.581502 1.364509 4.006962 0.000000 0.000000 0.000000 -0.638083 -1.134370 -1.488861 4.200000 -2.813411 -2.120264 -2.813411 1.000000 0.000000 0.000000 0.000000
-11.403718 1.221028 4.057462 0.000000 0.000000 0.000000 -0.638083 -1.134370 -1.488861 4.200000 -2.813411 -2.120264 -2.813411 1.000000 0.000000 0.000000 0.000000
-11.582727 1.655634 4.052137 0.000000 0.000000 0.000000 -0.638083 -1.134370 -1.488861 4.200000 -2.813411 -2.120264 -2.813411 1.000000 0.000000 0.000000 0.000000
-11.535226 0.569513 4.133861 0.000000 0.000000 0.000000 -0.638083 -1.134370 -1.488861 4.200000 -2.813411 -2.120264 -2.813411 1.000000 0.000000 0.000000 0.000000
-11.499860 0.378798 3.861501 0.000000 0.000000 0.000000 -0.638083 -1.134370 -1.488861 4.200000 -2.813411 -2.120264 -2.813411 1.000000 0.000000 0.000000 0.000000
-11.545169 2.455070 4.125743 0.000000 0.000000 0.000000 -0.638083 -1.134370 -1.488861 4.200000 -2.813411 -2.120264 -2.813411 1.000000 0.000000 0.000000 0.000000
-11.632071 1.396696 4.001565 0.000000 0.000000 0.000000 -0.638083 -1.134370 -1.488861 4.200000 -2.813411 -2.120264 -2.813411 1.000000 0.000000 0.000000 0.000000
-11.403120 0.417103 3.990136 0.000000 0.000000 0.000000 -0.638083 -1.134370 -1.488861 4.200000 -2.813411 -2.120264 -2.813411 1.000000 0.000000 0.000000 0.000000
-11.338299 3.223496 3.844124 0.000000 0.000000 0.000000 -1.103800 0.144815 -1.205269 4.200000 -2.207275 -2.207275 -2.207275 1.000000 0.000000 0.000000 0.000000
-11.761096 2.697146 4.135173 0.000000 0.000000 0.000000 -1.122211 -0.228084 -1.205269 4.200000 -2.207275 -2.207275 -2.207275 1.000000 0.000000 0.000000 0.000000
-11.782851 2.748534 3.333195 0.000000 0.000000 0.000000 -1.137052 -0.098508 -1.205269 4.200000 -2.207275 -2.207275 -2.207275 1.000000 0.000000 0.000000 0.000000
-11.344454 2.788771 3.411961 0.000000 0.000000 0.000000 -1.243212 -0.090913 -1.205269 4.200000 -2.207275 -2.207275 -2.207275 1.000000 0.000000 0.000000 0.000000
-11.842196 2.384417 3.661215 0.000000 0.000000 0.000000 -1.213441 -0.058795 -1.205269 4.200000 -2.207275 -2.207275 -2.207275 1.000000 0.000000 0.000000 0.000000
-11.149386 3.215688 4.418417 0.000000 0.000000 0.000000 -1.265247 0.001232 -1.205269 4.200000 -2.207275 -2.207275 -2.207275 1.000000 0.000000 0.000000 0.000000
-11.234130 3.999979 3.991144 0.000000 0.000000 0.000000 -1.219141 -0.201243 -1.205269 4.200000 -2.207275 -2.207275 -2.207275 1.000000 0.000000 0.000000 0.000000
-11.073011 2.921428 3.322239 0.000000 0.000000 0.000000 -1.279761 0.030940 -1.205269 4.200000 -2.207275 -2.207275 -2.207275 1.000000 0.000000 0.000000 0.000000
-11.924722 3.154869 3.869106 0.000000 0.000000 0.000000 -1.082009 -0.208966 -1.205269 4.200000 -2.207275 -2.207275 -2.207275 1.000000 0.000000 0.000000 0.000000
-11.813686 2.904942 4.645240 0.000000 0.000000 0.000000 -1.323808 -0.167974 -1.205269 4.200000 -2.207275 -2.207275 -2.207275 1.000000 0.000000 0.000000 0.000000
-11.622826 2.464354 3.965131 0.000000 0.000000 0.000000 -1.147440 0.163767 -1.205269 4.200000 -2.207275 -2.207275 -2.207275 1.000000 0.000000 0.000000 0.000000
-10.870267 3.778755 3.762796 0.000000 0.000000 0.000000 -1.186183 -0.142757 -1.205269 4.200000 -2.207275 -2.207275 -2.207275 1.000000 0.000000 0.000000 0.000000
-11.670900 3.294163 3.595634 0.000000 0.000000 0.000000 -1.177831 0.062534 -1.205269 4.200000 -2.207275 -2.207275 -2.207275 1.000000 0.000000 0.000000 0.000000
-12.007511 3.759938 4.321813 0.000000 0.000000 0.000000 -1.234501 -0.407128 -1.205269 4.200000 -2.207275 -2.207275 -2.207275 1.000000 0.000000 0.000000 0.000000
-11.810611 2.482148 4.177131 0.000000 0.000000 0.000000 -1.263643 0.088150 -1.205269 4.200000 -2.207275 -2.207275 -2.207275 1.000000 0.000000 0.000000 0.000000
-12.303021 3.196381 3.571725 0.000000 0.000000 0.000000 -1.342339 -0.110509 -1.205269 4.200000 -2.207275 -2.207275 -2.207275 1.000000 0.000000 0.000000 0.000000
-12.273998 2.802633 4.059926 0.000000 0.000000 0.000000 -1.161804 -0.021976 -1.205269 4.200000 -2.207275 -2.207275 -2.207275 1.000000 0.000000 0.000000 0.000000
-11.692845 3.701205 4.182542 0.000000 0.000000 0.000000 -1.087399 -0.327262 -1.205269 4.200000 -2.207275 -2.207275 -2.207275 1.000000 0.000000 0.000000 0.000000
-11.636893 3.762707 4.333194 0.000000 0.000000 0.000000 -1.092212 -0.124171 -1.205269 4.200000 -2.207275 -2.207275 -2.207275 1.000000 0.000000 0.000000 0.000000
-12.015367 2.836787 3.343948 0.000000 0.000000 0.000000 -1.193621 -0.065481 -1.205269 4.200000 -2.207275 -2.207275 -2.207275 1.000000 0.000000 0.000000 0.000000
-11.889384 2.711484 4.127469 0.000000 0.000000 0.000000 -1.266054 -0.050726 -1.205269 4.200000 -2.207275 -2.207275 -2.207275 1.000000 0.000000 0.000000 0.000000
-11.243367 3.829610 3.507568 0.000000 0.000000 0.000000 -1.113315 0.121858 -1.205269 4.200000 -2.207275 -2.207275 -2.207275 1.000000 0.000000 0.000000 0.000000
-11.752399 3.047600 3.597487 0.000000 0.000000 0.000000 -1.193642 -0.149849 -1.205269 4.200000 -2.207275 -2.207275 -2.207275 1.000000 0.000000 0.000000 0.000000
-11.553435 2.542867 3.565737 0.000000 0.000000 0.000000 -1.332248 -0.097522 -1.205269 4.200000 -2.207275 -2.207275 -2.207275 1.000000 0.000000 0.000000 0.000000
-11.430574 3.485985 3.736084 0.000000 0.000000 0.000000 -1.109937 -0.061028 -1.205269 4.200000 -2.207275 -2.207275 -2.207275 1.000000 0.000000 0.000000 0.000000
-12.106825 3.289591 4.301573 0.000000 0.000000 0.000000 -1.232321 0.021924 -1.205269 4.200000 -2.207275 -2.207275 -2.207275 1.000000 0.000000 0.000000 0.000000
-11.767407 2.369865 3.759637 0.000000 0.000000 0.000000 -1.244670 0.093266 -1.205269 4.200000 -2.207275 -2.207275 -2.207275 1.000000 0.000000 0.000000 0.000000
-11.979409 2.715685 3.641464 0.000000 0.000000 0.000000 -1.272757 0.141808 -1.205269 4.200000 -2.207275 -2.207275 -2.207275 1.000000 0.000000 0.000000 0.000000
-12.024768 3.005202 4.769532 0.000000 0.000000 0.000000 -1.276759 0.172865 -1.205269 4.200000 -2.207275 -2.207275 -2.207275 1.000000 0.000000 0.000000 0.000000
-11.810694 3.055066 4.845121 0.000000 0.000000 0.000000 -1.131642 -0.291586 -1.205269 4.200000 -2.207275 -2.207275 -2.207275 1.000000 0.000000 0.000000 0.000000
-11.833877 3.167484 3.658176 0.000000 0.000000 0.000000 -1.079243 0.057808 -1.205269 4.200000 -2.207275 -2.207275 -2.207275 1.000000 0.000000 0.000000 0.000000
-11.507139 1.019032 13.591624 0.000000 0.000000 0.000000 -0.638083 -1.134370 -1.488861 4.200000 -2.813411 -2.120264 -2.813411 1.000000 0.000000 0.000000 0.000000
-11.531664 0.854407 13.391951 0.000000 0.000000 0.000000 -0.638083 -1.134370 -1.488861 4.200000 -2.813411 -2.120264 -2.813411 1.000000 0.000000 0.000000 0.000000
-11.408129 0.920430 13.604112 0.000000 0.000000 0.000000 -0.638083 -1.134370 -1.488861 4.200000 -2.813411 -2.120264 -2.813411 1.000000 0.000000 0.000000 0.000000
-11.496175 1.657817 13.434607 0.000000 0.000000 0.000000 -0.638083 -1.134370 -1.488861 4.200000 -2.813411 -2.120264 -2.813411 1.000000 0.000000 0.000000 0.000000
-11.566203 2.114202 13.517915 0.000000 0.000000 0.000000 -0.638083 -1.134370 -1.488861 4.200000 -2.813411 -2.120264 -2.813411 1.000000 0.000000 0.000000 0.000000
-11.488388 0.568143 13.581198 0.000000 0.000000 0.000000 -0.638083 -1.134370 -1.488861 4.200000 -2.813411 -2.120264 -2.813411 1.000000 0.000000 0.000000 0.000000
-11.408257 0.210345 13.441222 0.000000 0.000000 0.000000 -0.638083 -1.134370 -1.488861 4.200000 -2.813411 -2.120264 -2.813411 1.000000 0.000000 0.000000 0.000000
-11.443518 1.130467 13.416505 0.000000 0.000000 0.000000 -0.638083 -1.134370 -1.488861 4.200000 -2.813411 -2.120264 -2.813411 1.000000 0.000000 0.000000 0.000000
-11.546852 2.457921 13.416135 0.000000 0.000000 0.000000 -0.638083 -1.134370 -1.488861 4.200000 -2.813411 -2.120264 -2.813411 1.000000 0.000000 0.000000 0.000000
-11.555035 2.267593 13.676168 0.000000 0.000000 0.000000 -1.224898 -0.296667 -1.205269 4.200000 -2.207275 -2.207275 -2.207275 1.000000 0.000000 0.000000 0.000000
-11.407442 3.525350 13.310446 0.000000 0.000000 0.000000 -1.316169 -0.263876 -1.205269 4.200000 -2.207275 -2.207275 -2.207275 1.000000 0.000000 0.000000 0.000000
-12.016702 2.408455 13.010909 0.000000 0.000000 0.000000 -1.123577 -0.348048 -1.205269 4.200000 -2.207275 -2.207275 -2.207275 1.000000 0.000000 0.000000 0.000000
-11.096524 2.604678 13.517211 0.000000 0.000000 0.000000 -1.151411 0.174100 -1.205269 4.200000 -2.207275 -2.207275 -2.207275 1.000000 0.000000 0.000000 0.000000
-10.964329 2.873048 13.460267 0.000000 0.000000 0.000000 -1.157444 0.138208 -1.205269 4.200000 -2.207275 -2.207275 -2.207275 1.000000 0.000000 0.000000 0.000000
-11.020106 2.390977 13.713532 0.000000 0.000000 0.000000 -1.272594 0.036880 -1.205269 4.200000 -2.207275 -2.207275 -2.207275 1.000000 0.000000 0.000000 0.000000
-11.809025 3.929875 13.187495 0.000000 0.000000 0.000000 -1.343435 -0.270103 -1.205269 4.200000 -2.207275 -2.207275 -2.207275 1.000000 0.000000 0.000000 0.000000
-11.630179 2.273168 13.361434 0.000000 0.000000 0.000000 -1.334553 0.204707 -1.205269 4.200000 -2.207275 -2.207275 -2.207275 1.000000 0.000000 0.000000 0.000000
-12.102951 2.732689 13.744035 0.000000 0.000000 0.000000 -1.318896 -0.342263 -1.205269 4.200000 -2.207275 -2.207275 -2.207275 1.000000 0.000000 0.000000 0.000000
-12.069927 3.653659 13.379602 0.000000 0.000000 0.000000 -1.169250 -0.166138 -1.205269 4.200000 -2.207275 -2.207275 -2.207275 1.000000 0.000000 0.000000 0.000000
-11.451438 3.390253 13.380212 0.000000 0.000000 0.000000 -1.191321 -0.354507 -1.205269 4.200000 -2.207275 -2.207275 -2.207275 1.000000 0.000000 0.000000 0.000000
-10.933836 2.532087 13.847544 0.000000 0.000000 0.000000 -1.136364 0.205156 -1.205269 4.200000 -2.207275 -2.207275 -2.207275 1.000000 0.000000 0.000000 0.000000
-10.945492 2.769141 14.248834 0.000000 0.000000 0.000000 -1.203270 0.027311 -1.205269 4.200000 -2.207275 -2.207275 -2.207275 1.000000 0.000000 0.000000 0.000000
-11.181959 2.755644 13.964264 0.000000 0.000000 0.000000 -1.097446 -0.133406 -1.205269 4.200000 -2.207275 -2.207275 -2.207275 1.000000 0.000000 0.000000 0.000000
-11.291003 3.249852 13.933262 0.000000 0.000000 0.000000 -1.190086 0.145449 -1.205269 4.200000 -2.207275 -2.207275 -2.207275 1.000000 0.000000 0.000000 0.000000
-12.091310 2.841497 13.693441 0.000000 0.000000 0.000000 -1.070125 -0.300123 -1.205269 4.200000 -2.207275 -2.207275 -2.207275 1.000000 0.000000 0.000000 0.000000
-11.689598 2.531784 13.622691 0.000000 0.000000 0.000000 -1.242063 -0.101765 -1.205269 4.200000 -2.207275 -2.207275 -2.207275 1.000000 0.000000 0.000000 0.000000
-11.625150 3.424986 13.311884 0.000000 0.000000 0.000000 -1.258421 -0.260664 -1.205269 4.200000 -2.207275 -2.207275 -2.207275 1.000000 0.000000 0.000000 0.000000
-11.703565 2.700893 13.923554 0.000000 0.000000 0.000000 -1.217680 -0.098529 -1.205269 4.200000 -2.207275 -2.207275 -2.207275 1.000000 0.000000 0.000000 0.000000
-10.761220 3.023263 12.951978 0.000000 0.000000 0.000000 -1.334022 0.079913 -1.205269 4.200000 -2.207275 -2.207275 -2.207275 1.000000 0.000000 0.000000 0.000000
-11.465062 2.793199 12.662552 0.000000 0.000000 0.000000 -1.297482 -0.257470 -1.205269 4.200000 -2.207275 -2.207275 -2.207275 1.000000 0.000000 0.000000 0.000000
-12.227613 3.150720 12.840431 0.000000 0.000000 0.000000 -1.072957 0.135622 -1.205269 4.200000 -2.207275 -2.207275 -2.207275 1.000000 0.000000 0.000000 0.000000
-11.913115 3.539961 14.265137 0.000000 0.000000 0.000000 -1.243047 0.070802 -1.205269 4.200000 -2.207275 -2.207275 -2.207275 1.000000 0.000000 0.000000 0.000000
-10.824815 3.789867 13.565850 0.000000 0.000000 0.000000 -1.219413 -0.204696 -1.205269 4.200000 -2.207275 -2.207275 -2.207275 1.000000 0.000000 0.000000 0.000000
-11.795076 2.845182 14.366818 0.000000 0.000000 0.000000 -1.319805 -0.236372 -1.205269 4.200000 -2.207275 -2.207275 -2.207275 1.000000 0.000000 0.000000 0.000000
-11.445034 3.582783 13.538440 0.000000 0.000000 0.000000 -1.173090 0.201407 -1.205269 4.200000 -2.207275 -2.207275 -2.207275 1.000000 0.000000 0.000000 0.000000
-12.276787 2.797419 14.016534 0.000000 0.000000 0.000000 -1.097903 0.198833 -1.205269 4.200000 -2.207275 -2.207275 -2.207275 1.000000 0.000000 0.000000 0.000000
-11.181289 3.504629 13.450368 0.000000 0.000000 0.000000 -1.247720 -0.057956 -1.205269 4.200000 -2.207275 -2.207275 -2.207275 1.000000 0.000000 0.000000 0.000000
-11.284913 2.760366 14.234229 0.000000 0.000000 0.000000 -1.338757 -0.206558 -1.205269 4.200000 -2.207275 -2.207275 -2.207275 1.000000 0.000000 0.000000 0.000000
-11.570536 3.082062 12.935234 0.000000 0.000000 0.000000 -1.150725 -0.291564 -1.205269 4.200000 -2.207275 -2.207275 -2.207275 1.000000 0.000000 0.000000 0.000000
-12.148863 3.019157 12.965663 0.000000 0.000000 0.000000 -1.142618 0.099175 -1.205269 4.200000 -2.207275 -2.207275 -2.207275 1.000000 0.000000 0.000000 0.000000
-11.697552 3.723538 12.859668 0.000000 0.000000 0.000000 -1.137566 -0.269528 -1.205269 4.200000 -2.207275 -2.207275 -2.207275 1.000000 0.000000 0.000000 0.000000
-11.546246 0.139889 23.125454 0.000000 0.000000 0.000000 -0.638083 -1.134370 -1.488861 4.200000 -2.813411 -2.120264 -2.813411 1.000000 0.000000 0.000000 0.000000
-11.425457 2.650038 22.998973 0.000000 0.000000 0.000000 -0.638083 -1.134370 -1.488861 4.200000 -2.813411 -2.120264 -2.813411 1.000000 0.000000 0.000000 0.000000
-11.538234 1.882032 23.052806 0.000000 0.000000 0.000000 -0.638083 -1.134370 -1.488861 4.200000 -2.813411 -2.120264 -2.813411 1.000000 0.000000 0.000000 0.000000
-11.433228 2.616574 23.063080 0.000000 0.000000 0.000000 -0.638083 -1.134370 -1.488861 4.200000 -2.813411 -2.120264 -2.813411 1.000000 0.000000 0.000000 0.000000
-11.564383 2.223009 22.939078 0.000000 0.000000 0.000000 -0.638083 -1.134370 -1.488861 4.200000 -2.813411 -2.120264 -2.813411 1.000000 0.000000 0.000000 0.000000
-11.528041 0.294392 22.892661 0.000000 0.000000 0.000000 -0.638083 -1.134370 -1.488861 4.200000 -2.813411 -2.120264 -2.813411 1.000000 0.000000 0.000000 0.000000
-11.399345 1.800138 22.906431 0.000000 0.000000 0.000000 -0.638083 -1.134370 -1.488861 4.200000 -2.813411 -2.120264 -2.813411 1.000000 0.000000 0.000000 0.000000
-11.473018 2.303094 22.949210 0.000000 0.000000 0.000000 -0.638083 -1.134370 -1.488861 4.200000 -2.813411 -2.120264 -2.813411 1.000000 0.000000 0.000000 0.000000
-11.543124 2.439178 23.021469 0.000000 0.000000 0.000000 -0.638083 -1.134370 -1.488861 4.200000 -2.813411 -2.120264 -2.813411 1.000000 0.000000 0.000000 0.000000
-11.505141 3.883225 22.531760 0.000000 0.000000 0.000000 -1.065039 -0.078969 -1.205269 4.200000 -2.207275 -2.207275 -2.207275 1.000000 0.000000 0.000000 0.000000
-12.228298 3.315315 23.548671 0.000000 0.000000 0.000000 -1.308621 0.005481 -1.205269 4.200000 -2.207275 -2.207275 -2.207275 1.000000 0.000000 0.000000 0.000000
-10.947137 3.280916 22.786939 0.000000 0.000000 0.000000 -1.109951 -0.258438 -1.205269 4.200000 -2.207275 -2.207275 -2.207275 1.000000 0.000000 0.000000 0.000000
-11.154308 2.999662 23.037385 0.000000 0.000000 0.000000 -1.176319 -0.090077 -1.205269 4.200000 -2.207275 -2.207275 -2.207275 1.000000 0.000000 0.000000 0.000000
-11.860499 3.782763 22.891581 0.000000 0.000000 0.000000 -1.146707 -0.246344 -1.205269 4.200000 -2.207275 -2.207275 -2.207275 1.000000 0.000000 0.000000 0.000000
-10.815142 3.699465 23.316207 0.000000 0.000000 0.000000 -1.227997 -0.271383 -1.205269 4.200000 -2.207275 -2.207275 -2.207275 1.000000 0.000000 0.000000 0.000000
-10.840864 3.054029 22.665984 0.000000 0.000000 0.000000 -1.200314 0.126899 -1.205269 4.200000 -2.207275 -2.207275 -2.207275 1.000000 0.000000 0.000000 0.000000
-11.265335 2.707141 23.405763 0.000000 0.000000 0.000000 -1.097912 -0.095405 -1.205269 4.200000 -2.207275 -2.207275 -2.207275 1.000000 0.000000 0.000000 0.000000
-10.722241 3.071391 22.529476 0.000000 0.000000 0.000000 -1.225988 0.094541 -1.205269 4.200000 -2.207275 -2.207275 -2.207275 1.000000 0.000000 0.000000 0.000000
-11.300544 3.202032 23.552573 0.000000 0.000000 0.000000 -1.096595 -0.005099 -1.205269 4.200000 -2.207275 -2.207275 -2.207275 1.000000 0.000000 0.000000 0.000000
-11.495494 3.366093 23.118311 0.000000 0.000000 0.000000 -1.222800 -0.337828 -1.205269 4.200000 -2.207275 -2.207275 -2.207275 1.000000 0.000000 0.000000 0.000000
-11.126781 3.588216 23.537892 0.000000 0.000000 0.000000 -1.230643 -0.263597 -1.205269 4.200000 -2.207275 -2.207275 -2.207275 1.000000 0.000000 0.000000 0.000000
-11.327863 2.789967 22.168300 0.000000 0.000000 0.000000 -1.329796 -0.095876 -1.205269 4.200000 -2.207275 -2.207275 -2.207275 1.000000 0.000000 0.000000 0.000000
-11.710235 3.318344 23.535189 0.000000 0.000000 0.000000 -1.128198 -0.261258 -1.205269 4.200000 -2.207275 -2.207275 -2.207275 1.000000 0.000000 0.000000 0.000000
-11.240589 3.386485 23.730894 0.000000 0.000000 0.000000 -1.073377 -0.122403 -1.205269 4.200000 -2.207275 -2.207275 -2.207275 1.000000 0.000000 0.000000 0.000000
-11.235826 2.333961 22.819052 0.000000 0.000000 0.000000 -1.164142 0.185347 -1.205269 4.200000 -2.207275 -2.207275 -2.207275 1.000000 0.000000 0.000000 0.000000
-11.468891 3.417643 23.546452 0.000000 0.000000 0.000000 -1.190960 -0.307846 -1.205269 4.200000 -2.207275 -2.207275 -2.207275 1.000000 0.000000 0.000000 0.000000
-11.039304 2.968524 22.741002 0.000000 0.000000 0.000000 -1.332872 0.042158 -1.205269 4.200000 -2.207275 -2.207275 -2.207275 1.000000 0.000000 0.000000 0.000000
-11.444417 3.526786 22.304052 0.000000 0.000000 0.000000 -1.110569 -0.404784 -1.205269 4.200000 -2.207275 -2.207275 -2.207275 1.000000 0.000000 0.000000 0.000000
-11.183505 3.410056 22.635775 0.000000 0.000000 0.000000 -1.346377 0.179593 -1.205269 4.200000 -2.207275 -2.207275 -2.207275 1.000000 0.000000 0.000000 0.000000
-11.718751 3.830491 23.608424 0.000000 0.000000 0.000000 -1.100515 -0.334010 -1.205269 4.200000 -2.207275 -2.207275 -2.207275 1.000000 0.000000 0.000000 0.000000
-11.860969 3.590652 23.013270 0.000000 0.000000 0.000000 -1.111806 0.104507 -1.205269 4.200000 -2.207275 -2.207275 -2.207275 1.000000 0.000000 0.000000 0.000000
-11.674996 2.570151 23.622672 0.000000 0.000000 0.000000 -1.187982 -0.090053 -1.205269 4.200000 -2.207275 -2.207275 -2.207275 1.000000 0.000000 0.000000 0.000000
-11.484107 3.810754 22.613732 0.000000 0.000000 0.000000 -1.197059 -0.242562 -1.205269 4.200000 -2.207275 -2.207275 -2.207275 1.000000 0.000000 0.000000 0.000000
-11.614969 3.177128 22.594160 0.000000 0.000000 0.000000 -1.325711 0.149318 -1.205269 4.200000 -2.207275 -2.207275 -2.207275 1.000000 0.000000 0.000000 0.000000
-11.651441 3.751801 23.182864 0.000000 0.000000 0.000000 -1.172755 -0.153455 -1.205269 4.200000 -2.207275 -2.207275 -2.207275 1.000000 0.000000 0.000000 0.000000
-11.733273 2.451240 22.372346 0.000000 0.000000 0.000000 -1.325746 -0.370591 -1.205269 4.200000 -2.207275 -2.207275 -2.207275 1.000000 0.000000 0.000000 0.000000
-11.470661 2.322307 22.708622 0.000000 0.000000 0.000000 -1.304663 0.067941 -1.205269 4.200000 -2.207275 -2.207275 -2.207275 1.000000 0.000000 0.000000 0.000000
-11.082537 2.455978 22.595381 0.000000 0.000000 0.000000 -1.199510 -0.050482 -1.205269 4.200000 -2.207275 -2.207275 -2.207275 1.000000 0.000000 0.000000 0.000000
-12.096606 3.412798 23.066682 0.000000 0.000000 0.000000 -1.300286 -0.342201 -1.205269 4.200000 -2.207275 -2.207275 -2.207275 1.000000 0.000000 0.000000 0.000000
-11.378998 3.543254 23.344553 0.000000 0.000000 0.000000 -1.327840 -0.099024 -1.205269 4.200000 -2.207275 -2.207275 -2.207275 1.000000 0.000000 0.000000 0.000000
-11.533026 3.321691 22.473635 0.000000 0.000000 0.000000 -1.314453 -0.271572 -1.205269 4.200000 -2.207275 -2.207275 -2.207275 1.000000 0.000000 0.000000 0.000000
-11.568448 0.991044 32.539725 0.000000 0.000000 0.000000 -0.638083 -1.134370 -1.488861 4.200000 -2.813411 -2.120264 -2.813411 1.000000 0.000000 0.000000 0.000000
-11.410026 0.925136 32.485220 0.000000 0.000000 0.000000 -0.638083 -1.134370 -1.488861 4.200000 -2.813411 -2.120264 -2.813411 1.000000 0.000000 0.000000 0.000000
-11.535702 1.176091 32.412445 0.000000 0.000000 0.000000 -0.638083 -1.134370 -1.488861 4.200000 -2.813411 -2.120264 -2.813411 1.000000 0.000000 0.000000 0.000000
-11.361351 1.405957 32.486111 0.000000 0.000000 0.000000 -0.638083 -1.134370 -1.488861 4.200000 -2.813411 -2.120264 -2.813411 1.000000 0.000000 0.000000 0.000000
-11.532369 2.709510 32.509108 0.000000 0.000000 0.000000 -0.638083 -1.134370 -1.488861 4.200000 -2.813411 -2.120264 -2.813411 1.000000 0.000000 0.000000 0.000000
-11.568592 1.248343 32.567426 0.000000 0.000000 0.000000 -0.638083 -1.134370 -1.488861 4.200000 -2.813411 -2.120264 -2.813411 1.000000 0.000000 0.000000 0.000000
-11.548516 2.693652 32.596788 0.000000 0.000000 0.000000 -0.638083 -1.134370 -1.488861 4.200000 -2.813411 -2.120264 -2.813411 1.000000 0.000000 0.000000 0.000000
-11.441491 2.756507 32.503520 0.000000 0.000000 0.000000 -0.638083 -1.134370 -1.488861 4.200000 -2.813411 -2.120264 -2.813411 1.000000 0.000000 0.000000 0.000000
-11.637140 2.491852 32.474930 0.000000 0.000000 0.000000 -0.638083 -1.134370 -1.488861 4.200000 -2.813411 -2.120264 -2.813411 1.000000 0.000000 0.000000 0.000000
-12.202908 3.418620 32.850521 0.000000 0.000000 0.000000 -1.107701 0.194673 -1.205269 4.200000 -2.207275 -2.207275 -2.207275 1.000000 0.000000 0.000000 0.000000
-10.849604 3.731419 32.367921 0.000000 0.000000 0.000000 -1.191056 -0.308573 -1.205269 4.200000 -2.207275 -2.207275 -2.207275 1.000000 0.000000 0.000000 0.000000
-11.627454 3.092563 33.147795 0.000000 0.000000 0.000000 -1.212253 0.140717 -1.205269 4.200000 -2.207275 -2.207275 -2.207275 1.000000 0.000000 0.000000 0.000000
-11.844201 3.084168 32.443078 0.000000 0.000000 0.000000 -1.219394 0.076132 -1.205269 4.200000 -2.207275 -2.207275 -2.207275 1.000000 0.000000 0.000000 0.000000
-10.885679 3.397052 32.996916 0.000000 0.000000 0.000000 -1.069085 -0.402071 -1.205269 4.200000 -2.207275 -2.207275 -2.207275 1.000000 0.000000 0.000000 0.000000
-10.697016 3.087813 32.396971 0.000000 0.000000 0.000000 -1.130595 -0.048051 -1.205269 4.200000 -2.207275 -2.207275 -2.207275 1.000000 0.000000 0.000000 0.000000
-11.010960 2.827997 32.514683 0.000000 0.000000 0.000000 -1.068516 -0.405950 -1.205269 4.200000 -2.207275 -2.207275 -2.207275 1.000000 0.000000 0.000000 0.000000
-11.081116 3.455270 32.487779 0.000000 0.000000 0.000000 -1.189323 0.196138 -1.205269 4.200000 -2.207275 -2.207275 -2.207275 1.000000 0.000000 0.000000 0.000000
-12.407454 2.736691 32.291109 0.000000 0.000000 0.000000 -1.305649 -0.144300 -1.205269 4.200000 -2.207275 -2.207275 -2.207275 1.000000 0.000000 0.000000 0.000000
-11.384137 2.371277 31.874739 0.000000 0.000000 0.000000 -1.206144 -0.237391 -1.205269 4.200000 -2.207275 -2.207275 -2.207275 1.000000 0.000000 0.000000 0.000000
-11.283221 3.009476 31.819783 0.000000 0.000000 0.000000 -1.271900 -0.373034 -1.205269 4.200000 -2.207275 -2.207275 -2.207275 1.000000 0.000000 0.000000 0.000000
-11.526498 2.783622 31.839468 0.000000 0.000000 0.000000 -1.302085 -0.104120 -1.205269 4.200000 -2.207275 -2.207275 -2.207275 1.000000 0.000000 0.000000 0.000000
-12.259642 3.378281 32.930330 0.000000 0.000000 0.000000 -1.178136 0.182765 -1.205269 4.200000 -2.207275 -2.207275 -2.207275 1.000000 0.000000 0.000000 0.000000
-10.696206 3.540615 32.569438 0.000000 0.000000 0.000000 -1.079839 -0.324875 -1.205269 4.200000 -2.207275 -2.207275 -2.207275 1.000000 0.000000 0.000000 0.000000
-12.225699 3.251394 32.962840 0.000000 0.000000 0.000000 -1.341110 0.207367 -1.205269 4.200000 -2.207275 -2.207275 -2.207275 1.000000 0.000000 0.000000 0.000000
-11.499001 3.299560 31.578072 0.000000 0.000000 0.000000 -1.146855 0.068592 -1.205269 4.200000 -2.207275 -2.207275 -2.207275 1.000000 0.000000 0.000000 0.000000
-12.106292 3.204242 33.134988 0.000000 0.000000 0.000000 -1.159338 0.024785 -1.205269 4.200000 -2.207275 -2.207275 -2.207275 1.000000 0.000000 0.000000 0.000000
-10.771815 3.332014 33.012814 0.000000 0.000000 0.000000 -1.164115 -0.028481 -1.205269 4.200000 -2.207275 -2.207275 -2.207275 1.000000 0.000000 0.000000 0.000000
-10.876855 3.791526 32.744064 0.000000 0.000000 0.000000 -1.117185 -0.362645 -1.205269 4.200000 -2.207275 -2.207275 -2.207275 1.000000 0.000000 0.000000 0.000000
-11.791309 3.154128 32.181526 0.000000 0.000000 0.000000 -1.324928 0.151643 -1.205269 4.200000 -2.207275 -2.207275 -2.207275 1.000000 0.000000 0.000000 0.000000
-11.385366 2.824880 33.405326 0.000000 0.000000 0.000000 -1.138388 0.036666 -1.205269 4.200000 -2.207275 -2.207275 -2.207275 1.000000 0.000000 0.000000 0.000000
-11.258417 3.649702 32.559447 0.000000 0.000000 0.000000 -1.111764 0.137380 -1.205269 4.200000 -2.207275 -2.207275 -2.207275 1.000000 0.000000 0.000000 0.000000
-10.947676 3.638077 31.988248 0.000000 0.000000 0.000000 -1.183466 -0.249837 -1.205269 4.200000 -2.207275 -2.207275 -2.207275 1.000000 0.000000 0.000000 0.000000
-10.653572 2.745205 32.710331 0.000000 0.000000 0.000000 -1.067117 0.102818 -1.205269 4.200000 -2.207275 -2.207275 -2.207275 1.000000 0.000000 0.000000 0.000000
-11.956136 2.767771 32.297682 0.000000 0.000000 0.000000 -1.079037 -0.385061 -1.205269 4.200000 -2.207275 -2.207275 -2.207275 1.000000 0.000000 0.000000 0.000000
-11.292984 3.027248 33.335115 0.000000 0.000000 0.000000 -1.316434 -0.253791 -1.205269 4.200000 -2.207275 -2.207275 -2.207275 1.000000 0.000000 0.000000 0.000000
-10.883513 3.198495 31.839626 0.000000 0.000000 0.000000 -1.257069 0.138486 -1.205269 4.200000 -2.207275 -2.207275 -2.207275 1.000000 0.000000 0.000000 0.000000
-11.793382 3.444795 32.147865 0.000000 0.000000 0.000000 -1.324753 -0.141355 -1.205269 4.200000 -2.207275 -2.207275 -2.207275 1.000000 0.000000 0.000000 0.000000
-11.968372 3.541187 32.969699 0.000000 0.000000 0.000000 -1.230329 -0.327785 -1.205269 4.200000 -2.207275 -2.207275 -2.207275 1.000000 0.000000 0.000000 0.000000
-11.387091 3.544178 32.187796 0.000000 0.000000 0.000000 -1.181706 0.032630 -1.205269 4.200000 -2.207275 -2.207275 -2.207275 1.000000 0.000000 0.000000 0.000000
-11.699943 3.158702 32.320781 0.000000 0.000000 0.000000 -1.297586 -0.172300 -1.205269 4.200000 -2.207275 -2.207275 -2.207275 1.000000 0.000000 0.000000 0.000000
-11.652304 4.004258 32.789113 0.000000 0.000000 0.000000 -1.081817 -0.264472 -1.205269 4.200000 -2.207275 -2.207275 -2.207275 1.000000 0.000000 0.000000 0.000000
-11.472311 0.470160 42.115449 0.000000 0.000000 0.000000 -0.638083 -1.134370 -1.488861 4.200000 -2.813411 -2.120264 -2.813411 1.000000 0.000000 0.000000 0.000000
-11.504288 0.330540 42.097778 0.000000 0.000000 0.000000 -0.638083 -1.134370 -1.488861 4.200000 -2.813411 -2.120264 -2.813411 1.000000 0.000000 0.000000 0.000000
-11.373450 0.399373 42.036383 0.000000 0.000000 0.000000 -0.638083 -1.134370 -1.488861 4.200000 -2.813411 -2.120264 -2.813411 1.000000 0.000000 0.000000 0.000000
-11.575219 1.578146 41.902913 0.000000 0.000000 0.000000 -0.638083 -1.134370 -1.488861 4.200000 -2.813411 -2.120264 -2.813411 1.000000 0.000000 0.000000 0.000000
-11.559116 2.428158 42.043360 0.000000 0.000000 0.000000 -0.638083 -1.134370 -1.488861 4.200000 -2.813411 -2.120264 -2.813411 1.000000 0.000000 0.000000 0.000000
-11.369813 2.710280 41.957460 0.000000 0.000000 0.000000 -0.638083 -1.134370 -1.488861 4.200000 -2.813411 -2.120264 -2.813411 1.000000 0.000000 0.000000 0.000000
-11.420225 2.516446 42.055833 0.000000 0.000000 0.000000 -0.638083 -1.134370 -1.488861 4.200000 -2.813411 -2.120264 -2.813411 1.000000 0.000000 0.000000 0.000000
-11.505193 2.789972 42.039123 0.000000 0.000000 0.000000 -0.638083 -1.134370 -1.488861 4.200000 -2.813411 -2.120264 -2.813411 1.000000 0.000000 0.000000 0.000000
-11.584308 2.222796 41.997998 0.000000 0.000000 0.000000 -0.638083 -1.134370 -1.488861 4.200000 -2.813411 -2.120264 -2.813411 1.000000 0.000000 0.000000 0.000000
-11.964050 3.339686 42.644240 0.000000 0.000000 0.000000 -1.223578 -0.207564 -1.205269 4.200000 -2.207275 -2.207275 -2.207275 1.000000 0.000000 0.000000 0.000000
-11.430394 2.899886 41.131177 0.000000 0.000000 0.000000 -1.345050 -0.084484 -1.205269 4.200000 -2.207275 -2.207275 -2.207275 1.000000 0.000000 0.000000 0.000000
-11.819806 3.101145 41.947173 0.000000 0.000000 0.000000 -1.186963 -0.300870 -1.205269 4.200000 -2.207275 -2.207275 -2.207275 1.000000 0.000000 0.000000 0.000000
-11.557605 2.975837 41.106681 0.000000 0.000000 0.000000 -1.310182 -0.424689 -1.205269 4.200000 -2.207275 -2.207275 -2.207275 1.000000 0.000000 0.000000 0.000000
-11.981998 3.393497 41.354988 0.000000 0.000000 0.000000 -1.156078 0.131704 -1.205269 4.200000 -2.207275 -2.207275 -2.207275 1.000000 0.000000 0.000000 0.000000
-11.291294 2.489129 42.603071 0.000000 0.000000 0.000000 -1.260499 -0.113675 -1.205269 4.200000 -2.207275 -2.207275 -2.207275 1.000000 0.000000 0.000000 0.000000
-12.080373 3.360168 42.604425 0.000000 0.000000 0.000000 -1.219416 -0.258245 -1.205269 4.200000 -2.207275 -2.207275 -2.207275 1.000000 0.000000 0.000000 0.000000
-11.593665 2.815422 41.666968 0.000000 0.000000 0.000000 -1.189752 0.078912 -1.205269 4.200000 -2.207275 -2.207275 -2.207275 1.000000 0.000000 0.000000 0.000000
-11.029980 3.371801 41.564123 0.000000 0.000000 0.000000 -1.278870 0.049834 -1.205269 4.200000 -2.207275 -2.207275 -2.207275 1.000000 0.000000 0.000000 0.000000
-11.960551 3.623865 41.689149 0.000000 0.000000 0.000000 -1.346571 -0.237476 -1.205269 4.200000 -2.207275 -2.207275 -2.207275 1.000000 0.000000 0.000000 0.000000
-10.599225 3.383656 41.975779 0.000000 0.000000 0.000000 -1.144098 -0.147642 -1.205269 4.200000 -2.207275 -2.207275 -2.207275 1.000000 0.000000 0.000000 0.000000
-11.181742 2.502758 41.683332 0.000000 0.000000 0.000000 -1.330497 -0.168399 -1.205269 4.200000 -2.207275 -2.207275 -2.207275 1.000000 0.000000 0.000000 0.000000
-11.286154 3.442256 41.702846 0.000000 0.000000 0.000000 -1.292699 0.197865 -1.205269 4.200000 -2.207275 -2.207275 -2.207275 1.000000 0.000000 0.000000 0.000000
-11.053417 3.406503 42.099385 0.000000 0.000000 0.000000 -1.209703 -0.354976 -1.205269 4.200000 -2.207275 -2.207275 -2.207275 1.000000 0.000000 0.000000 0.000000
-11.723121 3.448630 41.657500 0.000000 0.000000 0.000000 -1.310741 0.096439 -1.205269 4.200000 -2.207275 -2.207275 -2.207275 1.000000 0.000000 0.000000 0.000000
-11.952127 3.898726 41.635617 0.000000 0.000000 0.000000 -1.308468 -0.157477 -1.205269 4.200000 -2.207275 -2.207275 -2.207275 1.000000 0.000000 0.000000 0.000000
-11.707627 3.398019 41.244977 0.000000 0.000000 0.000000 -1.277961 -0.113644 -1.205269 4.200000 -2.207275 -2.207275 -2.207275 1.000000 0.000000 0.000000 0.000000
-11.408864 3.478310 42.586646 0.000000 0.000000 0.000000 -1.074946 -0.210971 -1.205269 4.200000 -2.207275 -2.207275 -2.207275 1.000000 0.000000 0.000000 0.000000
-11.817456 2.993573 41.259149 0.000000 0.000000 0.000000 -1.213245 0.098504 -1.205269 4.200000 -2.207275 -2.207275 -2.207275 1.000000 0.000000 0.000000 0.000000
-11.147693 3.650081 42.017657 0.000000 0.000000 0.000000 -1.172534 -0.032423 -1.205269 4.200000 -2.207275 -2.207275 -2.207275 1.000000 0.000000 0.000000 0.000000
-10.898774 3.200953 41.523963 0.000000 0.000000 0.000000 -1.326754 -0.360682 -1.205269 4.200000 -2.207275 -2.207275 -2.207275 1.000000 0.000000 0.000000 0.000000
-12.303402 3.122932 41.718297 0.000000 0.000000 0.000000 -1.161598 -0.027489 -1.205269 4.200000 -2.207275 -2.207275 -2.207275 1.000000 0.000000 0.000000 0.000000
-12.417892 3.111780 42.252590 0.000000 0.000000 0.000000 -1.255893 -0.061117 -1.205269 4.200000 -2.207275 -2.207275 -2.207275 1.000000 0.000000 0.000000 0.000000
-11.066316 3.093725 41.292208 0.000000 0.000000 0.000000 -1.147436 -0.300601 -1.205269 4.200000 -2.207275 -2.207275 -2.207275 1.000000 0.000000 0.000000 0.000000
-11.802912 2.814247 42.027382 0.000000 0.000000 0.000000 -1.247079 -0.040112 -1.205269 4.200000 -2.207275 -2.207275 -2.207275 1.000000 0.000000 0.000000 0.000000
-11.624621 3.771783 42.401789 0.000000 0.000000 0.000000 -1.225084 -0.146983 -1.205269 4.200000 -2.207275 -2.207275 -2.207275 1.000000 0.000000 0.000000 0.000000
-11.846158 3.111225 41.957477 0.000000 0.000000 0.000000 -1.197753 -0.094660 -1.205269 4.200000 -2.207275 -2.207275 -2.207275 1.000000 0.000000 0.000000 0.000000
-11.035934 2.967528 41.146635 0.000000 0.000000 0.000000 -1.071294 -0.116211 -1.205269 4.200000 -2.207275 -2.207275 -2.207275 1.000000 0.000000 0.000000 0.000000
-11.017769 3.145769 42.697183 0.000000 0.000000 0.000000 -1.069468 -0.121208 -1.205269 4.200000 -2.207275 -2.207275 -2.207275 1.000000 0.000000 0.000000 0.000000
-11.676608 2.536478 42.566363 0.000000 0.000000 0.000000 -1.123445 0.162707 -1.205269 4.200000 -2.207275 -2.207275 -2.207275 1.000000 0.000000 0.000000 0.000000
-11.875350 2.828187 42.033986 0.000000 0.000000 0.000000 -1.331474 -0.232601 -1.205269 4.200000 -2.207275 -2.207275 -2.207275 1.000000 0.000000 0.000000 0.000000
-11.596653 3.373422 42.657727 0.000000 0.000000 0.000000 -1.185574 -0.060427 -1.205269 4.200000 -2.207275 -2.207275 -2.207275 1.000000 0.000000 0.000000 0.000000
-11.386127 0.756892 51.505569 0.000000 0.000000 0.000000 -0.638083 -1.134370 -1.488861 4.200000 -2.813411 -2.120264 -2.813411 1.000000 0.000000 0.000000 0.000000
-11.626207 1.652854 51.542840 0.000000 0.000000 0.000000 -0.638083 -1.134370 -1.488861 4.200000 -2.813411 -2.120264 -2.813411 1.000000 0.000000 0.000000 0.000000
-11.581232 0.761019 51.558039 0.000000 0.000000 0.000000 -0.638083 -1.134370 -1.488861 4.200000 -2.813411 -2.120264 -2.813411 1.000000 0.000000 0.000000 0.000000
-11.495536 0.442986 51.587225 0.000000 0.000000 0.000000 -0.638083 -1.134370 -1.488861 4.200000 -2.813411 -2.120264 -2.813411 1.000000 0.000000 0.000000 0.000000
-11.504297 0.929000 51.513929 0.000000 0.000000 0.000000 -0.638083 -1.134370 -1.488861 4.200000 -2.813411 -2.120264 -2.813411 1.000000 0.000000 0.000000 0.000000
-11.441722 0.608798 51.415536 0.000000 0.000000 0.000000 -0.638083 -1.134370 -1.488861 4.200000 -2.813411 -2.120264 -2.813411 1.000000 0.000000 0.000000 0.000000
-11.435320 0.406155 51.595730 0.000000 0.000000 0.000000 -0.638083 -1.134370 -1.488861 4.200000 -2.813411 -2.120264 -2.813411 1.000000 0.000000 0.000000 0.000000
-11.476615 0.775000 51.615958 0.000000 0.000000 0.000000 -0.638083 -1.134370 -1.488861 4.200000 -2.813411 -2.120264 -2.813411 1.000000 0.000000 0.000000 0.000000
-11.481789 0.899131 51.626317 0.000000 0.000000 0.000000 -0.638083 -1.134370 -1.488861 4.200000 -2.813411 -2.120264 -2.813411 1.000000 0.000000 0.000000 0.000000
-11.861327 3.325847 51.135738 0.000000 0.000000 0.000000 -1.190333 0.030870 -1.205269 4.200000 -2.207275 -2.207275 -2.207275 1.000000 0.000000 0.000000 0.000000
-11.196459 3.221483 51.541147 0.000000 0.000000 0.000000 -1.261748 -0.360883 -1.205269 4.200000 -2.207275 -2.207275 -2.207275 1.000000 0.000000 0.000000 0.000000
-11.822675 2.268708 51.266152 0.000000 0.000000 0.000000 -1.312787 -0.254076 -1.205269 4.200000 -2.207275 -2.207275 -2.207275 1.000000 0.000000 0.000000 0.000000
-11.671593 2.646422 50.863735 0.000000 0.000000 0.000000 -1.134764 -0.374585 -1.205269 4.200000 -2.207275 -2.207275 -2.207275 1.000000 0.000000 0.000000 0.000000
-11.710061 2.218402 51.178546 0.000000 0.000000 0.000000 -1.293459 -0.191669 -1.205269 4.200000 -2.207275 -2.207275 -2.207275 1.000000 0.000000 0.000000 0.000000
-11.840775 2.473669 51.923653 0.000000 0.000000 0.000000 -1.304247 -0.183457 -1.205269 4.200000 -2.207275 -2.207275 -2.207275 1.000000 0.000000 0.000000 0.000000
-12.247915 3.448525 51.301575 0.000000 0.000000 0.000000 -1.302881 0.064002 -1.205269 4.200000 -2.207275 -2.207275 -2.207275 1.000000 0.000000 0.000000 0.000000
-11.516949 3.458705 50.621769 0.000000 0.000000 0.000000 -1.087449 -0.240836 -1.205269 4.200000 -2.207275 -2.207275 -2.207275 1.000000 0.000000 0.000000 0.000000
-11.134697 3.530666 52.066674 0.000000 0.000000 0.000000 -1.323874 0.116262 -1.205269 4.200000 -2.207275 -2.207275 -2.207275 1.000000 0.000000 0.000000 0.000000
-10.682216 2.868197 51.947574 0.000000 0.000000 0.000000 -1.072387 0.013850 -1.205269 4.200000 -2.207275 -2.207275 -2.207275 1.000000 0.000000 0.000000 0.000000
-11.798238 3.856435 51.952170 0.000000 0.000000 0.000000 -1.198119 0.180986 -1.205269 4.200000 -2.207275 -2.207275 -2.207275 1.000000 0.000000 0.000000 0.000000
-11.810024 2.883132 50.711165 0.000000 0.000000 0.000000 -1.275902 -0.123218 -1.205269 4.200000 -2.207275 -2.207275 -2.207275 1.000000 0.000000 0.000000 0.000000
-11.302836 2.473499 50.921635 0.000000 0.000000 0.000000 -1.118265 -0.076541 -1.205269 4.200000 -2.207275 -2.207275 -2.207275 1.000000 0.000000 0.000000 0.000000
-11.448185 2.918430 51.061282 0.000000 0.000000 0.000000 -1.316569 0.066328 -1.205269 4.200000 -2.207275 -2.207275 -2.207275 1.000000 0.000000 0.000000 0.000000
-12.386729 3.316573 51.177097 0.000000 0.000000 0.000000 -1.331890 -0.167373 -1.205269 4.200000 -2.207275 -2.207275 -2.207275 1.000000 0.000000 0.000000 0.000000
-11.247367 3.498289 51.708500 0.000000 0.000000 0.000000 -1.292054 0.180856 -1.205269 4.200000 -2.207275 -2.207275 -2.207275 1.000000 0.000000 0.000000 0.000000
-11.497839 3.721108 50.900564 0.000000 0.000000 0.000000 -1.289232 -0.335911 -1.205269 4.200000 -2.207275 -2.207275 -2.207275 1.000000 0.000000 0.000000 0.000000
-11.936702 2.981886 51.377911 0.000000 0.000000 0.000000 -1.165170 -0.201081 -1.205269 4.200000 -2.207275 -2.207275 -2.207275 1.000000 0.000000 0.000000 0.000000
-11.400553 2.553492 50.892368 0.000000 0.000000 0.000000 -1.123621 0.056461 -1.205269 4.200000 -2.207275 -2.207275 -2.207275 1.000000 0.000000 0.000000 0.000000
