ply
format ascii 1.0
element vertex 8640
property float x
property float y
property float z
property uchar red
property uchar green
property uchar blue
property uchar alpha
property float scale_0
property float scale_1
property float scale_2
end_header
-35.31478 0.01661 -23.26295 61 92 57 204 -2.52573 -2.52573 -3.21888
31.68437 0.02497 -11.10374 61 114 52 204 -2.52573 -2.52573 -3.21888
-4.78853 0.03129 -22.99712 56 104 64 204 -2.52573 -2.52573 -3.21888
12.02865 -0.03147 -13.65142 61 103 56 204 -2.52573 -2.52573 -3.21888
19.72465 0.09361 -24.89527 72 110 59 204 -2.52573 -2.52573 -3.21888
20.78549 -0.01060 -2.17074 107 102 91 204 -2.52573 -2.52573 -3.21888
26.35977 0.07686 -14.66408 76 114 61 204 -2.52573 -2.52573 -3.21888
-9.58380 0.04656 25.76040 58 113 60 204 -2.52573 -2.52573 -3.21888
20.66627 0.05189 -27.08708 67 105 67 204 -2.52573 -2.52573 -3.21888
21.78449 0.02302 -21.77886 69 91 54 204 -2.52573 -2.52573 -3.21888
-16.09799 0.02458 12.02092 60 100 62 204 -2.52573 -2.52573 -3.21888
16.15773 0.04866 18.31413 71 119 56 204 -2.52573 -2.52573 -3.21888
32.15180 0.02855 0.69680 107 102 91 204 -2.52573 -2.52573 -3.21888
16.38891 0.02412 -27.10229 61 91 55 204 -2.52573 -2.52573 -3.21888
-15.29130 -0.03636 27.33498 75 110 62 204 -2.52573 -2.52573 -3.21888
-15.86571 0.02523 -9.28832 58 98 62 204 -2.52573 -2.52573 -3.21888
34.73947 0.03596 -16.06844 76 102 57 204 -2.52573 -2.52573 -3.21888
27.72355 0.06722 25.69271 74 96 60 204 -2.52573 -2.52573 -3.21888
-10.26072 0.02541 -17.44954 61 103 63 204 -2.52573 -2.52573 -3.21888
26.14760 -0.07744 19.12567 65 100 60 204 -2.52573 -2.52573 -3.21888
-0.64175 0.00227 22.00755 65 98 56 204 -2.52573 -2.52573 -3.21888
-9.55885 0.01502 2.21458 107 102 91 204 -2.52573 -2.52573 -3.21888
27.15093 -0.03554 -23.87890 71 119 58 204 -2.52573 -2.52573 -3.21888
-16.88112 -0.05745 22.40490 58 118 61 204 -2.52573 -2.52573 -3.21888
-9.65517 0.03215 12.98318 69 102 59 204 -2.52573 -2.52573 -3.21888
-20.96617 0.02644 4.12041 107 102 91 204 -2.52573 -2.52573 -3.21888
34.33185 -0.03602 -26.01562 61 117 52 204 -2.52573 -2.52573 -3.21888
-28.81858 -0.03283 6.64947 107 102 91 204 -2.52573 -2.52573 -3.21888
30.64754 -0.01462 -5.85506 107 102 91 204 -2.52573 -2.52573 -3.21888
-12.70110 0.04712 5.30076 107 102 91 204 -2.52573 -2.52573 -3.21888
8.98953 0.01610 18.25718 56 113 65 204 -2.52573 -2.52573 -3.21888
32.90285 0.00107 -29.32404 76 100 67 204 -2.52573 -2.52573 -3.21888
-3.21900 0.04744 -16.03201 72 91 63 204 -2.52573 -2.52573 -3.21888
24.86637 0.00019 10.19560 74 99 54 204 -2.52573 -2.52573 -3.21888
0.72491 0.01454 -15.57690 73 95 68 204 -2.52573 -2.52573 -3.21888
-7.31963 0.01368 8.30895 72 109 63 204 -2.52573 -2.52573 -3.21888
-7.67409 -0.01361 -24.00373 65 93 68 204 -2.52573 -2.52573 -3.21888
-10.36032 -0.02909 -20.27630 66 96 53 204 -2.52573 -2.52573 -3.21888
-27.70183 -0.01535 -9.71674 62 112 63 204 -2.52573 -2.52573 -3.21888
-23.07975 0.02717 27.33111 58 91 58 204 -2.52573 -2.52573 -3.21888
-17.32941 -0.01866 29.44405 65 116 58 204 -2.52573 -2.52573 -3.21888
-21.91000 0.02430 9.14225 76 122 53 204 -2.52573 -2.52573 -3.21888
-31.69391 0.03573 -7.37757 67 100 67 204 -2.52573 -2.52573 -3.21888
12.11500 0.06620 0.60910 107 102 91 204 -2.52573 -2.52573 -3.21888
-30.53228 -0.03177 12.95344 71 100 67 204 -2.52573 -2.52573 -3.21888
12.97483 -0.02128 -25.52211 75 109 60 204 -2.52573 -2.52573 -3.21888
4.08892 0.06654 3.79037 107 102 91 204 -2.52573 -2.52573 -3.21888
28.97201 0.03563 -25.99108 63 118 67 204 -2.52573 -2.52573 -3.21888
-3.25669 -0.02511 22.55727 68 102 66 204 -2.52573 -2.52573 -3.21888
-23.27847 0.01205 -8.10335 67 98 56 204 -2.52573 -2.52573 -3.21888
35.53575 -0.02211 -9.45736 71 104 68 204 -2.52573 -2.52573 -3.21888
-3.38373 -0.08417 -8.34743 59 111 67 204 -2.52573 -2.52573 -3.21888
3.96259 0.00235 -20.92723 68 115 57 204 -2.52573 -2.52573 -3.21888
31.67484 -0.05827 -11.79137 68 121 64 204 -2.52573 -2.52573 -3.21888
-5.00644 0.00302 -11.33473 62 90 61 204 -2.52573 -2.52573 -3.21888
19.29869 0.02817 29.70841 59 111 51 204 -2.52573 -2.52573 -3.21888
-34.13240 0.04404 -29.84776 66 107 68 204 -2.52573 -2.52573 -3.21888
-15.39078 0.01591 10.87159 72 103 65 204 -2.52573 -2.52573 -3.21888
18.81455 -0.02837 -10.98538 69 116 59 204 -2.52573 -2.52573 -3.21888
27.18123 -0.06494 21.73038 56 101 62 204 -2.52573 -2.52573 -3.21888
-27.44086 0.00156 -25.41165 62 112 56 204 -2.52573 -2.52573 -3.21888
-26.18008 -0.01598 3.88047 107 102 91 204 -2.52573 -2.52573 -3.21888
1.84209 0.05463 24.10020 63 114 60 204 -2.52573 -2.52573 -3.21888
-6.55848 -0.00073 12.59578 67 112 59 204 -2.52573 -2.52573 -3.21888
-19.21752 -0.01893 5.30033 107 102 91 204 -2.52573 -2.52573 -3.21888
24.82999 -0.02426 -0.43169 107 102 91 204 -2.52573 -2.52573 -3.21888
-12.42515 -0.00185 -28.31467 64 94 61 204 -2.52573 -2.52573 -3.21888
14.64509 -0.05115 -11.04069 59 89 55 204 -2.52573 -2.52573 -3.21888
0.19923 0.07527 -25.86196 68 93 55 204 -2.52573 -2.52573 -3.21888
-37.10770 0.01530 -22.93834 75 90 62 204 -2.52573 -2.52573 -3.21888
3.75416 0.02614 26.92708 74 110 52 204 -2.52573 -2.52573 -3.21888
-1.94118 -0.00585 -27.62944 73 103 65 204 -2.52573 -2.52573 -3.21888
36.53070 -0.02305 26.59648 57 98 68 204 -2.52573 -2.52573 -3.21888
7.29474 -0.02135 -10.77938 70 113 60 204 -2.52573 -2.52573 -3.21888
25.20038 0.02435 -12.55743 64 119 63 204 -2.52573 -2.52573 -3.21888
9.97044 0.03121 28.00578 64 95 52 204 -2.52573 -2.52573 -3.21888
28.87489 -0.00358 -8.76078 73 110 56 204 -2.52573 -2.52573 -3.21888
-11.48181 -0.03780 1.57464 107 102 91 204 -2.52573 -2.52573 -3.21888
35.05870 -0.01469 17.61481 71 121 55 204 -2.52573 -2.52573 -3.21888
-20.80865 0.06729 -15.71565 68 102 58 204 -2.52573 -2.52573 -3.21888
36.72051 0.01051 25.55742 70 95 53 204 -2.52573 -2.52573 -3.21888
28.99979 -0.02109 12.68120 57 118 54 204 -2.52573 -2.52573 -3.21888
-22.64172 0.00325 -6.55153 107 102 91 204 -2.52573 -2.52573 -3.21888
-20.16751 -0.00373 19.22616 65 108 63 204 -2.52573 -2.52573 -3.21888
1.08007 0.00910 -5.28539 107 102 91 204 -2.52573 -2.52573 -3.21888
-8.22917 -0.09429 -17.61700 60 115 53 204 -2.52573 -2.52573 -3.21888
37.34086 -0.00634 -16.23791 66 89 53 204 -2.52573 -2.52573 -3.21888
32.16678 -0.00882 -10.67683 67 122 65 204 -2.52573 -2.52573 -3.21888
-31.65204 0.03758 -22.03439 63 98 54 204 -2.52573 -2.52573 -3.21888
-18.50175 0.02008 4.10973 107 102 91 204 -2.52573 -2.52573 -3.21888
8.00897 -0.06976 -3.11404 107 102 91 204 -2.52573 -2.52573 -3.21888
17.67162 -0.03017 25.76706 70 114 54 204 -2.52573 -2.52573 -3.21888
-4.90213 0.02390 27.77391 69 102 60 204 -2.52573 -2.52573 -3.21888
8.86625 -0.02328 22.04541 68 120 51 204 -2.52573 -2.52573 -3.21888
1.34529 -0.03476 27.59486 75 103 60 204 -2.52573 -2.52573 -3.21888
1.46274 -0.02645 15.37247 62 95 61 204 -2.52573 -2.52573 -3.21888
37.43631 -0.01186 6.48728 107 102 91 204 -2.52573 -2.52573 -3.21888
12.39261 -0.01660 20.02278 75 95 56 204 -2.52573 -2.52573 -3.21888
-15.47731 -0.06071 -22.38727 71 111 60 204 -2.52573 -2.52573 -3.21888
-30.75902 0.03667 11.98256 59 104 68 204 -2.52573 -2.52573 -3.21888
-7.96488 0.00489 24.48473 74 111 66 204 -2.52573 -2.52573 -3.21888
12.95436 -0.00426 -11.02143 56 90 67 204 -2.52573 -2.52573 -3.21888
7.54461 -0.06136 -0.31883 107 102 91 204 -2.52573 -2.52573 -3.21888
-4.06380 0.02705 -17.67136 67 110 62 204 -2.52573 -2.52573 -3.21888
-9.57208 -0.04271 -29.73671 62 105 54 204 -2.52573 -2.52573 -3.21888
2.40287 -0.02537 10.35857 70 122 51 204 -2.52573 -2.52573 -3.21888
21.66641 -0.00403 18.78532 56 121 60 204 -2.52573 -2.52573 -3.21888
14.75102 -0.02014 17.28415 61 116 54 204 -2.52573 -2.52573 -3.21888
34.97903 -0.04265 27.17000 57 115 60 204 -2.52573 -2.52573 -3.21888
13.08060 0.02556 -14.70544 56 110 54 204 -2.52573 -2.52573 -3.21888
17.23644 -0.04660 -13.15003 67 101 68 204 -2.52573 -2.52573 -3.21888
-37.59444 0.02900 20.60313 60 112 53 204 -2.52573 -2.52573 -3.21888
-12.78054 -0.03028 -7.84721 58 110 59 204 -2.52573 -2.52573 -3.21888
37.28894 -0.03873 -3.94321 107 102 91 204 -2.52573 -2.52573 -3.21888
-2.50115 0.05202 26.13708 69 102 51 204 -2.52573 -2.52573 -3.21888
-16.76102 -0.02296 5.33307 107 102 91 204 -2.52573 -2.52573 -3.21888
-14.67140 0.03184 -4.47652 107 102 91 204 -2.52573 -2.52573 -3.21888
-20.85683 -0.02961 24.72078 76 117 59 204 -2.52573 -2.52573 -3.21888
11.90886 0.03062 -5.52275 107 102 91 204 -2.52573 -2.52573 -3.21888
30.34389 -0.02929 13.81729 57 109 57 204 -2.52573 -2.52573 -3.21888
-13.40880 0.01470 20.53453 61 118 61 204 -2.52573 -2.52573 -3.21888
-3.01673 -0.01422 26.30371 56 121 60 204 -2.52573 -2.52573 -3.21888
28.78036 0.00760 -19.41878 61 107 55 204 -2.52573 -2.52573 -3.21888
-34.34651 0.05426 -4.74551 107 102 91 204 -2.52573 -2.52573 -3.21888
-32.05825 -0.00246 -20.37362 61 97 53 204 -2.52573 -2.52573 -3.21888
9.38277 0.00825 -3.52786 107 102 91 204 -2.52573 -2.52573 -3.21888
-13.92744 0.03173 -15.99439 66 103 52 204 -2.52573 -2.52573 -3.21888
26.04564 0.01833 -19.86881 75 95 52 204 -2.52573 -2.52573 -3.21888
23.82940 -0.02683 -13.59938 56 104 59 204 -2.52573 -2.52573 -3.21888
33.75972 -0.01301 23.01996 58 117 52 204 -2.52573 -2.52573 -3.21888
-22.50015 -0.00960 -27.80663 71 111 56 204 -2.52573 -2.52573 -3.21888
2.31426 0.00114 29.81009 76 122 65 204 -2.52573 -2.52573 -3.21888
-29.87086 0.04120 28.92647 67 108 61 204 -2.52573 -2.52573 -3.21888
-4.21664 -0.00433 -24.57419 65 103 55 204 -2.52573 -2.52573 -3.21888
23.33920 0.05075 -14.59195 64 106 57 204 -2.52573 -2.52573 -3.21888
-0.94870 0.00589 10.71851 68 93 65 204 -2.52573 -2.52573 -3.21888
3.17388 -0.01051 14.33094 61 97 67 204 -2.52573 -2.52573 -3.21888
15.19103 0.02572 -12.72658 58 119 62 204 -2.52573 -2.52573 -3.21888
-20.32154 0.00479 3.69951 107 102 91 204 -2.52573 -2.52573 -3.21888
26.82765 0.01876 18.66936 69 116 53 204 -2.52573 -2.52573 -3.21888
14.84803 -0.03060 26.41761 66 91 53 204 -2.52573 -2.52573 -3.21888
37.98460 -0.02182 -17.73644 66 101 58 204 -2.52573 -2.52573 -3.21888
15.47990 0.00830 13.65985 58 100 54 204 -2.52573 -2.52573 -3.21888
7.12962 -0.04666 -8.40291 70 94 61 204 -2.52573 -2.52573 -3.21888
-13.80582 -0.00846 -18.72263 64 113 54 204 -2.52573 -2.52573 -3.21888
25.89193 -0.01014 1.82936 107 102 91 204 -2.52573 -2.52573 -3.21888
16.40847 -0.07442 7.19117 72 116 58 204 -2.52573 -2.52573 -3.21888
0.99163 0.03255 15.45519 59 99 58 204 -2.52573 -2.52573 -3.21888
-35.90090 -0.03199 -25.53153 63 98 52 204 -2.52573 -2.52573 -3.21888
-31.44760 0.01251 -22.65656 56 106 66 204 -2.52573 -2.52573 -3.21888
-8.34352 0.03544 24.89372 70 103 61 204 -2.52573 -2.52573 -3.21888
30.57340 -0.01800 21.94781 64 101 56 204 -2.52573 -2.52573 -3.21888
-28.38713 -0.03534 12.04393 68 119 62 204 -2.52573 -2.52573 -3.21888
-23.85750 0.00964 -9.59938 61 102 64 204 -2.52573 -2.52573 -3.21888
12.01068 0.00847 -13.27903 68 90 64 204 -2.52573 -2.52573 -3.21888
34.37709 -0.02603 -27.86833 65 103 62 204 -2.52573 -2.52573 -3.21888
-31.15500 0.00150 -23.26971 66 112 52 204 -2.52573 -2.52573 -3.21888
-36.03793 0.01129 -10.58115 71 93 65 204 -2.52573 -2.52573 -3.21888
27.91239 -0.03489 -7.64754 70 122 55 204 -2.52573 -2.52573 -3.21888
32.13107 0.06163 17.38801 67 115 53 204 -2.52573 -2.52573 -3.21888
22.50909 0.04245 -1.03619 107 102 91 204 -2.52573 -2.52573 -3.21888
-19.31088 0.00044 3.78376 107 102 91 204 -2.52573 -2.52573 -3.21888
-2.77962 -0.05437 29.47141 63 93 53 204 -2.52573 -2.52573 -3.21888
14.20626 -0.01940 -26.59910 59 118 67 204 -2.52573 -2.52573 -3.21888
-19.48107 -0.05969 10.18449 71 100 51 204 -2.52573 -2.52573 -3.21888
35.19426 -0.00585 28.26532 60 102 53 204 -2.52573 -2.52573 -3.21888
-23.71146 -0.04265 4.00055 107 102 91 204 -2.52573 -2.52573 -3.21888
33.70676 -0.03939 -12.92754 60 120 57 204 -2.52573 -2.52573 -3.21888
24.73428 0.02744 -24.90190 72 104 67 204 -2.52573 -2.52573 -3.21888
15.12276 -0.03132 -4.86331 107 102 91 204 -2.52573 -2.52573 -3.21888
-14.45863 -0.00750 -9.66181 57 109 66 204 -2.52573 -2.52573 -3.21888
-29.25127 -0.02761 10.62768 57 105 63 204 -2.52573 -2.52573 -3.21888
12.93358 -0.00927 21.68950 75 104 56 204 -2.52573 -2.52573 -3.21888
-5.74629 0.00100 -0.86717 107 102 91 204 -2.52573 -2.52573 -3.21888
6.39764 0.02143 18.72955 73 100 57 204 -2.52573 -2.52573 -3.21888
30.87807 -0.01633 10.05707 59 107 66 204 -2.52573 -2.52573 -3.21888
3.73362 0.05407 -1.10773 107 102 91 204 -2.52573 -2.52573 -3.21888
19.90632 0.03528 3.17506 107 102 91 204 -2.52573 -2.52573 -3.21888
24.02421 0.02096 -22.33858 58 114 61 204 -2.52573 -2.52573 -3.21888
20.96018 -0.01566 11.15173 71 99 67 204 -2.52573 -2.52573 -3.21888
35.94774 0.02106 13.10932 72 92 52 204 -2.52573 -2.52573 -3.21888
-35.68556 0.02095 25.55033 57 99 66 204 -2.52573 -2.52573 -3.21888
-28.38572 0.00354 -23.79766 64 97 55 204 -2.52573 -2.52573 -3.21888
22.46568 0.00059 26.63463 68 95 61 204 -2.52573 -2.52573 -3.21888
28.03580 -0.02206 1.61949 107 102 91 204 -2.52573 -2.52573 -3.21888
-15.04618 0.04024 -4.44037 107 102 91 204 -2.52573 -2.52573 -3.21888
-0.37673 0.04573 23.90683 75 100 66 204 -2.52573 -2.52573 -3.21888
35.21801 -0.00474 9.61347 60 95 65 204 -2.52573 -2.52573 -3.21888
-22.44833 0.02497 13.26159 68 94 68 204 -2.52573 -2.52573 -3.21888
4.15384 -0.03051 -17.19892 61 90 51 204 -2.52573 -2.52573 -3.21888
8.42454 0.03772 -17.85575 73 95 58 204 -2.52573 -2.52573 -3.21888
-9.96082 -0.01918 7.86677 73 114 65 204 -2.52573 -2.52573 -3.21888
27.10275 -0.00490 -10.96847 57 114 51 204 -2.52573 -2.52573 -3.21888
-20.22700 -0.01192 29.98800 59 117 66 204 -2.52573 -2.52573 -3.21888
-14.33290 0.03924 -9.12686 66 116 54 204 -2.52573 -2.52573 -3.21888
-6.57196 -0.02154 6.07547 107 102 91 204 -2.52573 -2.52573 -3.21888
-15.85212 0.00847 29.99688 56 110 59 204 -2.52573 -2.52573 -3.21888
-21.98233 0.05603 14.30414 64 114 61 204 -2.52573 -2.52573 -3.21888
20.92362 0.03085 8.03706 72 92 62 204 -2.52573 -2.52573 -3.21888
-11.27959 0.01368 24.39699 70 100 66 204 -2.52573 -2.52573 -3.21888
4.52705 -0.00674 -18.93413 66 103 62 204 -2.52573 -2.52573 -3.21888
30.21024 0.02966 10.18343 71 116 68 204 -2.52573 -2.52573 -3.21888
-2.75886 -0.02154 10.01552 62 117 58 204 -2.52573 -2.52573 -3.21888
1.01598 -0.01854 9.61328 71 98 55 204 -2.52573 -2.52573 -3.21888
27.67706 0.00125 19.52531 63 114 60 204 -2.52573 -2.52573 -3.21888
-19.27566 -0.02050 22.84047 62 118 57 204 -2.52573 -2.52573 -3.21888
-26.98986 0.05088 -27.83468 59 114 55 204 -2.52573 -2.52573 -3.21888
-10.05985 -0.03365 3.89001 107 102 91 204 -2.52573 -2.52573 -3.21888
-24.19140 0.06478 11.22239 60 92 56 204 -2.52573 -2.52573 -3.21888
-21.79334 -0.01088 -12.04508 67 122 68 204 -2.52573 -2.52573 -3.21888
26.86975 0.02757 -26.56558 58 89 54 204 -2.52573 -2.52573 -3.21888
-21.62997 0.01900 -20.56792 56 95 61 204 -2.52573 -2.52573 -3.21888
-32.84413 -0.00214 11.93247 63 104 51 204 -2.52573 -2.52573 -3.21888
-31.51841 -0.06320 -25.34768 70 104 59 204 -2.52573 -2.52573 -3.21888
6.43117 0.03595 -9.61290 59 117 58 204 -2.52573 -2.52573 -3.21888
-29.34584 0.05031 -26.06246 64 102 53 204 -2.52573 -2.52573 -3.21888
-11.28366 0.09348 -1.20237 107 102 91 204 -2.52573 -2.52573 -3.21888
-16.06504 -0.02355 13.31896 57 92 56 204 -2.52573 -2.52573 -3.21888
-32.74978 0.01323 -8.22004 56 122 62 204 -2.52573 -2.52573 -3.21888
28.51571 0.02917 13.30117 75 114 63 204 -2.52573 -2.52573 -3.21888
-14.84278 0.00671 7.93397 61 95 58 204 -2.52573 -2.52573 -3.21888
-13.36781 0.01491 -0.18661 107 102 91 204 -2.52573 -2.52573 -3.21888
17.73561 0.00524 21.96440 73 102 65 204 -2.52573 -2.52573 -3.21888
-19.51177 0.02890 -27.76511 71 115 54 204 -2.52573 -2.52573 -3.21888
-20.72425 -0.02326 -26.88340 71 90 54 204 -2.52573 -2.52573 -3.21888
22.77146 -0.01974 24.17255 64 120 54 204 -2.52573 -2.52573 -3.21888
-8.09174 0.02100 -14.29970 57 91 61 204 -2.52573 -2.52573 -3.21888
11.28613 -0.03743 27.23423 62 106 51 204 -2.52573 -2.52573 -3.21888
-28.92676 -0.00432 3.95339 107 102 91 204 -2.52573 -2.52573 -3.21888
-35.42171 0.01237 12.64743 72 120 64 204 -2.52573 -2.52573 -3.21888
34.81188 -0.07933 -13.44265 74 113 60 204 -2.52573 -2.52573 -3.21888
-0.50525 -0.06983 -29.16452 63 122 55 204 -2.52573 -2.52573 -3.21888
-19.33368 0.00885 24.30798 74 114 59 204 -2.52573 -2.52573 -3.21888
-35.11277 -0.02284 -7.86006 57 91 63 204 -2.52573 -2.52573 -3.21888
22.22209 -0.03694 28.53677 61 95 66 204 -2.52573 -2.52573 -3.21888
-0.81280 0.02682 -17.40540 75 90 67 204 -2.52573 -2.52573 -3.21888
26.02476 -0.05669 -20.85382 66 98 51 204 -2.52573 -2.52573 -3.21888
-19.60086 0.05713 -4.31411 107 102 91 204 -2.52573 -2.52573 -3.21888
11.85276 -0.06116 29.97321 70 117 58 204 -2.52573 -2.52573 -3.21888
31.27642 0.05554 8.44021 75 116 52 204 -2.52573 -2.52573 -3.21888
-0.57214 -0.00840 12.47298 58 107 65 204 -2.52573 -2.52573 -3.21888
-21.75220 0.01923 -23.86498 68 98 51 204 -2.52573 -2.52573 -3.21888
20.29914 0.00954 28.69545 58 94 63 204 -2.52573 -2.52573 -3.21888
-36.45846 0.03622 -27.56155 60 118 56 204 -2.52573 -2.52573 -3.21888
11.86960 -0.00183 -19.23669 61 110 66 204 -2.52573 -2.52573 -3.21888
13.93326 -0.00523 -18.57853 71 110 60 204 -2.52573 -2.52573 -3.21888
-25.53288 -0.03449 27.23411 67 95 53 204 -2.52573 -2.52573 -3.21888
32.17711 0.03508 -28.35220 56 89 59 204 -2.52573 -2.52573 -3.21888
-2.95350 -0.00212 -17.21350 58 116 59 204 -2.52573 -2.52573 -3.21888
-34.41728 -0.04048 -21.19486 70 93 64 204 -2.52573 -2.52573 -3.21888
21.54898 -0.04027 21.42134 70 115 64 204 -2.52573 -2.52573 -3.21888
16.52357 0.02657 -13.14103 68 99 67 204 -2.52573 -2.52573 -3.21888
11.16759 0.01593 25.82826 74 91 55 204 -2.52573 -2.52573 -3.21888
-13.72975 0.00593 -24.36868 66 116 65 204 -2.52573 -2.52573 -3.21888
7.33933 -0.03768 3.35347 107 102 91 204 -2.52573 -2.52573 -3.21888
25.14232 0.00085 5.78203 107 102 91 204 -2.52573 -2.52573 -3.21888
26.55127 -0.02742 7.25602 66 104 60 204 -2.52573 -2.52573 -3.21888
-7.48129 0.04215 10.45612 72 108 52 204 -2.52573 -2.52573 -3.21888
-16.89655 0.02428 -20.28061 65 99 56 204 -2.52573 -2.52573 -3.21888
4.22497 0.04355 -20.43156 73 115 67 204 -2.52573 -2.52573 -3.21888
-11.73337 -0.03755 -4.83936 107 102 91 204 -2.52573 -2.52573 -3.21888
20.05115 0.05932 3.86638 107 102 91 204 -2.52573 -2.52573 -3.21888
5.42250 0.03642 -5.23023 107 102 91 204 -2.52573 -2.52573 -3.21888
1.38740 0.01408 19.32078 72 96 60 204 -2.52573 -2.52573 -3.21888
5.65790 0.07975 -14.46163 63 122 60 204 -2.52573 -2.52573 -3.21888
6.76662 0.00233 -7.83925 57 101 57 204 -2.52573 -2.52573 -3.21888
4.67330 -0.02783 -24.82083 70 115 57 204 -2.52573 -2.52573 -3.21888
-16.01544 0.02868 22.43998 64 94 55 204 -2.52573 -2.52573 -3.21888
-34.22972 -0.00179 -26.14506 66 91 67 204 -2.52573 -2.52573 -3.21888
16.16930 0.04439 -25.12377 62 100 61 204 -2.52573 -2.52573 -3.21888
28.17576 -0.00694 -17.31064 74 117 51 204 -2.52573 -2.52573 -3.21888
-7.13578 0.01444 4.81304 107 102 91 204 -2.52573 -2.52573 -3.21888
-2.01501 -0.01212 8.48378 74 94 68 204 -2.52573 -2.52573 -3.21888
-33.15016 0.03399 22.62500 61 110 62 204 -2.52573 -2.52573 -3.21888
-27.39308 0.00628 -1.72660 107 102 91 204 -2.52573 -2.52573 -3.21888
24.38332 0.00588 29.44131 69 120 53 204 -2.52573 -2.52573 -3.21888
21.95880 0.01167 19.19363 64 108 66 204 -2.52573 -2.52573 -3.21888
-15.42787 0.00884 10.66445 58 108 51 204 -2.52573 -2.52573 -3.21888
-21.86664 0.00854 -11.78647 74 112 55 204 -2.52573 -2.52573 -3.21888
0.62065 0.10299 17.61504 72 100 54 204 -2.52573 -2.52573 -3.21888
-0.00243 -0.07259 5.94678 107 102 91 204 -2.52573 -2.52573 -3.21888
35.90719 0.01506 28.55765 76 109 62 204 -2.52573 -2.52573 -3.21888
26.54577 0.01428 -12.61177 61 120 68 204 -2.52573 -2.52573 -3.21888
-23.90985 -0.04168 -18.67353 72 112 60 204 -2.52573 -2.52573 -3.21888
-2.64500 -0.01263 13.72741 64 94 67 204 -2.52573 -2.52573 -3.21888
-36.06915 0.02032 -4.15628 107 102 91 204 -2.52573 -2.52573 -3.21888
14.40785 0.06239 -22.58148 76 109 52 204 -2.52573 -2.52573 -3.21888
-12.65464 0.02457 15.08983 59 116 56 204 -2.52573 -2.52573 -3.21888
-10.81924 0.00560 -6.59670 107 102 91 204 -2.52573 -2.52573 -3.21888
-34.60354 0.02944 -18.35383 57 117 66 204 -2.52573 -2.52573 -3.21888
37.69858 0.02590 -1.35841 107 102 91 204 -2.52573 -2.52573 -3.21888
20.95771 -0.02714 16.38341 72 95 52 204 -2.52573 -2.52573 -3.21888
22.50966 -0.00139 -5.06551 107 102 91 204 -2.52573 -2.52573 -3.21888
33.52585 0.07958 -1.23782 107 102 91 204 -2.52573 -2.52573 -3.21888
19.22096 0.02567 28.90076 69 96 65 204 -2.52573 -2.52573 -3.21888
-2.78863 -0.01835 -22.46433 64 98 58 204 -2.52573 -2.52573 -3.21888
10.20656 0.02452 -16.15309 56 109 65 204 -2.52573 -2.52573 -3.21888
35.67350 0.01360 -16.63048 70 98 57 204 -2.52573 -2.52573 -3.21888
15.73716 0.00991 17.99781 75 101 51 204 -2.52573 -2.52573 -3.21888
18.51289 0.03641 26.90370 65 97 52 204 -2.52573 -2.52573 -3.21888
-28.66978 0.02299 1.24353 107 102 91 204 -2.52573 -2.52573 -3.21888
-10.08194 -0.02717 -22.63369 61 90 52 204 -2.52573 -2.52573 -3.21888
-28.44351 -0.03469 -8.98649 60 92 65 204 -2.52573 -2.52573 -3.21888
35.58605 0.04511 0.36512 107 102 91 204 -2.52573 -2.52573 -3.21888
-24.90001 0.04808 -24.07995 61 91 54 204 -2.52573 -2.52573 -3.21888
-28.95538 -0.00714 -9.46428 59 90 60 204 -2.52573 -2.52573 -3.21888
16.22450 0.00978 27.40623 71 106 63 204 -2.52573 -2.52573 -3.21888
16.16030 0.01631 23.00557 67 116 64 204 -2.52573 -2.52573 -3.21888
13.01953 -0.01638 -17.64324 58 90 67 204 -2.52573 -2.52573 -3.21888
-17.27207 0.01469 19.08763 59 98 63 204 -2.52573 -2.52573 -3.21888
-30.25803 0.00799 5.81199 107 102 91 204 -2.52573 -2.52573 -3.21888
-18.80296 0.01963 29.56829 58 120 66 204 -2.52573 -2.52573 -3.21888
29.95714 -0.01851 13.72297 60 100 55 204 -2.52573 -2.52573 -3.21888
-14.10888 0.01253 -14.99335 64 89 54 204 -2.52573 -2.52573 -3.21888
-18.48862 -0.04316 -26.99774 58 120 56 204 -2.52573 -2.52573 -3.21888
23.81216 0.01381 -8.69114 66 116 55 204 -2.52573 -2.52573 -3.21888
26.76307 0.00482 9.82129 59 117 58 204 -2.52573 -2.52573 -3.21888
5.88458 -0.01570 23.80117 67 105 58 204 -2.52573 -2.52573 -3.21888
-33.93941 0.01927 1.24043 107 102 91 204 -2.52573 -2.52573 -3.21888
-33.14351 0.03879 -22.70754 64 107 53 204 -2.52573 -2.52573 -3.21888
-28.98490 -0.07283 2.59877 107 102 91 204 -2.52573 -2.52573 -3.21888
10.45539 0.00076 16.56161 65 105 61 204 -2.52573 -2.52573 -3.21888
-21.72448 -0.00443 7.69422 63 116 51 204 -2.52573 -2.52573 -3.21888
-10.08842 -0.02840 -9.86661 60 122 59 204 -2.52573 -2.52573 -3.21888
32.92326 -0.01258 -14.81177 58 114 51 204 -2.52573 -2.52573 -3.21888
22.69529 0.00606 -5.42421 107 102 91 204 -2.52573 -2.52573 -3.21888
-37.01658 0.03106 -10.96247 64 115 60 204 -2.52573 -2.52573 -3.21888
-16.41861 -0.05959 -23.81687 59 104 56 204 -2.52573 -2.52573 -3.21888
-8.91854 -0.02360 -4.43937 107 102 91 204 -2.52573 -2.52573 -3.21888
31.18026 -0.04013 -13.92904 62 110 63 204 -2.52573 -2.52573 -3.21888
-20.99103 -0.02265 8.41829 63 101 61 204 -2.52573 -2.52573 -3.21888
-22.82918 0.01841 26.21003 56 110 57 204 -2.52573 -2.52573 -3.21888
-35.09134 0.03678 -28.37804 68 106 51 204 -2.52573 -2.52573 -3.21888
31.62999 -0.01777 18.90960 58 117 63 204 -2.52573 -2.52573 -3.21888
-21.49262 -0.01793 4.95565 107 102 91 204 -2.52573 -2.52573 -3.21888
17.69448 -0.05231 -23.17018 72 114 51 204 -2.52573 -2.52573 -3.21888
15.15541 -0.03031 -19.62946 70 113 56 204 -2.52573 -2.52573 -3.21888
18.60319 0.07233 6.32978 107 102 91 204 -2.52573 -2.52573 -3.21888
-16.42100 0.10235 6.75591 107 102 91 204 -2.52573 -2.52573 -3.21888
-37.67354 -0.02682 -15.06786 65 91 62 204 -2.52573 -2.52573 -3.21888
9.57160 0.00231 19.77670 56 106 65 204 -2.52573 -2.52573 -3.21888
-33.92024 0.04526 6.02199 107 102 91 204 -2.52573 -2.52573 -3.21888
20.41823 -0.00663 17.38602 59 116 63 204 -2.52573 -2.52573 -3.21888
-24.98296 -0.05184 11.64836 70 108 62 204 -2.52573 -2.52573 -3.21888
20.11860 0.05121 -12.05531 70 113 64 204 -2.52573 -2.52573 -3.21888
22.18105 0.00399 -13.93490 58 95 63 204 -2.52573 -2.52573 -3.21888
6.42785 -0.06139 -23.22184 70 96 62 204 -2.52573 -2.52573 -3.21888
-29.40409 -0.00666 24.23142 75 101 55 204 -2.52573 -2.52573 -3.21888
26.20930 0.03414 9.90472 58 89 67 204 -2.52573 -2.52573 -3.21888
-4.97494 -0.01143 -16.46481 60 102 68 204 -2.52573 -2.52573 -3.21888
-0.11667 -0.02949 2.56574 107 102 91 204 -2.52573 -2.52573 -3.21888
28.70086 -0.05514 -18.97213 57 95 54 204 -2.52573 -2.52573 -3.21888
-32.86583 0.02938 -8.23741 58 102 55 204 -2.52573 -2.52573 -3.21888
-26.61742 -0.03397 -26.78749 69 110 52 204 -2.52573 -2.52573 -3.21888
-3.47129 -0.06676 14.73049 70 102 51 204 -2.52573 -2.52573 -3.21888
-11.47122 -0.05804 10.38422 63 92 63 204 -2.52573 -2.52573 -3.21888
34.31910 -0.00124 -9.90628 56 102 64 204 -2.52573 -2.52573 -3.21888
29.80558 -0.00652 6.92803 107 102 91 204 -2.52573 -2.52573 -3.21888
27.08164 -0.00572 8.96279 70 99 61 204 -2.52573 -2.52573 -3.21888
31.11710 0.02704 29.50879 76 91 53 204 -2.52573 -2.52573 -3.21888
14.61678 -0.05482 -27.89514 66 116 61 204 -2.52573 -2.52573 -3.21888
-34.16323 0.00383 -14.26087 69 114 53 204 -2.52573 -2.52573 -3.21888
-34.49313 0.02146 7.18912 58 93 66 204 -2.52573 -2.52573 -3.21888
3.30133 -0.04194 2.61513 107 102 91 204 -2.52573 -2.52573 -3.21888
22.48559 0.00844 4.33214 107 102 91 204 -2.52573 -2.52573 -3.21888
32.89988 -0.06823 3.51932 107 102 91 204 -2.52573 -2.52573 -3.21888
3.53649 -0.01713 19.19268 70 93 54 204 -2.52573 -2.52573 -3.21888
-9.53557 0.01524 7.80721 59 95 61 204 -2.52573 -2.52573 -3.21888
9.95049 0.02759 -5.31960 107 102 91 204 -2.52573 -2.52573 -3.21888
14.87171 0.00138 -9.33909 60 102 60 204 -2.52573 -2.52573 -3.21888
22.09814 -0.01105 -8.16940 71 114 67 204 -2.52573 -2.52573 -3.21888
14.00611 0.00587 12.41095 67 110 59 204 -2.52573 -2.52573 -3.21888
-7.46368 -0.00889 28.78081 72 103 55 204 -2.52573 -2.52573 -3.21888
-13.79273 0.02543 -17.38102 69 114 60 204 -2.52573 -2.52573 -3.21888
-14.82965 0.00270 -10.13499 74 93 55 204 -2.52573 -2.52573 -3.21888
-4.14764 0.04068 -28.42967 63 90 55 204 -2.52573 -2.52573 -3.21888
28.15567 -0.05043 -22.33670 74 114 51 204 -2.52573 -2.52573 -3.21888
-19.51681 -0.04624 8.36099 65 90 52 204 -2.52573 -2.52573 -3.21888
-18.55392 0.05365 29.89049 63 102 52 204 -2.52573 -2.52573 -3.21888
18.76626 -0.00169 16.64263 57 91 58 204 -2.52573 -2.52573 -3.21888
32.80483 -0.04456 -28.17399 59 93 67 204 -2.52573 -2.52573 -3.21888
6.07173 0.00746 27.26813 72 103 64 204 -2.52573 -2.52573 -3.21888
33.07356 0.03642 18.14846 65 119 57 204 -2.52573 -2.52573 -3.21888
-14.99718 0.01572 -18.26615 59 120 55 204 -2.52573 -2.52573 -3.21888
-37.30346 0.00986 9.62388 63 92 67 204 -2.52573 -2.52573 -3.21888
13.08351 0.00513 4.49208 107 102 91 204 -2.52573 -2.52573 -3.21888
8.62331 -0.06745 21.53814 65 109 56 204 -2.52573 -2.52573 -3.21888
-10.17884 -0.01800 4.71789 107 102 91 204 -2.52573 -2.52573 -3.21888
7.78913 0.06739 25.66279 72 104 61 204 -2.52573 -2.52573 -3.21888
18.95782 0.01631 -17.10739 66 110 64 204 -2.52573 -2.52573 -3.21888
34.27084 0.04141 11.45906 56 119 52 204 -2.52573 -2.52573 -3.21888
34.79243 0.01457 11.13237 59 91 68 204 -2.52573 -2.52573 -3.21888
-16.93353 0.04978 -19.38126 57 96 56 204 -2.52573 -2.52573 -3.21888
11.92380 0.04877 19.14983 73 116 64 204 -2.52573 -2.52573 -3.21888
28.13369 0.00911 19.28345 56 113 57 204 -2.52573 -2.52573 -3.21888
-16.13972 0.01021 10.33820 57 97 65 204 -2.52573 -2.52573 -3.21888
-18.10539 -0.02804 -28.67543 69 90 57 204 -2.52573 -2.52573 -3.21888
-35.23027 -0.00738 -13.79708 62 90 67 204 -2.52573 -2.52573 -3.21888
-2.15287 -0.05602 23.11087 56 90 52 204 -2.52573 -2.52573 -3.21888
-10.42651 -0.03343 -10.09535 58 118 66 204 -2.52573 -2.52573 -3.21888
27.68667 0.03095 9.43495 59 95 61 204 -2.52573 -2.52573 -3.21888
29.91979 -0.03986 -8.28410 63 120 67 204 -2.52573 -2.52573 -3.21888
36.76629 0.00999 -13.79402 65 93 56 204 -2.52573 -2.52573 -3.21888
-36.69897 0.01655 7.95612 65 100 51 204 -2.52573 -2.52573 -3.21888
7.37806 -0.02089 29.17887 74 90 62 204 -2.52573 -2.52573 -3.21888
27.13488 -0.01936 -24.48430 66 98 61 204 -2.52573 -2.52573 -3.21888
-12.23648 -0.00677 -21.96998 63 96 66 204 -2.52573 -2.52573 -3.21888
5.18144 -0.05778 -21.32633 60 120 65 204 -2.52573 -2.52573 -3.21888
-26.78743 0.00172 -9.17272 71 121 59 204 -2.52573 -2.52573 -3.21888
-6.97303 -0.03269 -19.33583 67 96 55 204 -2.52573 -2.52573 -3.21888
26.91465 0.01960 8.49407 68 114 53 204 -2.52573 -2.52573 -3.21888
29.73636 0.01104 18.70582 69 112 51 204 -2.52573 -2.52573 -3.21888
21.35750 0.02155 -14.53480 57 110 66 204 -2.52573 -2.52573 -3.21888
16.34950 -0.00068 29.44041 69 102 60 204 -2.52573 -2.52573 -3.21888
7.01435 -0.01160 27.06631 62 107 61 204 -2.52573 -2.52573 -3.21888
11.24983 -0.00645 13.83317 58 90 56 204 -2.52573 -2.52573 -3.21888
17.13198 0.04528 -13.70509 66 119 56 204 -2.52573 -2.52573 -3.21888
-22.66847 0.00553 -9.10472 75 110 51 204 -2.52573 -2.52573 -3.21888
19.68111 0.02937 25.91822 61 114 57 204 -2.52573 -2.52573 -3.21888
-33.32564 0.00009 -4.89380 107 102 91 204 -2.52573 -2.52573 -3.21888
11.42659 -0.05165 -29.93205 69 103 60 204 -2.52573 -2.52573 -3.21888
15.53440 -0.02399 -2.51659 107 102 91 204 -2.52573 -2.52573 -3.21888
1.73963 0.05376 22.90034 67 119 59 204 -2.52573 -2.52573 -3.21888
18.40234 -0.01109 9.27379 59 107 58 204 -2.52573 -2.52573 -3.21888
34.53084 0.03623 -25.14625 59 94 64 204 -2.52573 -2.52573 -3.21888
-25.25855 -0.03910 -12.16660 70 110 59 204 -2.52573 -2.52573 -3.21888
-36.06070 0.02603 -27.15085 68 115 54 204 -2.52573 -2.52573 -3.21888
25.09445 0.01639 -13.57413 69 103 56 204 -2.52573 -2.52573 -3.21888
10.43306 0.01012 3.68289 107 102 91 204 -2.52573 -2.52573 -3.21888
28.21306 -0.02233 5.29002 107 102 91 204 -2.52573 -2.52573 -3.21888
12.62886 0.02215 -7.07327 73 116 52 204 -2.52573 -2.52573 -3.21888
26.11953 -0.02426 -10.33268 69 115 62 204 -2.52573 -2.52573 -3.21888
29.46333 0.00350 1.04590 107 102 91 204 -2.52573 -2.52573 -3.21888
30.61662 -0.02568 -0.63277 107 102 91 204 -2.52573 -2.52573 -3.21888
-34.49671 -0.00790 18.09295 72 117 68 204 -2.52573 -2.52573 -3.21888
28.67109 0.03589 13.32152 58 113 68 204 -2.52573 -2.52573 -3.21888
7.56925 0.05558 -1.51994 107 102 91 204 -2.52573 -2.52573 -3.21888
-24.83567 -0.00726 27.71759 64 112 56 204 -2.52573 -2.52573 -3.21888
-18.15485 -0.05521 6.05981 107 102 91 204 -2.52573 -2.52573 -3.21888
-10.68023 0.00555 12.76844 69 109 58 204 -2.52573 -2.52573 -3.21888
-34.68283 -0.05762 12.65090 71 98 56 204 -2.52573 -2.52573 -3.21888
34.67518 -0.02771 -28.74918 72 104 63 204 -2.52573 -2.52573 -3.21888
20.67249 -0.05410 26.02026 68 117 59 204 -2.52573 -2.52573 -3.21888
16.77727 -0.00416 19.56799 67 97 52 204 -2.52573 -2.52573 -3.21888
-12.29230 -0.02153 -19.75627 64 121 59 204 -2.52573 -2.52573 -3.21888
30.21629 0.12225 21.71993 74 110 67 204 -2.52573 -2.52573 -3.21888
28.66580 -0.00331 15.39961 76 114 58 204 -2.52573 -2.52573 -3.21888
-6.45848 -0.03137 -11.84564 61 97 60 204 -2.52573 -2.52573 -3.21888
-20.78263 -0.03574 -21.83836 63 106 63 204 -2.52573 -2.52573 -3.21888
23.25022 0.00142 2.23283 107 102 91 204 -2.52573 -2.52573 -3.21888
6.80658 0.02995 13.72668 76 96 64 204 -2.52573 -2.52573 -3.21888
28.58679 -0.02944 15.28366 63 97 66 204 -2.52573 -2.52573 -3.21888
-23.37782 -0.01107 -14.71404 67 112 67 204 -2.52573 -2.52573 -3.21888
-21.68267 0.04273 -22.09824 64 91 55 204 -2.52573 -2.52573 -3.21888
23.22623 0.07166 -25.61350 72 105 55 204 -2.52573 -2.52573 -3.21888
-24.76529 -0.05593 15.10518 59 108 56 204 -2.52573 -2.52573 -3.21888
16.43322 0.01960 24.97355 67 118 58 204 -2.52573 -2.52573 -3.21888
-28.08731 -0.04951 4.91274 107 102 91 204 -2.52573 -2.52573 -3.21888
-34.48816 0.04252 5.09057 107 102 91 204 -2.52573 -2.52573 -3.21888
-0.58489 -0.02099 -26.90186 76 116 51 204 -2.52573 -2.52573 -3.21888
-35.80658 -0.03675 25.99076 75 105 67 204 -2.52573 -2.52573 -3.21888
6.11080 -0.04396 -0.73401 107 102 91 204 -2.52573 -2.52573 -3.21888
-11.92884 -0.04321 -4.15843 107 102 91 204 -2.52573 -2.52573 -3.21888
-27.12618 -0.01042 14.87764 75 95 61 204 -2.52573 -2.52573 -3.21888
-21.18602 -0.02079 2.59678 107 102 91 204 -2.52573 -2.52573 -3.21888
16.60512 -0.03969 0.70457 107 102 91 204 -2.52573 -2.52573 -3.21888
28.11559 0.03241 -2.93369 107 102 91 204 -2.52573 -2.52573 -3.21888
17.81115 -0.01333 23.35040 66 111 56 204 -2.52573 -2.52573 -3.21888
37.45661 -0.04963 -6.99302 107 102 91 204 -2.52573 -2.52573 -3.21888
-9.55259 0.03019 10.79855 64 121 54 204 -2.52573 -2.52573 -3.21888
-30.19722 -0.01222 -24.02002 70 120 54 204 -2.52573 -2.52573 -3.21888
-18.21871 0.02408 -28.27891 65 93 64 204 -2.52573 -2.52573 -3.21888
25.70959 0.00026 8.28577 73 116 53 204 -2.52573 -2.52573 -3.21888
27.20830 -0.04030 -27.86241 56 101 63 204 -2.52573 -2.52573 -3.21888
-27.11486 0.00483 -17.81735 59 90 57 204 -2.52573 -2.52573 -3.21888
27.99668 0.01524 -13.56016 68 117 56 204 -2.52573 -2.52573 -3.21888
36.20812 -0.05197 9.15809 69 91 57 204 -2.52573 -2.52573 -3.21888
-10.92069 0.01566 -15.60544 73 117 51 204 -2.52573 -2.52573 -3.21888
-24.39184 -0.08664 -18.04929 58 119 58 204 -2.52573 -2.52573 -3.21888
33.61856 0.01982 18.12479 67 100 67 204 -2.52573 -2.52573 -3.21888
30.36418 -0.00131 20.71853 56 105 52 204 -2.52573 -2.52573 -3.21888
9.66516 0.01800 19.20850 70 119 66 204 -2.52573 -2.52573 -3.21888
-7.02150 0.04659 -9.80757 64 99 66 204 -2.52573 -2.52573 -3.21888
31.45803 0.01248 -27.92780 73 93 62 204 -2.52573 -2.52573 -3.21888
1.01940 0.04813 5.39605 107 102 91 204 -2.52573 -2.52573 -3.21888
9.71694 -0.01693 -21.31867 71 119 62 204 -2.52573 -2.52573 -3.21888
5.78909 0.01640 -21.74363 56 102 65 204 -2.52573 -2.52573 -3.21888
-3.40842 -0.02922 -27.04776 66 102 59 204 -2.52573 -2.52573 -3.21888
25.05182 -0.00735 6.06178 107 102 91 204 -2.52573 -2.52573 -3.21888
7.07956 -0.01168 10.77452 64 92 51 204 -2.52573 -2.52573 -3.21888
2.29687 -0.02406 -15.60850 61 115 62 204 -2.52573 -2.52573 -3.21888
4.61074 -0.00595 3.50275 107 102 91 204 -2.52573 -2.52573 -3.21888
-6.13448 0.00674 -1.21380 107 102 91 204 -2.52573 -2.52573 -3.21888
-35.08556 -0.07501 -7.04548 63 108 68 204 -2.52573 -2.52573 -3.21888
-7.81759 0.00943 13.49738 75 95 65 204 -2.52573 -2.52573 -3.21888
27.22715 -0.04922 -17.16355 68 120 68 204 -2.52573 -2.52573 -3.21888
22.03155 0.11565 -11.77058 66 107 52 204 -2.52573 -2.52573 -3.21888
30.69600 0.00429 -25.02346 57 109 64 204 -2.52573 -2.52573 -3.21888
33.05986 -0.01080 5.16698 107 102 91 204 -2.52573 -2.52573 -3.21888
8.72320 0.04791 22.69107 76 121 66 204 -2.52573 -2.52573 -3.21888
-21.96490 0.03152 -7.11514 67 106 62 204 -2.52573 -2.52573 -3.21888
-3.16967 0.03077 26.32611 66 112 64 204 -2.52573 -2.52573 -3.21888
0.00083 -0.04197 -5.82949 107 102 91 204 -2.52573 -2.52573 -3.21888
6.35164 0.02369 -23.73650 56 107 61 204 -2.52573 -2.52573 -3.21888
-0.66035 0.01414 -13.62698 57 121 64 204 -2.52573 -2.52573 -3.21888
33.79798 -0.02932 -8.37931 56 96 64 204 -2.52573 -2.52573 -3.21888
29.70144 -0.03507 -15.83524 57 94 56 204 -2.52573 -2.52573 -3.21888
-8.98568 0.03424 7.23879 61 98 62 204 -2.52573 -2.52573 -3.21888
26.69587 -0.05069 7.54205 58 106 58 204 -2.52573 -2.52573 -3.21888
15.66456 -0.01365 -0.20455 107 102 91 204 -2.52573 -2.52573 -3.21888
-22.81455 -0.03723 21.45814 70 93 63 204 -2.52573 -2.52573 -3.21888
-0.12768 -0.00250 1.28542 107 102 91 204 -2.52573 -2.52573 -3.21888
7.49569 0.00712 -12.55254 70 102 68 204 -2.52573 -2.52573 -3.21888
33.79724 0.00294 -22.74033 57 94 64 204 -2.52573 -2.52573 -3.21888
21.54197 -0.02756 23.39532 72 105 58 204 -2.52573 -2.52573 -3.21888
8.92901 -0.00873 13.15599 62 94 61 204 -2.52573 -2.52573 -3.21888
20.88275 -0.01206 23.98863 72 100 57 204 -2.52573 -2.52573 -3.21888
10.23371 -0.04583 26.74398 68 118 67 204 -2.52573 -2.52573 -3.21888
10.46503 -0.01658 -15.14688 56 94 55 204 -2.52573 -2.52573 -3.21888
27.57311 0.04230 0.80077 107 102 91 204 -2.52573 -2.52573 -3.21888
-9.77026 -0.03908 27.73500 67 101 57 204 -2.52573 -2.52573 -3.21888
25.54067 -0.00660 6.89097 107 102 91 204 -2.52573 -2.52573 -3.21888
-36.61984 -0.00906 16.00468 76 104 64 204 -2.52573 -2.52573 -3.21888
-30.30443 -0.00662 10.25567 69 121 57 204 -2.52573 -2.52573 -3.21888
-33.17217 -0.00966 14.34274 69 100 66 204 -2.52573 -2.52573 -3.21888
20.18711 0.02428 10.16677 56 89 68 204 -2.52573 -2.52573 -3.21888
35.90703 0.00337 2.20536 107 102 91 204 -2.52573 -2.52573 -3.21888
-9.87295 -0.03137 -26.09885 70 96 63 204 -2.52573 -2.52573 -3.21888
-15.66124 0.02828 -1.47116 107 102 91 204 -2.52573 -2.52573 -3.21888
-16.95189 0.05004 -24.21432 71 100 59 204 -2.52573 -2.52573 -3.21888
-33.39008 -0.01834 25.46107 61 90 55 204 -2.52573 -2.52573 -3.21888
-37.91692 0.00580 -5.60023 107 102 91 204 -2.52573 -2.52573 -3.21888
-23.02412 -0.04743 -25.03181 72 96 53 204 -2.52573 -2.52573 -3.21888
18.96371 0.01503 15.66533 65 117 67 204 -2.52573 -2.52573 -3.21888
-37.51845 0.00665 -17.38629 59 115 56 204 -2.52573 -2.52573 -3.21888
24.58239 0.09185 3.44002 107 102 91 204 -2.52573 -2.52573 -3.21888
-29.83676 0.01734 16.11444 76 96 62 204 -2.52573 -2.52573 -3.21888
16.82093 0.01726 9.78143 61 110 53 204 -2.52573 -2.52573 -3.21888
8.41785 0.02842 -5.33957 107 102 91 204 -2.52573 -2.52573 -3.21888
0.92722 -0.02104 27.47449 73 118 53 204 -2.52573 -2.52573 -3.21888
-32.60593 -0.07100 -7.63717 75 94 61 204 -2.52573 -2.52573 -3.21888
-7.55988 -0.00136 24.70402 73 95 68 204 -2.52573 -2.52573 -3.21888
-13.97640 0.00343 -4.01700 107 102 91 204 -2.52573 -2.52573 -3.21888
32.11716 0.00009 -13.22313 68 121 58 204 -2.52573 -2.52573 -3.21888
-28.39373 0.07138 28.56618 71 119 58 204 -2.52573 -2.52573 -3.21888
-8.31608 0.00994 -3.93650 107 102 91 204 -2.52573 -2.52573 -3.21888
-10.65050 0.01039 28.82009 63 94 66 204 -2.52573 -2.52573 -3.21888
-28.84771 -0.01701 -23.82929 71 104 52 204 -2.52573 -2.52573 -3.21888
-1.49378 0.05502 -18.40894 65 119 62 204 -2.52573 -2.52573 -3.21888
18.39047 0.00568 -23.90803 69 105 67 204 -2.52573 -2.52573 -3.21888
32.32550 -0.01620 -18.16142 58 113 66 204 -2.52573 -2.52573 -3.21888
-17.86857 0.01066 -22.74819 65 94 56 204 -2.52573 -2.52573 -3.21888
-30.29968 0.06531 -4.41304 107 102 91 204 -2.52573 -2.52573 -3.21888
7.03227 -0.08270 4.65665 107 102 91 204 -2.52573 -2.52573 -3.21888
-21.44689 -0.01945 14.70161 72 109 53 204 -2.52573 -2.52573 -3.21888
-26.29945 -0.01296 5.43768 107 102 91 204 -2.52573 -2.52573 -3.21888
-34.57667 -0.05050 0.23380 107 102 91 204 -2.52573 -2.52573 -3.21888
5.56510 -0.00007 8.93375 67 89 57 204 -2.52573 -2.52573 -3.21888
24.00072 -0.00625 -0.35846 107 102 91 204 -2.52573 -2.52573 -3.21888
3.67247 0.01229 7.69153 58 90 56 204 -2.52573 -2.52573 -3.21888
37.83735 0.03834 -1.69057 107 102 91 204 -2.52573 -2.52573 -3.21888
-34.66213 0.01416 12.15712 64 110 53 204 -2.52573 -2.52573 -3.21888
24.19698 -0.05312 14.74468 60 106 54 204 -2.52573 -2.52573 -3.21888
28.06643 -0.02165 15.00697 76 121 55 204 -2.52573 -2.52573 -3.21888
20.00611 -0.01914 23.63516 69 116 58 204 -2.52573 -2.52573 -3.21888
-8.73657 -0.00657 -27.86919 58 102 58 204 -2.52573 -2.52573 -3.21888
32.80074 0.00087 -2.04352 107 102 91 204 -2.52573 -2.52573 -3.21888
16.68790 -0.08994 0.98331 107 102 91 204 -2.52573 -2.52573 -3.21888
-3.59438 -0.03977 0.41025 107 102 91 204 -2.52573 -2.52573 -3.21888
-25.55292 -0.01595 -4.43326 107 102 91 204 -2.52573 -2.52573 -3.21888
25.80138 -0.00133 28.26259 72 96 56 204 -2.52573 -2.52573 -3.21888
-34.95375 0.03655 -7.09120 66 119 60 204 -2.52573 -2.52573 -3.21888
10.11147 0.00568 -27.00977 72 109 65 204 -2.52573 -2.52573 -3.21888
37.68740 -0.02565 -11.95452 73 115 62 204 -2.52573 -2.52573 -3.21888
-12.82603 0.00380 -8.99832 72 115 56 204 -2.52573 -2.52573 -3.21888
-26.54210 -0.00490 19.42370 74 92 67 204 -2.52573 -2.52573 -3.21888
27.05748 -0.00512 -5.97197 107 102 91 204 -2.52573 -2.52573 -3.21888
4.67155 0.03724 1.82165 107 102 91 204 -2.52573 -2.52573 -3.21888
20.25305 -0.00460 -19.39316 60 96 57 204 -2.52573 -2.52573 -3.21888
-0.33643 -0.00441 6.58085 107 102 91 204 -2.52573 -2.52573 -3.21888
-10.46016 -0.04656 4.79594 107 102 91 204 -2.52573 -2.52573 -3.21888
1.42865 0.06116 5.69229 107 102 91 204 -2.52573 -2.52573 -3.21888
22.53715 -0.00151 21.27339 58 110 51 204 -2.52573 -2.52573 -3.21888
-1.53426 0.03807 -14.37972 75 102 51 204 -2.52573 -2.52573 -3.21888
-22.72473 -0.03282 -19.44524 67 107 53 204 -2.52573 -2.52573 -3.21888
2.48667 0.01499 2.46020 107 102 91 204 -2.52573 -2.52573 -3.21888
-3.95330 0.02010 -3.17158 107 102 91 204 -2.52573 -2.52573 -3.21888
26.42428 0.00983 -21.67684 61 107 53 204 -2.52573 -2.52573 -3.21888
-29.37396 -0.03507 -3.10004 107 102 91 204 -2.52573 -2.52573 -3.21888
-23.41344 -0.01385 -27.61430 59 119 58 204 -2.52573 -2.52573 -3.21888
-36.29471 0.06164 22.32518 65 93 63 204 -2.52573 -2.52573 -3.21888
5.97691 -0.00461 26.07839 62 102 56 204 -2.52573 -2.52573 -3.21888
-12.12170 0.01754 -1.84731 107 102 91 204 -2.52573 -2.52573 -3.21888
-13.23104 0.02144 28.13760 57 103 58 204 -2.52573 -2.52573 -3.21888
-25.19384 -0.02447 15.40764 75 119 62 204 -2.52573 -2.52573 -3.21888
35.59506 -0.00718 -9.95911 57 117 65 204 -2.52573 -2.52573 -3.21888
6.11188 -0.02203 29.85094 59 118 56 204 -2.52573 -2.52573 -3.21888
-34.71143 -0.01379 -19.56058 67 115 54 204 -2.52573 -2.52573 -3.21888
32.66766 0.00502 19.82069 62 107 59 204 -2.52573 -2.52573 -3.21888
10.65081 0.02170 -14.26202 73 90 61 204 -2.52573 -2.52573 -3.21888
-32.46732 0.05476 11.89717 69 112 59 204 -2.52573 -2.52573 -3.21888
-8.89160 -0.03229 26.59796 76 102 56 204 -2.52573 -2.52573 -3.21888
-1.81063 -0.00760 14.96479 69 103 67 204 -2.52573 -2.52573 -3.21888
29.79952 0.00583 5.73653 107 102 91 204 -2.52573 -2.52573 -3.21888
-24.30549 -0.02164 -29.83282 57 93 57 204 -2.52573 -2.52573 -3.21888
-0.36968 0.03255 3.07029 107 102 91 204 -2.52573 -2.52573 -3.21888
-32.35403 0.02253 24.73257 75 114 67 204 -2.52573 -2.52573 -3.21888
-28.84913 0.05224 -1.69891 107 102 91 204 -2.52573 -2.52573 -3.21888
9.11766 0.01501 -11.98310 72 115 65 204 -2.52573 -2.52573 -3.21888
2.84265 -0.00077 -18.36018 57 110 53 204 -2.52573 -2.52573 -3.21888
28.11365 -0.05216 20.78958 61 121 53 204 -2.52573 -2.52573 -3.21888
-27.73321 0.02817 5.79818 107 102 91 204 -2.52573 -2.52573 -3.21888
13.35438 0.03370 9.94166 64 115 59 204 -2.52573 -2.52573 -3.21888
-14.28150 -0.03076 -17.28742 71 99 52 204 -2.52573 -2.52573 -3.21888
35.74243 0.03439 10.01531 57 105 53 204 -2.52573 -2.52573 -3.21888
-21.11003 0.02743 -13.70053 70 122 53 204 -2.52573 -2.52573 -3.21888
29.93130 0.04647 13.14868 70 105 62 204 -2.52573 -2.52573 -3.21888
-10.44234 -0.02650 -18.37123 65 97 56 204 -2.52573 -2.52573 -3.21888
-26.78760 -0.05960 9.18114 57 103 60 204 -2.52573 -2.52573 -3.21888
37.18825 0.03109 -24.88069 63 105 58 204 -2.52573 -2.52573 -3.21888
32.48678 0.02044 -11.54039 62 100 51 204 -2.52573 -2.52573 -3.21888
-22.83613 0.05026 -29.69387 73 97 58 204 -2.52573 -2.52573 -3.21888
-34.26002 0.00843 -23.65719 56 109 58 204 -2.52573 -2.52573 -3.21888
-18.38952 -0.00014 24.61859 68 107 51 204 -2.52573 -2.52573 -3.21888
31.06158 0.01822 -10.20136 63 116 63 204 -2.52573 -2.52573 -3.21888
-11.65927 0.02638 14.98554 72 119 52 204 -2.52573 -2.52573 -3.21888
22.58425 -0.04932 17.90151 68 109 61 204 -2.52573 -2.52573 -3.21888
-36.33175 0.07443 -22.13470 65 95 59 204 -2.52573 -2.52573 -3.21888
-23.26728 -0.03964 -15.09642 68 99 56 204 -2.52573 -2.52573 -3.21888
-20.09177 -0.05677 -1.18448 107 102 91 204 -2.52573 -2.52573 -3.21888
33.77912 -0.01040 24.79002 67 99 56 204 -2.52573 -2.52573 -3.21888
21.31322 -0.00978 -2.77340 107 102 91 204 -2.52573 -2.52573 -3.21888
-31.89409 0.00852 -6.20344 107 102 91 204 -2.52573 -2.52573 -3.21888
0.10827 0.01517 -16.80722 58 98 52 204 -2.52573 -2.52573 -3.21888
-5.10274 0.00860 -20.57204 57 95 53 204 -2.52573 -2.52573 -3.21888
-10.97728 0.02321 -10.28456 72 119 60 204 -2.52573 -2.52573 -3.21888
-20.08113 -0.00076 -13.62998 62 120 67 204 -2.52573 -2.52573 -3.21888
-17.83931 0.00971 -22.35460 68 90 51 204 -2.52573 -2.52573 -3.21888
29.77309 -0.06643 14.94117 57 121 54 204 -2.52573 -2.52573 -3.21888
18.05286 -0.04302 -13.99801 74 102 66 204 -2.52573 -2.52573 -3.21888
-24.61477 0.00276 -17.45451 63 118 52 204 -2.52573 -2.52573 -3.21888
-3.22996 -0.02696 -28.45200 56 92 67 204 -2.52573 -2.52573 -3.21888
-17.73209 0.03140 -9.90307 62 117 60 204 -2.52573 -2.52573 -3.21888
36.04182 0.05557 17.77966 61 102 53 204 -2.52573 -2.52573 -3.21888
-34.16219 0.01445 -17.71882 60 104 64 204 -2.52573 -2.52573 -3.21888
35.10582 0.00571 17.75602 75 114 65 204 -2.52573 -2.52573 -3.21888
-4.68624 -0.05968 -26.39523 66 103 68 204 -2.52573 -2.52573 -3.21888
26.93629 -0.05700 25.07714 71 97 53 204 -2.52573 -2.52573 -3.21888
10.49988 -0.02224 29.14307 60 104 55 204 -2.52573 -2.52573 -3.21888
32.44802 0.01865 -1.73596 107 102 91 204 -2.52573 -2.52573 -3.21888
-24.64937 0.00791 -21.69243 68 112 53 204 -2.52573 -2.52573 -3.21888
25.25934 -0.00212 4.14530 107 102 91 204 -2.52573 -2.52573 -3.21888
34.10080 0.02421 26.42403 75 120 68 204 -2.52573 -2.52573 -3.21888
33.14629 -0.06942 27.01790 75 103 54 204 -2.52573 -2.52573 -3.21888
28.22723 0.01549 -24.17899 69 117 67 204 -2.52573 -2.52573 -3.21888
20.94886 -0.01069 12.88205 69 119 66 204 -2.52573 -2.52573 -3.21888
-23.08826 0.00711 11.17812 66 97 53 204 -2.52573 -2.52573 -3.21888
12.21380 0.06519 -12.84973 70 113 60 204 -2.52573 -2.52573 -3.21888
35.57763 -0.00650 -4.01683 107 102 91 204 -2.52573 -2.52573 -3.21888
-25.31163 0.02078 -4.19093 107 102 91 204 -2.52573 -2.52573 -3.21888
-15.82594 0.02857 -11.33454 64 119 67 204 -2.52573 -2.52573 -3.21888
-9.68042 -0.00352 -22.98699 71 106 62 204 -2.52573 -2.52573 -3.21888
-24.22699 0.01526 20.34602 67 93 66 204 -2.52573 -2.52573 -3.21888
37.98533 0.01532 -11.60116 70 105 59 204 -2.52573 -2.52573 -3.21888
-32.29159 -0.05007 -23.62947 67 110 63 204 -2.52573 -2.52573 -3.21888
35.88912 -0.04484 20.25622 72 92 59 204 -2.52573 -2.52573 -3.21888
18.66077 0.02754 18.23877 72 103 63 204 -2.52573 -2.52573 -3.21888
-17.05041 -0.01152 -1.74746 107 102 91 204 -2.52573 -2.52573 -3.21888
-13.35833 -0.03044 9.98192 66 113 61 204 -2.52573 -2.52573 -3.21888
24.82560 -0.02040 9.89573 57 89 54 204 -2.52573 -2.52573 -3.21888
11.33333 0.01046 -5.75523 107 102 91 204 -2.52573 -2.52573 -3.21888
-30.56280 0.04175 -1.49487 107 102 91 204 -2.52573 -2.52573 -3.21888
33.94953 0.01851 -6.49357 107 102 91 204 -2.52573 -2.52573 -3.21888
31.97015 -0.01876 23.97012 69 111 54 204 -2.52573 -2.52573 -3.21888
-15.05354 -0.02131 -10.65580 70 106 66 204 -2.52573 -2.52573 -3.21888
26.76877 -0.02062 -8.00011 66 113 55 204 -2.52573 -2.52573 -3.21888
27.00299 0.00378 -26.04555 56 95 56 204 -2.52573 -2.52573 -3.21888
-32.47923 -0.00190 -1.38715 107 102 91 204 -2.52573 -2.52573 -3.21888
-34.98039 -0.04711 -0.19737 107 102 91 204 -2.52573 -2.52573 -3.21888
25.63529 0.02037 -24.97077 61 112 66 204 -2.52573 -2.52573 -3.21888
26.10535 0.00972 18.24578 68 100 63 204 -2.52573 -2.52573 -3.21888
-36.87277 0.01195 13.17073 64 101 58 204 -2.52573 -2.52573 -3.21888
-34.90927 0.02356 7.88418 58 98 53 204 -2.52573 -2.52573 -3.21888
-4.29399 0.01643 29.83447 56 115 62 204 -2.52573 -2.52573 -3.21888
3.18209 -0.01493 -29.66034 72 110 67 204 -2.52573 -2.52573 -3.21888
-15.39867 -0.02810 28.97488 59 117 51 204 -2.52573 -2.52573 -3.21888
-15.47304 0.02796 28.82288 59 114 66 204 -2.52573 -2.52573 -3.21888
-10.79967 -0.02559 -23.64922 64 116 58 204 -2.52573 -2.52573 -3.21888
36.57965 0.03901 -28.20116 66 122 68 204 -2.52573 -2.52573 -3.21888
-5.77769 0.01972 24.71850 63 110 58 204 -2.52573 -2.52573 -3.21888
-4.16585 0.07174 11.15307 59 101 63 204 -2.52573 -2.52573 -3.21888
28.97755 -0.04084 18.42280 59 95 60 204 -2.52573 -2.52573 -3.21888
18.62856 0.00378 -14.63549 62 100 58 204 -2.52573 -2.52573 -3.21888
26.29037 0.00363 -15.36988 69 96 58 204 -2.52573 -2.52573 -3.21888
2.43790 0.06494 -13.71285 72 95 56 204 -2.52573 -2.52573 -3.21888
23.06526 -0.04613 26.79751 69 90 57 204 -2.52573 -2.52573 -3.21888
-18.84475 -0.01354 22.56487 58 97 61 204 -2.52573 -2.52573 -3.21888
34.51944 -0.02653 -11.53148 68 90 54 204 -2.52573 -2.52573 -3.21888
32.00522 0.00379 14.92765 57 95 62 204 -2.52573 -2.52573 -3.21888
-15.60832 0.01542 17.65599 74 97 57 204 -2.52573 -2.52573 -3.21888
30.79015 -0.00700 -5.42677 107 102 91 204 -2.52573 -2.52573 -3.21888
36.40993 0.02194 -9.08664 65 101 53 204 -2.52573 -2.52573 -3.21888
-8.31418 -0.03059 -16.88735 57 118 55 204 -2.52573 -2.52573 -3.21888
-5.03732 -0.01947 10.20197 63 121 56 204 -2.52573 -2.52573 -3.21888
-8.28354 -0.04559 -26.79018 73 112 64 204 -2.52573 -2.52573 -3.21888
-15.52219 -0.00995 25.81215 71 114 67 204 -2.52573 -2.52573 -3.21888
19.74789 -0.03415 28.35897 62 110 54 204 -2.52573 -2.52573 -3.21888
-34.54979 0.00303 -26.03001 66 98 51 204 -2.52573 -2.52573 -3.21888
11.34373 0.04957 5.38794 107 102 91 204 -2.52573 -2.52573 -3.21888
-5.85919 0.06004 2.09935 107 102 91 204 -2.52573 -2.52573 -3.21888
10.27368 -0.00808 -5.68981 107 102 91 204 -2.52573 -2.52573 -3.21888
-30.36676 -0.02040 -27.89184 75 113 60 204 -2.52573 -2.52573 -3.21888
-4.92843 0.01676 0.33371 107 102 91 204 -2.52573 -2.52573 -3.21888
3.39495 -0.02761 19.14725 74 90 56 204 -2.52573 -2.52573 -3.21888
36.71711 0.00677 -17.56630 74 109 67 204 -2.52573 -2.52573 -3.21888
-34.60539 0.00077 13.15806 69 121 63 204 -2.52573 -2.52573 -3.21888
-19.52897 0.02599 -0.13295 107 102 91 204 -2.52573 -2.52573 -3.21888
21.96520 -0.04916 -19.48102 74 113 67 204 -2.52573 -2.52573 -3.21888
-3.43802 0.00319 15.53694 59 93 52 204 -2.52573 -2.52573 -3.21888
-4.98496 0.02577 -12.48980 68 99 68 204 -2.52573 -2.52573 -3.21888
-32.72490 -0.02359 -14.92312 69 109 52 204 -2.52573 -2.52573 -3.21888
7.70654 0.05344 -28.80577 56 113 62 204 -2.52573 -2.52573 -3.21888
32.16762 0.01085 -25.55090 56 94 62 204 -2.52573 -2.52573 -3.21888
-22.11307 -0.01815 21.12056 58 107 68 204 -2.52573 -2.52573 -3.21888
3.62991 0.02179 25.77887 71 117 54 204 -2.52573 -2.52573 -3.21888
2.54312 0.06074 -24.24531 65 119 65 204 -2.52573 -2.52573 -3.21888
3.47912 -0.00258 9.52226 72 118 51 204 -2.52573 -2.52573 -3.21888
-12.53586 0.03829 16.73317 72 122 60 204 -2.52573 -2.52573 -3.21888
34.52158 0.01787 18.22685 59 103 67 204 -2.52573 -2.52573 -3.21888
-33.39817 -0.02959 23.59791 69 102 63 204 -2.52573 -2.52573 -3.21888
-6.09763 0.03888 -22.38791 73 115 67 204 -2.52573 -2.52573 -3.21888
-8.75992 0.02713 5.93214 107 102 91 204 -2.52573 -2.52573 -3.21888
-36.16336 0.03022 -12.34591 70 120 62 204 -2.52573 -2.52573 -3.21888
28.09048 -0.01429 -13.97406 56 90 63 204 -2.52573 -2.52573 -3.21888
-26.22952 0.01318 16.20028 71 90 58 204 -2.52573 -2.52573 -3.21888
-11.82870 0.04566 7.13461 58 115 66 204 -2.52573 -2.52573 -3.21888
25.03960 0.03224 20.99599 57 102 63 204 -2.52573 -2.52573 -3.21888
36.69052 0.03627 10.98628 60 113 65 204 -2.52573 -2.52573 -3.21888
-36.85566 -0.03411 22.60406 63 102 55 204 -2.52573 -2.52573 -3.21888
-10.93836 0.00952 16.88777 74 100 54 204 -2.52573 -2.52573 -3.21888
0.13511 -0.01844 27.22634 69 114 59 204 -2.52573 -2.52573 -3.21888
-24.95773 -0.03893 26.93245 63 95 66 204 -2.52573 -2.52573 -3.21888
-4.51651 -0.02931 -14.80428 67 104 58 204 -2.52573 -2.52573 -3.21888
-10.55517 0.02709 -14.59242 69 109 67 204 -2.52573 -2.52573 -3.21888
8.17314 0.02016 -12.26978 67 115 64 204 -2.52573 -2.52573 -3.21888
35.30461 0.03404 14.93455 65 94 51 204 -2.52573 -2.52573 -3.21888
28.61427 -0.01085 -20.80865 63 89 65 204 -2.52573 -2.52573 -3.21888
-5.91737 -0.00682 -3.48062 107 102 91 204 -2.52573 -2.52573 -3.21888
20.62006 -0.02902 -2.45320 107 102 91 204 -2.52573 -2.52573 -3.21888
32.84320 0.00402 5.96952 107 102 91 204 -2.52573 -2.52573 -3.21888
10.94064 0.01184 17.30723 70 121 67 204 -2.52573 -2.52573 -3.21888
-5.37901 0.03729 -1.80577 107 102 91 204 -2.52573 -2.52573 -3.21888
-24.48102 0.01098 7.19677 71 108 58 204 -2.52573 -2.52573 -3.21888
29.18884 0.00707 -8.14586 71 110 56 204 -2.52573 -2.52573 -3.21888
37.87884 -0.00387 -28.94207 69 106 53 204 -2.52573 -2.52573 -3.21888
27.32081 -0.00910 -14.23193 65 120 66 204 -2.52573 -2.52573 -3.21888
32.70904 0.03105 19.92972 67 121 53 204 -2.52573 -2.52573 -3.21888
12.81110 0.00181 -8.82908 59 91 67 204 -2.52573 -2.52573 -3.21888
-2.27783 0.03574 -29.15689 58 104 56 204 -2.52573 -2.52573 -3.21888
21.48541 -0.00575 1.07274 107 102 91 204 -2.52573 -2.52573 -3.21888
0.31868 0.01678 11.55117 65 119 52 204 -2.52573 -2.52573 -3.21888
-31.65224 0.00441 8.80439 72 115 63 204 -2.52573 -2.52573 -3.21888
-27.64098 -0.04669 28.72737 71 102 55 204 -2.52573 -2.52573 -3.21888
-13.50730 0.04294 22.28416 72 117 60 204 -2.52573 -2.52573 -3.21888
22.90917 -0.06530 17.17731 68 102 54 204 -2.52573 -2.52573 -3.21888
4.90237 0.02907 9.25687 62 100 55 204 -2.52573 -2.52573 -3.21888
-0.14553 0.01491 -15.96154 60 116 65 204 -2.52573 -2.52573 -3.21888
-4.33931 0.02636 -0.22338 107 102 91 204 -2.52573 -2.52573 -3.21888
7.02791 -0.01265 22.96649 70 114 52 204 -2.52573 -2.52573 -3.21888
-27.75809 0.03229 1.63334 107 102 91 204 -2.52573 -2.52573 -3.21888
-21.02967 -0.02086 -6.22351 107 102 91 204 -2.52573 -2.52573 -3.21888
-13.62732 -0.07794 -28.14886 70 101 57 204 -2.52573 -2.52573 -3.21888
-30.46387 0.09058 17.28534 61 105 54 204 -2.52573 -2.52573 -3.21888
0.26846 0.01984 26.17474 59 119 56 204 -2.52573 -2.52573 -3.21888
15.46252 -0.02792 -20.61222 72 89 54 204 -2.52573 -2.52573 -3.21888
-8.83869 -0.00195 3.69030 107 102 91 204 -2.52573 -2.52573 -3.21888
-22.89016 0.01256 -23.02968 69 108 54 204 -2.52573 -2.52573 -3.21888
-12.87430 -0.01603 13.79818 66 96 58 204 -2.52573 -2.52573 -3.21888
8.88527 -0.02598 9.49541 58 89 67 204 -2.52573 -2.52573 -3.21888
-27.10057 0.01996 -21.92298 68 112 56 204 -2.52573 -2.52573 -3.21888
1.35366 -0.01751 6.00458 107 102 91 204 -2.52573 -2.52573 -3.21888
24.96606 0.03733 -10.10858 56 119 60 204 -2.52573 -2.52573 -3.21888
2.48818 -0.02849 -26.46019 76 117 61 204 -2.52573 -2.52573 -3.21888
-6.19805 -0.00347 -19.78900 65 101 60 204 -2.52573 -2.52573 -3.21888
-25.77480 0.03700 29.51616 60 110 53 204 -2.52573 -2.52573 -3.21888
-13.01282 0.01675 22.90693 66 116 66 204 -2.52573 -2.52573 -3.21888
21.22277 0.03613 27.44652 56 111 57 204 -2.52573 -2.52573 -3.21888
24.18245 0.05115 -13.14649 61 106 58 204 -2.52573 -2.52573 -3.21888
-31.02948 0.01405 -7.38274 73 91 65 204 -2.52573 -2.52573 -3.21888
-2.99751 0.01581 -23.74745 63 97 52 204 -2.52573 -2.52573 -3.21888
29.88423 0.03550 1.90979 107 102 91 204 -2.52573 -2.52573 -3.21888
-37.31800 -0.00914 21.62497 60 100 52 204 -2.52573 -2.52573 -3.21888
13.69189 0.03143 -24.18890 59 96 67 204 -2.52573 -2.52573 -3.21888
1.15528 -0.00615 8.51157 70 102 54 204 -2.52573 -2.52573 -3.21888
-13.53893 0.02694 22.61322 63 113 52 204 -2.52573 -2.52573 -3.21888
-23.51421 -0.02380 -11.89752 68 90 68 204 -2.52573 -2.52573 -3.21888
9.96716 0.00599 14.78632 67 112 58 204 -2.52573 -2.52573 -3.21888
-6.02146 0.02068 22.13116 75 96 57 204 -2.52573 -2.52573 -3.21888
-0.87067 -0.03378 3.11297 107 102 91 204 -2.52573 -2.52573 -3.21888
29.65228 0.03097 -29.80453 60 90 61 204 -2.52573 -2.52573 -3.21888
33.93289 0.01030 -0.15362 107 102 91 204 -2.52573 -2.52573 -3.21888
-31.90424 -0.03424 -13.46386 63 93 65 204 -2.52573 -2.52573 -3.21888
-14.77947 0.02696 5.01681 107 102 91 204 -2.52573 -2.52573 -3.21888
-6.62093 -0.03524 11.29098 66 115 68 204 -2.52573 -2.52573 -3.21888
-23.65433 -0.03941 19.67569 70 106 52 204 -2.52573 -2.52573 -3.21888
36.15396 -0.01225 -20.52400 73 119 64 204 -2.52573 -2.52573 -3.21888
-31.85493 -0.01080 -8.45301 60 105 54 204 -2.52573 -2.52573 -3.21888
31.12190 -0.01065 26.79606 63 104 58 204 -2.52573 -2.52573 -3.21888
16.59412 0.04602 -29.96388 63 106 66 204 -2.52573 -2.52573 -3.21888
-32.16210 -0.00151 6.29576 107 102 91 204 -2.52573 -2.52573 -3.21888
24.16049 0.02847 -0.79438 107 102 91 204 -2.52573 -2.52573 -3.21888
-4.27438 -0.01933 -27.13730 73 116 55 204 -2.52573 -2.52573 -3.21888
-19.46157 0.03858 -1.10368 107 102 91 204 -2.52573 -2.52573 -3.21888
-25.37507 -0.00884 -4.30551 107 102 91 204 -2.52573 -2.52573 -3.21888
-15.24980 0.00906 11.38808 72 90 58 204 -2.52573 -2.52573 -3.21888
20.26357 0.01181 -22.27690 74 95 51 204 -2.52573 -2.52573 -3.21888
13.95174 -0.01066 -25.56977 71 116 64 204 -2.52573 -2.52573 -3.21888
1.76895 0.03891 16.35709 58 103 63 204 -2.52573 -2.52573 -3.21888
-5.50323 0.04891 -0.12041 107 102 91 204 -2.52573 -2.52573 -3.21888
2.52802 -0.04554 9.60737 58 102 67 204 -2.52573 -2.52573 -3.21888
32.59602 0.00464 -18.81610 59 119 53 204 -2.52573 -2.52573 -3.21888
-24.84788 -0.01501 21.62611 65 102 55 204 -2.52573 -2.52573 -3.21888
3.31781 -0.04169 -26.17733 62 119 58 204 -2.52573 -2.52573 -3.21888
-26.63128 -0.02502 16.92062 70 115 53 204 -2.52573 -2.52573 -3.21888
26.20433 -0.01280 -20.07557 71 117 51 204 -2.52573 -2.52573 -3.21888
-37.41779 0.00374 -10.82873 75 91 64 204 -2.52573 -2.52573 -3.21888
-22.12174 -0.01821 13.29662 73 91 55 204 -2.52573 -2.52573 -3.21888
-29.15644 0.02192 -26.64471 73 119 56 204 -2.52573 -2.52573 -3.21888
12.83663 0.01758 4.65663 107 102 91 204 -2.52573 -2.52573 -3.21888
30.64578 -0.02105 18.45134 68 101 53 204 -2.52573 -2.52573 -3.21888
6.82398 0.04519 -6.63043 107 102 91 204 -2.52573 -2.52573 -3.21888
35.11784 0.02807 24.39771 56 116 60 204 -2.52573 -2.52573 -3.21888
33.67167 -0.00170 12.11167 60 107 62 204 -2.52573 -2.52573 -3.21888
34.34505 -0.06437 -25.93908 69 109 60 204 -2.52573 -2.52573 -3.21888
-27.61565 0.05321 -13.83160 60 111 68 204 -2.52573 -2.52573 -3.21888
18.41746 -0.01826 27.51072 67 117 63 204 -2.52573 -2.52573 -3.21888
-8.75393 0.03291 -11.35732 70 99 58 204 -2.52573 -2.52573 -3.21888
16.69416 0.01812 -13.93139 63 108 57 204 -2.52573 -2.52573 -3.21888
4.88279 -0.01245 1.50135 107 102 91 204 -2.52573 -2.52573 -3.21888
21.67990 -0.07190 -11.04634 73 110 56 204 -2.52573 -2.52573 -3.21888
-35.59665 0.02354 21.54475 59 113 52 204 -2.52573 -2.52573 -3.21888
37.84015 0.00638 -6.32113 107 102 91 204 -2.52573 -2.52573 -3.21888
-30.58074 0.03962 -10.04056 75 90 68 204 -2.52573 -2.52573 -3.21888
-20.66193 0.00964 -19.46475 64 96 53 204 -2.52573 -2.52573 -3.21888
-16.80820 0.02145 17.45917 71 102 51 204 -2.52573 -2.52573 -3.21888
-6.96142 -0.00308 -21.44179 62 115 54 204 -2.52573 -2.52573 -3.21888
30.26777 0.06215 4.36635 107 102 91 204 -2.52573 -2.52573 -3.21888
30.95871 -0.07234 4.16226 107 102 91 204 -2.52573 -2.52573 -3.21888
-5.11775 -0.00202 28.16438 74 104 51 204 -2.52573 -2.52573 -3.21888
22.70636 0.00350 -25.29996 76 112 53 204 -2.52573 -2.52573 -3.21888
-26.98085 -0.01931 -28.47361 64 94 53 204 -2.52573 -2.52573 -3.21888
24.47172 0.03324 12.35874 57 98 56 204 -2.52573 -2.52573 -3.21888
5.46174 0.06520 12.04619 74 113 63 204 -2.52573 -2.52573 -3.21888
37.27851 0.01894 -28.29838 74 102 60 204 -2.52573 -2.52573 -3.21888
-10.59501 0.05913 29.55957 58 90 62 204 -2.52573 -2.52573 -3.21888
26.71566 0.01887 -23.28002 66 113 65 204 -2.52573 -2.52573 -3.21888
23.82053 0.02125 20.36348 68 102 57 204 -2.52573 -2.52573 -3.21888
0.29618 0.03389 15.79912 56 103 53 204 -2.52573 -2.52573 -3.21888
19.12887 -0.02961 3.44934 107 102 91 204 -2.52573 -2.52573 -3.21888
-13.14441 0.03381 18.21823 76 98 58 204 -2.52573 -2.52573 -3.21888
5.68220 -0.06106 -13.45107 70 98 52 204 -2.52573 -2.52573 -3.21888
18.43772 -0.04958 -28.76730 69 107 59 204 -2.52573 -2.52573 -3.21888
-22.63606 -0.02420 -5.31697 107 102 91 204 -2.52573 -2.52573 -3.21888
35.16633 -0.02260 15.09692 60 120 65 204 -2.52573 -2.52573 -3.21888
-14.98362 0.01446 11.26285 76 121 52 204 -2.52573 -2.52573 -3.21888
25.81309 0.03002 -28.37299 73 101 63 204 -2.52573 -2.52573 -3.21888
-27.52611 0.06145 27.49976 69 100 61 204 -2.52573 -2.52573 -3.21888
18.30009 0.03780 20.01349 64 119 65 204 -2.52573 -2.52573 -3.21888
25.45360 0.00205 28.70333 63 101 61 204 -2.52573 -2.52573 -3.21888
-20.72358 -0.03980 -7.54571 72 112 65 204 -2.52573 -2.52573 -3.21888
28.01612 -0.03959 -9.23703 63 99 67 204 -2.52573 -2.52573 -3.21888
4.19714 -0.02343 5.27623 107 102 91 204 -2.52573 -2.52573 -3.21888
-31.96688 0.00442 27.55179 59 121 57 204 -2.52573 -2.52573 -3.21888
14.22702 0.02398 14.12588 69 112 56 204 -2.52573 -2.52573 -3.21888
10.10672 -0.00090 15.61899 57 94 68 204 -2.52573 -2.52573 -3.21888
-33.04770 -0.01994 -28.91977 70 105 57 204 -2.52573 -2.52573 -3.21888
-5.68488 0.01102 -8.30706 65 95 63 204 -2.52573 -2.52573 -3.21888
19.18659 0.00917 -23.52041 56 114 56 204 -2.52573 -2.52573 -3.21888
10.83466 -0.06060 -12.64013 56 100 65 204 -2.52573 -2.52573 -3.21888
33.83734 -0.00852 21.03672 59 93 65 204 -2.52573 -2.52573 -3.21888
-5.67708 0.04894 21.82499 56 97 58 204 -2.52573 -2.52573 -3.21888
13.93681 0.00728 -11.38543 71 111 67 204 -2.52573 -2.52573 -3.21888
-27.77540 0.01035 -0.95182 107 102 91 204 -2.52573 -2.52573 -3.21888
-26.76650 0.00453 26.63359 74 114 61 204 -2.52573 -2.52573 -3.21888
26.82919 0.02216 -27.98771 71 119 67 204 -2.52573 -2.52573 -3.21888
36.28933 0.01300 -23.58812 57 101 61 204 -2.52573 -2.52573 -3.21888
20.46529 -0.04865 23.68199 57 104 60 204 -2.52573 -2.52573 -3.21888
-31.71424 -0.02190 -27.54604 62 102 67 204 -2.52573 -2.52573 -3.21888
31.89734 -0.04825 8.33823 59 110 54 204 -2.52573 -2.52573 -3.21888
6.25192 -0.02025 10.74659 60 89 56 204 -2.52573 -2.52573 -3.21888
-10.89022 -0.00784 -28.80346 58 110 67 204 -2.52573 -2.52573 -3.21888
6.98072 0.01650 7.68820 66 101 63 204 -2.52573 -2.52573 -3.21888
-10.68701 0.01157 -10.51363 74 115 68 204 -2.52573 -2.52573 -3.21888
-37.18719 0.02160 -18.96002 65 91 60 204 -2.52573 -2.52573 -3.21888
-6.79720 -0.00155 20.77022 68 113 65 204 -2.52573 -2.52573 -3.21888
1.32482 0.00330 -14.91218 69 92 58 204 -2.52573 -2.52573 -3.21888
-13.58919 0.05513 -3.08934 107 102 91 204 -2.52573 -2.52573 -3.21888
-29.00122 0.02323 7.72733 69 121 61 204 -2.52573 -2.52573 -3.21888
21.15116 -0.02928 -16.30966 73 105 62 204 -2.52573 -2.52573 -3.21888
14.95188 0.07170 29.51566 62 119 57 204 -2.52573 -2.52573 -3.21888
27.37545 -0.01365 -29.49643 72 99 54 204 -2.52573 -2.52573 -3.21888
-26.41744 0.03119 -11.93837 61 97 60 204 -2.52573 -2.52573 -3.21888
-14.36110 0.04741 2.19879 107 102 91 204 -2.52573 -2.52573 -3.21888
-29.06054 0.05293 -15.44299 71 114 61 204 -2.52573 -2.52573 -3.21888
0.53324 0.01448 -11.75342 66 97 51 204 -2.52573 -2.52573 -3.21888
-20.54731 0.01012 -23.86940 65 107 68 204 -2.52573 -2.52573 -3.21888
33.65771 0.02328 24.48263 73 89 52 204 -2.52573 -2.52573 -3.21888
5.48658 -0.02119 -2.83091 107 102 91 204 -2.52573 -2.52573 -3.21888
-37.29920 0.04845 4.64034 107 102 91 204 -2.52573 -2.52573 -3.21888
-37.92217 0.01653 20.53374 61 95 52 204 -2.52573 -2.52573 -3.21888
37.09058 0.06335 6.04250 107 102 91 204 -2.52573 -2.52573 -3.21888
10.19381 -0.03892 6.80217 107 102 91 204 -2.52573 -2.52573 -3.21888
-23.78005 -0.00042 1.68588 107 102 91 204 -2.52573 -2.52573 -3.21888
2.91488 0.06188 -25.03898 57 112 55 204 -2.52573 -2.52573 -3.21888
-29.68458 0.02659 22.40960 62 99 61 204 -2.52573 -2.52573 -3.21888
-21.04053 0.02670 28.39868 59 98 63 204 -2.52573 -2.52573 -3.21888
33.65534 0.01763 -22.55641 64 101 58 204 -2.52573 -2.52573 -3.21888
-5.49052 -0.00095 17.97926 74 109 59 204 -2.52573 -2.52573 -3.21888
7.33489 0.02094 -27.09986 59 119 59 204 -2.52573 -2.52573 -3.21888
-25.82765 0.00859 4.72845 107 102 91 204 -2.52573 -2.52573 -3.21888
-21.01773 -0.00447 23.63693 65 94 58 204 -2.52573 -2.52573 -3.21888
-36.08992 -0.05698 -9.03546 76 119 58 204 -2.52573 -2.52573 -3.21888
-31.00358 -0.07331 -13.65182 75 96 67 204 -2.52573 -2.52573 -3.21888
5.07679 -0.06320 22.83339 68 106 61 204 -2.52573 -2.52573 -3.21888
-4.38260 0.00282 14.01573 56 111 63 204 -2.52573 -2.52573 -3.21888
-0.25342 0.01704 -11.79078 65 106 66 204 -2.52573 -2.52573 -3.21888
13.82900 -0.00109 -17.34999 63 102 60 204 -2.52573 -2.52573 -3.21888
-25.59051 -0.06286 -28.82872 75 95 66 204 -2.52573 -2.52573 -3.21888
-22.18663 -0.01547 -23.51934 74 92 64 204 -2.52573 -2.52573 -3.21888
22.66644 0.03803 -19.69148 68 108 52 204 -2.52573 -2.52573 -3.21888
-22.89380 0.03654 -28.35923 65 115 60 204 -2.52573 -2.52573 -3.21888
-5.36976 0.00496 22.46771 73 103 67 204 -2.52573 -2.52573 -3.21888
-35.23931 0.03904 -15.35584 64 101 53 204 -2.52573 -2.52573 -3.21888
-10.76779 0.02488 -22.43298 76 106 51 204 -2.52573 -2.52573 -3.21888
-21.64805 -0.00223 17.42070 63 121 66 204 -2.52573 -2.52573 -3.21888
-36.39296 -0.00404 28.20243 73 111 51 204 -2.52573 -2.52573 -3.21888
27.10674 -0.01735 19.75322 64 97 68 204 -2.52573 -2.52573 -3.21888
37.51415 0.04569 27.99842 59 111 53 204 -2.52573 -2.52573 -3.21888
23.54462 -0.06474 -10.99172 70 107 63 204 -2.52573 -2.52573 -3.21888
29.31841 0.07477 -29.98504 73 92 65 204 -2.52573 -2.52573 -3.21888
29.61599 0.02291 -6.83587 107 102 91 204 -2.52573 -2.52573 -3.21888
26.31615 -0.03440 -25.42009 60 121 54 204 -2.52573 -2.52573 -3.21888
-15.12345 0.03759 -10.96807 74 108 59 204 -2.52573 -2.52573 -3.21888
4.54746 -0.00146 6.60007 107 102 91 204 -2.52573 -2.52573 -3.21888
10.89128 -0.04328 -28.75024 71 117 55 204 -2.52573 -2.52573 -3.21888
-19.02863 -0.01406 -13.73231 64 101 56 204 -2.52573 -2.52573 -3.21888
-33.28487 -0.00240 17.13294 75 119 57 204 -2.52573 -2.52573 -3.21888
1.89334 -0.02454 -11.26157 66 112 51 204 -2.52573 -2.52573 -3.21888
-8.68468 -0.02783 29.71179 74 108 62 204 -2.52573 -2.52573 -3.21888
30.73242 -0.00743 28.29851 61 91 51 204 -2.52573 -2.52573 -3.21888
19.57674 -0.01533 16.40014 61 101 65 204 -2.52573 -2.52573 -3.21888
11.89877 -0.07547 -11.13527 69 99 67 204 -2.52573 -2.52573 -3.21888
-14.33722 -0.04993 -11.93339 72 116 54 204 -2.52573 -2.52573 -3.21888
17.70595 -0.02403 -14.91775 63 100 53 204 -2.52573 -2.52573 -3.21888
-13.40537 0.00836 14.77279 72 109 64 204 -2.52573 -2.52573 -3.21888
15.51296 -0.01104 29.60823 68 110 56 204 -2.52573 -2.52573 -3.21888
1.75041 0.02554 12.94458 67 98 53 204 -2.52573 -2.52573 -3.21888
-26.43312 0.02797 5.05199 107 102 91 204 -2.52573 -2.52573 -3.21888
0.81782 0.03240 -27.50484 60 112 58 204 -2.52573 -2.52573 -3.21888
8.75739 -0.05403 24.36358 57 90 59 204 -2.52573 -2.52573 -3.21888
29.18847 0.02559 13.04398 72 101 54 204 -2.52573 -2.52573 -3.21888
14.43075 0.04522 -13.53368 72 119 55 204 -2.52573 -2.52573 -3.21888
33.89363 0.01491 -3.11722 107 102 91 204 -2.52573 -2.52573 -3.21888
-8.94393 -0.05143 26.80991 67 109 51 204 -2.52573 -2.52573 -3.21888
-21.78123 0.06278 0.70561 107 102 91 204 -2.52573 -2.52573 -3.21888
-2.33979 0.01489 -14.18959 70 118 67 204 -2.52573 -2.52573 -3.21888
6.39083 -0.01670 -29.66450 62 113 52 204 -2.52573 -2.52573 -3.21888
-7.34227 0.04957 5.36868 107 102 91 204 -2.52573 -2.52573 -3.21888
-21.68120 0.07318 22.45256 71 108 64 204 -2.52573 -2.52573 -3.21888
-18.19537 0.01746 26.50861 63 103 54 204 -2.52573 -2.52573 -3.21888
-15.66703 0.00793 15.26565 76 109 56 204 -2.52573 -2.52573 -3.21888
-12.44174 -0.00362 -27.11709 75 120 67 204 -2.52573 -2.52573 -3.21888
-11.99545 -0.05666 18.17564 65 117 58 204 -2.52573 -2.52573 -3.21888
-21.14464 -0.03237 -12.06195 60 115 59 204 -2.52573 -2.52573 -3.21888
10.35529 -0.11870 22.34400 76 94 55 204 -2.52573 -2.52573 -3.21888
15.69205 -0.02099 22.23029 62 96 52 204 -2.52573 -2.52573 -3.21888
-17.30065 -0.04280 -7.12559 59 120 64 204 -2.52573 -2.52573 -3.21888
-17.59474 -0.03097 -8.84424 62 122 65 204 -2.52573 -2.52573 -3.21888
27.94524 -0.02877 20.63148 68 115 51 204 -2.52573 -2.52573 -3.21888
28.98395 0.05154 0.04291 107 102 91 204 -2.52573 -2.52573 -3.21888
-29.92742 0.03512 -3.39462 107 102 91 204 -2.52573 -2.52573 -3.21888
31.58664 -0.04167 15.76219 72 114 67 204 -2.52573 -2.52573 -3.21888
-15.58698 0.01611 1.53887 107 102 91 204 -2.52573 -2.52573 -3.21888
29.81355 -0.01116 -21.30917 59 111 68 204 -2.52573 -2.52573 -3.21888
-16.03019 -0.00364 21.24396 57 116 58 204 -2.52573 -2.52573 -3.21888
21.88210 -0.00173 8.72961 71 115 63 204 -2.52573 -2.52573 -3.21888
-30.73851 -0.06413 -29.89429 62 115 51 204 -2.52573 -2.52573 -3.21888
-26.30804 0.01744 26.18608 63 113 56 204 -2.52573 -2.52573 -3.21888
27.82905 -0.01426 -23.52824 71 108 51 204 -2.52573 -2.52573 -3.21888
19.86128 0.06871 1.78673 107 102 91 204 -2.52573 -2.52573 -3.21888
-1.19339 0.04895 28.50275 68 112 53 204 -2.52573 -2.52573 -3.21888
-16.79936 0.00290 -28.55476 67 116 62 204 -2.52573 -2.52573 -3.21888
-10.67828 0.06566 -14.61943 74 105 65 204 -2.52573 -2.52573 -3.21888
37.86459 0.02382 -23.53073 57 108 62 204 -2.52573 -2.52573 -3.21888
22.10503 0.05177 10.73475 62 108 65 204 -2.52573 -2.52573 -3.21888
10.73099 -0.03843 1.03126 107 102 91 204 -2.52573 -2.52573 -3.21888
26.50687 -0.02998 27.56813 66 109 60 204 -2.52573 -2.52573 -3.21888
-13.18787 0.04523 8.83427 57 112 61 204 -2.52573 -2.52573 -3.21888
-20.44864 -0.04724 21.76850 67 99 61 204 -2.52573 -2.52573 -3.21888
8.60460 -0.11315 10.41808 73 92 55 204 -2.52573 -2.52573 -3.21888
-3.97470 0.03835 24.38183 71 116 54 204 -2.52573 -2.52573 -3.21888
11.50908 0.00818 20.62793 66 108 61 204 -2.52573 -2.52573 -3.21888
-29.04843 0.05000 6.82325 107 102 91 204 -2.52573 -2.52573 -3.21888
-14.04266 0.02928 -23.66173 62 114 51 204 -2.52573 -2.52573 -3.21888
-13.45594 0.10569 15.21827 58 107 58 204 -2.52573 -2.52573 -3.21888
-11.83140 0.04189 -18.82090 71 112 67 204 -2.52573 -2.52573 -3.21888
-13.09670 0.01942 10.25976 67 92 63 204 -2.52573 -2.52573 -3.21888
36.67490 -0.03004 24.30540 76 101 62 204 -2.52573 -2.52573 -3.21888
35.05918 0.03516 -16.98917 62 110 55 204 -2.52573 -2.52573 -3.21888
7.04979 0.04080 12.77822 62 116 54 204 -2.52573 -2.52573 -3.21888
22.54488 -0.04213 -6.07415 107 102 91 204 -2.52573 -2.52573 -3.21888
-11.24927 0.02713 25.40523 73 90 62 204 -2.52573 -2.52573 -3.21888
-9.85573 0.00044 10.79640 67 95 63 204 -2.52573 -2.52573 -3.21888
13.76814 -0.02479 23.28908 57 99 53 204 -2.52573 -2.52573 -3.21888
-5.87910 0.01671 -19.10637 62 121 60 204 -2.52573 -2.52573 -3.21888
-37.42573 -0.08164 29.88234 69 90 62 204 -2.52573 -2.52573 -3.21888
-37.84381 0.01700 19.51332 71 115 56 204 -2.52573 -2.52573 -3.21888
12.47858 -0.03772 7.48330 65 108 61 204 -2.52573 -2.52573 -3.21888
35.14885 -0.01552 17.54906 72 116 66 204 -2.52573 -2.52573 -3.21888
-35.49464 -0.00475 -16.52358 66 107 61 204 -2.52573 -2.52573 -3.21888
-17.92691 0.03860 6.30146 107 102 91 204 -2.52573 -2.52573 -3.21888
13.52336 0.03716 1.89369 107 102 91 204 -2.52573 -2.52573 -3.21888
14.02531 -0.02575 7.75741 72 110 58 204 -2.52573 -2.52573 -3.21888
-13.98107 -0.02552 1.25801 107 102 91 204 -2.52573 -2.52573 -3.21888
-37.38335 0.00070 21.16388 73 116 58 204 -2.52573 -2.52573 -3.21888
12.55851 -0.03021 9.37632 57 121 66 204 -2.52573 -2.52573 -3.21888
36.18957 0.08638 21.12027 69 111 55 204 -2.52573 -2.52573 -3.21888
7.97379 0.05354 -8.73335 72 110 62 204 -2.52573 -2.52573 -3.21888
-25.68767 -0.00857 -8.32951 68 109 64 204 -2.52573 -2.52573 -3.21888
-13.11920 0.02867 -3.17105 107 102 91 204 -2.52573 -2.52573 -3.21888
23.88897 -0.02534 5.25231 107 102 91 204 -2.52573 -2.52573 -3.21888
13.17914 -0.03899 23.09467 56 118 58 204 -2.52573 -2.52573 -3.21888
-8.35319 -0.01134 -24.82878 70 115 58 204 -2.52573 -2.52573 -3.21888
8.43205 -0.01080 -8.14910 57 89 55 204 -2.52573 -2.52573 -3.21888
28.51915 0.02047 29.15059 65 113 52 204 -2.52573 -2.52573 -3.21888
-31.19214 0.05725 16.47767 61 96 55 204 -2.52573 -2.52573 -3.21888
35.61671 -0.03199 12.98651 74 97 65 204 -2.52573 -2.52573 -3.21888
-2.52664 -0.00077 24.30504 71 98 66 204 -2.52573 -2.52573 -3.21888
-3.27990 -0.03351 13.92828 65 91 67 204 -2.52573 -2.52573 -3.21888
-20.61025 -0.04899 -4.72919 107 102 91 204 -2.52573 -2.52573 -3.21888
36.69554 0.04178 12.60662 57 111 54 204 -2.52573 -2.52573 -3.21888
18.38338 -0.02803 18.40178 74 98 51 204 -2.52573 -2.52573 -3.21888
10.48119 0.00441 8.08987 59 108 61 204 -2.52573 -2.52573 -3.21888
-36.64317 -0.01842 2.37809 107 102 91 204 -2.52573 -2.52573 -3.21888
5.11361 -0.05904 -8.50287 75 97 60 204 -2.52573 -2.52573 -3.21888
28.07034 -0.03474 -2.72781 107 102 91 204 -2.52573 -2.52573 -3.21888
-17.78991 0.00538 8.64176 61 100 66 204 -2.52573 -2.52573 -3.21888
-0.21641 0.01202 -21.59927 58 92 54 204 -2.52573 -2.52573 -3.21888
-20.61325 -0.02424 19.57833 59 90 67 204 -2.52573 -2.52573 -3.21888
2.16325 0.02988 23.53576 63 114 60 204 -2.52573 -2.52573 -3.21888
-34.99127 0.01035 3.11492 107 102 91 204 -2.52573 -2.52573 -3.21888
-13.38066 0.01200 -0.23828 107 102 91 204 -2.52573 -2.52573 -3.21888
15.88488 0.07572 0.45975 107 102 91 204 -2.52573 -2.52573 -3.21888
-26.54109 -0.02386 14.91803 59 89 55 204 -2.52573 -2.52573 -3.21888
-30.88436 0.02894 22.79587 59 91 58 204 -2.52573 -2.52573 -3.21888
17.44158 0.07497 -23.20290 65 115 55 204 -2.52573 -2.52573 -3.21888
3.16895 -0.04867 -0.79542 107 102 91 204 -2.52573 -2.52573 -3.21888
32.33231 0.06232 -23.98933 70 92 53 204 -2.52573 -2.52573 -3.21888
1.38179 -0.01287 -4.50600 107 102 91 204 -2.52573 -2.52573 -3.21888
-1.50754 0.00645 -4.03722 107 102 91 204 -2.52573 -2.52573 -3.21888
24.65402 -0.04386 -10.24809 70 104 67 204 -2.52573 -2.52573 -3.21888
-9.40517 -0.01662 11.18012 69 95 66 204 -2.52573 -2.52573 -3.21888
-28.14666 -0.02976 -9.13083 76 120 61 204 -2.52573 -2.52573 -3.21888
30.92133 0.02045 21.61255 65 89 59 204 -2.52573 -2.52573 -3.21888
-11.01966 -0.03188 -0.82733 107 102 91 204 -2.52573 -2.52573 -3.21888
6.76058 -0.00164 22.66829 71 93 62 204 -2.52573 -2.52573 -3.21888
-17.12995 -0.01795 9.53367 61 100 66 204 -2.52573 -2.52573 -3.21888
10.59312 0.00029 15.96062 68 94 68 204 -2.52573 -2.52573 -3.21888
-16.52818 0.00490 -7.24299 75 107 52 204 -2.52573 -2.52573 -3.21888
6.04485 -0.01362 -6.43675 107 102 91 204 -2.52573 -2.52573 -3.21888
27.97807 -0.03928 -14.15999 63 99 55 204 -2.52573 -2.52573 -3.21888
-27.70360 -0.00448 12.72049 65 113 55 204 -2.52573 -2.52573 -3.21888
-9.82732 -0.03141 26.22211 68 92 64 204 -2.52573 -2.52573 -3.21888
0.38643 -0.00915 -13.57463 58 117 51 204 -2.52573 -2.52573 -3.21888
20.97100 0.03187 2.67551 107 102 91 204 -2.52573 -2.52573 -3.21888
-1.00229 -0.00807 26.72979 72 112 67 204 -2.52573 -2.52573 -3.21888
-15.70192 0.03007 3.38527 107 102 91 204 -2.52573 -2.52573 -3.21888
-15.43995 -0.01600 7.09887 59 100 58 204 -2.52573 -2.52573 -3.21888
-31.81062 -0.01071 18.25730 62 106 67 204 -2.52573 -2.52573 -3.21888
-13.55472 0.01430 24.65015 75 91 66 204 -2.52573 -2.52573 -3.21888
-1.48244 0.02883 3.11627 107 102 91 204 -2.52573 -2.52573 -3.21888
-11.40585 0.03992 5.72378 107 102 91 204 -2.52573 -2.52573 -3.21888
-27.62022 0.05737 -3.94410 107 102 91 204 -2.52573 -2.52573 -3.21888
16.31279 -0.02469 8.78783 60 119 60 204 -2.52573 -2.52573 -3.21888
15.01556 0.07820 24.72987 72 93 67 204 -2.52573 -2.52573 -3.21888
-30.72650 -0.00861 9.57163 57 91 67 204 -2.52573 -2.52573 -3.21888
17.33105 0.04123 4.96882 107 102 91 204 -2.52573 -2.52573 -3.21888
-4.64682 0.05354 -19.54104 73 96 55 204 -2.52573 -2.52573 -3.21888
-25.22139 -0.03838 -1.86312 107 102 91 204 -2.52573 -2.52573 -3.21888
23.97852 0.03136 6.72565 107 102 91 204 -2.52573 -2.52573 -3.21888
18.99898 -0.03255 16.94278 70 122 67 204 -2.52573 -2.52573 -3.21888
24.33738 0.05677 8.29610 61 116 51 204 -2.52573 -2.52573 -3.21888
-3.89647 -0.00802 6.08966 107 102 91 204 -2.52573 -2.52573 -3.21888
24.87449 -0.00047 -12.42024 62 94 52 204 -2.52573 -2.52573 -3.21888
-16.61380 0.01342 -22.96787 69 113 58 204 -2.52573 -2.52573 -3.21888
-26.57982 0.07629 -1.49290 107 102 91 204 -2.52573 -2.52573 -3.21888
23.41682 0.05146 -13.35551 72 116 66 204 -2.52573 -2.52573 -3.21888
4.22837 0.00659 -29.87944 62 104 55 204 -2.52573 -2.52573 -3.21888
0.97007 -0.05557 -17.27127 63 95 51 204 -2.52573 -2.52573 -3.21888
-22.40828 0.02194 -15.81731 74 115 64 204 -2.52573 -2.52573 -3.21888
1.89499 0.00914 -20.99531 69 94 62 204 -2.52573 -2.52573 -3.21888
10.38005 -0.03075 18.02420 76 120 51 204 -2.52573 -2.52573 -3.21888
-9.48701 0.01138 -6.20261 107 102 91 204 -2.52573 -2.52573 -3.21888
-22.72348 -0.06635 -8.39141 68 118 65 204 -2.52573 -2.52573 -3.21888
33.06764 0.01689 5.00382 107 102 91 204 -2.52573 -2.52573 -3.21888
-17.77179 -0.03855 -21.89399 71 121 55 204 -2.52573 -2.52573 -3.21888
17.01365 -0.01310 -18.16889 63 114 61 204 -2.52573 -2.52573 -3.21888
-25.95123 -0.02170 -24.36262 73 113 65 204 -2.52573 -2.52573 -3.21888
-28.44274 -0.03355 24.30126 76 114 61 204 -2.52573 -2.52573 -3.21888
-18.42085 -0.05841 6.61944 107 102 91 204 -2.52573 -2.52573 -3.21888
-24.47790 -0.00638 -15.37835 64 100 54 204 -2.52573 -2.52573 -3.21888
-19.71708 -0.04508 -14.68884 58 117 58 204 -2.52573 -2.52573 -3.21888
3.04141 0.00889 25.87736 71 113 54 204 -2.52573 -2.52573 -3.21888
-21.92667 0.01662 12.91653 65 119 52 204 -2.52573 -2.52573 -3.21888
14.52811 -0.06586 -13.51387 56 109 62 204 -2.52573 -2.52573 -3.21888
30.90622 0.02577 -23.26903 67 95 65 204 -2.52573 -2.52573 -3.21888
-32.31084 -0.00869 0.51170 107 102 91 204 -2.52573 -2.52573 -3.21888
28.54338 -0.04685 -23.99022 57 104 63 204 -2.52573 -2.52573 -3.21888
27.59394 0.00510 -4.74832 107 102 91 204 -2.52573 -2.52573 -3.21888
-20.93622 0.05165 24.77565 59 106 57 204 -2.52573 -2.52573 -3.21888
9.77747 0.00266 -23.18874 58 108 58 204 -2.52573 -2.52573 -3.21888
8.04588 0.02367 13.32117 72 112 51 204 -2.52573 -2.52573 -3.21888
-21.63505 -0.00032 -17.39205 65 107 63 204 -2.52573 -2.52573 -3.21888
7.76467 -0.00912 -29.34173 75 118 62 204 -2.52573 -2.52573 -3.21888
5.11870 0.03930 17.54989 57 98 57 204 -2.52573 -2.52573 -3.21888
6.90790 -0.00332 -13.53306 70 101 52 204 -2.52573 -2.52573 -3.21888
-16.68340 -0.00132 -7.35352 73 107 63 204 -2.52573 -2.52573 -3.21888
26.25764 -0.00521 -2.71098 107 102 91 204 -2.52573 -2.52573 -3.21888
4.62711 0.02305 9.76770 68 99 57 204 -2.52573 -2.52573 -3.21888
31.34896 0.04293 -7.78814 61 104 62 204 -2.52573 -2.52573 -3.21888
-16.73762 0.04840 -29.95485 62 115 58 204 -2.52573 -2.52573 -3.21888
14.66675 -0.04643 23.89442 65 106 67 204 -2.52573 -2.52573 -3.21888
-3.29307 0.04254 9.87439 72 101 59 204 -2.52573 -2.52573 -3.21888
-7.83757 -0.01524 23.08390 64 117 51 204 -2.52573 -2.52573 -3.21888
25.49141 0.00846 27.66844 72 117 56 204 -2.52573 -2.52573 -3.21888
36.30302 0.05724 3.75138 107 102 91 204 -2.52573 -2.52573 -3.21888
-34.24226 0.01722 -9.65769 75 94 67 204 -2.52573 -2.52573 -3.21888
7.69165 -0.02378 9.70188 67 102 54 204 -2.52573 -2.52573 -3.21888
37.35687 -0.00400 -2.06846 107 102 91 204 -2.52573 -2.52573 -3.21888
17.79590 0.02045 16.30006 56 116 61 204 -2.52573 -2.52573 -3.21888
9.41824 0.01950 6.68515 107 102 91 204 -2.52573 -2.52573 -3.21888
-33.89917 -0.01249 -15.72606 60 113 56 204 -2.52573 -2.52573 -3.21888
8.34597 0.05251 28.69212 61 116 56 204 -2.52573 -2.52573 -3.21888
-14.28080 -0.01288 -28.84282 68 95 66 204 -2.52573 -2.52573 -3.21888
-7.33819 0.01311 -1.32145 107 102 91 204 -2.52573 -2.52573 -3.21888
24.05156 0.03573 13.84443 66 102 67 204 -2.52573 -2.52573 -3.21888
-17.22922 -0.00778 -27.75523 63 120 65 204 -2.52573 -2.52573 -3.21888
6.91354 -0.00189 -26.65358 64 104 51 204 -2.52573 -2.52573 -3.21888
20.48441 -0.00914 -15.16038 74 96 54 204 -2.52573 -2.52573 -3.21888
-7.99680 -0.01550 -2.09117 107 102 91 204 -2.52573 -2.52573 -3.21888
-11.96186 -0.00289 -13.95866 60 112 65 204 -2.52573 -2.52573 -3.21888
32.54276 0.06016 -22.22634 68 103 53 204 -2.52573 -2.52573 -3.21888
-34.76082 0.05980 -8.11004 58 98 51 204 -2.52573 -2.52573 -3.21888
-28.72051 -0.04151 27.89300 56 90 51 204 -2.52573 -2.52573 -3.21888
-26.92541 -0.00595 10.72634 73 92 52 204 -2.52573 -2.52573 -3.21888
32.26140 0.00210 10.80097 67 109 51 204 -2.52573 -2.52573 -3.21888
-19.27569 0.00894 10.48543 66 117 55 204 -2.52573 -2.52573 -3.21888
6.43888 0.00129 3.60706 107 102 91 204 -2.52573 -2.52573 -3.21888
-35.75718 -0.00279 -26.37833 67 110 64 204 -2.52573 -2.52573 -3.21888
34.32014 -0.00172 -9.90746 76 97 67 204 -2.52573 -2.52573 -3.21888
3.27959 -0.03002 -21.63040 66 98 55 204 -2.52573 -2.52573 -3.21888
-20.71591 0.00826 -2.59037 107 102 91 204 -2.52573 -2.52573 -3.21888
17.94192 0.00934 -13.43618 72 110 60 204 -2.52573 -2.52573 -3.21888
5.45985 0.03663 -4.39096 107 102 91 204 -2.52573 -2.52573 -3.21888
13.04028 -0.05309 -2.61140 107 102 91 204 -2.52573 -2.52573 -3.21888
4.50787 0.05086 24.46379 73 115 68 204 -2.52573 -2.52573 -3.21888
-25.03249 0.03957 27.03810 72 93 57 204 -2.52573 -2.52573 -3.21888
7.55380 0.01362 6.53520 107 102 91 204 -2.52573 -2.52573 -3.21888
7.98098 -0.02733 21.47533 56 94 58 204 -2.52573 -2.52573 -3.21888
-0.65570 0.01540 -28.87025 62 103 59 204 -2.52573 -2.52573 -3.21888
-23.66731 -0.04751 -22.07081 70 115 63 204 -2.52573 -2.52573 -3.21888
-5.83123 -0.05542 -11.35248 76 103 54 204 -2.52573 -2.52573 -3.21888
-3.63607 0.00226 21.17577 66 122 66 204 -2.52573 -2.52573 -3.21888
19.80331 0.03790 10.67884 68 113 52 204 -2.52573 -2.52573 -3.21888
-26.55006 -0.00578 -24.94548 65 120 59 204 -2.52573 -2.52573 -3.21888
-6.53714 0.02805 -19.69231 63 90 57 204 -2.52573 -2.52573 -3.21888
-34.14307 0.05872 4.33031 107 102 91 204 -2.52573 -2.52573 -3.21888
31.42405 -0.02137 12.50320 71 106 64 204 -2.52573 -2.52573 -3.21888
-23.58035 -0.02878 -13.40548 75 117 61 204 -2.52573 -2.52573 -3.21888
13.01885 0.04100 -24.31033 74 97 68 204 -2.52573 -2.52573 -3.21888
-32.22996 -0.00629 17.75387 74 109 67 204 -2.52573 -2.52573 -3.21888
-22.92878 -0.00649 -22.49429 69 98 68 204 -2.52573 -2.52573 -3.21888
35.32986 -0.02664 17.98323 64 120 57 204 -2.52573 -2.52573 -3.21888
20.04855 0.03150 13.71053 64 105 62 204 -2.52573 -2.52573 -3.21888
19.35125 -0.04127 -16.82163 71 101 62 204 -2.52573 -2.52573 -3.21888
16.91184 0.02593 -19.09458 59 105 67 204 -2.52573 -2.52573 -3.21888
18.23014 -0.04387 -5.39353 107 102 91 204 -2.52573 -2.52573 -3.21888
-2.69137 0.01055 13.35726 71 110 65 204 -2.52573 -2.52573 -3.21888
-18.21480 0.03981 24.23095 60 104 53 204 -2.52573 -2.52573 -3.21888
-29.47599 -0.00704 -21.84299 59 103 51 204 -2.52573 -2.52573 -3.21888
-23.23395 0.02849 14.59994 73 90 58 204 -2.52573 -2.52573 -3.21888
-3.26763 -0.03000 18.32297 70 95 53 204 -2.52573 -2.52573 -3.21888
-32.15806 0.02103 23.39184 69 96 61 204 -2.52573 -2.52573 -3.21888
36.48619 0.02153 1.66297 107 102 91 204 -2.52573 -2.52573 -3.21888
4.81864 -0.01092 18.23697 65 104 57 204 -2.52573 -2.52573 -3.21888
18.08835 -0.00496 -1.52126 107 102 91 204 -2.52573 -2.52573 -3.21888
15.01060 -0.01430 -25.93127 65 120 52 204 -2.52573 -2.52573 -3.21888
-28.75514 0.03615 13.18927 70 94 63 204 -2.52573 -2.52573 -3.21888
8.09636 0.05628 -27.52269 62 121 64 204 -2.52573 -2.52573 -3.21888
0.32451 0.00220 -29.68277 57 113 52 204 -2.52573 -2.52573 -3.21888
-19.20548 0.01479 -17.26926 65 93 58 204 -2.52573 -2.52573 -3.21888
-6.93100 0.01123 18.69123 56 116 53 204 -2.52573 -2.52573 -3.21888
24.82360 0.01388 10.89128 56 104 59 204 -2.52573 -2.52573 -3.21888
36.80722 -0.03533 25.12134 75 121 57 204 -2.52573 -2.52573 -3.21888
27.89015 -0.00858 -17.58252 56 92 56 204 -2.52573 -2.52573 -3.21888
-12.17952 -0.00748 -2.83379 107 102 91 204 -2.52573 -2.52573 -3.21888
-18.77322 0.07308 18.27306 70 120 55 204 -2.52573 -2.52573 -3.21888
20.03245 0.02531 -5.95449 107 102 91 204 -2.52573 -2.52573 -3.21888
16.69091 0.04270 -22.04463 75 108 52 204 -2.52573 -2.52573 -3.21888
-9.12365 -0.04971 25.10518 73 113 66 204 -2.52573 -2.52573 -3.21888
-19.90616 0.02878 5.19355 107 102 91 204 -2.52573 -2.52573 -3.21888
15.88235 0.02205 25.77560 69 102 60 204 -2.52573 -2.52573 -3.21888
19.66799 0.00713 28.79173 62 108 68 204 -2.52573 -2.52573 -3.21888
33.27896 0.03576 1.58579 107 102 91 204 -2.52573 -2.52573 -3.21888
22.09111 -0.01295 0.34206 107 102 91 204 -2.52573 -2.52573 -3.21888
-19.50707 0.06596 9.96474 65 119 63 204 -2.52573 -2.52573 -3.21888
-32.21221 0.01748 24.26900 65 91 56 204 -2.52573 -2.52573 -3.21888
28.33374 -0.07072 29.22566 71 91 52 204 -2.52573 -2.52573 -3.21888
32.67580 0.01526 20.05429 70 118 64 204 -2.52573 -2.52573 -3.21888
8.25376 -0.00135 9.12880 72 95 51 204 -2.52573 -2.52573 -3.21888
-18.92339 0.01495 26.03992 69 115 66 204 -2.52573 -2.52573 -3.21888
6.27011 -0.01763 -19.91413 70 103 55 204 -2.52573 -2.52573 -3.21888
-18.72493 -0.00707 12.22554 58 89 64 204 -2.52573 -2.52573 -3.21888
29.85102 0.00379 15.80338 74 118 51 204 -2.52573 -2.52573 -3.21888
36.12536 0.01627 -20.70959 73 122 66 204 -2.52573 -2.52573 -3.21888
18.35031 -0.06335 -11.60184 75 96 60 204 -2.52573 -2.52573 -3.21888
-0.96117 0.00815 -26.26930 65 92 62 204 -2.52573 -2.52573 -3.21888
-12.27240 0.02463 23.83907 67 95 65 204 -2.52573 -2.52573 -3.21888
-7.61080 0.01498 -13.05326 56 104 68 204 -2.52573 -2.52573 -3.21888
13.09743 -0.01807 -5.60563 107 102 91 204 -2.52573 -2.52573 -3.21888
3.95824 -0.01654 -10.04729 66 113 54 204 -2.52573 -2.52573 -3.21888
36.20911 -0.00393 10.97179 59 109 58 204 -2.52573 -2.52573 -3.21888
25.83108 0.00078 10.04092 71 98 61 204 -2.52573 -2.52573 -3.21888
-24.42201 0.02579 6.88065 107 102 91 204 -2.52573 -2.52573 -3.21888
-37.61668 -0.03597 -20.93090 75 95 53 204 -2.52573 -2.52573 -3.21888
-31.20911 0.00610 9.13190 71 115 66 204 -2.52573 -2.52573 -3.21888
17.71335 -0.01905 -4.78359 107 102 91 204 -2.52573 -2.52573 -3.21888
15.57501 -0.05182 -18.75917 63 116 57 204 -2.52573 -2.52573 -3.21888
-36.86859 -0.01369 15.56717 75 108 64 204 -2.52573 -2.52573 -3.21888
34.67390 0.03209 1.57753 107 102 91 204 -2.52573 -2.52573 -3.21888
-0.49318 -0.05062 -21.21636 57 119 55 204 -2.52573 -2.52573 -3.21888
16.80555 -0.08807 14.00317 69 89 64 204 -2.52573 -2.52573 -3.21888
-28.67943 0.05877 -15.58764 75 92 58 204 -2.52573 -2.52573 -3.21888
14.72702 -0.00176 -10.31404 70 98 63 204 -2.52573 -2.52573 -3.21888
29.16711 0.03407 -14.04217 64 99 61 204 -2.52573 -2.52573 -3.21888
-16.13034 0.02166 17.06509 69 122 59 204 -2.52573 -2.52573 -3.21888
-26.51337 -0.03041 22.45347 64 120 54 204 -2.52573 -2.52573 -3.21888
12.98975 -0.00655 -25.36227 76 106 65 204 -2.52573 -2.52573 -3.21888
25.03017 0.06442 5.82835 107 102 91 204 -2.52573 -2.52573 -3.21888
-17.07822 0.06642 28.01947 62 94 55 204 -2.52573 -2.52573 -3.21888
5.57870 -0.00265 -21.14324 58 120 65 204 -2.52573 -2.52573 -3.21888
-14.99497 -0.00652 2.63839 107 102 91 204 -2.52573 -2.52573 -3.21888
-7.42140 -0.04433 6.55205 107 102 91 204 -2.52573 -2.52573 -3.21888
-36.10131 0.06224 -4.80953 107 102 91 204 -2.52573 -2.52573 -3.21888
-4.49659 0.01133 6.07594 107 102 91 204 -2.52573 -2.52573 -3.21888
-12.89606 0.01129 24.16017 73 116 51 204 -2.52573 -2.52573 -3.21888
-5.41583 -0.03235 -4.52757 107 102 91 204 -2.52573 -2.52573 -3.21888
-13.19749 0.01044 2.96192 107 102 91 204 -2.52573 -2.52573 -3.21888
-31.50904 -0.07220 -7.96767 75 102 51 204 -2.52573 -2.52573 -3.21888
-31.99618 -0.03717 6.83778 107 102 91 204 -2.52573 -2.52573 -3.21888
27.21150 -0.03712 -26.24409 76 98 65 204 -2.52573 -2.52573 -3.21888
-12.34098 0.05840 -16.01559 76 121 65 204 -2.52573 -2.52573 -3.21888
24.60567 0.00550 8.97174 75 111 61 204 -2.52573 -2.52573 -3.21888
-11.62907 0.03579 27.89906 66 121 53 204 -2.52573 -2.52573 -3.21888
28.68445 0.01991 -28.78529 69 108 57 204 -2.52573 -2.52573 -3.21888
28.57260 -0.00365 -11.23688 64 93 52 204 -2.52573 -2.52573 -3.21888
-23.15963 -0.04330 10.86687 59 93 67 204 -2.52573 -2.52573 -3.21888
7.25501 0.04133 -10.91075 63 101 66 204 -2.52573 -2.52573 -3.21888
-36.12502 0.00222 -3.61577 107 102 91 204 -2.52573 -2.52573 -3.21888
-7.51533 0.03862 27.94832 57 98 57 204 -2.52573 -2.52573 -3.21888
-34.03211 -0.02407 6.57522 107 102 91 204 -2.52573 -2.52573 -3.21888
-21.55539 0.05624 11.41242 67 98 51 204 -2.52573 -2.52573 -3.21888
-28.81830 -0.03154 -5.02430 107 102 91 204 -2.52573 -2.52573 -3.21888
6.12445 -0.00341 -3.97767 107 102 91 204 -2.52573 -2.52573 -3.21888
-25.38840 -0.03590 1.96723 107 102 91 204 -2.52573 -2.52573 -3.21888
14.96920 -0.04293 28.48523 61 98 51 204 -2.52573 -2.52573 -3.21888
-9.62585 0.05435 -29.63275 74 92 57 204 -2.52573 -2.52573 -3.21888
16.15040 -0.05275 -0.34224 107 102 91 204 -2.52573 -2.52573 -3.21888
9.17209 0.03728 -15.56187 66 93 64 204 -2.52573 -2.52573 -3.21888
21.66870 -0.01491 -29.75702 60 117 60 204 -2.52573 -2.52573 -3.21888
19.16728 -0.09028 23.54426 76 107 67 204 -2.52573 -2.52573 -3.21888
-15.55853 -0.01398 -28.61666 58 113 65 204 -2.52573 -2.52573 -3.21888
26.29315 -0.03781 -9.44611 58 121 61 204 -2.52573 -2.52573 -3.21888
-36.07375 -0.01430 -28.50428 72 109 51 204 -2.52573 -2.52573 -3.21888
32.95881 -0.04553 -22.62490 67 107 59 204 -2.52573 -2.52573 -3.21888
-28.50029 0.09672 29.29594 74 96 67 204 -2.52573 -2.52573 -3.21888
0.42577 -0.01242 8.84427 61 116 52 204 -2.52573 -2.52573 -3.21888
-27.60442 -0.00647 -12.02327 63 94 64 204 -2.52573 -2.52573 -3.21888
-15.77332 0.02927 -18.19936 59 112 58 204 -2.52573 -2.52573 -3.21888
-8.19585 0.01891 18.87380 75 121 61 204 -2.52573 -2.52573 -3.21888
0.99051 0.03545 17.66522 59 119 65 204 -2.52573 -2.52573 -3.21888
-22.71916 -0.02340 1.72290 107 102 91 204 -2.52573 -2.52573 -3.21888
3.94249 0.04896 -28.51264 69 91 54 204 -2.52573 -2.52573 -3.21888
28.72224 0.02146 -12.25442 73 118 60 204 -2.52573 -2.52573 -3.21888
-32.03957 0.01287 -16.96913 62 105 53 204 -2.52573 -2.52573 -3.21888
-17.18746 0.06154 -26.49603 72 92 51 204 -2.52573 -2.52573 -3.21888
-0.70169 0.04754 22.95581 63 104 66 204 -2.52573 -2.52573 -3.21888
-2.94817 0.01245 -14.79564 62 94 55 204 -2.52573 -2.52573 -3.21888
-31.43384 -0.03706 -1.71848 107 102 91 204 -2.52573 -2.52573 -3.21888
30.65680 -0.03152 -25.72167 58 113 66 204 -2.52573 -2.52573 -3.21888
-28.57557 0.00503 -23.54194 64 113 58 204 -2.52573 -2.52573 -3.21888
-0.93236 -0.02441 -17.84256 64 122 62 204 -2.52573 -2.52573 -3.21888
-33.15388 -0.02202 17.40050 75 100 64 204 -2.52573 -2.52573 -3.21888
-10.80687 0.05774 25.59544 71 100 67 204 -2.52573 -2.52573 -3.21888
-18.41047 0.03291 22.20059 56 103 65 204 -2.52573 -2.52573 -3.21888
13.71956 0.03457 -9.95711 69 91 65 204 -2.52573 -2.52573 -3.21888
-23.72962 0.02302 -8.69596 71 119 59 204 -2.52573 -2.52573 -3.21888
-18.84204 -0.06116 -28.17013 71 101 67 204 -2.52573 -2.52573 -3.21888
-27.75703 -0.01319 -24.37062 70 111 55 204 -2.52573 -2.52573 -3.21888
-30.47360 0.02531 8.84569 67 96 51 204 -2.52573 -2.52573 -3.21888
-8.55942 -0.04705 25.47573 65 112 66 204 -2.52573 -2.52573 -3.21888
11.46436 -0.03787 -6.64493 107 102 91 204 -2.52573 -2.52573 -3.21888
-6.69098 -0.00231 7.70648 60 115 64 204 -2.52573 -2.52573 -3.21888
-2.22667 -0.06361 20.48007 57 115 57 204 -2.52573 -2.52573 -3.21888
-28.18671 -0.04585 -23.41249 56 99 59 204 -2.52573 -2.52573 -3.21888
-26.90686 -0.00502 -7.05186 57 115 58 204 -2.52573 -2.52573 -3.21888
6.38044 -0.00997 12.68069 75 120 57 204 -2.52573 -2.52573 -3.21888
22.27043 0.00491 21.49088 72 111 56 204 -2.52573 -2.52573 -3.21888
12.75781 -0.00697 -29.52641 65 93 63 204 -2.52573 -2.52573 -3.21888
28.15757 -0.00523 -24.77568 65 99 64 204 -2.52573 -2.52573 -3.21888
2.61850 -0.06185 -16.27535 65 106 64 204 -2.52573 -2.52573 -3.21888
12.76574 0.00346 3.84498 107 102 91 204 -2.52573 -2.52573 -3.21888
23.24594 -0.02702 -19.33596 60 109 64 204 -2.52573 -2.52573 -3.21888
20.22751 -0.00316 20.23767 76 115 57 204 -2.52573 -2.52573 -3.21888
-27.56846 0.03489 11.89366 62 96 57 204 -2.52573 -2.52573 -3.21888
31.46030 0.06905 12.29618 69 110 51 204 -2.52573 -2.52573 -3.21888
27.75775 0.00162 -10.81119 59 118 61 204 -2.52573 -2.52573 -3.21888
35.50484 0.04812 -5.21614 107 102 91 204 -2.52573 -2.52573 -3.21888
-18.06174 0.05419 7.84344 57 115 68 204 -2.52573 -2.52573 -3.21888
17.54079 -0.01606 -16.42841 69 107 65 204 -2.52573 -2.52573 -3.21888
1.09161 -0.00299 9.55985 71 118 56 204 -2.52573 -2.52573 -3.21888
-21.77596 -0.01731 13.90744 64 101 61 204 -2.52573 -2.52573 -3.21888
-23.87342 0.00887 8.90473 74 115 68 204 -2.52573 -2.52573 -3.21888
-6.65650 0.05696 -16.69378 69 99 60 204 -2.52573 -2.52573 -3.21888
15.30715 0.06202 -9.84051 57 113 68 204 -2.52573 -2.52573 -3.21888
7.29623 0.02961 -29.44794 76 99 61 204 -2.52573 -2.52573 -3.21888
11.14726 -0.05629 5.04314 107 102 91 204 -2.52573 -2.52573 -3.21888
4.35618 -0.02722 28.37556 61 110 52 204 -2.52573 -2.52573 -3.21888
37.57203 -0.01683 -8.44166 63 114 54 204 -2.52573 -2.52573 -3.21888
6.23851 -0.04279 -27.10147 75 118 52 204 -2.52573 -2.52573 -3.21888
34.66073 0.03275 28.51407 56 103 64 204 -2.52573 -2.52573 -3.21888
-13.39966 0.00796 6.86715 107 102 91 204 -2.52573 -2.52573 -3.21888
-31.03674 0.00383 -3.08791 107 102 91 204 -2.52573 -2.52573 -3.21888
-18.41254 0.00408 2.61461 107 102 91 204 -2.52573 -2.52573 -3.21888
23.36204 -0.00784 9.01907 68 109 68 204 -2.52573 -2.52573 -3.21888
-28.10700 -0.00484 -10.83634 57 93 61 204 -2.52573 -2.52573 -3.21888
8.42403 0.04108 1.80685 107 102 91 204 -2.52573 -2.52573 -3.21888
-12.80663 -0.00392 -0.66219 107 102 91 204 -2.52573 -2.52573 -3.21888
21.67960 0.01449 18.76405 70 114 56 204 -2.52573 -2.52573 -3.21888
-19.41275 0.00446 -17.02275 65 116 68 204 -2.52573 -2.52573 -3.21888
4.31463 -0.02702 23.77110 75 111 51 204 -2.52573 -2.52573 -3.21888
15.43238 0.01295 -9.93943 70 117 64 204 -2.52573 -2.52573 -3.21888
14.91366 0.04735 21.41046 72 95 68 204 -2.52573 -2.52573 -3.21888
19.59721 -0.04685 10.13296 69 115 67 204 -2.52573 -2.52573 -3.21888
4.60317 -0.05436 -0.00943 107 102 91 204 -2.52573 -2.52573 -3.21888
-18.49552 -0.03530 -17.43117 75 96 56 204 -2.52573 -2.52573 -3.21888
-7.96974 -0.01605 -18.91972 67 102 60 204 -2.52573 -2.52573 -3.21888
17.75511 -0.04581 -17.05300 70 96 60 204 -2.52573 -2.52573 -3.21888
-31.60663 0.00925 8.79290 56 94 63 204 -2.52573 -2.52573 -3.21888
-26.18872 -0.00432 8.40766 64 98 59 204 -2.52573 -2.52573 -3.21888
-13.79675 -0.01219 3.09530 107 102 91 204 -2.52573 -2.52573 -3.21888
-15.80339 -0.04549 28.48139 68 104 65 204 -2.52573 -2.52573 -3.21888
22.80132 -0.02232 6.14442 107 102 91 204 -2.52573 -2.52573 -3.21888
-30.37728 0.03860 -29.33048 73 100 65 204 -2.52573 -2.52573 -3.21888
33.40404 0.03718 17.46207 66 89 53 204 -2.52573 -2.52573 -3.21888
17.60852 0.00336 28.07249 58 99 56 204 -2.52573 -2.52573 -3.21888
-28.69246 0.01302 8.18418 72 90 54 204 -2.52573 -2.52573 -3.21888
31.58277 -0.00969 -10.25203 70 119 55 204 -2.52573 -2.52573 -3.21888
-7.63857 0.00391 -10.13004 61 116 59 204 -2.52573 -2.52573 -3.21888
24.44045 0.02358 16.90730 69 117 63 204 -2.52573 -2.52573 -3.21888
16.86187 0.03852 4.98631 107 102 91 204 -2.52573 -2.52573 -3.21888
-21.09932 -0.04439 -4.13522 107 102 91 204 -2.52573 -2.52573 -3.21888
-28.26942 0.02894 21.92122 72 120 56 204 -2.52573 -2.52573 -3.21888
32.74525 0.01249 25.94794 64 104 67 204 -2.52573 -2.52573 -3.21888
-11.73123 -0.02252 -3.65370 107 102 91 204 -2.52573 -2.52573 -3.21888
34.18977 0.03230 8.97256 71 103 53 204 -2.52573 -2.52573 -3.21888
-29.98802 0.03956 -4.81702 107 102 91 204 -2.52573 -2.52573 -3.21888
11.98805 -0.05575 -27.60649 64 112 64 204 -2.52573 -2.52573 -3.21888
-15.66849 -0.02500 -1.61369 107 102 91 204 -2.52573 -2.52573 -3.21888
-23.31262 0.04459 -24.36714 57 121 62 204 -2.52573 -2.52573 -3.21888
-12.02505 -0.01022 6.96253 107 102 91 204 -2.52573 -2.52573 -3.21888
-35.64055 0.00117 16.31063 75 110 58 204 -2.52573 -2.52573 -3.21888
-28.81137 0.03688 -12.89676 67 91 66 204 -2.52573 -2.52573 -3.21888
19.56895 0.00589 29.12230 67 121 66 204 -2.52573 -2.52573 -3.21888
-16.30414 0.03410 -23.50929 66 92 67 204 -2.52573 -2.52573 -3.21888
36.89672 -0.02938 7.38301 57 112 66 204 -2.52573 -2.52573 -3.21888
-14.30816 0.04404 17.75968 59 107 53 204 -2.52573 -2.52573 -3.21888
-28.91924 -0.01504 13.81605 57 117 54 204 -2.52573 -2.52573 -3.21888
-10.84168 -0.00630 4.80609 107 102 91 204 -2.52573 -2.52573 -3.21888
-14.60704 0.02804 -28.45726 56 119 66 204 -2.52573 -2.52573 -3.21888
24.98627 0.04781 16.31222 76 107 60 204 -2.52573 -2.52573 -3.21888
-19.41689 -0.01778 25.02340 66 113 52 204 -2.52573 -2.52573 -3.21888
11.26503 -0.01032 -6.61373 107 102 91 204 -2.52573 -2.52573 -3.21888
35.87554 -0.00486 -21.31418 70 108 56 204 -2.52573 -2.52573 -3.21888
27.87023 -0.00174 20.62912 62 100 63 204 -2.52573 -2.52573 -3.21888
29.00693 0.01834 1.21159 107 102 91 204 -2.52573 -2.52573 -3.21888
21.45906 -0.10651 -21.82896 64 101 55 204 -2.52573 -2.52573 -3.21888
3.69477 -0.00087 -11.28945 57 117 59 204 -2.52573 -2.52573 -3.21888
-8.67491 0.03009 -29.55136 66 89 62 204 -2.52573 -2.52573 -3.21888
-32.75231 -0.03598 21.66171 70 98 66 204 -2.52573 -2.52573 -3.21888
36.44574 -0.08800 -13.12180 71 118 66 204 -2.52573 -2.52573 -3.21888
3.22478 0.02814 -23.50677 58 94 55 204 -2.52573 -2.52573 -3.21888
8.29642 -0.01228 -25.57311 66 104 53 204 -2.52573 -2.52573 -3.21888
-11.14628 0.01147 13.52939 75 117 58 204 -2.52573 -2.52573 -3.21888
-30.55825 0.00686 21.50274 75 92 63 204 -2.52573 -2.52573 -3.21888
-6.96161 0.03718 9.16300 66 92 60 204 -2.52573 -2.52573 -3.21888
-17.83975 -0.04553 23.43223 69 114 51 204 -2.52573 -2.52573 -3.21888
36.76906 0.08082 18.18738 75 110 53 204 -2.52573 -2.52573 -3.21888
-35.89971 -0.02488 25.50291 65 90 51 204 -2.52573 -2.52573 -3.21888
22.30688 -0.04743 16.91965 68 109 66 204 -2.52573 -2.52573 -3.21888
-35.79674 0.01626 13.88853 68 116 67 204 -2.52573 -2.52573 -3.21888
-11.42625 -0.01002 26.34535 64 117 62 204 -2.52573 -2.52573 -3.21888
-5.24059 -0.08087 17.04588 76 114 52 204 -2.52573 -2.52573 -3.21888
-36.64857 -0.01192 18.18179 64 113 53 204 -2.52573 -2.52573 -3.21888
-11.52561 -0.02059 -23.47028 72 113 67 204 -2.52573 -2.52573 -3.21888
19.50137 -0.02409 -4.82983 107 102 91 204 -2.52573 -2.52573 -3.21888
5.89414 0.06964 -2.48263 107 102 91 204 -2.52573 -2.52573 -3.21888
-1.09016 -0.04730 24.44723 64 91 53 204 -2.52573 -2.52573 -3.21888
6.29510 -0.00576 -13.18672 69 95 53 204 -2.52573 -2.52573 -3.21888
-32.68995 0.02700 5.64531 107 102 91 204 -2.52573 -2.52573 -3.21888
-1.49680 0.03773 17.85715 75 98 62 204 -2.52573 -2.52573 -3.21888
-34.06459 0.02729 27.31293 56 107 61 204 -2.52573 -2.52573 -3.21888
-23.92728 0.03955 -2.26488 107 102 91 204 -2.52573 -2.52573 -3.21888
3.64727 0.01364 10.34702 58 113 61 204 -2.52573 -2.52573 -3.21888
-9.33745 0.01007 7.81304 72 121 57 204 -2.52573 -2.52573 -3.21888
-30.34325 -0.01894 3.66584 107 102 91 204 -2.52573 -2.52573 -3.21888
5.31730 0.01668 -6.45081 107 102 91 204 -2.52573 -2.52573 -3.21888
-20.52611 0.01081 -16.33873 70 116 65 204 -2.52573 -2.52573 -3.21888
-20.59768 0.01180 -3.39171 107 102 91 204 -2.52573 -2.52573 -3.21888
36.25398 -0.03381 16.40777 68 103 60 204 -2.52573 -2.52573 -3.21888
5.41146 0.04469 18.83837 62 92 58 204 -2.52573 -2.52573 -3.21888
3.04954 -0.00355 24.72597 71 99 52 204 -2.52573 -2.52573 -3.21888
12.04389 -0.01153 -19.01887 57 107 62 204 -2.52573 -2.52573 -3.21888
-19.38960 -0.00135 23.24042 75 95 56 204 -2.52573 -2.52573 -3.21888
25.74969 -0.02926 -11.33831 74 108 65 204 -2.52573 -2.52573 -3.21888
-21.00765 -0.03583 24.44472 70 112 61 204 -2.52573 -2.52573 -3.21888
-9.42180 0.02251 -10.52823 58 111 53 204 -2.52573 -2.52573 -3.21888
16.98228 -0.01573 1.36264 107 102 91 204 -2.52573 -2.52573 -3.21888
-28.37529 -0.00063 -15.18390 56 122 63 204 -2.52573 -2.52573 -3.21888
17.95542 0.04115 -4.39009 107 102 91 204 -2.52573 -2.52573 -3.21888
-1.64557 0.01886 -22.22743 70 118 53 204 -2.52573 -2.52573 -3.21888
4.70752 -0.02870 25.17720 56 112 55 204 -2.52573 -2.52573 -3.21888
-2.45927 -0.02337 4.27526 107 102 91 204 -2.52573 -2.52573 -3.21888
-27.62638 0.02615 -21.42651 58 105 61 204 -2.52573 -2.52573 -3.21888
-10.75452 0.06003 -21.44475 63 94 66 204 -2.52573 -2.52573 -3.21888
11.74971 0.04399 -12.71106 62 120 64 204 -2.52573 -2.52573 -3.21888
-16.95991 -0.04795 10.96849 76 105 63 204 -2.52573 -2.52573 -3.21888
10.93118 -0.00730 -0.04774 107 102 91 204 -2.52573 -2.52573 -3.21888
24.33889 -0.00894 -15.60030 71 121 55 204 -2.52573 -2.52573 -3.21888
3.94648 0.03859 1.29817 107 102 91 204 -2.52573 -2.52573 -3.21888
29.99266 0.03108 -23.71786 69 118 52 204 -2.52573 -2.52573 -3.21888
15.24250 0.02803 22.19729 65 95 52 204 -2.52573 -2.52573 -3.21888
-11.93341 0.07013 -29.60169 61 99 66 204 -2.52573 -2.52573 -3.21888
-26.64230 -0.00137 -13.16367 58 98 63 204 -2.52573 -2.52573 -3.21888
-6.75248 0.00317 10.89014 57 104 58 204 -2.52573 -2.52573 -3.21888
22.40997 0.03350 -18.80822 57 96 68 204 -2.52573 -2.52573 -3.21888
21.45593 -0.00983 -4.77064 107 102 91 204 -2.52573 -2.52573 -3.21888
27.49532 0.01364 -10.36591 58 89 57 204 -2.52573 -2.52573 -3.21888
-21.22614 0.00025 28.67821 72 112 68 204 -2.52573 -2.52573 -3.21888
10.29007 -0.00982 -18.71189 72 95 61 204 -2.52573 -2.52573 -3.21888
-2.48215 0.04732 -6.45875 107 102 91 204 -2.52573 -2.52573 -3.21888
-4.18518 0.00805 -25.33761 72 108 53 204 -2.52573 -2.52573 -3.21888
-22.96228 0.04226 6.22480 107 102 91 204 -2.52573 -2.52573 -3.21888
-37.05472 -0.11456 26.96568 60 113 52 204 -2.52573 -2.52573 -3.21888
2.02673 -0.02256 24.33177 73 110 66 204 -2.52573 -2.52573 -3.21888
18.01333 0.00546 -25.21654 69 90 51 204 -2.52573 -2.52573 -3.21888
-1.74707 0.02177 22.61052 75 90 65 204 -2.52573 -2.52573 -3.21888
-21.49439 0.03324 22.83547 68 101 55 204 -2.52573 -2.52573 -3.21888
-33.01488 -0.01995 8.76612 63 90 58 204 -2.52573 -2.52573 -3.21888
-16.65464 -0.02123 24.63356 64 91 57 204 -2.52573 -2.52573 -3.21888
-28.21895 -0.05476 16.33809 58 117 51 204 -2.52573 -2.52573 -3.21888
35.16836 -0.07287 7.72586 58 90 55 204 -2.52573 -2.52573 -3.21888
-36.35648 0.01120 -17.77845 65 121 54 204 -2.52573 -2.52573 -3.21888
-3.50276 -0.03466 11.49954 66 119 63 204 -2.52573 -2.52573 -3.21888
12.25133 0.00253 -28.35200 71 98 63 204 -2.52573 -2.52573 -3.21888
-24.55617 -0.04612 19.06839 72 121 60 204 -2.52573 -2.52573 -3.21888
-2.56080 -0.03514 -3.68051 107 102 91 204 -2.52573 -2.52573 -3.21888
-16.82372 0.02056 -14.98153 62 91 66 204 -2.52573 -2.52573 -3.21888
-36.08529 -0.01842 -22.49019 60 102 59 204 -2.52573 -2.52573 -3.21888
16.08290 0.07375 18.29200 74 95 60 204 -2.52573 -2.52573 -3.21888
36.24719 -0.00045 -22.73289 61 109 58 204 -2.52573 -2.52573 -3.21888
-15.27451 0.01244 -26.07135 64 122 62 204 -2.52573 -2.52573 -3.21888
24.12539 0.01503 12.36200 68 90 64 204 -2.52573 -2.52573 -3.21888
36.55007 0.02387 17.65807 57 116 67 204 -2.52573 -2.52573 -3.21888
0.22715 -0.04983 -12.52541 58 119 53 204 -2.52573 -2.52573 -3.21888
-7.17275 -0.09795 -27.64146 69 95 65 204 -2.52573 -2.52573 -3.21888
-9.21218 -0.02360 -14.25906 60 108 57 204 -2.52573 -2.52573 -3.21888
26.23862 0.01001 19.10637 66 105 52 204 -2.52573 -2.52573 -3.21888
-3.04772 -0.01394 8.68179 76 120 60 204 -2.52573 -2.52573 -3.21888
17.13610 0.01203 -23.96839 61 97 62 204 -2.52573 -2.52573 -3.21888
12.35336 -0.05130 -22.65345 75 104 51 204 -2.52573 -2.52573 -3.21888
-1.23794 -0.01937 22.95729 72 107 64 204 -2.52573 -2.52573 -3.21888
-9.74110 0.01379 -22.19740 62 117 55 204 -2.52573 -2.52573 -3.21888
20.03680 0.03801 16.36824 66 97 68 204 -2.52573 -2.52573 -3.21888
7.29692 0.01573 -7.56503 70 111 59 204 -2.52573 -2.52573 -3.21888
19.07585 -0.00098 -15.12296 75 91 56 204 -2.52573 -2.52573 -3.21888
-24.28844 0.02207 -0.99822 107 102 91 204 -2.52573 -2.52573 -3.21888
-5.47810 0.03356 -27.18832 66 93 62 204 -2.52573 -2.52573 -3.21888
-5.71884 0.04371 -6.71398 107 102 91 204 -2.52573 -2.52573 -3.21888
-11.81731 -0.01535 -12.57912 70 119 60 204 -2.52573 -2.52573 -3.21888
10.78045 -0.03819 -10.21709 74 97 58 204 -2.52573 -2.52573 -3.21888
-28.76231 -0.01178 23.25470 69 90 63 204 -2.52573 -2.52573 -3.21888
-28.20378 -0.00816 -1.59501 107 102 91 204 -2.52573 -2.52573 -3.21888
14.77872 -0.00069 -14.26881 75 95 66 204 -2.52573 -2.52573 -3.21888
-33.74681 -0.00663 27.44740 58 106 64 204 -2.52573 -2.52573 -3.21888
-33.12134 0.01519 -9.00601 66 117 51 204 -2.52573 -2.52573 -3.21888
-24.17524 -0.06411 -5.77589 107 102 91 204 -2.52573 -2.52573 -3.21888
24.40805 0.00785 26.42151 65 96 67 204 -2.52573 -2.52573 -3.21888
28.21055 -0.02236 -16.26192 63 108 58 204 -2.52573 -2.52573 -3.21888
4.46511 0.04839 25.82745 70 109 66 204 -2.52573 -2.52573 -3.21888
-10.71011 -0.04737 25.50573 73 113 63 204 -2.52573 -2.52573 -3.21888
5.88938 0.00799 -5.37326 107 102 91 204 -2.52573 -2.52573 -3.21888
27.94856 -0.00918 -9.45359 68 121 67 204 -2.52573 -2.52573 -3.21888
-37.25110 -0.00184 8.72809 59 107 66 204 -2.52573 -2.52573 -3.21888
29.27205 -0.01428 17.35091 59 99 59 204 -2.52573 -2.52573 -3.21888
-4.15723 -0.06857 -13.64044 72 121 60 204 -2.52573 -2.52573 -3.21888
-2.85310 -0.01158 15.24887 62 116 68 204 -2.52573 -2.52573 -3.21888
0.94213 0.10048 -22.15887 65 97 55 204 -2.52573 -2.52573 -3.21888
-11.11293 0.01167 7.76365 68 111 53 204 -2.52573 -2.52573 -3.21888
33.11131 -0.00851 27.11338 68 100 57 204 -2.52573 -2.52573 -3.21888
4.35549 0.01598 -21.02559 68 111 58 204 -2.52573 -2.52573 -3.21888
36.30640 0.02936 0.86219 107 102 91 204 -2.52573 -2.52573 -3.21888
28.44558 0.01694 18.07261 76 116 62 204 -2.52573 -2.52573 -3.21888
30.71502 0.04608 15.42400 56 102 56 204 -2.52573 -2.52573 -3.21888
-10.40255 -0.01144 12.19038 56 89 60 204 -2.52573 -2.52573 -3.21888
22.69107 0.05573 -20.10408 62 107 58 204 -2.52573 -2.52573 -3.21888
16.13740 -0.01842 -0.01749 107 102 91 204 -2.52573 -2.52573 -3.21888
21.76370 -0.00033 24.11398 67 96 65 204 -2.52573 -2.52573 -3.21888
21.72767 -0.07324 -22.93033 67 118 65 204 -2.52573 -2.52573 -3.21888
-16.64176 0.04371 5.50487 107 102 91 204 -2.52573 -2.52573 -3.21888
-2.81135 0.00781 -14.52991 64 91 58 204 -2.52573 -2.52573 -3.21888
29.41095 0.02811 27.40582 73 97 61 204 -2.52573 -2.52573 -3.21888
-29.82838 -0.09778 15.05787 63 104 64 204 -2.52573 -2.52573 -3.21888
37.56695 0.01278 5.37560 107 102 91 204 -2.52573 -2.52573 -3.21888
-32.25173 0.02010 -2.10086 107 102 91 204 -2.52573 -2.52573 -3.21888
-22.65222 0.04438 -19.04619 68 103 51 204 -2.52573 -2.52573 -3.21888
4.08040 -0.02445 -9.07345 61 119 67 204 -2.52573 -2.52573 -3.21888
-24.72907 -0.02865 -3.57061 107 102 91 204 -2.52573 -2.52573 -3.21888
24.14194 -0.03444 -1.84826 107 102 91 204 -2.52573 -2.52573 -3.21888
-9.35869 -0.03938 1.74614 107 102 91 204 -2.52573 -2.52573 -3.21888
10.89209 0.04997 10.04325 71 117 56 204 -2.52573 -2.52573 -3.21888
11.71167 -0.01820 16.27860 64 97 64 204 -2.52573 -2.52573 -3.21888
12.31657 0.03539 29.21112 71 109 53 204 -2.52573 -2.52573 -3.21888
-20.55253 0.00325 13.94256 58 112 62 204 -2.52573 -2.52573 -3.21888
-25.58977 -0.04147 13.36875 71 107 60 204 -2.52573 -2.52573 -3.21888
-22.54134 0.01121 28.83473 69 107 51 204 -2.52573 -2.52573 -3.21888
-3.66904 0.05257 23.73903 62 105 59 204 -2.52573 -2.52573 -3.21888
-36.62685 0.01605 -14.98173 61 120 67 204 -2.52573 -2.52573 -3.21888
-16.24010 -0.02739 17.09112 75 96 66 204 -2.52573 -2.52573 -3.21888
-0.96932 -0.00474 -17.70333 68 114 62 204 -2.52573 -2.52573 -3.21888
37.76026 0.03797 21.89985 60 119 55 204 -2.52573 -2.52573 -3.21888
15.18289 0.02001 20.31885 61 111 51 204 -2.52573 -2.52573 -3.21888
-9.13547 0.03462 1.18196 107 102 91 204 -2.52573 -2.52573 -3.21888
36.32432 0.06609 27.52608 60 117 65 204 -2.52573 -2.52573 -3.21888
-5.31420 -0.07144 -24.73037 69 92 67 204 -2.52573 -2.52573 -3.21888
27.66235 0.01173 -12.70366 74 90 65 204 -2.52573 -2.52573 -3.21888
5.79332 -0.02225 -23.26107 60 103 57 204 -2.52573 -2.52573 -3.21888
18.23201 0.03119 0.49498 107 102 91 204 -2.52573 -2.52573 -3.21888
9.44479 -0.03693 -5.16747 107 102 91 204 -2.52573 -2.52573 -3.21888
-10.82255 0.08009 4.35963 107 102 91 204 -2.52573 -2.52573 -3.21888
-18.12539 -0.02001 -26.77095 74 95 61 204 -2.52573 -2.52573 -3.21888
8.69111 0.00098 20.44259 65 112 61 204 -2.52573 -2.52573 -3.21888
-23.47995 0.02242 -10.77943 64 91 63 204 -2.52573 -2.52573 -3.21888
-27.00554 -0.01583 27.46346 63 110 62 204 -2.52573 -2.52573 -3.21888
25.08827 -0.01845 3.45409 107 102 91 204 -2.52573 -2.52573 -3.21888
32.69112 -0.05302 -8.84741 57 104 64 204 -2.52573 -2.52573 -3.21888
6.44019 -0.01025 21.55241 71 112 66 204 -2.52573 -2.52573 -3.21888
22.31509 -0.06142 -27.64431 68 90 60 204 -2.52573 -2.52573 -3.21888
12.17883 0.01440 -3.45382 107 102 91 204 -2.52573 -2.52573 -3.21888
14.06520 0.05860 24.85198 75 114 51 204 -2.52573 -2.52573 -3.21888
-11.21281 0.02347 29.66640 76 101 54 204 -2.52573 -2.52573 -3.21888
-7.36539 0.00160 18.68833 70 91 65 204 -2.52573 -2.52573 -3.21888
-9.75877 -0.02036 -8.39301 68 120 53 204 -2.52573 -2.52573 -3.21888
1.91152 0.04649 4.84233 107 102 91 204 -2.52573 -2.52573 -3.21888
3.55662 0.00120 -20.79206 62 103 54 204 -2.52573 -2.52573 -3.21888
-33.13505 0.03053 -25.24577 58 98 62 204 -2.52573 -2.52573 -3.21888
28.54723 0.03728 -24.56727 58 96 51 204 -2.52573 -2.52573 -3.21888
5.76601 -0.04263 -16.67161 59 98 66 204 -2.52573 -2.52573 -3.21888
8.33449 -0.00616 19.28996 74 113 64 204 -2.52573 -2.52573 -3.21888
-13.19350 0.06099 -26.52006 74 95 62 204 -2.52573 -2.52573 -3.21888
-16.84334 -0.00190 24.08233 58 102 53 204 -2.52573 -2.52573 -3.21888
-34.98195 -0.07442 -19.71416 59 112 64 204 -2.52573 -2.52573 -3.21888
-5.10258 -0.01058 19.43849 60 94 68 204 -2.52573 -2.52573 -3.21888
26.26561 0.04491 -5.12308 107 102 91 204 -2.52573 -2.52573 -3.21888
-21.52817 0.02918 -23.06325 68 95 68 204 -2.52573 -2.52573 -3.21888
34.77019 -0.03392 -6.31836 107 102 91 204 -2.52573 -2.52573 -3.21888
32.83814 0.01547 -28.01504 58 100 53 204 -2.52573 -2.52573 -3.21888
21.93342 -0.05711 20.22637 61 102 67 204 -2.52573 -2.52573 -3.21888
28.49792 -0.02431 -7.25100 63 101 67 204 -2.52573 -2.52573 -3.21888
11.10014 0.00012 22.95988 72 108 62 204 -2.52573 -2.52573 -3.21888
-17.10159 -0.01241 -12.50222 63 120 59 204 -2.52573 -2.52573 -3.21888
3.04252 0.06865 -7.28189 63 102 64 204 -2.52573 -2.52573 -3.21888
-24.60138 -0.07924 -20.08098 61 117 63 204 -2.52573 -2.52573 -3.21888
-10.05479 -0.00279 27.50138 69 98 53 204 -2.52573 -2.52573 -3.21888
19.11673 -0.02653 -13.93824 73 107 60 204 -2.52573 -2.52573 -3.21888
-7.75740 0.02282 5.75530 107 102 91 204 -2.52573 -2.52573 -3.21888
-30.65492 -0.00131 -10.87077 60 109 65 204 -2.52573 -2.52573 -3.21888
11.55585 -0.01599 -24.17111 56 104 53 204 -2.52573 -2.52573 -3.21888
-35.87388 0.02011 23.18756 76 101 66 204 -2.52573 -2.52573 -3.21888
-35.28629 -0.00191 9.45906 74 121 52 204 -2.52573 -2.52573 -3.21888
-35.60000 4.82959 -16.89938 125 78 55 224 -2.20727 -2.20727 -2.52573
-29.96615 4.28239 -10.75000 134 88 57 224 -2.20727 -2.20727 -2.52573
-35.60000 1.50673 -18.79200 128 81 51 224 -2.20727 -2.20727 -2.52573
-30.54989 6.46396 -19.25000 133 80 58 224 -2.20727 -2.20727 -2.52573
-28.40000 1.43989 -11.94659 131 79 54 224 -2.20727 -2.20727 -2.52573
-32.02379 4.41104 -10.75000 122 85 51 224 -2.20727 -2.20727 -2.52573
-35.60000 1.33431 -14.80844 125 83 55 224 -2.20727 -2.20727 -2.52573
-35.60000 2.06055 -16.67217 140 79 56 224 -2.20727 -2.20727 -2.52573
-30.29332 4.71563 -19.25000 130 87 51 224 -2.20727 -2.20727 -2.52573
-28.40000 4.62896 -17.26161 141 88 53 224 -2.20727 -2.20727 -2.52573
-35.59144 2.20254 -10.75000 128 79 55 224 -2.20727 -2.20727 -2.52573
-35.60000 0.70585 -18.95140 127 84 51 224 -2.20727 -2.20727 -2.52573
-28.40000 4.51298 -18.32004 136 85 52 224 -2.20727 -2.20727 -2.52573
-31.57897 4.67422 -10.75000 135 84 51 224 -2.20727 -2.20727 -2.52573
-35.60000 2.12281 -14.83393 136 82 54 224 -2.20727 -2.20727 -2.52573
-35.60000 6.73188 -10.75767 141 88 58 224 -2.20727 -2.20727 -2.52573
-28.40000 4.91274 -18.14716 137 85 58 224 -2.20727 -2.20727 -2.52573
-29.30612 5.31629 -10.75000 139 89 58 224 -2.20727 -2.20727 -2.52573
-28.40000 6.24834 -18.72056 142 87 54 224 -2.20727 -2.20727 -2.52573
-31.19209 4.48891 -19.25000 128 88 54 224 -2.20727 -2.20727 -2.52573
-29.66385 3.70596 -19.25000 137 80 61 224 -2.20727 -2.20727 -2.52573
-35.60000 6.70457 -15.54106 135 86 60 224 -2.20727 -2.20727 -2.52573
-28.40000 6.31549 -12.29225 135 80 60 224 -2.20727 -2.20727 -2.52573
-31.65063 1.90641 -19.25000 129 87 56 224 -2.20727 -2.20727 -2.52573
-28.40000 3.32920 -12.91993 137 76 53 224 -2.20727 -2.20727 -2.52573
-28.40000 2.94592 -15.63862 128 81 54 224 -2.20727 -2.20727 -2.52573
-28.40000 6.33556 -13.14921 129 86 59 224 -2.20727 -2.20727 -2.52573
-33.35661 0.49082 -10.75000 123 89 57 224 -2.20727 -2.20727 -2.52573
-35.60000 4.99426 -15.23943 136 88 59 224 -2.20727 -2.20727 -2.52573
-35.60000 0.54614 -15.99890 128 85 54 224 -2.20727 -2.20727 -2.52573
-35.22881 2.48825 -19.25000 123 82 52 224 -2.20727 -2.20727 -2.52573
-32.00394 5.80870 -19.25000 140 80 56 224 -2.20727 -2.20727 -2.52573
-28.40000 0.66851 -14.33220 141 80 59 224 -2.20727 -2.20727 -2.52573
-28.40000 2.66467 -16.40536 142 84 51 224 -2.20727 -2.20727 -2.52573
-35.60000 2.85080 -11.53175 128 81 53 224 -2.20727 -2.20727 -2.52573
-28.40000 4.69275 -12.65945 135 84 59 224 -2.20727 -2.20727 -2.52573
-32.53221 0.43974 -19.25000 140 78 59 224 -2.20727 -2.20727 -2.52573
-28.40000 1.40380 -12.72400 142 81 51 224 -2.20727 -2.20727 -2.52573
-28.40000 0.99219 -12.15020 127 77 57 224 -2.20727 -2.20727 -2.52573
-28.40000 2.67524 -10.81255 139 80 53 224 -2.20727 -2.20727 -2.52573
-31.69210 5.63599 -19.25000 141 77 60 224 -2.20727 -2.20727 -2.52573
-33.33956 2.19657 -10.75000 128 78 58 224 -2.20727 -2.20727 -2.52573
-32.18613 5.27541 -19.25000 136 78 59 224 -2.20727 -2.20727 -2.52573
-28.40000 4.60669 -18.43094 131 83 55 224 -2.20727 -2.20727 -2.52573
-31.20985 2.40160 -10.75000 137 86 59 224 -2.20727 -2.20727 -2.52573
-35.60000 4.43842 -17.48566 123 78 56 224 -2.20727 -2.20727 -2.52573
-35.60000 2.41745 -12.71955 132 87 54 224 -2.20727 -2.20727 -2.52573
-31.00272 5.81185 -10.75000 137 87 59 224 -2.20727 -2.20727 -2.52573
-34.43964 6.97710 -10.75000 132 82 51 224 -2.20727 -2.20727 -2.52573
-33.55874 0.38745 -19.25000 137 83 52 224 -2.20727 -2.20727 -2.52573
-35.60000 0.24044 -16.23070 124 88 53 224 -2.20727 -2.20727 -2.52573
-30.73158 1.78777 -19.25000 124 82 59 224 -2.20727 -2.20727 -2.52573
-28.40000 5.72973 -12.15172 128 84 53 224 -2.20727 -2.20727 -2.52573
-33.82772 3.54241 -10.75000 133 77 58 224 -2.20727 -2.20727 -2.52573
-28.40000 2.37704 -11.14509 122 81 54 224 -2.20727 -2.20727 -2.52573
-28.40000 5.83446 -15.61393 126 79 53 224 -2.20727 -2.20727 -2.52573
-32.79455 2.62431 -10.75000 136 76 57 224 -2.20727 -2.20727 -2.52573
-28.40000 4.79146 -11.19895 130 87 54 224 -2.20727 -2.20727 -2.52573
-28.73104 0.13360 -19.25000 127 86 55 224 -2.20727 -2.20727 -2.52573
-33.18664 5.92059 -19.25000 125 88 54 224 -2.20727 -2.20727 -2.52573
-28.40000 4.32946 -13.74645 127 88 51 224 -2.20727 -2.20727 -2.52573
-28.40000 0.56645 -13.29110 125 88 55 224 -2.20727 -2.20727 -2.52573
-35.60000 4.51451 -17.71971 129 88 52 224 -2.20727 -2.20727 -2.52573
-35.60000 6.92577 -17.87917 137 85 53 224 -2.20727 -2.20727 -2.52573
-28.40000 4.36766 -14.37076 122 85 58 224 -2.20727 -2.20727 -2.52573
-35.60000 5.46452 -18.94479 141 87 53 224 -2.20727 -2.20727 -2.52573
-28.40000 3.69066 -14.09341 124 87 60 224 -2.20727 -2.20727 -2.52573
-35.60000 4.51775 -16.65567 128 80 53 224 -2.20727 -2.20727 -2.52573
-29.30366 4.59712 -19.25000 122 78 51 224 -2.20727 -2.20727 -2.52573
-31.50328 0.42662 -19.25000 142 88 53 224 -2.20727 -2.20727 -2.52573
-35.60000 4.20249 -13.06608 125 84 51 224 -2.20727 -2.20727 -2.52573
-35.42079 5.63986 -19.25000 124 80 51 224 -2.20727 -2.20727 -2.52573
-32.12478 0.56301 -19.25000 123 78 60 224 -2.20727 -2.20727 -2.52573
-35.60000 3.61611 -16.66750 137 76 57 224 -2.20727 -2.20727 -2.52573
-35.60000 2.69125 -13.51856 141 85 60 224 -2.20727 -2.20727 -2.52573
-28.40000 2.09045 -12.96982 133 85 56 224 -2.20727 -2.20727 -2.52573
-35.60000 1.84991 -17.61688 123 79 58 224 -2.20727 -2.20727 -2.52573
-35.60000 6.59646 -12.77376 125 87 54 224 -2.20727 -2.20727 -2.52573
-35.60000 3.95623 -18.30778 125 86 58 224 -2.20727 -2.20727 -2.52573
-35.60000 7.02405 -11.00505 140 78 52 224 -2.20727 -2.20727 -2.52573
-35.60000 7.03226 -14.98474 125 80 60 224 -2.20727 -2.20727 -2.52573
-28.40000 4.59909 -15.96294 141 76 58 224 -2.20727 -2.20727 -2.52573
-33.74458 0.98736 -10.75000 142 89 53 224 -2.20727 -2.20727 -2.52573
-28.40000 4.01773 -16.79788 130 77 54 224 -2.20727 -2.20727 -2.52573
-35.60000 6.77929 -10.92364 123 77 60 224 -2.20727 -2.20727 -2.52573
-30.58129 1.15573 -19.25000 142 78 60 224 -2.20727 -2.20727 -2.52573
-28.40000 5.76556 -14.80325 142 77 58 224 -2.20727 -2.20727 -2.52573
-28.75010 3.04916 -19.25000 127 88 57 224 -2.20727 -2.20727 -2.52573
-35.60000 6.61743 -11.50507 136 81 55 224 -2.20727 -2.20727 -2.52573
-29.69311 1.43066 -19.25000 133 83 57 224 -2.20727 -2.20727 -2.52573
-28.40000 3.39814 -15.31725 131 76 54 224 -2.20727 -2.20727 -2.52573
-31.44388 1.44521 -19.25000 130 85 55 224 -2.20727 -2.20727 -2.52573
-30.58897 3.87826 -10.75000 137 85 52 224 -2.20727 -2.20727 -2.52573
-35.60000 5.64413 -12.41738 131 85 52 224 -2.20727 -2.20727 -2.52573
-28.87193 5.38579 -10.75000 122 80 56 224 -2.20727 -2.20727 -2.52573
-33.83277 6.14231 -10.75000 131 76 56 224 -2.20727 -2.20727 -2.52573
-32.62706 2.05472 -10.75000 133 85 57 224 -2.20727 -2.20727 -2.52573
-28.40000 6.48630 -18.84761 135 85 52 224 -2.20727 -2.20727 -2.52573
-29.16735 6.96503 -10.75000 123 85 52 224 -2.20727 -2.20727 -2.52573
-30.83765 2.77759 -10.75000 140 81 53 224 -2.20727 -2.20727 -2.52573
-35.60000 5.05228 -14.47947 130 81 51 224 -2.20727 -2.20727 -2.52573
-28.40000 6.95688 -18.18827 139 80 60 224 -2.20727 -2.20727 -2.52573
-34.61796 4.53579 -10.75000 138 79 54 224 -2.20727 -2.20727 -2.52573
-29.69933 3.62072 -19.25000 139 83 54 224 -2.20727 -2.20727 -2.52573
-28.40000 6.11478 -18.58739 124 81 56 224 -2.20727 -2.20727 -2.52573
-32.01954 2.55970 -19.25000 125 78 58 224 -2.20727 -2.20727 -2.52573
-35.60000 4.85849 -11.61233 133 87 52 224 -2.20727 -2.20727 -2.52573
-29.19406 6.08687 -10.75000 124 86 53 224 -2.20727 -2.20727 -2.52573
-35.60000 5.45218 -17.92595 139 76 53 224 -2.20727 -2.20727 -2.52573
-35.60000 4.87615 -13.04579 135 80 58 224 -2.20727 -2.20727 -2.52573
-28.40000 4.55789 -15.70609 131 86 55 224 -2.20727 -2.20727 -2.52573
-35.60000 0.48884 -17.90451 129 83 56 224 -2.20727 -2.20727 -2.52573
-28.40000 1.95743 -15.73268 123 84 57 224 -2.20727 -2.20727 -2.52573
-31.40747 3.72169 -19.25000 123 85 54 224 -2.20727 -2.20727 -2.52573
-29.45920 1.23677 -19.25000 131 76 60 224 -2.20727 -2.20727 -2.52573
-28.40000 4.51474 -14.41827 136 77 56 224 -2.20727 -2.20727 -2.52573
-29.50062 2.24040 -10.75000 124 86 59 224 -2.20727 -2.20727 -2.52573
-31.49025 2.76560 -19.25000 137 80 51 224 -2.20727 -2.20727 -2.52573
-30.84464 4.44603 -19.25000 133 80 55 224 -2.20727 -2.20727 -2.52573
-35.60000 6.32332 -13.60167 127 77 58 224 -2.20727 -2.20727 -2.52573
-35.60000 2.95742 -11.33670 130 88 55 224 -2.20727 -2.20727 -2.52573
-28.40000 5.45498 -18.03271 136 89 60 224 -2.20727 -2.20727 -2.52573
-33.96881 0.89220 -19.25000 141 79 55 224 -2.20727 -2.20727 -2.52573
-28.40000 0.84394 -12.34128 139 81 57 224 -2.20727 -2.20727 -2.52573
-35.60000 3.00572 -16.75544 139 85 51 224 -2.20727 -2.20727 -2.52573
-35.60000 4.86964 -15.27408 131 83 51 224 -2.20727 -2.20727 -2.52573
-28.40000 4.50944 -15.52185 139 88 51 224 -2.20727 -2.20727 -2.52573
-31.39199 3.47723 -19.25000 133 83 60 224 -2.20727 -2.20727 -2.52573
-34.59340 5.74854 -19.25000 131 85 54 224 -2.20727 -2.20727 -2.52573
-35.60000 4.40140 -13.61786 139 85 59 224 -2.20727 -2.20727 -2.52573
-31.93368 5.31760 -10.75000 131 78 58 224 -2.20727 -2.20727 -2.52573
-35.60000 3.47678 -10.78435 142 79 59 224 -2.20727 -2.20727 -2.52573
-35.26795 5.57764 -19.25000 139 87 55 224 -2.20727 -2.20727 -2.52573
-35.60000 6.97864 -18.74184 133 86 53 224 -2.20727 -2.20727 -2.52573
-32.73213 2.04717 -10.75000 128 78 59 224 -2.20727 -2.20727 -2.52573
-28.64322 5.31696 -10.75000 124 83 51 224 -2.20727 -2.20727 -2.52573
-30.53789 0.53134 -10.75000 128 78 54 224 -2.20727 -2.20727 -2.52573
-32.44905 2.42970 -10.75000 135 81 57 224 -2.20727 -2.20727 -2.52573
-28.40000 1.25426 -17.11767 124 81 53 224 -2.20727 -2.20727 -2.52573
-32.20958 1.74618 -10.75000 131 81 54 224 -2.20727 -2.20727 -2.52573
-35.60000 6.17848 -14.92348 125 76 52 224 -2.20727 -2.20727 -2.52573
-34.39411 2.66777 -10.75000 136 82 57 224 -2.20727 -2.20727 -2.52573
-28.40000 6.03914 -16.59041 136 82 60 224 -2.20727 -2.20727 -2.52573
-35.60000 0.63542 -13.38022 131 83 54 224 -2.20727 -2.20727 -2.52573
-32.40739 2.73007 -19.25000 142 79 57 224 -2.20727 -2.20727 -2.52573
-35.60000 0.92031 -17.16784 136 79 54 224 -2.20727 -2.20727 -2.52573
-31.92021 6.63332 -10.75000 134 89 54 224 -2.20727 -2.20727 -2.52573
-28.40000 4.28801 -11.99778 130 78 51 224 -2.20727 -2.20727 -2.52573
-35.60000 4.17930 -14.85155 142 84 54 224 -2.20727 -2.20727 -2.52573
-35.60000 3.75346 -17.37181 141 88 58 224 -2.20727 -2.20727 -2.52573
-35.50246 2.69276 -10.75000 123 85 55 224 -2.20727 -2.20727 -2.52573
-31.89715 1.52180 -19.25000 139 88 58 224 -2.20727 -2.20727 -2.52573
-32.35665 2.33198 -10.75000 137 81 56 224 -2.20727 -2.20727 -2.52573
-32.34598 0.25370 -10.75000 139 88 54 224 -2.20727 -2.20727 -2.52573
-30.49071 4.75582 -10.75000 140 87 57 224 -2.20727 -2.20727 -2.52573
-35.30803 4.55737 -19.25000 141 87 51 224 -2.20727 -2.20727 -2.52573
-35.60000 2.06324 -19.17020 136 85 55 224 -2.20727 -2.20727 -2.52573
-35.60000 0.15473 -10.89711 130 87 53 224 -2.20727 -2.20727 -2.52573
-35.60000 6.71134 -14.80091 133 76 54 224 -2.20727 -2.20727 -2.52573
-35.60000 2.30163 -12.31137 136 85 58 224 -2.20727 -2.20727 -2.52573
-35.60000 5.01853 -17.78290 131 86 54 224 -2.20727 -2.20727 -2.52573
-28.74957 2.56121 -19.25000 135 78 60 224 -2.20727 -2.20727 -2.52573
-35.60000 5.73866 -18.79581 126 86 56 224 -2.20727 -2.20727 -2.52573
-29.12661 0.12880 -19.25000 135 77 56 224 -2.20727 -2.20727 -2.52573
-28.40000 0.91175 -14.62535 129 84 54 224 -2.20727 -2.20727 -2.52573
-35.60000 4.41937 -11.75254 129 84 57 224 -2.20727 -2.20727 -2.52573
-28.40000 6.78558 -17.09977 123 86 60 224 -2.20727 -2.20727 -2.52573
-29.83214 5.37658 -19.25000 134 82 58 224 -2.20727 -2.20727 -2.52573
-32.81907 4.03024 -19.25000 137 80 58 224 -2.20727 -2.20727 -2.52573
-35.60000 4.45770 -17.64167 139 87 54 224 -2.20727 -2.20727 -2.52573
-33.41447 4.17740 -10.75000 141 77 55 224 -2.20727 -2.20727 -2.52573
-30.39789 0.97677 -19.25000 139 79 56 224 -2.20727 -2.20727 -2.52573
-35.41539 2.16462 -19.25000 130 81 54 224 -2.20727 -2.20727 -2.52573
-35.60000 6.09046 -14.55119 134 76 54 224 -2.20727 -2.20727 -2.52573
-28.40000 4.60570 -11.81788 141 80 55 224 -2.20727 -2.20727 -2.52573
-30.51734 1.37134 -19.25000 129 77 58 224 -2.20727 -2.20727 -2.52573
-31.88892 4.55608 -10.75000 130 88 54 224 -2.20727 -2.20727 -2.52573
-35.60000 0.05727 -15.19616 140 79 52 224 -2.20727 -2.20727 -2.52573
-34.30450 5.69573 -10.75000 140 76 56 224 -2.20727 -2.20727 -2.52573
-28.40000 1.72348 -10.86339 138 88 56 224 -2.20727 -2.20727 -2.52573
-35.60000 2.72893 -10.75301 139 87 59 224 -2.20727 -2.20727 -2.52573
-28.40000 6.86484 -19.11255 138 77 55 224 -2.20727 -2.20727 -2.52573
-28.40000 4.72755 -17.18902 141 82 53 224 -2.20727 -2.20727 -2.52573
-33.99160 4.88476 -10.75000 137 81 59 224 -2.20727 -2.20727 -2.52573
-33.68144 3.36858 -10.75000 131 79 52 224 -2.20727 -2.20727 -2.52573
-35.60000 6.47666 -10.99292 139 83 61 224 -2.20727 -2.20727 -2.52573
-29.67086 1.52134 -19.25000 141 78 60 224 -2.20727 -2.20727 -2.52573
-35.60000 3.99268 -12.78248 139 88 52 224 -2.20727 -2.20727 -2.52573
-29.01920 4.27532 -10.75000 124 77 59 224 -2.20727 -2.20727 -2.52573
-33.14512 5.08095 -10.75000 134 85 60 224 -2.20727 -2.20727 -2.52573
-35.60000 1.74199 -13.22318 126 83 51 224 -2.20727 -2.20727 -2.52573
-28.40000 4.60568 -15.18852 136 84 58 224 -2.20727 -2.20727 -2.52573
-28.40000 6.62086 -11.35212 137 76 60 224 -2.20727 -2.20727 -2.52573
-30.94568 0.09325 -10.75000 123 82 57 224 -2.20727 -2.20727 -2.52573
-31.06351 0.03101 -19.25000 139 89 51 224 -2.20727 -2.20727 -2.52573
-35.31182 4.06276 -10.75000 134 83 59 224 -2.20727 -2.20727 -2.52573
-32.82722 5.00591 -19.25000 140 86 52 224 -2.20727 -2.20727 -2.52573
-35.60000 3.05776 -18.37719 127 77 52 224 -2.20727 -2.20727 -2.52573
-28.40000 5.42875 -18.86799 122 77 52 224 -2.20727 -2.20727 -2.52573
-35.60000 6.66339 -13.47304 129 81 58 224 -2.20727 -2.20727 -2.52573
-32.19697 3.08404 -19.25000 128 84 55 224 -2.20727 -2.20727 -2.52573
-35.60000 4.92158 -14.39129 140 77 58 224 -2.20727 -2.20727 -2.52573
-28.40000 0.48054 -14.38961 125 80 54 224 -2.20727 -2.20727 -2.52573
-35.60000 4.32594 -18.36081 142 82 57 224 -2.20727 -2.20727 -2.52573
-28.40000 6.95388 -10.81333 128 88 53 224 -2.20727 -2.20727 -2.52573
-28.70943 4.57955 -19.25000 130 84 58 224 -2.20727 -2.20727 -2.52573
-34.98246 2.00792 -19.25000 141 84 58 224 -2.20727 -2.20727 -2.52573
-28.40000 6.30664 -11.83733 132 77 59 224 -2.20727 -2.20727 -2.52573
-28.40000 4.70738 -12.27182 142 82 60 224 -2.20727 -2.20727 -2.52573
-33.53029 1.76120 -19.25000 142 88 53 224 -2.20727 -2.20727 -2.52573
-35.60000 4.07511 -14.29871 126 83 52 224 -2.20727 -2.20727 -2.52573
-28.40000 5.17836 -14.73452 128 84 58 224 -2.20727 -2.20727 -2.52573
-35.01354 5.06029 -19.25000 133 83 60 224 -2.20727 -2.20727 -2.52573
-28.40000 0.99330 -12.09995 123 80 57 224 -2.20727 -2.20727 -2.52573
-28.61123 2.48774 -10.75000 128 79 52 224 -2.20727 -2.20727 -2.52573
-28.40000 2.58321 -14.56149 141 83 58 224 -2.20727 -2.20727 -2.52573
-28.40000 3.05158 -15.07453 127 83 51 224 -2.20727 -2.20727 -2.52573
-33.34161 5.64986 -10.75000 134 78 58 224 -2.20727 -2.20727 -2.52573
-30.56053 0.67934 -10.75000 140 80 60 224 -2.20727 -2.20727 -2.52573
-28.40000 6.76408 -13.31848 128 77 53 224 -2.20727 -2.20727 -2.52573
-32.18405 0.87094 -19.25000 126 79 59 224 -2.20727 -2.20727 -2.52573
-28.40000 2.06543 -15.86209 135 78 52 224 -2.20727 -2.20727 -2.52573
-35.60000 6.17351 -18.04029 134 82 56 224 -2.20727 -2.20727 -2.52573
-32.90880 2.07471 -10.75000 123 78 56 224 -2.20727 -2.20727 -2.52573
-31.03484 3.58460 -19.25000 141 77 59 224 -2.20727 -2.20727 -2.52573
-28.52751 6.63342 -19.25000 126 76 56 224 -2.20727 -2.20727 -2.52573
-32.91177 6.92727 -19.25000 125 76 58 224 -2.20727 -2.20727 -2.52573
-35.60000 3.55301 -17.49431 133 87 55 224 -2.20727 -2.20727 -2.52573
-35.60000 4.56999 -13.91894 125 78 57 224 -2.20727 -2.20727 -2.52573
-35.60000 2.39632 -18.33336 138 82 54 224 -2.20727 -2.20727 -2.52573
-30.99875 4.42596 -19.25000 134 78 54 224 -2.20727 -2.20727 -2.52573
-35.60000 2.56308 -15.05653 127 84 57 224 -2.20727 -2.20727 -2.52573
-35.60000 1.15401 -16.43013 130 78 56 224 -2.20727 -2.20727 -2.52573
-29.79337 2.52992 -19.25000 140 85 54 224 -2.20727 -2.20727 -2.52573
-34.13389 4.51365 -10.75000 131 88 51 224 -2.20727 -2.20727 -2.52573
-28.40000 4.96288 -12.87542 126 83 57 224 -2.20727 -2.20727 -2.52573
-33.12000 4.74530 -10.75000 132 84 51 224 -2.20727 -2.20727 -2.52573
-28.40000 7.05579 -18.35262 127 80 51 224 -2.20727 -2.20727 -2.52573
-28.40000 2.89067 -17.61431 125 82 51 224 -2.20727 -2.20727 -2.52573
-35.29761 3.48901 -10.75000 124 86 52 224 -2.20727 -2.20727 -2.52573
-32.58115 5.63866 -19.25000 137 76 60 224 -2.20727 -2.20727 -2.52573
-28.40000 0.93438 -14.41896 126 86 51 224 -2.20727 -2.20727 -2.52573
-28.76014 1.12722 -19.25000 128 83 61 224 -2.20727 -2.20727 -2.52573
-34.22318 1.76832 -19.25000 138 86 52 224 -2.20727 -2.20727 -2.52573
-29.50342 4.31627 -10.75000 125 83 51 224 -2.20727 -2.20727 -2.52573
-33.17066 3.57688 -10.75000 139 76 53 224 -2.20727 -2.20727 -2.52573
-35.22090 3.73201 -10.75000 134 84 58 224 -2.20727 -2.20727 -2.52573
-31.35851 6.38602 -10.75000 127 84 56 224 -2.20727 -2.20727 -2.52573
-28.88317 2.09721 -10.75000 138 78 59 224 -2.20727 -2.20727 -2.52573
-28.40000 1.74619 -17.87433 136 77 59 224 -2.20727 -2.20727 -2.52573
-35.60000 3.81113 -13.53951 126 77 55 224 -2.20727 -2.20727 -2.52573
-35.60000 2.29072 -16.60824 131 88 52 224 -2.20727 -2.20727 -2.52573
-34.82727 2.82757 -19.25000 124 78 56 224 -2.20727 -2.20727 -2.52573
-35.60000 4.36965 -15.63698 127 82 51 224 -2.20727 -2.20727 -2.52573
-29.15263 5.60266 -19.25000 123 79 59 224 -2.20727 -2.20727 -2.52573
-35.60000 5.19598 -17.83780 123 82 51 224 -2.20727 -2.20727 -2.52573
-28.58929 1.16965 -10.75000 128 80 59 224 -2.20727 -2.20727 -2.52573
-35.60000 3.11915 -17.83467 130 82 56 224 -2.20727 -2.20727 -2.52573
-29.11851 3.98537 -10.75000 133 76 53 224 -2.20727 -2.20727 -2.52573
-35.60000 2.24621 -18.94301 142 87 58 224 -2.20727 -2.20727 -2.52573
-28.50944 7.50647 -13.92041 25 28 30 234 -2.12026 -2.12026 -2.81341
-32.45127 8.98107 -12.42247 25 28 30 234 -2.12026 -2.12026 -2.81341
-28.66384 7.56491 -12.58048 25 28 30 234 -2.12026 -2.12026 -2.81341
-30.26365 8.30268 -14.01367 25 28 30 234 -2.12026 -2.12026 -2.81341
-30.93602 8.62116 -17.09613 25 28 30 234 -2.12026 -2.12026 -2.81341
-36.13737 7.10546 -11.97000 25 28 30 234 -2.12026 -2.12026 -2.81341
-31.88985 9.04817 -11.94658 25 28 30 234 -2.12026 -2.12026 -2.81341
-31.22632 8.72204 -18.43928 25 28 30 234 -2.12026 -2.12026 -2.81341
-31.66110 8.95594 -13.01120 25 28 30 234 -2.12026 -2.12026 -2.81341
-28.90462 7.66861 -14.51159 25 28 30 234 -2.12026 -2.12026 -2.81341
-32.06582 9.15901 -10.20882 25 28 30 234 -2.12026 -2.12026 -2.81341
-29.00976 7.70624 -10.29244 25 28 30 234 -2.12026 -2.12026 -2.81341
-34.65161 7.85147 -17.42477 25 28 30 234 -2.12026 -2.12026 -2.81341
-33.03220 8.66667 -10.19991 25 28 30 234 -2.12026 -2.12026 -2.81341
-28.73283 7.57790 -17.69999 25 28 30 234 -2.12026 -2.12026 -2.81341
-30.79462 8.57632 -16.31912 25 28 30 234 -2.12026 -2.12026 -2.81341
-30.87267 8.68087 -13.82748 25 28 30 234 -2.12026 -2.12026 -2.81341
-29.48257 7.97531 -12.82423 25 28 30 234 -2.12026 -2.12026 -2.81341
-35.23697 7.59683 -17.27632 25 28 30 234 -2.12026 -2.12026 -2.81341
-33.76133 8.32629 -15.28140 25 28 30 234 -2.12026 -2.12026 -2.81341
-28.73371 7.55753 -17.03085 25 28 30 234 -2.12026 -2.12026 -2.81341
-34.49494 7.98563 -14.41199 25 28 30 234 -2.12026 -2.12026 -2.81341
-31.81553 9.05812 -11.06999 25 28 30 234 -2.12026 -2.12026 -2.81341
-32.31253 9.07589 -13.12853 25 28 30 234 -2.12026 -2.12026 -2.81341
-31.26384 8.87701 -13.45463 25 28 30 234 -2.12026 -2.12026 -2.81341
-33.70885 8.32992 -17.10947 25 28 30 234 -2.12026 -2.12026 -2.81341
-30.25288 8.29276 -19.81813 25 28 30 234 -2.12026 -2.12026 -2.81341
-34.21298 8.09067 -15.38484 25 28 30 234 -2.12026 -2.12026 -2.81341
-31.17962 8.75968 -16.97326 25 28 30 234 -2.12026 -2.12026 -2.81341
-29.60292 7.96683 -13.97776 25 28 30 234 -2.12026 -2.12026 -2.81341
-27.78350 7.01911 -13.00463 25 28 30 234 -2.12026 -2.12026 -2.81341
-27.70007 7.06440 -16.69320 25 28 30 234 -2.12026 -2.12026 -2.81341
-33.02282 8.66030 -16.27047 25 28 30 234 -2.12026 -2.12026 -2.81341
-31.19252 8.77328 -10.94859 25 28 30 234 -2.12026 -2.12026 -2.81341
-29.63218 7.99583 -17.42712 25 28 30 234 -2.12026 -2.12026 -2.81341
-30.99427 8.64308 -16.91421 25 28 30 234 -2.12026 -2.12026 -2.81341
-35.02058 7.68630 -14.52659 25 28 30 234 -2.12026 -2.12026 -2.81341
-31.76108 9.09816 -19.15516 25 28 30 234 -2.12026 -2.12026 -2.81341
-30.11300 8.26215 -19.82774 25 28 30 234 -2.12026 -2.12026 -2.81341
-34.27539 8.06492 -15.30130 25 28 30 234 -2.12026 -2.12026 -2.81341
-29.43635 7.92937 -11.02022 25 28 30 234 -2.12026 -2.12026 -2.81341
-29.57278 7.94536 -19.83062 25 28 30 234 -2.12026 -2.12026 -2.81341
-29.75209 8.10776 -14.41067 25 28 30 234 -2.12026 -2.12026 -2.81341
-36.25221 7.07757 -18.51299 25 28 30 234 -2.12026 -2.12026 -2.81341
-31.35182 8.84989 -12.10831 25 28 30 234 -2.12026 -2.12026 -2.81341
-29.14194 7.84120 -15.75757 25 28 30 234 -2.12026 -2.12026 -2.81341
-32.97570 8.73644 -15.90470 25 28 30 234 -2.12026 -2.12026 -2.81341
-34.61082 7.88178 -16.27428 25 28 30 234 -2.12026 -2.12026 -2.81341
-36.28476 7.05957 -19.50492 25 28 30 234 -2.12026 -2.12026 -2.81341
-29.84764 8.13420 -11.73492 25 28 30 234 -2.12026 -2.12026 -2.81341
-35.78240 7.29362 -13.91107 25 28 30 234 -2.12026 -2.12026 -2.81341
-29.15005 7.85550 -19.42391 25 28 30 234 -2.12026 -2.12026 -2.81341
-36.20885 7.08629 -14.28163 25 28 30 234 -2.12026 -2.12026 -2.81341
-32.32439 9.02364 -13.86304 25 28 30 234 -2.12026 -2.12026 -2.81341
-32.28182 9.03360 -15.12805 25 28 30 234 -2.12026 -2.12026 -2.81341
-32.07367 9.15099 -19.59417 25 28 30 234 -2.12026 -2.12026 -2.81341
-34.24378 8.08240 -13.67094 25 28 30 234 -2.12026 -2.12026 -2.81341
-34.73551 7.81039 -13.12548 25 28 30 234 -2.12026 -2.12026 -2.81341
-31.92238 9.21056 -12.90290 25 28 30 234 -2.12026 -2.12026 -2.81341
-31.28894 8.84423 -14.12239 25 28 30 234 -2.12026 -2.12026 -2.81341
-29.76893 8.14416 -14.87207 25 28 30 234 -2.12026 -2.12026 -2.81341
-36.27573 7.03026 -15.79334 25 28 30 234 -2.12026 -2.12026 -2.81341
-30.35006 8.27581 -12.58097 25 28 30 234 -2.12026 -2.12026 -2.81341
-34.22800 8.06907 -12.76048 25 28 30 234 -2.12026 -2.12026 -2.81341
-30.38573 8.36136 -19.74934 25 28 30 234 -2.12026 -2.12026 -2.81341
-31.83282 9.10162 -18.58766 25 28 30 234 -2.12026 -2.12026 -2.81341
-33.19364 8.60416 -19.01751 25 28 30 234 -2.12026 -2.12026 -2.81341
-29.82269 8.08254 -10.28576 25 28 30 234 -2.12026 -2.12026 -2.81341
-35.11086 7.61945 -14.99411 25 28 30 234 -2.12026 -2.12026 -2.81341
-35.78338 7.41851 -14.83425 25 28 30 234 -2.12026 -2.12026 -2.81341
-36.15189 7.06222 -17.81376 25 28 30 234 -2.12026 -2.12026 -2.81341
-29.05753 7.73640 -13.94479 25 28 30 234 -2.12026 -2.12026 -2.81341
-31.13476 8.67926 -17.35714 25 28 30 234 -2.12026 -2.12026 -2.81341
-30.75916 8.56637 -14.20229 25 28 30 234 -2.12026 -2.12026 -2.81341
-29.79828 8.13752 -19.84697 25 28 30 234 -2.12026 -2.12026 -2.81341
-34.77429 7.80782 -17.89037 25 28 30 234 -2.12026 -2.12026 -2.81341
-31.80770 9.14576 -10.61470 25 28 30 234 -2.12026 -2.12026 -2.81341
-30.46434 8.39756 -13.94745 25 28 30 234 -2.12026 -2.12026 -2.81341
-29.51603 7.98748 -10.87008 25 28 30 234 -2.12026 -2.12026 -2.81341
-36.20990 7.10000 -10.56870 25 28 30 234 -2.12026 -2.12026 -2.81341
-28.39325 7.33916 -16.04571 25 28 30 234 -2.12026 -2.12026 -2.81341
-33.19564 8.65198 -19.18690 25 28 30 234 -2.12026 -2.12026 -2.81341
-33.98569 8.18422 -18.95715 25 28 30 234 -2.12026 -2.12026 -2.81341
-31.93940 9.14165 -18.49520 25 28 30 234 -2.12026 -2.12026 -2.81341
-28.48671 7.49229 -13.50075 25 28 30 234 -2.12026 -2.12026 -2.81341
-36.25777 7.15219 -16.56421 25 28 30 234 -2.12026 -2.12026 -2.81341
-34.16961 8.05904 -12.70092 25 28 30 234 -2.12026 -2.12026 -2.81341
-30.72644 8.56549 -16.26189 25 28 30 234 -2.12026 -2.12026 -2.81341
-28.30115 7.35400 -18.88950 25 28 30 234 -2.12026 -2.12026 -2.81341
-29.52604 7.97998 -18.17198 25 28 30 234 -2.12026 -2.12026 -2.81341
-35.77524 7.32655 -17.38509 25 28 30 234 -2.12026 -2.12026 -2.81341
-31.05118 8.69437 -14.65838 25 28 30 234 -2.12026 -2.12026 -2.81341
-31.66474 9.02063 -12.55122 25 28 30 234 -2.12026 -2.12026 -2.81341
-31.38619 8.90873 -13.87664 25 28 30 234 -2.12026 -2.12026 -2.81341
-34.37404 7.96544 -12.88123 25 28 30 234 -2.12026 -2.12026 -2.81341
-33.99931 8.19410 -15.85035 25 28 30 234 -2.12026 -2.12026 -2.81341
-32.00881 9.18679 -16.80659 25 28 30 234 -2.12026 -2.12026 -2.81341
-30.31871 8.30613 -15.63314 25 28 30 234 -2.12026 -2.12026 -2.81341
-32.59638 8.87587 -10.53829 25 28 30 234 -2.12026 -2.12026 -2.81341
-32.63772 8.84430 -12.06682 25 28 30 234 -2.12026 -2.12026 -2.81341
-29.22128 7.78004 -13.21751 25 28 30 234 -2.12026 -2.12026 -2.81341
-28.71792 7.59466 -14.18985 25 28 30 234 -2.12026 -2.12026 -2.81341
-36.03072 7.14256 -12.70184 25 28 30 234 -2.12026 -2.12026 -2.81341
-34.07311 8.12719 -14.83012 25 28 30 234 -2.12026 -2.12026 -2.81341
-32.87449 8.69922 -18.71238 25 28 30 234 -2.12026 -2.12026 -2.81341
-33.96395 8.21259 -10.05430 25 28 30 234 -2.12026 -2.12026 -2.81341
-32.82780 8.71893 -12.75918 25 28 30 234 -2.12026 -2.12026 -2.81341
-33.74214 8.36906 -10.90495 25 28 30 234 -2.12026 -2.12026 -2.81341
-35.18706 7.60849 -14.49225 25 28 30 234 -2.12026 -2.12026 -2.81341
-32.87636 8.70797 -11.27253 25 28 30 234 -2.12026 -2.12026 -2.81341
-31.01382 8.71875 -10.50064 25 28 30 234 -2.12026 -2.12026 -2.81341
-32.60480 8.88055 -14.44944 25 28 30 234 -2.12026 -2.12026 -2.81341
-33.07826 8.57922 -19.94642 25 28 30 234 -2.12026 -2.12026 -2.81341
-30.89551 8.68027 -14.74450 25 28 30 234 -2.12026 -2.12026 -2.81341
-35.72675 7.32628 -11.34399 25 28 30 234 -2.12026 -2.12026 -2.81341
-34.07561 8.13859 -15.37676 25 28 30 234 -2.12026 -2.12026 -2.81341
-29.79034 8.13137 -14.31846 25 28 30 234 -2.12026 -2.12026 -2.81341
-28.64128 7.58258 -12.22552 25 28 30 234 -2.12026 -2.12026 -2.81341
-36.08328 7.16971 -16.39119 25 28 30 234 -2.12026 -2.12026 -2.81341
-32.06524 9.15072 -12.33419 25 28 30 234 -2.12026 -2.12026 -2.81341
-30.24782 8.26465 -11.15070 25 28 30 234 -2.12026 -2.12026 -2.81341
-30.95957 8.65556 -17.78596 25 28 30 234 -2.12026 -2.12026 -2.81341
-29.09460 7.73097 -16.72848 25 28 30 234 -2.12026 -2.12026 -2.81341
-35.57536 7.46999 -10.22301 25 28 30 234 -2.12026 -2.12026 -2.81341
-33.89035 8.28009 -15.97305 25 28 30 234 -2.12026 -2.12026 -2.81341
-31.67866 9.03478 -16.52816 25 28 30 234 -2.12026 -2.12026 -2.81341
-33.26319 8.61413 -18.64895 25 28 30 234 -2.12026 -2.12026 -2.81341
-28.01059 7.21322 -18.43773 25 28 30 234 -2.12026 -2.12026 -2.81341
-29.49877 7.89141 -15.01647 25 28 30 234 -2.12026 -2.12026 -2.81341
-32.91153 8.71139 -10.50008 25 28 30 234 -2.12026 -2.12026 -2.81341
-30.23268 8.26886 -15.62689 25 28 30 234 -2.12026 -2.12026 -2.81341
-32.74932 8.79898 -10.32369 25 28 30 234 -2.12026 -2.12026 -2.81341
-32.76463 8.73295 -12.35471 25 28 30 234 -2.12026 -2.12026 -2.81341
-32.90337 8.72536 -14.75286 25 28 30 234 -2.12026 -2.12026 -2.81341
-34.84885 7.70946 -15.39281 25 28 30 234 -2.12026 -2.12026 -2.81341
-29.21500 7.79330 -17.27410 25 28 30 234 -2.12026 -2.12026 -2.81341
-28.01235 7.25055 -13.12847 25 28 30 234 -2.12026 -2.12026 -2.81341
-30.37809 8.37859 -19.33143 25 28 30 234 -2.12026 -2.12026 -2.81341
-32.15867 9.02768 -10.28142 25 28 30 234 -2.12026 -2.12026 -2.81341
-33.07577 8.61891 -16.41670 25 28 30 234 -2.12026 -2.12026 -2.81341
-34.29375 8.01882 -12.29278 25 28 30 234 -2.12026 -2.12026 -2.81341
-35.73837 7.33791 -19.38671 25 28 30 234 -2.12026 -2.12026 -2.81341
-31.39911 8.88014 -18.60487 25 28 30 234 -2.12026 -2.12026 -2.81341
-31.00697 8.69701 -15.55409 25 28 30 234 -2.12026 -2.12026 -2.81341
-28.29605 7.31467 -10.21104 25 28 30 234 -2.12026 -2.12026 -2.81341
-34.96249 7.76398 -12.90549 25 28 30 234 -2.12026 -2.12026 -2.81341
-32.96140 8.68043 -14.78429 25 28 30 234 -2.12026 -2.12026 -2.81341
-32.35906 9.02829 -13.97364 25 28 30 234 -2.12026 -2.12026 -2.81341
-32.60967 8.85129 -18.24987 25 28 30 234 -2.12026 -2.12026 -2.81341
-31.32628 8.81856 -15.89782 25 28 30 234 -2.12026 -2.12026 -2.81341
-32.94868 8.69528 -17.21356 25 28 30 234 -2.12026 -2.12026 -2.81341
-30.90861 8.64819 -16.52047 25 28 30 234 -2.12026 -2.12026 -2.81341
-32.05333 9.15955 -15.59630 25 28 30 234 -2.12026 -2.12026 -2.81341
-28.51253 7.43580 -13.74053 25 28 30 234 -2.12026 -2.12026 -2.81341
-30.11660 8.24511 -18.95130 25 28 30 234 -2.12026 -2.12026 -2.81341
-29.70455 8.05064 -16.33039 25 28 30 234 -2.12026 -2.12026 -2.81341
-31.05343 8.74751 -11.70825 25 28 30 234 -2.12026 -2.12026 -2.81341
-32.72815 8.77475 -15.69511 25 28 30 234 -2.12026 -2.12026 -2.81341
-33.27260 8.55488 -16.20567 25 28 30 234 -2.12026 -2.12026 -2.81341
-31.44538 8.81540 -12.70870 25 28 30 234 -2.12026 -2.12026 -2.81341
-30.22666 8.31366 -12.84753 25 28 30 234 -2.12026 -2.12026 -2.81341
-33.45899 8.43443 -11.55571 25 28 30 234 -2.12026 -2.12026 -2.81341
-35.30644 7.54385 -14.91915 25 28 30 234 -2.12026 -2.12026 -2.81341
-29.64962 7.99400 -11.72503 25 28 30 234 -2.12026 -2.12026 -2.81341
-28.20186 7.27067 -11.44295 25 28 30 234 -2.12026 -2.12026 -2.81341
-32.72537 8.79320 -13.77662 25 28 30 234 -2.12026 -2.12026 -2.81341
-31.94751 9.18310 -15.22004 25 28 30 234 -2.12026 -2.12026 -2.81341
-29.20522 7.72825 -13.84114 25 28 30 234 -2.12026 -2.12026 -2.81341
-34.36896 8.03110 -16.52697 25 28 30 234 -2.12026 -2.12026 -2.81341
-30.69068 8.52953 -13.59822 25 28 30 234 -2.12026 -2.12026 -2.81341
-32.45301 8.97171 -14.32987 25 28 30 234 -2.12026 -2.12026 -2.81341
-32.52870 8.94798 -19.00210 25 28 30 234 -2.12026 -2.12026 -2.81341
-31.33455 8.86965 -15.45906 25 28 30 234 -2.12026 -2.12026 -2.81341
-29.64022 7.98835 -12.48069 25 28 30 234 -2.12026 -2.12026 -2.81341
-34.11456 8.06137 -14.63497 25 28 30 234 -2.12026 -2.12026 -2.81341
-33.44891 8.43055 -12.91535 25 28 30 234 -2.12026 -2.12026 -2.81341
-30.71143 8.50621 -16.91658 25 28 30 234 -2.12026 -2.12026 -2.81341
-35.37815 7.55288 -15.36291 25 28 30 234 -2.12026 -2.12026 -2.81341
-29.08760 7.76313 -18.97375 25 28 30 234 -2.12026 -2.12026 -2.81341
-34.30187 8.08740 -13.17696 25 28 30 234 -2.12026 -2.12026 -2.81341
-19.20000 2.94280 -16.59740 135 86 55 224 -2.20727 -2.20727 -2.52573
-21.95807 1.92958 -10.75000 140 80 54 224 -2.20727 -2.20727 -2.52573
-23.14777 4.63489 -19.25000 136 85 52 224 -2.20727 -2.20727 -2.52573
-24.70346 3.39185 -10.75000 127 82 57 224 -2.20727 -2.20727 -2.52573
-19.20000 4.81371 -17.06908 132 78 53 224 -2.20727 -2.20727 -2.52573
-24.92427 3.44819 -19.25000 141 84 55 224 -2.20727 -2.20727 -2.52573
-19.29410 3.86575 -19.25000 135 84 54 224 -2.20727 -2.20727 -2.52573
-24.75297 5.52575 -19.25000 138 80 54 224 -2.20727 -2.20727 -2.52573
-26.40000 2.90888 -13.53417 139 82 51 224 -2.20727 -2.20727 -2.52573
-24.39762 4.11535 -10.75000 128 81 53 224 -2.20727 -2.20727 -2.52573
-21.16982 1.56519 -10.75000 136 77 60 224 -2.20727 -2.20727 -2.52573
-19.71481 5.39887 -10.75000 131 83 58 224 -2.20727 -2.20727 -2.52573
-19.20000 1.83103 -16.52980 140 85 59 224 -2.20727 -2.20727 -2.52573
-19.98402 4.22098 -10.75000 133 76 53 224 -2.20727 -2.20727 -2.52573
-19.20000 0.11948 -14.94841 126 83 59 224 -2.20727 -2.20727 -2.52573
-22.43279 5.26853 -19.25000 134 86 54 224 -2.20727 -2.20727 -2.52573
-25.87354 3.37054 -19.25000 136 78 59 224 -2.20727 -2.20727 -2.52573
-26.40000 4.02184 -14.85025 130 82 60 224 -2.20727 -2.20727 -2.52573
-19.20000 0.52061 -18.26689 131 81 54 224 -2.20727 -2.20727 -2.52573
-26.40000 4.51284 -18.81514 126 82 55 224 -2.20727 -2.20727 -2.52573
-24.29005 1.08046 -10.75000 132 76 52 224 -2.20727 -2.20727 -2.52573
-22.47912 4.76583 -10.75000 128 88 54 224 -2.20727 -2.20727 -2.52573
-22.80397 0.54646 -19.25000 136 80 60 224 -2.20727 -2.20727 -2.52573
-22.38814 0.81985 -19.25000 132 80 54 224 -2.20727 -2.20727 -2.52573
-19.20000 5.55407 -13.16224 132 78 60 224 -2.20727 -2.20727 -2.52573
-26.40000 2.95874 -16.07018 136 81 53 224 -2.20727 -2.20727 -2.52573
-19.20000 0.37219 -14.79214 136 79 58 224 -2.20727 -2.20727 -2.52573
-19.20000 0.82974 -18.88363 141 85 57 224 -2.20727 -2.20727 -2.52573
-25.68753 2.75298 -19.25000 137 83 61 224 -2.20727 -2.20727 -2.52573
-26.40000 0.20652 -18.60358 141 83 60 224 -2.20727 -2.20727 -2.52573
-19.29979 1.91517 -19.25000 124 79 61 224 -2.20727 -2.20727 -2.52573
-24.86267 4.90772 -19.25000 137 79 58 224 -2.20727 -2.20727 -2.52573
-19.92195 2.99701 -19.25000 123 87 54 224 -2.20727 -2.20727 -2.52573
-19.20000 0.51303 -13.98997 129 83 55 224 -2.20727 -2.20727 -2.52573
-20.54714 0.20027 -10.75000 135 85 55 224 -2.20727 -2.20727 -2.52573
-19.20000 2.74469 -16.08269 129 84 55 224 -2.20727 -2.20727 -2.52573
-26.40000 4.38572 -12.30164 132 78 59 224 -2.20727 -2.20727 -2.52573
-19.20000 4.21412 -19.09049 137 78 51 224 -2.20727 -2.20727 -2.52573
-26.40000 5.01206 -16.06139 123 84 56 224 -2.20727 -2.20727 -2.52573
-26.40000 4.99303 -11.56605 122 83 55 224 -2.20727 -2.20727 -2.52573
-24.78977 3.26112 -19.25000 125 80 55 224 -2.20727 -2.20727 -2.52573
-26.40000 3.46308 -13.22403 138 84 53 224 -2.20727 -2.20727 -2.52573
-21.41035 3.05250 -10.75000 133 88 53 224 -2.20727 -2.20727 -2.52573
-26.40000 4.94568 -16.73102 135 89 54 224 -2.20727 -2.20727 -2.52573
-26.40000 0.82538 -15.25633 134 78 54 224 -2.20727 -2.20727 -2.52573
-19.99326 6.08220 -10.75000 122 87 57 224 -2.20727 -2.20727 -2.52573
-25.79787 3.50707 -19.25000 126 87 53 224 -2.20727 -2.20727 -2.52573
-19.20000 5.99466 -12.92593 127 77 57 224 -2.20727 -2.20727 -2.52573
-22.94279 0.33770 -19.25000 136 85 58 224 -2.20727 -2.20727 -2.52573
-26.40000 2.72565 -19.17159 142 87 60 224 -2.20727 -2.20727 -2.52573
-20.09454 4.93501 -19.25000 133 77 56 224 -2.20727 -2.20727 -2.52573
-21.16758 0.27168 -10.75000 127 76 55 224 -2.20727 -2.20727 -2.52573
-20.06219 2.19921 -19.25000 129 88 56 224 -2.20727 -2.20727 -2.52573
-26.40000 2.73149 -17.01369 142 81 57 224 -2.20727 -2.20727 -2.52573
-20.06513 4.51862 -10.75000 138 81 52 224 -2.20727 -2.20727 -2.52573
-24.82132 0.92203 -19.25000 122 88 56 224 -2.20727 -2.20727 -2.52573
-26.40000 1.97211 -11.20107 132 87 52 224 -2.20727 -2.20727 -2.52573
-21.60215 2.59777 -19.25000 125 80 58 224 -2.20727 -2.20727 -2.52573
-23.56745 0.27360 -19.25000 124 79 55 224 -2.20727 -2.20727 -2.52573
-21.44125 5.81790 -10.75000 125 86 59 224 -2.20727 -2.20727 -2.52573
-19.20000 1.81594 -19.18601 123 85 51 224 -2.20727 -2.20727 -2.52573
-21.17329 6.20965 -19.25000 125 76 53 224 -2.20727 -2.20727 -2.52573
-19.20000 5.51302 -13.70379 127 88 58 224 -2.20727 -2.20727 -2.52573
-20.46007 0.43649 -19.25000 128 86 52 224 -2.20727 -2.20727 -2.52573
-22.08727 1.66336 -19.25000 132 86 60 224 -2.20727 -2.20727 -2.52573
-20.48804 0.55805 -19.25000 131 77 52 224 -2.20727 -2.20727 -2.52573
-19.20000 6.09041 -17.50310 125 79 56 224 -2.20727 -2.20727 -2.52573
-20.60173 5.73375 -19.25000 141 79 57 224 -2.20727 -2.20727 -2.52573
-25.34930 0.53956 -19.25000 139 80 56 224 -2.20727 -2.20727 -2.52573
-19.20000 5.34803 -15.07093 131 85 56 224 -2.20727 -2.20727 -2.52573
-19.20000 4.24077 -16.09247 124 85 52 224 -2.20727 -2.20727 -2.52573
-26.40000 3.42608 -16.61394 134 84 58 224 -2.20727 -2.20727 -2.52573
-19.20000 1.58482 -16.02802 129 86 53 224 -2.20727 -2.20727 -2.52573
-26.40000 2.67721 -16.22232 137 85 58 224 -2.20727 -2.20727 -2.52573
-26.40000 2.92253 -18.70855 125 86 58 224 -2.20727 -2.20727 -2.52573
-19.94861 2.20337 -19.25000 133 82 56 224 -2.20727 -2.20727 -2.52573
-19.20000 4.39972 -13.13073 125 85 52 224 -2.20727 -2.20727 -2.52573
-19.63494 1.01753 -19.25000 124 89 59 224 -2.20727 -2.20727 -2.52573
-19.62751 1.59461 -10.75000 135 82 54 224 -2.20727 -2.20727 -2.52573
-19.20000 2.28728 -15.17717 133 87 57 224 -2.20727 -2.20727 -2.52573
-19.20000 5.29875 -19.03405 124 85 55 224 -2.20727 -2.20727 -2.52573
-19.42082 4.82129 -10.75000 135 88 55 224 -2.20727 -2.20727 -2.52573
-25.59677 0.90153 -10.75000 132 84 51 224 -2.20727 -2.20727 -2.52573
-26.40000 0.03302 -14.54887 126 77 51 224 -2.20727 -2.20727 -2.52573
-22.63272 1.12918 -19.25000 136 78 56 224 -2.20727 -2.20727 -2.52573
-19.98781 4.33601 -10.75000 142 80 54 224 -2.20727 -2.20727 -2.52573
-24.22986 0.79618 -19.25000 141 88 60 224 -2.20727 -2.20727 -2.52573
-24.81737 0.73314 -19.25000 139 87 58 224 -2.20727 -2.20727 -2.52573
-26.40000 5.91061 -15.77680 125 88 53 224 -2.20727 -2.20727 -2.52573
-20.30740 2.56028 -10.75000 127 86 54 224 -2.20727 -2.20727 -2.52573
-19.20000 3.56432 -10.85896 128 80 52 224 -2.20727 -2.20727 -2.52573
-19.20000 3.47384 -16.68900 132 82 60 224 -2.20727 -2.20727 -2.52573
-26.40000 1.96299 -14.66567 124 77 51 224 -2.20727 -2.20727 -2.52573
-19.20000 5.86321 -15.98071 141 83 52 224 -2.20727 -2.20727 -2.52573
-24.84673 0.29403 -10.75000 138 86 54 224 -2.20727 -2.20727 -2.52573
-19.20000 3.68657 -14.44774 126 89 55 224 -2.20727 -2.20727 -2.52573
-19.20000 0.05836 -13.92430 140 85 59 224 -2.20727 -2.20727 -2.52573
-20.85463 1.08643 -19.25000 139 79 57 224 -2.20727 -2.20727 -2.52573
-26.40000 3.94444 -13.28390 126 83 53 224 -2.20727 -2.20727 -2.52573
-19.20000 4.27845 -17.46428 128 78 59 224 -2.20727 -2.20727 -2.52573
-19.20000 6.17853 -16.18047 126 84 52 224 -2.20727 -2.20727 -2.52573
-26.40000 3.47323 -14.30853 126 88 60 224 -2.20727 -2.20727 -2.52573
-19.20000 4.39184 -17.73986 131 77 60 224 -2.20727 -2.20727 -2.52573
-23.46544 0.11248 -10.75000 130 77 53 224 -2.20727 -2.20727 -2.52573
-19.20000 5.14465 -16.19075 140 83 53 224 -2.20727 -2.20727 -2.52573
-21.07879 1.66313 -19.25000 138 79 55 224 -2.20727 -2.20727 -2.52573
-19.20000 3.83292 -18.23174 125 79 55 224 -2.20727 -2.20727 -2.52573
-26.40000 4.66228 -11.88043 128 78 60 224 -2.20727 -2.20727 -2.52573
-24.19460 2.83454 -10.75000 131 82 58 224 -2.20727 -2.20727 -2.52573
-26.40000 3.02201 -18.83269 140 76 60 224 -2.20727 -2.20727 -2.52573
-19.20000 5.47012 -15.50166 128 76 57 224 -2.20727 -2.20727 -2.52573
-23.47766 5.88310 -19.25000 127 81 56 224 -2.20727 -2.20727 -2.52573
-24.30661 2.02443 -19.25000 134 78 58 224 -2.20727 -2.20727 -2.52573
-26.40000 1.58530 -15.36083 122 83 61 224 -2.20727 -2.20727 -2.52573
-19.35535 2.71120 -19.25000 136 87 56 224 -2.20727 -2.20727 -2.52573
-20.45150 5.32372 -10.75000 141 87 57 224 -2.20727 -2.20727 -2.52573
-26.40000 1.37029 -17.10859 130 88 51 224 -2.20727 -2.20727 -2.52573
-26.40000 2.17865 -15.66048 128 79 59 224 -2.20727 -2.20727 -2.52573
-26.40000 0.70873 -12.63041 134 87 58 224 -2.20727 -2.20727 -2.52573
-24.85852 4.38256 -19.25000 137 81 52 224 -2.20727 -2.20727 -2.52573
-25.77115 1.32116 -19.25000 137 86 51 224 -2.20727 -2.20727 -2.52573
-26.40000 5.65061 -14.23078 136 84 58 224 -2.20727 -2.20727 -2.52573
-19.20000 5.19392 -11.62614 122 86 60 224 -2.20727 -2.20727 -2.52573
-26.40000 2.72049 -17.99317 128 77 51 224 -2.20727 -2.20727 -2.52573
-23.15016 1.79260 -19.25000 124 83 60 224 -2.20727 -2.20727 -2.52573
-19.20000 4.48570 -15.22664 141 88 58 224 -2.20727 -2.20727 -2.52573
-19.20000 2.77298 -12.20916 127 76 58 224 -2.20727 -2.20727 -2.52573
-23.63503 3.45096 -19.25000 138 78 56 224 -2.20727 -2.20727 -2.52573
-26.40000 1.38719 -15.57361 139 85 54 224 -2.20727 -2.20727 -2.52573
-24.74811 2.34107 -10.75000 142 78 53 224 -2.20727 -2.20727 -2.52573
-19.20000 0.63681 -18.04390 129 79 53 224 -2.20727 -2.20727 -2.52573
-26.01485 0.11446 -10.75000 131 87 52 224 -2.20727 -2.20727 -2.52573
-26.40000 2.11104 -11.13724 134 88 53 224 -2.20727 -2.20727 -2.52573
-20.49658 6.09199 -19.25000 124 78 54 224 -2.20727 -2.20727 -2.52573
-21.08349 1.54292 -19.25000 136 78 55 224 -2.20727 -2.20727 -2.52573
-19.20000 1.95354 -12.44632 129 82 52 224 -2.20727 -2.20727 -2.52573
-19.45997 0.11828 -10.75000 135 77 60 224 -2.20727 -2.20727 -2.52573
-26.00895 3.29042 -19.25000 130 80 59 224 -2.20727 -2.20727 -2.52573
-24.95443 5.25121 -10.75000 135 88 54 224 -2.20727 -2.20727 -2.52573
-19.20000 1.68276 -12.57069 124 79 57 224 -2.20727 -2.20727 -2.52573
-19.20000 3.55227 -12.30804 133 78 54 224 -2.20727 -2.20727 -2.52573
-22.99104 2.78334 -19.25000 128 83 58 224 -2.20727 -2.20727 -2.52573
-26.40000 1.72347 -10.95186 128 86 57 224 -2.20727 -2.20727 -2.52573
-23.60569 3.39822 -19.25000 124 86 51 224 -2.20727 -2.20727 -2.52573
-19.20000 1.26793 -17.02204 141 86 52 224 -2.20727 -2.20727 -2.52573
-21.82718 6.08069 -10.75000 131 87 60 224 -2.20727 -2.20727 -2.52573
-25.13599 1.63655 -19.25000 127 83 57 224 -2.20727 -2.20727 -2.52573
-19.20000 0.25461 -17.52685 142 88 55 224 -2.20727 -2.20727 -2.52573
-26.40000 1.99018 -17.96453 135 85 52 224 -2.20727 -2.20727 -2.52573
-23.61132 0.06189 -10.75000 130 82 58 224 -2.20727 -2.20727 -2.52573
-20.60013 2.78756 -10.75000 135 78 53 224 -2.20727 -2.20727 -2.52573
-22.97995 2.82351 -19.25000 131 80 51 224 -2.20727 -2.20727 -2.52573
-26.40000 4.52776 -11.34855 129 82 52 224 -2.20727 -2.20727 -2.52573
-26.07428 0.79922 -10.75000 126 77 58 224 -2.20727 -2.20727 -2.52573
-26.40000 5.61058 -19.11768 131 77 58 224 -2.20727 -2.20727 -2.52573
-19.20000 0.17832 -11.92957 130 85 61 224 -2.20727 -2.20727 -2.52573
-26.14573 2.21019 -19.25000 142 83 54 224 -2.20727 -2.20727 -2.52573
-26.40000 4.00892 -11.03740 139 82 54 224 -2.20727 -2.20727 -2.52573
-25.81030 1.00964 -10.75000 133 84 59 224 -2.20727 -2.20727 -2.52573
-20.31536 2.23245 -10.75000 139 80 59 224 -2.20727 -2.20727 -2.52573
-21.78753 5.40207 -19.25000 138 83 59 224 -2.20727 -2.20727 -2.52573
-19.96094 2.81496 -10.75000 137 82 52 224 -2.20727 -2.20727 -2.52573
-19.20000 2.04702 -14.63139 129 77 60 224 -2.20727 -2.20727 -2.52573
-19.20000 4.65366 -18.60913 125 81 51 224 -2.20727 -2.20727 -2.52573
-23.84689 1.58633 -19.25000 122 86 55 224 -2.20727 -2.20727 -2.52573
-19.20000 1.09939 -17.42103 137 87 52 224 -2.20727 -2.20727 -2.52573
-24.14327 5.10197 -10.75000 130 79 60 224 -2.20727 -2.20727 -2.52573
-23.28369 5.17236 -19.25000 128 83 51 224 -2.20727 -2.20727 -2.52573
-19.20000 5.67875 -18.55238 135 83 53 224 -2.20727 -2.20727 -2.52573
-26.40000 1.50910 -11.22559 129 85 59 224 -2.20727 -2.20727 -2.52573
-19.20000 3.13714 -16.08732 128 77 60 224 -2.20727 -2.20727 -2.52573
-21.99440 4.54952 -10.75000 128 77 51 224 -2.20727 -2.20727 -2.52573
-19.20000 4.81069 -14.34356 126 85 60 224 -2.20727 -2.20727 -2.52573
-26.40000 5.43715 -17.93841 129 77 59 224 -2.20727 -2.20727 -2.52573
-20.91265 2.90219 -10.75000 131 84 53 224 -2.20727 -2.20727 -2.52573
-19.20000 4.96301 -11.04080 138 88 57 224 -2.20727 -2.20727 -2.52573
-26.40000 3.15359 -13.69328 138 86 61 224 -2.20727 -2.20727 -2.52573
-19.20000 1.35477 -11.35824 140 78 52 224 -2.20727 -2.20727 -2.52573
-24.20733 4.30860 -19.25000 123 78 53 224 -2.20727 -2.20727 -2.52573
-25.72626 1.73251 -19.25000 122 85 54 224 -2.20727 -2.20727 -2.52573
-19.20000 4.90285 -19.07248 134 82 56 224 -2.20727 -2.20727 -2.52573
-25.91911 0.58256 -19.25000 124 83 52 224 -2.20727 -2.20727 -2.52573
-26.40000 2.86920 -18.40512 126 77 51 224 -2.20727 -2.20727 -2.52573
-26.40000 2.13170 -16.88511 136 77 55 224 -2.20727 -2.20727 -2.52573
-22.58982 3.41397 -19.25000 138 83 57 224 -2.20727 -2.20727 -2.52573
-26.40000 1.02284 -11.81932 126 85 61 224 -2.20727 -2.20727 -2.52573
-26.40000 4.51646 -12.59739 127 88 52 224 -2.20727 -2.20727 -2.52573
-22.41204 1.11453 -10.75000 135 86 54 224 -2.20727 -2.20727 -2.52573
-19.20000 1.06824 -11.22586 137 79 54 224 -2.20727 -2.20727 -2.52573
-19.20000 0.58902 -14.18421 142 79 53 224 -2.20727 -2.20727 -2.52573
-19.20000 3.84126 -11.42557 134 86 53 224 -2.20727 -2.20727 -2.52573
-23.25538 0.34413 -19.25000 134 80 54 224 -2.20727 -2.20727 -2.52573
-23.52961 3.94566 -19.25000 137 81 53 224 -2.20727 -2.20727 -2.52573
-20.89530 3.42094 -19.25000 136 88 60 224 -2.20727 -2.20727 -2.52573
-19.20000 0.90437 -17.08541 125 76 59 224 -2.20727 -2.20727 -2.52573
-26.40000 6.18880 -11.43242 123 78 55 224 -2.20727 -2.20727 -2.52573
-26.40000 2.67154 -13.81287 142 80 51 224 -2.20727 -2.20727 -2.52573
-20.96491 2.99735 -10.75000 128 78 52 224 -2.20727 -2.20727 -2.52573
-23.65462 0.39296 -19.25000 127 79 56 224 -2.20727 -2.20727 -2.52573
-23.26879 2.17252 -10.75000 138 77 54 224 -2.20727 -2.20727 -2.52573
-23.16175 0.48142 -19.25000 136 83 51 224 -2.20727 -2.20727 -2.52573
-24.40894 4.78806 -19.25000 132 85 59 224 -2.20727 -2.20727 -2.52573
-19.20000 0.78801 -12.02037 132 85 58 224 -2.20727 -2.20727 -2.52573
-24.40960 0.06548 -10.75000 123 77 54 224 -2.20727 -2.20727 -2.52573
-26.40000 3.10911 -11.02817 124 85 58 224 -2.20727 -2.20727 -2.52573
-20.82372 5.38490 -10.75000 137 84 51 224 -2.20727 -2.20727 -2.52573
-19.20000 1.65566 -17.56123 132 83 56 224 -2.20727 -2.20727 -2.52573
-20.83046 3.24259 -19.25000 141 82 51 224 -2.20727 -2.20727 -2.52573
-19.20000 0.91612 -13.70678 125 82 55 224 -2.20727 -2.20727 -2.52573
-26.40000 6.19002 -10.76405 126 86 56 224 -2.20727 -2.20727 -2.52573
-19.20000 2.57225 -18.50983 131 84 54 224 -2.20727 -2.20727 -2.52573
-26.40000 2.39128 -18.54811 130 80 60 224 -2.20727 -2.20727 -2.52573
-20.26010 1.37598 -10.75000 130 80 55 224 -2.20727 -2.20727 -2.52573
-19.20000 1.92712 -19.03634 125 78 54 224 -2.20727 -2.20727 -2.52573
-24.82389 3.35003 -10.75000 122 85 53 224 -2.20727 -2.20727 -2.52573
-26.40000 0.19807 -13.53215 128 78 58 224 -2.20727 -2.20727 -2.52573
-26.40000 0.62108 -14.48716 135 76 54 224 -2.20727 -2.20727 -2.52573
-26.40000 5.95430 -16.01586 128 84 53 224 -2.20727 -2.20727 -2.52573
-20.93660 1.83112 -19.25000 137 76 54 224 -2.20727 -2.20727 -2.52573
-19.20000 2.59652 -17.87626 122 79 52 224 -2.20727 -2.20727 -2.52573
-23.93280 4.95590 -10.75000 126 83 58 224 -2.20727 -2.20727 -2.52573
-19.20000 1.97656 -16.47725 133 78 55 224 -2.20727 -2.20727 -2.52573
-19.20000 2.28580 -15.25145 140 82 58 224 -2.20727 -2.20727 -2.52573
-26.37828 6.27462 -19.25000 126 89 59 224 -2.20727 -2.20727 -2.52573
-19.35167 2.50350 -19.25000 123 87 56 224 -2.20727 -2.20727 -2.52573
-23.19800 2.75421 -10.75000 137 87 52 224 -2.20727 -2.20727 -2.52573
-21.18126 5.34213 -10.75000 124 86 57 224 -2.20727 -2.20727 -2.52573
-26.40000 1.50772 -18.64673 140 88 53 224 -2.20727 -2.20727 -2.52573
-23.30628 3.48584 -19.25000 131 80 56 224 -2.20727 -2.20727 -2.52573
-19.20000 5.55403 -18.99999 128 86 57 224 -2.20727 -2.20727 -2.52573
-26.40000 3.06630 -14.08625 135 81 57 224 -2.20727 -2.20727 -2.52573
-19.20000 3.45270 -13.87922 128 77 59 224 -2.20727 -2.20727 -2.52573
-19.87713 1.83759 -10.75000 123 85 54 224 -2.20727 -2.20727 -2.52573
-21.06079 2.61460 -19.25000 140 87 58 224 -2.20727 -2.20727 -2.52573
-19.20000 4.67984 -18.32459 142 83 58 224 -2.20727 -2.20727 -2.52573
-19.20000 1.82170 -11.93543 128 84 60 224 -2.20727 -2.20727 -2.52573
-19.20000 1.43723 -12.74324 133 80 55 224 -2.20727 -2.20727 -2.52573
-25.01728 2.64073 -10.75000 140 82 54 224 -2.20727 -2.20727 -2.52573
-25.66586 1.99939 -19.25000 138 79 52 224 -2.20727 -2.20727 -2.52573
-21.03458 2.57111 -19.25000 123 82 60 224 -2.20727 -2.20727 -2.52573
-19.20000 2.50410 -17.24944 123 82 60 224 -2.20727 -2.20727 -2.52573
-23.33666 5.17114 -19.25000 131 84 56 224 -2.20727 -2.20727 -2.52573
-26.40000 4.21961 -17.58057 134 88 53 224 -2.20727 -2.20727 -2.52573
-26.40000 4.33559 -14.21919 127 85 60 224 -2.20727 -2.20727 -2.52573
-19.20000 5.40559 -15.29319 141 81 55 224 -2.20727 -2.20727 -2.52573
-19.20000 3.85422 -12.24637 140 82 59 224 -2.20727 -2.20727 -2.52573
-21.21212 0.01067 -10.75000 141 80 60 224 -2.20727 -2.20727 -2.52573
-19.20000 4.99530 -11.31694 126 85 60 224 -2.20727 -2.20727 -2.52573
-26.40000 0.44834 -18.42522 129 81 51 224 -2.20727 -2.20727 -2.52573
-21.07242 2.70889 -10.75000 142 85 54 224 -2.20727 -2.20727 -2.52573
-26.40000 1.06624 -11.35968 133 80 51 224 -2.20727 -2.20727 -2.52573
-20.84959 1.28509 -19.25000 123 81 56 224 -2.20727 -2.20727 -2.52573
-19.20000 0.33421 -15.65112 136 85 57 224 -2.20727 -2.20727 -2.52573
-20.92889 4.12257 -10.75000 134 86 58 224 -2.20727 -2.20727 -2.52573
-19.20000 1.05326 -13.00040 126 84 59 224 -2.20727 -2.20727 -2.52573
-26.40000 0.83490 -15.88985 131 79 54 224 -2.20727 -2.20727 -2.52573
-26.40000 5.23159 -15.06875 140 82 58 224 -2.20727 -2.20727 -2.52573
-19.20000 1.62718 -12.37661 127 78 57 224 -2.20727 -2.20727 -2.52573
-19.20000 5.56189 -16.61500 124 79 56 224 -2.20727 -2.20727 -2.52573
-26.40000 2.35753 -15.07262 142 86 57 224 -2.20727 -2.20727 -2.52573
-26.20228 6.69499 -14.79048 25 28 30 234 -2.12026 -2.12026 -2.81341
-24.74270 7.46469 -19.79819 25 28 30 234 -2.12026 -2.12026 -2.81341
-19.32080 6.65702 -12.81226 25 28 30 234 -2.12026 -2.12026 -2.81341
-24.34299 7.67058 -15.65592 25 28 30 234 -2.12026 -2.12026 -2.81341
-25.93889 6.91317 -11.88791 25 28 30 234 -2.12026 -2.12026 -2.81341
-19.35397 6.70506 -10.08810 25 28 30 234 -2.12026 -2.12026 -2.81341
-19.24407 6.64210 -16.93019 25 28 30 234 -2.12026 -2.12026 -2.81341
-22.47566 8.27303 -13.78191 25 28 30 234 -2.12026 -2.12026 -2.81341
-25.47920 7.07714 -16.83244 25 28 30 234 -2.12026 -2.12026 -2.81341
-20.28763 7.17865 -11.50292 25 28 30 234 -2.12026 -2.12026 -2.81341
-18.79369 6.40752 -14.79656 25 28 30 234 -2.12026 -2.12026 -2.81341
-25.39212 7.06462 -10.38206 25 28 30 234 -2.12026 -2.12026 -2.81341
-22.28931 8.09786 -12.80063 25 28 30 234 -2.12026 -2.12026 -2.81341
-20.38619 7.17212 -13.00760 25 28 30 234 -2.12026 -2.12026 -2.81341
-26.05309 6.86334 -10.31553 25 28 30 234 -2.12026 -2.12026 -2.81341
-18.52168 6.31044 -19.72747 25 28 30 234 -2.12026 -2.12026 -2.81341
-24.40136 7.59917 -15.22055 25 28 30 234 -2.12026 -2.12026 -2.81341
-24.54234 7.56957 -16.38389 25 28 30 234 -2.12026 -2.12026 -2.81341
-19.05842 6.58913 -17.63332 25 28 30 234 -2.12026 -2.12026 -2.81341
-20.70037 7.41268 -12.63105 25 28 30 234 -2.12026 -2.12026 -2.81341
-26.31464 6.68022 -15.21351 25 28 30 234 -2.12026 -2.12026 -2.81341
-19.19390 6.59611 -16.02471 25 28 30 234 -2.12026 -2.12026 -2.81341
-26.91067 6.33792 -13.21430 25 28 30 234 -2.12026 -2.12026 -2.81341
-18.71781 6.38619 -17.29255 25 28 30 234 -2.12026 -2.12026 -2.81341
-22.44709 8.19579 -11.34860 25 28 30 234 -2.12026 -2.12026 -2.81341
-22.43574 8.23313 -13.70088 25 28 30 234 -2.12026 -2.12026 -2.81341
-24.07292 7.76276 -19.38134 25 28 30 234 -2.12026 -2.12026 -2.81341
-21.30079 7.67627 -17.88793 25 28 30 234 -2.12026 -2.12026 -2.81341
-21.65835 7.83507 -13.36406 25 28 30 234 -2.12026 -2.12026 -2.81341
-27.04545 6.31902 -10.18007 25 28 30 234 -2.12026 -2.12026 -2.81341
-18.89454 6.52460 -17.87863 25 28 30 234 -2.12026 -2.12026 -2.81341
-23.70719 7.95809 -13.63232 25 28 30 234 -2.12026 -2.12026 -2.81341
-19.47201 6.73584 -17.28926 25 28 30 234 -2.12026 -2.12026 -2.81341
-23.78783 7.94317 -13.67578 25 28 30 234 -2.12026 -2.12026 -2.81341
-27.09326 6.23231 -15.90243 25 28 30 234 -2.12026 -2.12026 -2.81341
-24.44751 7.58242 -10.90225 25 28 30 234 -2.12026 -2.12026 -2.81341
-20.20462 7.09923 -19.44274 25 28 30 234 -2.12026 -2.12026 -2.81341
-23.23361 8.18577 -11.65315 25 28 30 234 -2.12026 -2.12026 -2.81341
-19.59642 6.73553 -11.93050 25 28 30 234 -2.12026 -2.12026 -2.81341
-18.71938 6.36872 -14.36766 25 28 30 234 -2.12026 -2.12026 -2.81341
-25.52850 7.05869 -16.55764 25 28 30 234 -2.12026 -2.12026 -2.81341
-26.74998 6.49505 -16.66739 25 28 30 234 -2.12026 -2.12026 -2.81341
-24.99372 7.35268 -10.59766 25 28 30 234 -2.12026 -2.12026 -2.81341
-19.50379 6.80390 -12.79416 25 28 30 234 -2.12026 -2.12026 -2.81341
-21.29845 7.68039 -18.27473 25 28 30 234 -2.12026 -2.12026 -2.81341
-22.24523 8.14607 -19.18812 25 28 30 234 -2.12026 -2.12026 -2.81341
-18.51776 6.29754 -11.88318 25 28 30 234 -2.12026 -2.12026 -2.81341
-24.20698 7.69489 -12.18928 25 28 30 234 -2.12026 -2.12026 -2.81341
-24.46389 7.49581 -10.12794 25 28 30 234 -2.12026 -2.12026 -2.81341
-22.46285 8.23742 -16.90299 25 28 30 234 -2.12026 -2.12026 -2.81341
-23.77539 7.89552 -19.63872 25 28 30 234 -2.12026 -2.12026 -2.81341
-20.47923 7.18382 -16.82530 25 28 30 234 -2.12026 -2.12026 -2.81341
-21.97884 7.95329 -11.86938 25 28 30 234 -2.12026 -2.12026 -2.81341
-25.04097 7.24013 -11.26268 25 28 30 234 -2.12026 -2.12026 -2.81341
-20.91810 7.44195 -11.57039 25 28 30 234 -2.12026 -2.12026 -2.81341
-19.23160 6.59767 -19.80534 25 28 30 234 -2.12026 -2.12026 -2.81341
-25.63573 7.03336 -15.80583 25 28 30 234 -2.12026 -2.12026 -2.81341
-23.44218 8.06723 -15.33932 25 28 30 234 -2.12026 -2.12026 -2.81341
-22.64306 8.38712 -19.77185 25 28 30 234 -2.12026 -2.12026 -2.81341
-22.59824 8.27599 -19.10900 25 28 30 234 -2.12026 -2.12026 -2.81341
-19.46231 6.76386 -16.63453 25 28 30 234 -2.12026 -2.12026 -2.81341
-21.96507 7.95539 -10.91498 25 28 30 234 -2.12026 -2.12026 -2.81341
-22.62920 8.24483 -13.74981 25 28 30 234 -2.12026 -2.12026 -2.81341
-21.40306 7.73865 -17.38808 25 28 30 234 -2.12026 -2.12026 -2.81341
-23.75458 7.89774 -17.30938 25 28 30 234 -2.12026 -2.12026 -2.81341
-23.09709 8.13821 -11.98622 25 28 30 234 -2.12026 -2.12026 -2.81341
-26.66101 6.48680 -10.90769 25 28 30 234 -2.12026 -2.12026 -2.81341
-22.51862 8.29854 -14.55772 25 28 30 234 -2.12026 -2.12026 -2.81341
-23.26353 8.16148 -11.98068 25 28 30 234 -2.12026 -2.12026 -2.81341
-21.93607 7.95332 -19.87064 25 28 30 234 -2.12026 -2.12026 -2.81341
-24.09288 7.76677 -19.93400 25 28 30 234 -2.12026 -2.12026 -2.81341
-18.92794 6.51058 -18.81878 25 28 30 234 -2.12026 -2.12026 -2.81341
-26.10438 6.78756 -14.46415 25 28 30 234 -2.12026 -2.12026 -2.81341
-24.87582 7.44366 -18.89033 25 28 30 234 -2.12026 -2.12026 -2.81341
-20.43764 7.21294 -14.56133 25 28 30 234 -2.12026 -2.12026 -2.81341
-24.16798 7.72923 -13.75515 25 28 30 234 -2.12026 -2.12026 -2.81341
-20.40623 7.17367 -18.95924 25 28 30 234 -2.12026 -2.12026 -2.81341
-26.24803 6.65486 -14.47682 25 28 30 234 -2.12026 -2.12026 -2.81341
-19.99476 6.96672 -10.12794 25 28 30 234 -2.12026 -2.12026 -2.81341
-20.29801 7.15500 -16.14235 25 28 30 234 -2.12026 -2.12026 -2.81341
-26.08291 6.83590 -17.51147 25 28 30 234 -2.12026 -2.12026 -2.81341
-23.07729 8.22768 -14.37644 25 28 30 234 -2.12026 -2.12026 -2.81341
-25.61819 7.01114 -11.43642 25 28 30 234 -2.12026 -2.12026 -2.81341
-23.90814 7.84453 -19.24609 25 28 30 234 -2.12026 -2.12026 -2.81341
-18.60973 6.33434 -14.87491 25 28 30 234 -2.12026 -2.12026 -2.81341
-26.70811 6.51145 -14.28593 25 28 30 234 -2.12026 -2.12026 -2.81341
-23.87599 7.86162 -18.85931 25 28 30 234 -2.12026 -2.12026 -2.81341
-22.18028 8.11114 -14.33850 25 28 30 234 -2.12026 -2.12026 -2.81341
-19.17610 6.59677 -18.36213 25 28 30 234 -2.12026 -2.12026 -2.81341
-18.53386 6.31649 -15.78730 25 28 30 234 -2.12026 -2.12026 -2.81341
-23.47360 8.06341 -15.70058 25 28 30 234 -2.12026 -2.12026 -2.81341
-21.05039 7.50670 -10.20843 25 28 30 234 -2.12026 -2.12026 -2.81341
-25.45730 7.11979 -17.61617 25 28 30 234 -2.12026 -2.12026 -2.81341
-25.88301 6.88244 -16.46556 25 28 30 234 -2.12026 -2.12026 -2.81341
-22.48703 8.17705 -13.93580 25 28 30 234 -2.12026 -2.12026 -2.81341
-21.36778 7.65181 -17.63908 25 28 30 234 -2.12026 -2.12026 -2.81341
-21.80391 7.90046 -16.71201 25 28 30 234 -2.12026 -2.12026 -2.81341
-24.43892 7.54947 -15.26443 25 28 30 234 -2.12026 -2.12026 -2.81341
-26.46538 6.59347 -14.91710 25 28 30 234 -2.12026 -2.12026 -2.81341
-20.24020 7.14744 -15.99429 25 28 30 234 -2.12026 -2.12026 -2.81341
-24.01183 7.82025 -10.96870 25 28 30 234 -2.12026 -2.12026 -2.81341
-18.74076 6.41448 -14.64533 25 28 30 234 -2.12026 -2.12026 -2.81341
-20.61670 7.32559 -13.42035 25 28 30 234 -2.12026 -2.12026 -2.81341
-23.30940 8.19006 -12.32696 25 28 30 234 -2.12026 -2.12026 -2.81341
-21.76333 7.93006 -19.72495 25 28 30 234 -2.12026 -2.12026 -2.81341
-26.06474 6.78076 -16.15770 25 28 30 234 -2.12026 -2.12026 -2.81341
-22.07673 8.01925 -16.54933 25 28 30 234 -2.12026 -2.12026 -2.81341
-24.49411 7.55672 -16.48407 25 28 30 234 -2.12026 -2.12026 -2.81341
-24.39874 7.64717 -18.79917 25 28 30 234 -2.12026 -2.12026 -2.81341
-26.99438 6.32505 -15.94518 25 28 30 234 -2.12026 -2.12026 -2.81341
-19.57880 6.77006 -17.73565 25 28 30 234 -2.12026 -2.12026 -2.81341
-26.07658 6.81657 -17.18946 25 28 30 234 -2.12026 -2.12026 -2.81341
-21.34653 7.67043 -17.26278 25 28 30 234 -2.12026 -2.12026 -2.81341
-26.00515 6.80216 -12.93899 25 28 30 234 -2.12026 -2.12026 -2.81341
-20.82125 7.39656 -11.06927 25 28 30 234 -2.12026 -2.12026 -2.81341
-21.87789 7.91305 -19.74643 25 28 30 234 -2.12026 -2.12026 -2.81341
-22.51670 8.25279 -13.38550 25 28 30 234 -2.12026 -2.12026 -2.81341
-26.84661 6.39390 -16.85655 25 28 30 234 -2.12026 -2.12026 -2.81341
-20.17283 7.12376 -14.32480 25 28 30 234 -2.12026 -2.12026 -2.81341
-24.57771 7.45352 -16.08651 25 28 30 234 -2.12026 -2.12026 -2.81341
-25.57631 7.03855 -13.79851 25 28 30 234 -2.12026 -2.12026 -2.81341
-22.62967 8.28672 -17.93414 25 28 30 234 -2.12026 -2.12026 -2.81341
-21.70997 7.84353 -12.01683 25 28 30 234 -2.12026 -2.12026 -2.81341
-19.05527 6.57593 -17.80472 25 28 30 234 -2.12026 -2.12026 -2.81341
-26.43224 6.53337 -14.06794 25 28 30 234 -2.12026 -2.12026 -2.81341
-26.50574 6.59008 -18.60707 25 28 30 234 -2.12026 -2.12026 -2.81341
-20.01507 7.01648 -15.21784 25 28 30 234 -2.12026 -2.12026 -2.81341
-21.50695 7.75273 -10.97568 25 28 30 234 -2.12026 -2.12026 -2.81341
-20.34446 7.17942 -11.29144 25 28 30 234 -2.12026 -2.12026 -2.81341
-23.33806 8.11986 -13.81669 25 28 30 234 -2.12026 -2.12026 -2.81341
-22.37040 8.17781 -12.34688 25 28 30 234 -2.12026 -2.12026 -2.81341
-25.78425 6.96507 -13.64137 25 28 30 234 -2.12026 -2.12026 -2.81341
-25.19684 7.22929 -13.88878 25 28 30 234 -2.12026 -2.12026 -2.81341
-25.77411 6.98684 -11.08138 25 28 30 234 -2.12026 -2.12026 -2.81341
-18.85683 6.43414 -18.80781 25 28 30 234 -2.12026 -2.12026 -2.81341
-24.02260 7.78915 -16.40759 25 28 30 234 -2.12026 -2.12026 -2.81341
-22.33195 8.12944 -16.63603 25 28 30 234 -2.12026 -2.12026 -2.81341
-22.82351 8.42823 -18.79912 25 28 30 234 -2.12026 -2.12026 -2.81341
-19.15822 6.60434 -14.33938 25 28 30 234 -2.12026 -2.12026 -2.81341
-19.94813 6.99232 -13.53854 25 28 30 234 -2.12026 -2.12026 -2.81341
-22.66483 8.35941 -14.49171 25 28 30 234 -2.12026 -2.12026 -2.81341
-22.83242 8.37023 -12.08487 25 28 30 234 -2.12026 -2.12026 -2.81341
-23.83516 7.91085 -18.98248 25 28 30 234 -2.12026 -2.12026 -2.81341
-19.68205 6.88953 -12.48466 25 28 30 234 -2.12026 -2.12026 -2.81341
-18.74386 6.39888 -18.51053 25 28 30 234 -2.12026 -2.12026 -2.81341
-25.42830 7.08087 -12.62681 25 28 30 234 -2.12026 -2.12026 -2.81341
-21.93845 7.96523 -11.63299 25 28 30 234 -2.12026 -2.12026 -2.81341
-21.95923 7.98366 -14.70451 25 28 30 234 -2.12026 -2.12026 -2.81341
-23.79496 7.89343 -13.10271 25 28 30 234 -2.12026 -2.12026 -2.81341
-20.98090 7.47757 -19.08744 25 28 30 234 -2.12026 -2.12026 -2.81341
-21.77406 7.87951 -18.08885 25 28 30 234 -2.12026 -2.12026 -2.81341
-26.81487 6.40170 -17.64871 25 28 30 234 -2.12026 -2.12026 -2.81341
-18.63304 6.36182 -16.24405 25 28 30 234 -2.12026 -2.12026 -2.81341
-20.39103 7.22513 -16.05408 25 28 30 234 -2.12026 -2.12026 -2.81341
-19.55602 6.77537 -15.15679 25 28 30 234 -2.12026 -2.12026 -2.81341
-23.05514 8.24150 -12.41478 25 28 30 234 -2.12026 -2.12026 -2.81341
-19.60505 6.82443 -11.02319 25 28 30 234 -2.12026 -2.12026 -2.81341
-22.08402 7.98044 -14.60519 25 28 30 234 -2.12026 -2.12026 -2.81341
-20.23058 7.11399 -15.48171 25 28 30 234 -2.12026 -2.12026 -2.81341
-26.22239 6.68619 -13.37947 25 28 30 234 -2.12026 -2.12026 -2.81341
-23.41665 8.11920 -13.85341 25 28 30 234 -2.12026 -2.12026 -2.81341
-20.69295 7.33949 -13.79951 25 28 30 234 -2.12026 -2.12026 -2.81341
-19.89723 6.91051 -18.79333 25 28 30 234 -2.12026 -2.12026 -2.81341
-22.70707 8.34563 -16.56626 25 28 30 234 -2.12026 -2.12026 -2.81341
-21.08741 7.52009 -10.69704 25 28 30 234 -2.12026 -2.12026 -2.81341
-22.24586 8.09405 -17.26702 25 28 30 234 -2.12026 -2.12026 -2.81341
-24.63669 7.48967 -11.45203 25 28 30 234 -2.12026 -2.12026 -2.81341
-20.21649 7.15209 -15.29132 25 28 30 234 -2.12026 -2.12026 -2.81341
-20.93135 7.49811 -13.45361 25 28 30 234 -2.12026 -2.12026 -2.81341
-21.47619 7.72609 -16.22432 25 28 30 234 -2.12026 -2.12026 -2.81341
-22.26566 8.10445 -15.50116 25 28 30 234 -2.12026 -2.12026 -2.81341
-22.78847 8.36436 -13.09060 25 28 30 234 -2.12026 -2.12026 -2.81341
-18.72890 6.40353 -13.91685 25 28 30 234 -2.12026 -2.12026 -2.81341
-20.78941 7.37511 -18.36431 25 28 30 234 -2.12026 -2.12026 -2.81341
-20.62907 7.37784 -10.10232 25 28 30 234 -2.12026 -2.12026 -2.81341
-26.22480 6.75462 -15.81231 25 28 30 234 -2.12026 -2.12026 -2.81341
-23.16069 8.20672 -11.25995 25 28 30 234 -2.12026 -2.12026 -2.81341
-22.41667 8.17041 -13.76824 25 28 30 234 -2.12026 -2.12026 -2.81341
-25.98505 6.87659 -18.22805 25 28 30 234 -2.12026 -2.12026 -2.81341
-20.16244 7.08768 -18.71930 25 28 30 234 -2.12026 -2.12026 -2.81341
-12.11931 1.84247 -19.25000 140 82 57 224 -2.20727 -2.20727 -2.52573
-10.30394 2.90790 -19.25000 132 80 51 224 -2.20727 -2.20727 -2.52573
-10.93743 8.29699 -19.25000 141 87 60 224 -2.20727 -2.20727 -2.52573
-13.99568 1.81515 -19.25000 140 79 59 224 -2.20727 -2.20727 -2.52573
-16.25273 7.25719 -19.25000 139 77 53 224 -2.20727 -2.20727 -2.52573
-14.69573 4.23330 -10.75000 126 80 54 224 -2.20727 -2.20727 -2.52573
-17.14379 1.43101 -10.75000 129 76 59 224 -2.20727 -2.20727 -2.52573
-17.20000 1.79255 -12.57867 136 76 53 224 -2.20727 -2.20727 -2.52573
-17.14565 0.33612 -10.75000 134 78 54 224 -2.20727 -2.20727 -2.52573
-13.62006 2.00204 -19.25000 123 82 55 224 -2.20727 -2.20727 -2.52573
-10.00000 3.81034 -12.36235 132 78 56 224 -2.20727 -2.20727 -2.52573
-12.00845 0.42982 -10.75000 126 78 55 224 -2.20727 -2.20727 -2.52573
-15.75420 1.23219 -10.75000 136 81 56 224 -2.20727 -2.20727 -2.52573
-10.00000 6.52140 -12.81822 129 80 59 224 -2.20727 -2.20727 -2.52573
-10.00000 6.56302 -16.82215 127 85 58 224 -2.20727 -2.20727 -2.52573
-14.49630 2.25700 -10.75000 142 76 58 224 -2.20727 -2.20727 -2.52573
-12.43369 7.24544 -10.75000 141 88 57 224 -2.20727 -2.20727 -2.52573
-14.89338 5.22009 -19.25000 124 83 51 224 -2.20727 -2.20727 -2.52573
-14.52527 4.76750 -19.25000 142 76 58 224 -2.20727 -2.20727 -2.52573
-13.19372 2.24325 -19.25000 130 79 51 224 -2.20727 -2.20727 -2.52573
-10.00000 3.91221 -12.45538 126 77 58 224 -2.20727 -2.20727 -2.52573
-15.77508 7.94647 -19.25000 140 79 57 224 -2.20727 -2.20727 -2.52573
-10.00000 4.44046 -16.54783 138 79 60 224 -2.20727 -2.20727 -2.52573
-12.57586 0.94672 -10.75000 122 87 60 224 -2.20727 -2.20727 -2.52573
-10.32553 4.83837 -10.75000 134 85 52 224 -2.20727 -2.20727 -2.52573
-10.00000 4.61260 -12.35672 137 87 61 224 -2.20727 -2.20727 -2.52573
-14.33517 8.18579 -10.75000 137 82 58 224 -2.20727 -2.20727 -2.52573
-12.47989 3.99039 -10.75000 142 88 57 224 -2.20727 -2.20727 -2.52573
-12.01028 1.97037 -19.25000 140 77 56 224 -2.20727 -2.20727 -2.52573
-11.16995 5.15699 -19.25000 137 85 60 224 -2.20727 -2.20727 -2.52573
-10.00000 7.79020 -18.56475 130 86 55 224 -2.20727 -2.20727 -2.52573
-10.00000 1.38532 -18.79877 136 78 55 224 -2.20727 -2.20727 -2.52573
-10.00000 3.66046 -17.89497 134 87 60 224 -2.20727 -2.20727 -2.52573
-10.00000 0.66932 -11.88677 134 78 56 224 -2.20727 -2.20727 -2.52573
-17.20000 8.67994 -11.01976 141 77 53 224 -2.20727 -2.20727 -2.52573
-17.20000 1.90538 -16.81427 127 88 51 224 -2.20727 -2.20727 -2.52573
-10.00000 0.54825 -17.29745 134 80 53 224 -2.20727 -2.20727 -2.52573
-17.20000 4.00380 -13.58407 124 82 56 224 -2.20727 -2.20727 -2.52573
-16.82020 3.75099 -19.25000 139 78 60 224 -2.20727 -2.20727 -2.52573
-17.20000 8.35164 -13.58819 139 78 51 224 -2.20727 -2.20727 -2.52573
-14.50650 2.46192 -10.75000 127 83 51 224 -2.20727 -2.20727 -2.52573
-17.20000 8.65634 -14.88700 141 78 52 224 -2.20727 -2.20727 -2.52573
-14.92160 5.12940 -19.25000 134 80 55 224 -2.20727 -2.20727 -2.52573
-10.00000 5.25109 -12.41818 137 87 59 224 -2.20727 -2.20727 -2.52573
-15.26958 3.52316 -10.75000 139 86 52 224 -2.20727 -2.20727 -2.52573
-10.00000 1.75376 -14.78865 122 85 51 224 -2.20727 -2.20727 -2.52573
-14.69051 5.66476 -10.75000 132 89 55 224 -2.20727 -2.20727 -2.52573
-13.28723 4.16926 -19.25000 125 87 52 224 -2.20727 -2.20727 -2.52573
-12.58706 8.55907 -19.25000 126 82 59 224 -2.20727 -2.20727 -2.52573
-10.00000 7.13697 -11.15136 125 83 53 224 -2.20727 -2.20727 -2.52573
-14.96855 3.52885 -19.25000 130 87 59 224 -2.20727 -2.20727 -2.52573
-10.00000 1.82138 -15.13553 133 78 60 224 -2.20727 -2.20727 -2.52573
-17.20000 7.59793 -14.64708 132 79 60 224 -2.20727 -2.20727 -2.52573
-17.20000 7.18883 -11.49661 137 77 53 224 -2.20727 -2.20727 -2.52573
-10.00000 0.50543 -15.13176 141 78 51 224 -2.20727 -2.20727 -2.52573
-16.01575 4.23973 -19.25000 127 78 54 224 -2.20727 -2.20727 -2.52573
-10.00000 0.12768 -13.26581 141 88 55 224 -2.20727 -2.20727 -2.52573
-10.00000 7.74142 -17.39395 129 79 56 224 -2.20727 -2.20727 -2.52573
-10.00000 1.14966 -12.67896 137 84 55 224 -2.20727 -2.20727 -2.52573
-10.00000 6.21738 -13.27234 138 84 52 224 -2.20727 -2.20727 -2.52573
-17.20000 4.54843 -14.43913 133 80 55 224 -2.20727 -2.20727 -2.52573
-16.84854 6.44179 -19.25000 132 86 51 224 -2.20727 -2.20727 -2.52573
-13.39214 4.85012 -19.25000 124 77 59 224 -2.20727 -2.20727 -2.52573
-11.60916 2.85119 -19.25000 135 79 59 224 -2.20727 -2.20727 -2.52573
-17.20000 3.44424 -17.14334 126 80 52 224 -2.20727 -2.20727 -2.52573
-11.21880 0.47678 -19.25000 122 83 54 224 -2.20727 -2.20727 -2.52573
-17.20000 8.44829 -11.46932 141 88 60 224 -2.20727 -2.20727 -2.52573
-10.11086 2.77531 -19.25000 134 85 53 224 -2.20727 -2.20727 -2.52573
-11.11730 0.14801 -10.75000 137 81 51 224 -2.20727 -2.20727 -2.52573
-10.00000 5.44077 -12.61600 123 88 55 224 -2.20727 -2.20727 -2.52573
-17.20000 3.40674 -18.99537 125 88 59 224 -2.20727 -2.20727 -2.52573
-10.00000 1.94709 -10.75284 141 79 59 224 -2.20727 -2.20727 -2.52573
-12.63511 5.04586 -10.75000 127 85 52 224 -2.20727 -2.20727 -2.52573
-12.32714 0.53026 -19.25000 124 85 59 224 -2.20727 -2.20727 -2.52573
-17.20000 3.06891 -14.06230 139 86 60 224 -2.20727 -2.20727 -2.52573
-13.36205 5.26828 -19.25000 133 79 57 224 -2.20727 -2.20727 -2.52573
-10.00000 0.30729 -10.88182 131 81 58 224 -2.20727 -2.20727 -2.52573
-17.20000 7.80450 -11.07786 131 87 57 224 -2.20727 -2.20727 -2.52573
-17.20000 6.49909 -17.09841 124 81 57 224 -2.20727 -2.20727 -2.52573
-10.00000 1.69389 -11.62191 131 86 57 224 -2.20727 -2.20727 -2.52573
-16.13280 4.19722 -10.75000 140 78 58 224 -2.20727 -2.20727 -2.52573
-17.20000 8.39690 -13.25046 134 84 60 224 -2.20727 -2.20727 -2.52573
-13.03191 2.84868 -10.75000 130 88 57 224 -2.20727 -2.20727 -2.52573
-11.27999 8.10808 -19.25000 129 79 60 224 -2.20727 -2.20727 -2.52573
-16.86885 6.15396 -19.25000 130 79 56 224 -2.20727 -2.20727 -2.52573
-16.30252 6.55221 -10.75000 124 83 55 224 -2.20727 -2.20727 -2.52573
-11.67467 7.97736 -19.25000 129 85 53 224 -2.20727 -2.20727 -2.52573
-15.15625 7.73034 -19.25000 125 85 57 224 -2.20727 -2.20727 -2.52573
-10.00000 5.15515 -19.08506 127 81 54 224 -2.20727 -2.20727 -2.52573
-13.20359 3.51825 -10.75000 135 82 60 224 -2.20727 -2.20727 -2.52573
-17.20000 3.14899 -14.50725 135 87 60 224 -2.20727 -2.20727 -2.52573
-13.00605 8.33990 -10.75000 133 87 58 224 -2.20727 -2.20727 -2.52573
-17.20000 1.03269 -16.79263 138 84 51 224 -2.20727 -2.20727 -2.52573
-14.72407 1.04489 -19.25000 133 77 55 224 -2.20727 -2.20727 -2.52573
-17.20000 8.69497 -12.36498 139 83 51 224 -2.20727 -2.20727 -2.52573
-10.04611 3.87280 -10.75000 123 79 51 224 -2.20727 -2.20727 -2.52573
-10.00000 2.10383 -12.65058 134 83 57 224 -2.20727 -2.20727 -2.52573
-10.00000 0.15617 -13.94836 133 88 54 224 -2.20727 -2.20727 -2.52573
-17.20000 8.35390 -11.38439 139 81 58 224 -2.20727 -2.20727 -2.52573
-17.20000 8.03278 -13.30782 127 80 61 224 -2.20727 -2.20727 -2.52573
-17.20000 2.66369 -11.38097 139 87 55 224 -2.20727 -2.20727 -2.52573
-17.12810 6.19963 -10.75000 136 84 55 224 -2.20727 -2.20727 -2.52573
-10.00000 8.29577 -19.14689 128 87 51 224 -2.20727 -2.20727 -2.52573
-12.04830 5.85309 -19.25000 133 86 58 224 -2.20727 -2.20727 -2.52573
-11.40036 2.99377 -19.25000 124 82 59 224 -2.20727 -2.20727 -2.52573
-14.90309 7.24160 -10.75000 138 87 52 224 -2.20727 -2.20727 -2.52573
-14.14846 3.81457 -19.25000 123 84 57 224 -2.20727 -2.20727 -2.52573
-15.14652 3.97403 -10.75000 126 83 54 224 -2.20727 -2.20727 -2.52573
-16.25077 5.43278 -19.25000 133 77 60 224 -2.20727 -2.20727 -2.52573
-14.56157 5.75409 -19.25000 131 82 55 224 -2.20727 -2.20727 -2.52573
-13.67010 6.23085 -19.25000 126 77 59 224 -2.20727 -2.20727 -2.52573
-10.00000 5.15303 -13.36984 134 76 54 224 -2.20727 -2.20727 -2.52573
-13.87437 2.84925 -10.75000 140 82 60 224 -2.20727 -2.20727 -2.52573
-10.00000 7.86243 -13.82143 139 83 59 224 -2.20727 -2.20727 -2.52573
-17.20000 8.75654 -19.21948 142 78 59 224 -2.20727 -2.20727 -2.52573
-17.20000 8.73653 -18.37527 134 83 52 224 -2.20727 -2.20727 -2.52573
-15.66972 7.07992 -19.25000 125 86 52 224 -2.20727 -2.20727 -2.52573
-13.07209 3.64276 -10.75000 132 86 59 224 -2.20727 -2.20727 -2.52573
-17.20000 1.77568 -17.77683 130 81 56 224 -2.20727 -2.20727 -2.52573
-16.19150 5.92691 -19.25000 130 81 54 224 -2.20727 -2.20727 -2.52573
-10.00000 4.34902 -13.46637 137 87 57 224 -2.20727 -2.20727 -2.52573
-17.20000 2.00609 -14.11352 137 78 60 224 -2.20727 -2.20727 -2.52573
-17.00396 2.47070 -10.75000 133 77 52 224 -2.20727 -2.20727 -2.52573
-17.20000 5.00784 -15.95900 131 84 53 224 -2.20727 -2.20727 -2.52573
-13.05269 3.24626 -10.75000 141 84 54 224 -2.20727 -2.20727 -2.52573
-10.00000 4.65071 -11.18300 138 84 54 224 -2.20727 -2.20727 -2.52573
-10.00000 7.90022 -18.83274 125 78 52 224 -2.20727 -2.20727 -2.52573
-10.00000 4.05790 -18.62989 133 82 57 224 -2.20727 -2.20727 -2.52573
-11.61726 1.61201 -10.75000 140 77 52 224 -2.20727 -2.20727 -2.52573
-13.94664 3.75449 -10.75000 137 87 60 224 -2.20727 -2.20727 -2.52573
-17.20000 1.97401 -10.76918 131 79 58 224 -2.20727 -2.20727 -2.52573
-17.20000 5.92481 -12.63450 142 77 54 224 -2.20727 -2.20727 -2.52573
-17.20000 0.41804 -17.17615 124 81 59 224 -2.20727 -2.20727 -2.52573
-17.20000 6.99790 -12.77504 140 86 56 224 -2.20727 -2.20727 -2.52573
-10.24278 6.71882 -10.75000 142 81 60 224 -2.20727 -2.20727 -2.52573
-17.20000 4.64564 -12.70737 122 85 53 224 -2.20727 -2.20727 -2.52573
-13.61522 0.74226 -10.75000 136 88 53 224 -2.20727 -2.20727 -2.52573
-11.50071 4.84521 -10.75000 133 87 54 224 -2.20727 -2.20727 -2.52573
-17.20000 4.65218 -10.77609 126 79 51 224 -2.20727 -2.20727 -2.52573
-10.00000 7.75853 -17.70598 124 85 53 224 -2.20727 -2.20727 -2.52573
-17.20000 1.78860 -12.95423 123 76 53 224 -2.20727 -2.20727 -2.52573
-17.20000 6.67382 -11.09640 132 81 58 224 -2.20727 -2.20727 -2.52573
-12.39591 6.29322 -19.25000 141 77 58 224 -2.20727 -2.20727 -2.52573
-12.70052 4.43681 -10.75000 136 80 57 224 -2.20727 -2.20727 -2.52573
-10.00000 0.23075 -11.43296 130 77 56 224 -2.20727 -2.20727 -2.52573
-11.28794 8.63625 -10.75000 138 83 56 224 -2.20727 -2.20727 -2.52573
-13.04864 8.77822 -10.75000 126 82 60 224 -2.20727 -2.20727 -2.52573
-17.20000 3.41829 -13.68048 124 88 58 224 -2.20727 -2.20727 -2.52573
-10.00000 2.24497 -16.32310 135 86 59 224 -2.20727 -2.20727 -2.52573
-17.20000 1.30733 -14.18388 141 84 51 224 -2.20727 -2.20727 -2.52573
-15.69701 8.64917 -10.75000 135 87 58 224 -2.20727 -2.20727 -2.52573
-15.12040 8.17964 -10.75000 138 78 51 224 -2.20727 -2.20727 -2.52573
-10.00000 4.30229 -19.10663 127 82 55 224 -2.20727 -2.20727 -2.52573
-17.20000 3.57160 -13.46360 124 83 52 224 -2.20727 -2.20727 -2.52573
-10.00000 7.29095 -19.03607 132 82 56 224 -2.20727 -2.20727 -2.52573
-11.24958 5.53777 -19.25000 126 78 51 224 -2.20727 -2.20727 -2.52573
-13.17910 7.22695 -19.25000 140 82 54 224 -2.20727 -2.20727 -2.52573
-10.00000 8.18909 -11.41750 141 76 54 224 -2.20727 -2.20727 -2.52573
-14.20990 5.42146 -10.75000 129 86 57 224 -2.20727 -2.20727 -2.52573
-11.68161 8.64617 -10.75000 133 85 58 224 -2.20727 -2.20727 -2.52573
-17.20000 1.61031 -14.82495 138 83 56 224 -2.20727 -2.20727 -2.52573
-12.79775 6.17821 -10.75000 124 84 54 224 -2.20727 -2.20727 -2.52573
-17.20000 4.34503 -12.64321 125 84 57 224 -2.20727 -2.20727 -2.52573
-10.00000 8.49545 -15.90653 127 86 61 224 -2.20727 -2.20727 -2.52573
-10.00000 1.47905 -11.68288 125 78 58 224 -2.20727 -2.20727 -2.52573
-10.53538 0.53963 -10.75000 129 85 58 224 -2.20727 -2.20727 -2.52573
-17.20000 7.61138 -18.20013 140 84 57 224 -2.20727 -2.20727 -2.52573
-15.00873 4.05705 -10.75000 124 86 56 224 -2.20727 -2.20727 -2.52573
-17.20000 7.88220 -15.92998 134 82 57 224 -2.20727 -2.20727 -2.52573
-16.70600 5.22172 -19.25000 126 87 51 224 -2.20727 -2.20727 -2.52573
-14.54144 0.16793 -10.75000 124 81 60 224 -2.20727 -2.20727 -2.52573
-16.18032 8.51157 -19.25000 132 86 58 224 -2.20727 -2.20727 -2.52573
-16.09136 3.11158 -19.25000 131 84 55 224 -2.20727 -2.20727 -2.52573
-17.20000 4.28964 -16.68678 137 81 53 224 -2.20727 -2.20727 -2.52573
-12.01816 8.33130 -19.25000 135 89 60 224 -2.20727 -2.20727 -2.52573
-10.00000 1.89329 -15.11208 140 86 56 224 -2.20727 -2.20727 -2.52573
-13.06826 0.97640 -19.25000 123 88 56 224 -2.20727 -2.20727 -2.52573
-17.20000 7.81654 -18.68464 138 81 58 224 -2.20727 -2.20727 -2.52573
-10.00000 2.89841 -18.37629 142 77 60 224 -2.20727 -2.20727 -2.52573
-17.20000 3.13895 -18.70768 131 84 56 224 -2.20727 -2.20727 -2.52573
-12.46906 5.32162 -19.25000 138 80 53 224 -2.20727 -2.20727 -2.52573
-17.20000 7.18585 -13.85412 142 89 58 224 -2.20727 -2.20727 -2.52573
-17.08015 0.66081 -10.75000 136 81 58 224 -2.20727 -2.20727 -2.52573
-17.20000 4.00829 -15.91022 129 82 60 224 -2.20727 -2.20727 -2.52573
-17.20000 0.05604 -13.45516 126 85 51 224 -2.20727 -2.20727 -2.52573
-11.01177 0.01477 -19.25000 141 80 55 224 -2.20727 -2.20727 -2.52573
-12.33104 3.42894 -19.25000 137 80 55 224 -2.20727 -2.20727 -2.52573
-13.12387 1.28330 -19.25000 138 82 57 224 -2.20727 -2.20727 -2.52573
-16.65733 2.61626 -19.25000 138 82 51 224 -2.20727 -2.20727 -2.52573
-16.06262 0.91640 -10.75000 130 86 56 224 -2.20727 -2.20727 -2.52573
-10.00000 3.97201 -13.08637 140 80 56 224 -2.20727 -2.20727 -2.52573
-10.00000 0.07294 -15.55576 137 81 59 224 -2.20727 -2.20727 -2.52573
-13.14445 6.85845 -19.25000 130 76 54 224 -2.20727 -2.20727 -2.52573
-13.98994 8.68240 -10.75000 131 82 54 224 -2.20727 -2.20727 -2.52573
-17.20000 6.81837 -11.25647 139 82 51 224 -2.20727 -2.20727 -2.52573
-15.11660 3.94594 -19.25000 125 85 51 224 -2.20727 -2.20727 -2.52573
-10.00000 0.90011 -13.32490 122 88 52 224 -2.20727 -2.20727 -2.52573
-10.00000 3.49575 -18.39946 136 85 60 224 -2.20727 -2.20727 -2.52573
-10.00000 8.32420 -14.27586 132 77 52 224 -2.20727 -2.20727 -2.52573
-10.00000 8.26817 -12.19240 142 81 55 224 -2.20727 -2.20727 -2.52573
-14.22576 7.99938 -19.25000 122 77 59 224 -2.20727 -2.20727 -2.52573
-11.13940 6.29899 -19.25000 140 84 55 224 -2.20727 -2.20727 -2.52573
-10.00000 8.14407 -17.22475 142 85 60 224 -2.20727 -2.20727 -2.52573
-11.28930 5.86132 -19.25000 131 83 56 224 -2.20727 -2.20727 -2.52573
-11.67179 5.32013 -10.75000 133 77 54 224 -2.20727 -2.20727 -2.52573
-17.20000 7.88542 -15.20281 136 85 51 224 -2.20727 -2.20727 -2.52573
-13.08186 6.13268 -19.25000 128 83 56 224 -2.20727 -2.20727 -2.52573
-10.00000 3.88339 -16.10857 139 87 51 224 -2.20727 -2.20727 -2.52573
-10.00000 1.87329 -12.98828 135 79 56 224 -2.20727 -2.20727 -2.52573
-17.17498 1.86213 -19.25000 139 86 53 224 -2.20727 -2.20727 -2.52573
-10.00000 1.22654 -16.91746 130 84 58 224 -2.20727 -2.20727 -2.52573
-10.04937 3.01926 -10.75000 133 88 58 224 -2.20727 -2.20727 -2.52573
-10.00000 6.42268 -14.69492 123 80 56 224 -2.20727 -2.20727 -2.52573
-10.00000 6.30190 -14.02825 134 80 58 224 -2.20727 -2.20727 -2.52573
-10.10129 7.17502 -10.75000 141 89 56 224 -2.20727 -2.20727 -2.52573
-11.86129 7.70803 -19.25000 124 80 57 224 -2.20727 -2.20727 -2.52573
-10.00000 5.57855 -12.31573 142 82 59 224 -2.20727 -2.20727 -2.52573
-17.20000 2.93191 -13.38741 137 83 53 224 -2.20727 -2.20727 -2.52573
-17.20000 8.03551 -17.34105 135 87 56 224 -2.20727 -2.20727 -2.52573
-10.00000 2.57004 -14.04925 133 76 55 224 -2.20727 -2.20727 -2.52573
-10.00000 7.23844 -13.42206 134 83 54 224 -2.20727 -2.20727 -2.52573
-10.97964 5.64678 -19.25000 125 83 53 224 -2.20727 -2.20727 -2.52573
-12.13288 6.79613 -10.75000 127 86 52 224 -2.20727 -2.20727 -2.52573
-17.20000 4.37181 -18.79016 141 77 60 224 -2.20727 -2.20727 -2.52573
-10.00000 6.02180 -15.78284 131 83 59 224 -2.20727 -2.20727 -2.52573
-17.20000 0.91761 -18.10055 128 83 53 224 -2.20727 -2.20727 -2.52573
-12.44999 6.96829 -10.75000 125 76 53 224 -2.20727 -2.20727 -2.52573
-15.92954 7.96071 -19.25000 133 88 55 224 -2.20727 -2.20727 -2.52573
-17.20000 5.93877 -11.69806 139 80 61 224 -2.20727 -2.20727 -2.52573
-10.00000 7.87974 -14.96037 127 79 60 224 -2.20727 -2.20727 -2.52573
-17.20000 0.26044 -18.89273 132 85 55 224 -2.20727 -2.20727 -2.52573
-17.20000 7.98423 -17.09599 141 83 52 224 -2.20727 -2.20727 -2.52573
-11.79613 0.01422 -10.75000 134 88 58 224 -2.20727 -2.20727 -2.52573
-10.00000 1.03033 -16.72556 123 82 59 224 -2.20727 -2.20727 -2.52573
-12.28720 3.18383 -10.75000 127 85 54 224 -2.20727 -2.20727 -2.52573
-13.00678 8.36745 -19.25000 142 83 57 224 -2.20727 -2.20727 -2.52573
-10.00000 2.91384 -16.65905 133 81 56 224 -2.20727 -2.20727 -2.52573
-15.30775 5.31193 -10.75000 138 88 57 224 -2.20727 -2.20727 -2.52573
-17.20000 4.04105 -11.90473 124 87 54 224 -2.20727 -2.20727 -2.52573
-11.95216 1.64748 -10.75000 125 77 56 224 -2.20727 -2.20727 -2.52573
-16.90980 3.05370 -10.75000 124 81 60 224 -2.20727 -2.20727 -2.52573
-17.20000 3.41278 -14.25891 131 78 51 224 -2.20727 -2.20727 -2.52573
-10.00000 6.34618 -19.05499 130 77 55 224 -2.20727 -2.20727 -2.52573
-10.00000 2.64444 -15.46136 141 78 53 224 -2.20727 -2.20727 -2.52573
-10.04175 4.98036 -10.75000 140 88 60 224 -2.20727 -2.20727 -2.52573
-10.00000 1.84527 -18.64565 136 83 54 224 -2.20727 -2.20727 -2.52573
-10.67133 7.67679 -19.25000 136 85 56 224 -2.20727 -2.20727 -2.52573
-10.00000 0.28114 -12.07492 127 83 51 224 -2.20727 -2.20727 -2.52573
-10.00000 8.30699 -17.26950 139 88 61 224 -2.20727 -2.20727 -2.52573
-10.00000 7.98575 -12.95924 128 76 60 224 -2.20727 -2.20727 -2.52573
-13.00578 4.47432 -10.75000 122 85 54 224 -2.20727 -2.20727 -2.52573
-17.20000 4.26747 -13.16436 124 85 58 224 -2.20727 -2.20727 -2.52573
-17.20000 7.08922 -13.36290 140 83 56 224 -2.20727 -2.20727 -2.52573
-10.00000 1.66742 -11.68635 138 88 61 224 -2.20727 -2.20727 -2.52573
-17.20000 8.15468 -12.94390 128 82 54 224 -2.20727 -2.20727 -2.52573
-10.00000 8.16883 -17.19808 138 89 51 224 -2.20727 -2.20727 -2.52573
-17.03464 0.10544 -19.25000 137 87 61 224 -2.20727 -2.20727 -2.52573
-11.10605 4.49299 -10.75000 131 82 54 224 -2.20727 -2.20727 -2.52573
-17.20000 7.71301 -10.89196 124 85 57 224 -2.20727 -2.20727 -2.52573
-10.18084 2.33373 -10.75000 137 83 54 224 -2.20727 -2.20727 -2.52573
-14.69074 10.37316 -14.48256 25 28 30 234 -2.12026 -2.12026 -2.81341
-12.53659 10.35183 -14.61046 25 28 30 234 -2.12026 -2.12026 -2.81341
-13.12711 10.70486 -10.19535 25 28 30 234 -2.12026 -2.12026 -2.81341
-11.14742 9.72110 -17.15493 25 28 30 234 -2.12026 -2.12026 -2.81341
-14.77205 10.26415 -17.77285 25 28 30 234 -2.12026 -2.12026 -2.81341
-17.76604 8.82330 -16.92551 25 28 30 234 -2.12026 -2.12026 -2.81341
-17.38570 9.03484 -14.65824 25 28 30 234 -2.12026 -2.12026 -2.81341
-10.73648 9.43392 -18.72938 25 28 30 234 -2.12026 -2.12026 -2.81341
-15.60078 9.92660 -16.67287 25 28 30 234 -2.12026 -2.12026 -2.81341
-10.78067 9.53568 -13.43115 25 28 30 234 -2.12026 -2.12026 -2.81341
-13.38787 10.81278 -13.11464 25 28 30 234 -2.12026 -2.12026 -2.81341
-13.80748 10.81116 -15.48367 25 28 30 234 -2.12026 -2.12026 -2.81341
-17.04797 9.26975 -18.14185 25 28 30 234 -2.12026 -2.12026 -2.81341
-13.96506 10.72754 -11.76260 25 28 30 234 -2.12026 -2.12026 -2.81341
-16.53166 9.43657 -14.44749 25 28 30 234 -2.12026 -2.12026 -2.81341
-16.26685 9.57766 -12.71755 25 28 30 234 -2.12026 -2.12026 -2.81341
-14.44529 10.42183 -12.03631 25 28 30 234 -2.12026 -2.12026 -2.81341
-14.78742 10.33743 -19.87576 25 28 30 234 -2.12026 -2.12026 -2.81341
-10.62530 9.44386 -13.25280 25 28 30 234 -2.12026 -2.12026 -2.81341
-13.30074 10.81379 -18.78122 25 28 30 234 -2.12026 -2.12026 -2.81341
-9.78479 9.01277 -17.01396 25 28 30 234 -2.12026 -2.12026 -2.81341
-9.49111 8.88815 -16.18111 25 28 30 234 -2.12026 -2.12026 -2.81341
-13.47495 10.80965 -15.64829 25 28 30 234 -2.12026 -2.12026 -2.81341
-13.21268 10.72615 -14.59987 25 28 30 234 -2.12026 -2.12026 -2.81341
-10.59492 9.39283 -17.59692 25 28 30 234 -2.12026 -2.12026 -2.81341
-14.23530 10.61359 -18.47086 25 28 30 234 -2.12026 -2.12026 -2.81341
-12.90357 10.57812 -14.69175 25 28 30 234 -2.12026 -2.12026 -2.81341
-16.91808 9.23669 -15.25938 25 28 30 234 -2.12026 -2.12026 -2.81341
-10.41517 9.34346 -17.47956 25 28 30 234 -2.12026 -2.12026 -2.81341
-12.93221 10.61088 -16.58858 25 28 30 234 -2.12026 -2.12026 -2.81341
-16.94688 9.22004 -10.34259 25 28 30 234 -2.12026 -2.12026 -2.81341
-10.66049 9.47834 -12.04968 25 28 30 234 -2.12026 -2.12026 -2.81341
-9.55443 8.93018 -10.92642 25 28 30 234 -2.12026 -2.12026 -2.81341
-14.64495 10.35549 -15.30240 25 28 30 234 -2.12026 -2.12026 -2.81341
-10.52376 9.37680 -18.01986 25 28 30 234 -2.12026 -2.12026 -2.81341
-12.82044 10.48397 -18.42638 25 28 30 234 -2.12026 -2.12026 -2.81341
-10.46646 9.31226 -14.76832 25 28 30 234 -2.12026 -2.12026 -2.81341
-9.54304 8.92876 -18.78352 25 28 30 234 -2.12026 -2.12026 -2.81341
-15.57631 9.93339 -11.24235 25 28 30 234 -2.12026 -2.12026 -2.81341
-11.68953 9.98487 -10.37894 25 28 30 234 -2.12026 -2.12026 -2.81341
-9.87152 9.09278 -12.71124 25 28 30 234 -2.12026 -2.12026 -2.81341
-9.50382 8.85512 -15.16366 25 28 30 234 -2.12026 -2.12026 -2.81341
-17.79884 8.84861 -11.30611 25 28 30 234 -2.12026 -2.12026 -2.81341
-15.15852 10.15609 -16.90624 25 28 30 234 -2.12026 -2.12026 -2.81341
-15.70525 9.83843 -19.29039 25 28 30 234 -2.12026 -2.12026 -2.81341
-12.87699 10.57506 -10.76850 25 28 30 234 -2.12026 -2.12026 -2.81341
-13.33068 10.71272 -15.06535 25 28 30 234 -2.12026 -2.12026 -2.81341
-12.59660 10.41039 -16.52534 25 28 30 234 -2.12026 -2.12026 -2.81341
-10.07859 9.16824 -17.80354 25 28 30 234 -2.12026 -2.12026 -2.81341
-13.55474 10.82284 -18.99991 25 28 30 234 -2.12026 -2.12026 -2.81341
-9.71526 8.95834 -17.84791 25 28 30 234 -2.12026 -2.12026 -2.81341
-12.15480 10.15676 -15.20260 25 28 30 234 -2.12026 -2.12026 -2.81341
-10.65897 9.41426 -16.57742 25 28 30 234 -2.12026 -2.12026 -2.81341
-14.25583 10.57240 -16.80731 25 28 30 234 -2.12026 -2.12026 -2.81341
-17.82855 8.86938 -15.30046 25 28 30 234 -2.12026 -2.12026 -2.81341
-11.43673 9.86733 -10.89272 25 28 30 234 -2.12026 -2.12026 -2.81341
-12.61031 10.40702 -19.71541 25 28 30 234 -2.12026 -2.12026 -2.81341
-11.62575 9.88821 -18.96824 25 28 30 234 -2.12026 -2.12026 -2.81341
-13.01133 10.54365 -19.24758 25 28 30 234 -2.12026 -2.12026 -2.81341
-17.62514 8.91702 -16.05665 25 28 30 234 -2.12026 -2.12026 -2.81341
-17.18164 9.13675 -18.96124 25 28 30 234 -2.12026 -2.12026 -2.81341
-13.85312 10.77171 -13.35978 25 28 30 234 -2.12026 -2.12026 -2.81341
-13.13069 10.65751 -18.01721 25 28 30 234 -2.12026 -2.12026 -2.81341
-17.27388 9.12834 -18.98338 25 28 30 234 -2.12026 -2.12026 -2.81341
-17.24270 9.14993 -17.39561 25 28 30 234 -2.12026 -2.12026 -2.81341
-13.95390 10.72243 -13.46043 25 28 30 234 -2.12026 -2.12026 -2.81341
-14.18120 10.63648 -18.59087 25 28 30 234 -2.12026 -2.12026 -2.81341
-14.51465 10.48440 -13.79736 25 28 30 234 -2.12026 -2.12026 -2.81341
-15.51538 9.94811 -16.56193 25 28 30 234 -2.12026 -2.12026 -2.81341
-17.87496 8.81918 -12.85199 25 28 30 234 -2.12026 -2.12026 -2.81341
-9.50985 8.85400 -12.38918 25 28 30 234 -2.12026 -2.12026 -2.81341
-13.78014 10.81874 -13.23946 25 28 30 234 -2.12026 -2.12026 -2.81341
-9.70089 9.03582 -13.81027 25 28 30 234 -2.12026 -2.12026 -2.81341
-10.69029 9.43176 -19.73481 25 28 30 234 -2.12026 -2.12026 -2.81341
-13.62603 10.90846 -13.90276 25 28 30 234 -2.12026 -2.12026 -2.81341
-13.00920 10.58570 -17.07975 25 28 30 234 -2.12026 -2.12026 -2.81341
-14.02755 10.64900 -13.66082 25 28 30 234 -2.12026 -2.12026 -2.81341
-12.97186 10.62602 -18.60214 25 28 30 234 -2.12026 -2.12026 -2.81341
-11.40724 9.83638 -19.44994 25 28 30 234 -2.12026 -2.12026 -2.81341
-14.94732 10.25375 -12.06619 25 28 30 234 -2.12026 -2.12026 -2.81341
-16.76191 9.42616 -11.98216 25 28 30 234 -2.12026 -2.12026 -2.81341
-10.60432 9.46560 -18.34964 25 28 30 234 -2.12026 -2.12026 -2.81341
-12.73884 10.50081 -14.48328 25 28 30 234 -2.12026 -2.12026 -2.81341
-10.76139 9.52192 -14.56410 25 28 30 234 -2.12026 -2.12026 -2.81341
-16.58149 9.39779 -16.89519 25 28 30 234 -2.12026 -2.12026 -2.81341
-10.18502 9.25249 -11.60718 25 28 30 234 -2.12026 -2.12026 -2.81341
-14.30403 10.55101 -10.35282 25 28 30 234 -2.12026 -2.12026 -2.81341
-12.00680 10.12581 -11.95657 25 28 30 234 -2.12026 -2.12026 -2.81341
-17.83240 8.84518 -10.36927 25 28 30 234 -2.12026 -2.12026 -2.81341
-16.49552 9.53444 -18.17945 25 28 30 234 -2.12026 -2.12026 -2.81341
-14.66963 10.40605 -19.80619 25 28 30 234 -2.12026 -2.12026 -2.81341
-10.90173 9.54065 -18.53711 25 28 30 234 -2.12026 -2.12026 -2.81341
-12.93248 10.59857 -12.68730 25 28 30 234 -2.12026 -2.12026 -2.81341
-15.32349 10.05949 -19.91262 25 28 30 234 -2.12026 -2.12026 -2.81341
-10.08472 9.19770 -13.93941 25 28 30 234 -2.12026 -2.12026 -2.81341
-15.64234 9.88308 -18.13882 25 28 30 234 -2.12026 -2.12026 -2.81341
-14.27434 10.60891 -16.62363 25 28 30 234 -2.12026 -2.12026 -2.81341
-12.38999 10.37251 -12.74700 25 28 30 234 -2.12026 -2.12026 -2.81341
-9.46953 8.85079 -19.64861 25 28 30 234 -2.12026 -2.12026 -2.81341
-13.86598 10.77730 -12.78803 25 28 30 234 -2.12026 -2.12026 -2.81341
-17.13298 9.15422 -16.66626 25 28 30 234 -2.12026 -2.12026 -2.81341
-10.49196 9.45876 -19.18182 25 28 30 234 -2.12026 -2.12026 -2.81341
-16.08364 9.64774 -14.09539 25 28 30 234 -2.12026 -2.12026 -2.81341
-11.25042 9.79797 -16.80601 25 28 30 234 -2.12026 -2.12026 -2.81341
-11.74057 9.97878 -16.72032 25 28 30 234 -2.12026 -2.12026 -2.81341
-13.72415 10.84981 -11.08088 25 28 30 234 -2.12026 -2.12026 -2.81341
-13.53448 10.91628 -16.89285 25 28 30 234 -2.12026 -2.12026 -2.81341
-16.24570 9.56036 -19.54680 25 28 30 234 -2.12026 -2.12026 -2.81341
-10.10724 9.15980 -10.13588 25 28 30 234 -2.12026 -2.12026 -2.81341
-15.94127 9.78892 -10.33737 25 28 30 234 -2.12026 -2.12026 -2.81341
-9.40925 8.79017 -19.33555 25 28 30 234 -2.12026 -2.12026 -2.81341
-16.54261 9.50233 -14.42855 25 28 30 234 -2.12026 -2.12026 -2.81341
-13.72367 10.79363 -18.30237 25 28 30 234 -2.12026 -2.12026 -2.81341
-16.59371 9.38590 -15.39431 25 28 30 234 -2.12026 -2.12026 -2.81341
-14.37516 10.53315 -11.23127 25 28 30 234 -2.12026 -2.12026 -2.81341
-14.27028 10.57235 -17.01096 25 28 30 234 -2.12026 -2.12026 -2.81341
-9.88217 9.03778 -13.01530 25 28 30 234 -2.12026 -2.12026 -2.81341
-11.00002 9.61708 -19.49503 25 28 30 234 -2.12026 -2.12026 -2.81341
-14.16567 10.55119 -15.90427 25 28 30 234 -2.12026 -2.12026 -2.81341
-17.50832 8.95832 -11.65462 25 28 30 234 -2.12026 -2.12026 -2.81341
-13.75441 10.80582 -18.39439 25 28 30 234 -2.12026 -2.12026 -2.81341
-13.63468 10.90809 -12.62700 25 28 30 234 -2.12026 -2.12026 -2.81341
-9.68782 9.03563 -13.29611 25 28 30 234 -2.12026 -2.12026 -2.81341
-9.38663 8.78412 -11.10950 25 28 30 234 -2.12026 -2.12026 -2.81341
-15.09647 10.19311 -17.55212 25 28 30 234 -2.12026 -2.12026 -2.81341
-12.72046 10.45971 -10.22978 25 28 30 234 -2.12026 -2.12026 -2.81341
-13.08681 10.61460 -13.72481 25 28 30 234 -2.12026 -2.12026 -2.81341
-14.70651 10.34887 -12.83764 25 28 30 234 -2.12026 -2.12026 -2.81341
-9.57956 9.02335 -13.19235 25 28 30 234 -2.12026 -2.12026 -2.81341
-13.83180 10.82063 -11.18487 25 28 30 234 -2.12026 -2.12026 -2.81341
-11.84952 10.06641 -17.50162 25 28 30 234 -2.12026 -2.12026 -2.81341
-9.81290 9.05290 -15.50752 25 28 30 234 -2.12026 -2.12026 -2.81341
-10.30759 9.32202 -14.92763 25 28 30 234 -2.12026 -2.12026 -2.81341
-16.86942 9.32275 -17.85696 25 28 30 234 -2.12026 -2.12026 -2.81341
-16.94268 9.30751 -14.28063 25 28 30 234 -2.12026 -2.12026 -2.81341
-10.86279 9.56463 -17.09758 25 28 30 234 -2.12026 -2.12026 -2.81341
-11.81675 10.02625 -12.60728 25 28 30 234 -2.12026 -2.12026 -2.81341
-17.03064 9.19608 -15.46931 25 28 30 234 -2.12026 -2.12026 -2.81341
-10.16318 9.16440 -12.19052 25 28 30 234 -2.12026 -2.12026 -2.81341
-9.61884 8.92468 -19.37400 25 28 30 234 -2.12026 -2.12026 -2.81341
-13.11527 10.71921 -12.33578 25 28 30 234 -2.12026 -2.12026 -2.81341
-12.42097 10.31207 -19.28089 25 28 30 234 -2.12026 -2.12026 -2.81341
-12.28544 10.22455 -13.81520 25 28 30 234 -2.12026 -2.12026 -2.81341
-13.54402 10.89978 -18.62884 25 28 30 234 -2.12026 -2.12026 -2.81341
-11.09562 9.66055 -18.83197 25 28 30 234 -2.12026 -2.12026 -2.81341
-11.57659 9.90339 -18.63219 25 28 30 234 -2.12026 -2.12026 -2.81341
-12.45590 10.38632 -18.45597 25 28 30 234 -2.12026 -2.12026 -2.81341
-12.45760 10.37973 -14.37566 25 28 30 234 -2.12026 -2.12026 -2.81341
-12.70060 10.43073 -14.16153 25 28 30 234 -2.12026 -2.12026 -2.81341
-11.42817 9.81803 -14.39031 25 28 30 234 -2.12026 -2.12026 -2.81341
-14.76480 10.34177 -16.91325 25 28 30 234 -2.12026 -2.12026 -2.81341
-14.01088 10.72891 -15.31269 25 28 30 234 -2.12026 -2.12026 -2.81341
-9.45418 8.92298 -19.89208 25 28 30 234 -2.12026 -2.12026 -2.81341
-17.16806 9.17696 -10.90210 25 28 30 234 -2.12026 -2.12026 -2.81341
-13.71994 10.79869 -12.41990 25 28 30 234 -2.12026 -2.12026 -2.81341
-16.83485 9.28947 -14.99344 25 28 30 234 -2.12026 -2.12026 -2.81341
-10.61090 9.42561 -18.87085 25 28 30 234 -2.12026 -2.12026 -2.81341
-10.94177 9.64368 -18.80295 25 28 30 234 -2.12026 -2.12026 -2.81341
-16.72841 9.38395 -18.97135 25 28 30 234 -2.12026 -2.12026 -2.81341
-14.64066 10.35158 -16.29599 25 28 30 234 -2.12026 -2.12026 -2.81341
-14.60850 10.35768 -18.03894 25 28 30 234 -2.12026 -2.12026 -2.81341
-9.71808 8.96755 -18.47400 25 28 30 234 -2.12026 -2.12026 -2.81341
-9.35380 8.85229 -10.56517 25 28 30 234 -2.12026 -2.12026 -2.81341
-11.00430 9.61922 -19.63213 25 28 30 234 -2.12026 -2.12026 -2.81341
-10.12719 9.19877 -18.03320 25 28 30 234 -2.12026 -2.12026 -2.81341
-17.20385 9.06533 -15.46805 25 28 30 234 -2.12026 -2.12026 -2.81341
-16.87182 9.23552 -13.68008 25 28 30 234 -2.12026 -2.12026 -2.81341
-13.72302 10.80825 -18.53292 25 28 30 234 -2.12026 -2.12026 -2.81341
-16.66314 9.36533 -12.98644 25 28 30 234 -2.12026 -2.12026 -2.81341
-10.95141 9.57232 -12.18621 25 28 30 234 -2.12026 -2.12026 -2.81341
-17.32678 9.11345 -14.17467 25 28 30 234 -2.12026 -2.12026 -2.81341
-11.17827 9.80184 -17.40944 25 28 30 234 -2.12026 -2.12026 -2.81341
-12.06858 10.12635 -14.47838 25 28 30 234 -2.12026 -2.12026 -2.81341
-11.50489 9.92457 -15.85490 25 28 30 234 -2.12026 -2.12026 -2.81341
-14.17267 10.60320 -16.56128 25 28 30 234 -2.12026 -2.12026 -2.81341
-10.75090 9.53188 -10.58994 25 28 30 234 -2.12026 -2.12026 -2.81341
-16.97363 9.31769 -17.09453 25 28 30 234 -2.12026 -2.12026 -2.81341
-9.87821 9.05504 -19.82690 25 28 30 234 -2.12026 -2.12026 -2.81341
-16.09983 9.74619 -12.26051 25 28 30 234 -2.12026 -2.12026 -2.81341
-10.35227 9.25338 -19.78126 25 28 30 234 -2.12026 -2.12026 -2.81341
-0.80000 3.60133 -13.37641 125 76 51 224 -2.20727 -2.20727 -2.52573
-6.47096 3.33604 -19.25000 136 88 52 224 -2.20727 -2.20727 -2.52573
-6.17208 6.37132 -10.75000 142 76 53 224 -2.20727 -2.20727 -2.52573
-5.94117 4.09542 -19.25000 127 87 60 224 -2.20727 -2.20727 -2.52573
-7.32082 0.79315 -19.25000 139 83 55 224 -2.20727 -2.20727 -2.52573
-0.80000 6.49679 -18.71451 128 78 52 224 -2.20727 -2.20727 -2.52573
-4.40860 5.14460 -19.25000 125 78 59 224 -2.20727 -2.20727 -2.52573
-7.43993 5.51156 -19.25000 137 78 60 224 -2.20727 -2.20727 -2.52573
-5.53717 1.35259 -19.25000 127 80 59 224 -2.20727 -2.20727 -2.52573
-8.00000 1.90877 -17.32017 132 84 53 224 -2.20727 -2.20727 -2.52573
-0.80000 0.31849 -14.37420 125 80 60 224 -2.20727 -2.20727 -2.52573
-0.80000 5.92336 -13.50560 140 80 60 224 -2.20727 -2.20727 -2.52573
-2.58571 3.57524 -19.25000 128 85 56 224 -2.20727 -2.20727 -2.52573
-3.83704 3.61052 -10.75000 138 88 57 224 -2.20727 -2.20727 -2.52573
-0.80000 3.66379 -17.57078 125 88 55 224 -2.20727 -2.20727 -2.52573
-0.98149 1.54138 -10.75000 122 84 56 224 -2.20727 -2.20727 -2.52573
-3.63837 3.08026 -19.25000 124 86 51 224 -2.20727 -2.20727 -2.52573
-1.43601 2.93918 -19.25000 123 85 52 224 -2.20727 -2.20727 -2.52573
-3.87752 1.60593 -19.25000 128 76 53 224 -2.20727 -2.20727 -2.52573
-4.27353 4.63460 -10.75000 135 84 56 224 -2.20727 -2.20727 -2.52573
-8.00000 1.26073 -13.14984 135 87 57 224 -2.20727 -2.20727 -2.52573
-0.80000 5.86239 -16.17287 142 83 55 224 -2.20727 -2.20727 -2.52573
-8.00000 2.35664 -13.22287 122 87 54 224 -2.20727 -2.20727 -2.52573
-6.96460 5.88771 -10.75000 122 81 51 224 -2.20727 -2.20727 -2.52573
-4.46871 6.12555 -10.75000 132 84 58 224 -2.20727 -2.20727 -2.52573
-2.44572 2.65264 -19.25000 138 77 57 224 -2.20727 -2.20727 -2.52573
-0.80000 3.60022 -10.81377 122 78 55 224 -2.20727 -2.20727 -2.52573
-4.68002 3.01831 -10.75000 125 84 53 224 -2.20727 -2.20727 -2.52573
-4.02644 4.97567 -10.75000 141 87 58 224 -2.20727 -2.20727 -2.52573
-0.80000 2.77619 -11.05937 140 78 60 224 -2.20727 -2.20727 -2.52573
-2.01841 2.19350 -10.75000 122 77 51 224 -2.20727 -2.20727 -2.52573
-5.78263 4.35845 -10.75000 141 83 60 224 -2.20727 -2.20727 -2.52573
-0.80000 5.03547 -14.51904 125 80 53 224 -2.20727 -2.20727 -2.52573
-6.22285 5.63611 -19.25000 131 77 58 224 -2.20727 -2.20727 -2.52573
-0.80000 0.14394 -11.53663 129 87 55 224 -2.20727 -2.20727 -2.52573
-0.80000 2.92485 -11.05435 133 82 54 224 -2.20727 -2.20727 -2.52573
-1.76782 5.88641 -10.75000 139 82 51 224 -2.20727 -2.20727 -2.52573
-5.42528 3.67339 -10.75000 132 87 58 224 -2.20727 -2.20727 -2.52573
-6.65480 4.00045 -10.75000 140 88 58 224 -2.20727 -2.20727 -2.52573
-7.23632 0.28150 -19.25000 138 87 52 224 -2.20727 -2.20727 -2.52573
-2.60855 1.57669 -19.25000 136 81 58 224 -2.20727 -2.20727 -2.52573
-4.42879 4.58916 -10.75000 127 85 57 224 -2.20727 -2.20727 -2.52573
-0.80000 6.53813 -14.84856 135 80 59 224 -2.20727 -2.20727 -2.52573
-5.05811 0.53365 -19.25000 126 80 58 224 -2.20727 -2.20727 -2.52573
-3.40295 5.93024 -10.75000 139 83 56 224 -2.20727 -2.20727 -2.52573
-5.85764 2.94404 -10.75000 127 88 60 224 -2.20727 -2.20727 -2.52573
-1.56805 6.73269 -19.25000 133 84 54 224 -2.20727 -2.20727 -2.52573
-5.31606 4.84749 -19.25000 131 76 51 224 -2.20727 -2.20727 -2.52573
-5.24941 0.91530 -19.25000 140 83 51 224 -2.20727 -2.20727 -2.52573
-8.00000 4.36082 -17.18138 141 78 60 224 -2.20727 -2.20727 -2.52573
-8.00000 1.25149 -15.24173 130 80 53 224 -2.20727 -2.20727 -2.52573
-3.84129 1.04835 -10.75000 138 79 53 224 -2.20727 -2.20727 -2.52573
-6.24840 0.74844 -19.25000 141 84 53 224 -2.20727 -2.20727 -2.52573
-8.00000 2.75601 -12.24104 127 82 54 224 -2.20727 -2.20727 -2.52573
-7.33534 0.21625 -10.75000 134 77 52 224 -2.20727 -2.20727 -2.52573
-0.80000 5.37260 -16.68630 135 81 56 224 -2.20727 -2.20727 -2.52573
-0.80000 6.33504 -14.60708 141 79 59 224 -2.20727 -2.20727 -2.52573
-0.80000 3.96199 -14.79095 137 83 57 224 -2.20727 -2.20727 -2.52573
-2.10069 3.86315 -10.75000 131 77 60 224 -2.20727 -2.20727 -2.52573
-7.18899 5.92479 -10.75000 124 82 58 224 -2.20727 -2.20727 -2.52573
-2.35313 5.83536 -10.75000 140 80 60 224 -2.20727 -2.20727 -2.52573
-0.80000 1.17011 -18.82276 125 80 56 224 -2.20727 -2.20727 -2.52573
-7.45971 1.06089 -19.25000 127 85 51 224 -2.20727 -2.20727 -2.52573
-2.95428 2.61873 -19.25000 122 86 55 224 -2.20727 -2.20727 -2.52573
-8.00000 2.84547 -17.83094 128 84 51 224 -2.20727 -2.20727 -2.52573
-6.24956 2.19622 -19.25000 131 76 60 224 -2.20727 -2.20727 -2.52573
-2.64607 5.96711 -19.25000 132 87 52 224 -2.20727 -2.20727 -2.52573
-6.70790 0.00037 -10.75000 130 76 58 224 -2.20727 -2.20727 -2.52573
-0.80000 1.91612 -19.06604 137 88 55 224 -2.20727 -2.20727 -2.52573
-2.25860 6.02238 -10.75000 136 83 56 224 -2.20727 -2.20727 -2.52573
-8.00000 0.75996 -17.68196 127 78 58 224 -2.20727 -2.20727 -2.52573
-3.02487 0.75869 -10.75000 132 81 54 224 -2.20727 -2.20727 -2.52573
-8.00000 5.82073 -16.15885 142 86 52 224 -2.20727 -2.20727 -2.52573
-8.00000 3.07356 -11.13087 122 85 57 224 -2.20727 -2.20727 -2.52573
-5.77860 2.35581 -19.25000 137 81 54 224 -2.20727 -2.20727 -2.52573
-1.11028 4.97552 -19.25000 129 80 54 224 -2.20727 -2.20727 -2.52573
-4.76978 1.80714 -19.25000 128 88 55 224 -2.20727 -2.20727 -2.52573
-7.22153 6.44974 -19.25000 139 87 55 224 -2.20727 -2.20727 -2.52573
-4.53073 1.09739 -10.75000 123 88 57 224 -2.20727 -2.20727 -2.52573
-3.45502 6.68729 -10.75000 123 77 54 224 -2.20727 -2.20727 -2.52573
-8.00000 4.31568 -16.43833 138 77 59 224 -2.20727 -2.20727 -2.52573
-0.90521 1.88089 -19.25000 139 80 60 224 -2.20727 -2.20727 -2.52573
-8.00000 4.15187 -12.04671 139 81 56 224 -2.20727 -2.20727 -2.52573
-8.00000 1.09359 -12.73841 130 81 60 224 -2.20727 -2.20727 -2.52573
-5.23797 5.01830 -19.25000 137 87 52 224 -2.20727 -2.20727 -2.52573
-8.00000 3.72046 -18.27119 141 87 58 224 -2.20727 -2.20727 -2.52573
-8.00000 0.91125 -14.26314 125 84 60 224 -2.20727 -2.20727 -2.52573
-7.35719 2.52532 -19.25000 141 84 51 224 -2.20727 -2.20727 -2.52573
-1.49490 4.01726 -10.75000 142 88 59 224 -2.20727 -2.20727 -2.52573
-6.64908 5.22044 -10.75000 122 88 54 224 -2.20727 -2.20727 -2.52573
-6.06925 3.07270 -19.25000 122 80 52 224 -2.20727 -2.20727 -2.52573
-0.80000 0.04229 -12.59844 138 77 55 224 -2.20727 -2.20727 -2.52573
-3.10261 0.34034 -10.75000 131 85 58 224 -2.20727 -2.20727 -2.52573
-5.32731 0.42401 -19.25000 140 78 52 224 -2.20727 -2.20727 -2.52573
-0.80000 6.17047 -13.15847 142 81 52 224 -2.20727 -2.20727 -2.52573
-2.20060 6.34018 -19.25000 131 81 60 224 -2.20727 -2.20727 -2.52573
-0.80000 5.66137 -14.01990 134 80 60 224 -2.20727 -2.20727 -2.52573
-3.60665 6.53061 -19.25000 141 80 52 224 -2.20727 -2.20727 -2.52573
-0.80000 1.71976 -18.31491 141 84 54 224 -2.20727 -2.20727 -2.52573
-3.19237 2.88541 -10.75000 126 88 59 224 -2.20727 -2.20727 -2.52573
-3.49418 0.34372 -19.25000 133 77 57 224 -2.20727 -2.20727 -2.52573
-0.80000 5.16103 -10.75335 131 79 57 224 -2.20727 -2.20727 -2.52573
-4.78636 1.76180 -10.75000 122 81 53 224 -2.20727 -2.20727 -2.52573
-3.01171 1.60531 -10.75000 142 82 51 224 -2.20727 -2.20727 -2.52573
-0.80000 4.47414 -11.44917 126 86 60 224 -2.20727 -2.20727 -2.52573
-8.00000 3.98988 -16.39458 130 79 58 224 -2.20727 -2.20727 -2.52573
-6.67541 5.44184 -10.75000 129 77 56 224 -2.20727 -2.20727 -2.52573
-4.02825 3.29064 -10.75000 135 80 60 224 -2.20727 -2.20727 -2.52573
-7.80806 1.60472 -19.25000 124 80 52 224 -2.20727 -2.20727 -2.52573
-8.00000 1.43682 -11.10728 142 83 53 224 -2.20727 -2.20727 -2.52573
-7.15870 0.64295 -10.75000 133 80 51 224 -2.20727 -2.20727 -2.52573
-7.57532 5.05670 -19.25000 131 89 56 224 -2.20727 -2.20727 -2.52573
-8.00000 2.53565 -16.29006 141 83 53 224 -2.20727 -2.20727 -2.52573
-7.64703 6.37073 -10.75000 141 77 55 224 -2.20727 -2.20727 -2.52573
-0.80000 0.32824 -14.20693 129 82 52 224 -2.20727 -2.20727 -2.52573
-8.00000 6.69635 -12.62282 125 82 57 224 -2.20727 -2.20727 -2.52573
-4.37762 2.73487 -19.25000 124 88 51 224 -2.20727 -2.20727 -2.52573
-0.80000 2.45760 -17.59538 123 83 51 224 -2.20727 -2.20727 -2.52573
-4.35331 0.86095 -10.75000 133 79 58 224 -2.20727 -2.20727 -2.52573
-8.00000 0.81229 -16.95151 134 79 59 224 -2.20727 -2.20727 -2.52573
-4.23902 6.12571 -10.75000 129 80 52 224 -2.20727 -2.20727 -2.52573
-1.67876 3.98344 -19.25000 139 88 58 224 -2.20727 -2.20727 -2.52573
-0.80000 2.87209 -14.70256 125 79 57 224 -2.20727 -2.20727 -2.52573
-7.48902 0.17526 -10.75000 122 87 55 224 -2.20727 -2.20727 -2.52573
-0.80000 3.26168 -15.61737 122 82 56 224 -2.20727 -2.20727 -2.52573
-2.51156 0.51823 -10.75000 134 81 54 224 -2.20727 -2.20727 -2.52573
-0.80000 4.16675 -12.02155 142 77 61 224 -2.20727 -2.20727 -2.52573
-2.78624 2.28981 -19.25000 136 81 58 224 -2.20727 -2.20727 -2.52573
-2.54860 4.18854 -10.75000 129 81 54 224 -2.20727 -2.20727 -2.52573
-8.00000 0.29793 -18.94559 138 84 51 224 -2.20727 -2.20727 -2.52573
-5.91151 0.27026 -10.75000 131 78 57 224 -2.20727 -2.20727 -2.52573
-0.80000 5.76878 -15.45755 127 88 56 224 -2.20727 -2.20727 -2.52573
-8.00000 0.71767 -13.09281 135 83 59 224 -2.20727 -2.20727 -2.52573
-0.80000 4.15340 -18.36012 142 80 54 224 -2.20727 -2.20727 -2.52573
-0.80000 2.72345 -12.84256 136 83 59 224 -2.20727 -2.20727 -2.52573
-6.82590 3.93102 -19.25000 141 76 56 224 -2.20727 -2.20727 -2.52573
-5.17721 6.20963 -10.75000 127 88 57 224 -2.20727 -2.20727 -2.52573
-2.64253 5.49386 -19.25000 125 77 60 224 -2.20727 -2.20727 -2.52573
-8.00000 5.73607 -15.05986 126 82 60 224 -2.20727 -2.20727 -2.52573
-5.30514 2.79124 -10.75000 138 81 54 224 -2.20727 -2.20727 -2.52573
-2.11797 0.87967 -19.25000 138 85 51 224 -2.20727 -2.20727 -2.52573
-4.14428 5.85092 -19.25000 129 84 58 224 -2.20727 -2.20727 -2.52573
-1.42953 3.72282 -19.25000 129 86 53 224 -2.20727 -2.20727 -2.52573
-6.91808 0.29964 -10.75000 141 85 54 224 -2.20727 -2.20727 -2.52573
-0.80000 4.24999 -14.20794 130 81 52 224 -2.20727 -2.20727 -2.52573
-8.00000 0.26485 -17.64459 130 82 53 224 -2.20727 -2.20727 -2.52573
-8.00000 4.52731 -13.28854 124 87 55 224 -2.20727 -2.20727 -2.52573
-6.25613 3.95300 -19.25000 124 76 57 224 -2.20727 -2.20727 -2.52573
-2.54789 0.77554 -10.75000 142 86 52 224 -2.20727 -2.20727 -2.52573
-3.61433 5.95463 -19.25000 125 84 60 224 -2.20727 -2.20727 -2.52573
-8.00000 3.40461 -11.86060 126 87 51 224 -2.20727 -2.20727 -2.52573
-0.96486 5.11525 -19.25000 126 88 60 224 -2.20727 -2.20727 -2.52573
-2.64094 3.82445 -19.25000 138 80 55 224 -2.20727 -2.20727 -2.52573
-0.80000 1.09371 -12.55560 133 80 57 224 -2.20727 -2.20727 -2.52573
-8.00000 2.92800 -16.17541 134 87 56 224 -2.20727 -2.20727 -2.52573
-2.81750 0.16481 -10.75000 130 78 53 224 -2.20727 -2.20727 -2.52573
-0.80000 5.58178 -12.56302 132 87 51 224 -2.20727 -2.20727 -2.52573
-1.84356 6.28893 -10.75000 122 80 57 224 -2.20727 -2.20727 -2.52573
-4.35882 5.33715 -10.75000 130 76 51 224 -2.20727 -2.20727 -2.52573
-8.00000 4.60825 -16.97643 137 88 56 224 -2.20727 -2.20727 -2.52573
-8.00000 2.26157 -10.96334 124 81 56 224 -2.20727 -2.20727 -2.52573
-2.55296 5.37410 -19.25000 140 79 54 224 -2.20727 -2.20727 -2.52573
-5.35447 0.51952 -10.75000 133 80 53 224 -2.20727 -2.20727 -2.52573
-2.00671 3.50940 -10.75000 130 83 53 224 -2.20727 -2.20727 -2.52573
-0.80000 0.01336 -16.67243 139 85 56 224 -2.20727 -2.20727 -2.52573
-3.35669 0.74881 -10.75000 128 86 57 224 -2.20727 -2.20727 -2.52573
-8.00000 6.54938 -18.82832 140 82 56 224 -2.20727 -2.20727 -2.52573
-8.00000 3.94394 -13.96631 132 87 54 224 -2.20727 -2.20727 -2.52573
-6.85025 3.02911 -19.25000 137 88 54 224 -2.20727 -2.20727 -2.52573
-6.58172 6.28789 -10.75000 131 82 55 224 -2.20727 -2.20727 -2.52573
-0.80000 0.33759 -11.68726 131 87 59 224 -2.20727 -2.20727 -2.52573
-8.00000 0.94399 -11.93641 130 78 54 224 -2.20727 -2.20727 -2.52573
-5.58236 1.81012 -10.75000 122 88 57 224 -2.20727 -2.20727 -2.52573
-8.00000 5.58571 -11.86385 129 86 56 224 -2.20727 -2.20727 -2.52573
-2.48566 4.39306 -10.75000 128 77 58 224 -2.20727 -2.20727 -2.52573
-6.84047 3.80440 -19.25000 142 78 52 224 -2.20727 -2.20727 -2.52573
-5.42828 5.13622 -10.75000 137 79 53 224 -2.20727 -2.20727 -2.52573
-0.80000 3.52017 -16.79556 138 76 61 224 -2.20727 -2.20727 -2.52573
-3.42118 3.15059 -10.75000 131 82 51 224 -2.20727 -2.20727 -2.52573
-0.80000 1.91079 -14.84658 142 84 55 224 -2.20727 -2.20727 -2.52573
-7.45376 6.23666 -10.75000 134 82 53 224 -2.20727 -2.20727 -2.52573
-0.80000 1.93069 -12.42302 128 84 54 224 -2.20727 -2.20727 -2.52573
-6.04805 4.18794 -10.75000 135 79 52 224 -2.20727 -2.20727 -2.52573
-0.80000 1.87910 -16.94515 137 83 52 224 -2.20727 -2.20727 -2.52573
-0.80000 2.67935 -11.51979 139 80 60 224 -2.20727 -2.20727 -2.52573
-1.75034 3.01886 -10.75000 138 83 55 224 -2.20727 -2.20727 -2.52573
-8.00000 4.56397 -18.76880 128 77 54 224 -2.20727 -2.20727 -2.52573
-8.00000 3.32231 -16.74066 141 86 56 224 -2.20727 -2.20727 -2.52573
-0.80000 3.44864 -15.74830 125 81 56 224 -2.20727 -2.20727 -2.52573
-8.00000 1.99043 -11.12466 122 85 52 224 -2.20727 -2.20727 -2.52573
-5.64192 5.34181 -10.75000 139 85 55 224 -2.20727 -2.20727 -2.52573
-8.00000 1.92459 -11.78663 141 88 58 224 -2.20727 -2.20727 -2.52573
-0.80000 4.87045 -13.33116 141 77 55 224 -2.20727 -2.20727 -2.52573
-8.00000 4.51920 -13.98125 128 78 60 224 -2.20727 -2.20727 -2.52573
-7.64055 5.09187 -10.75000 126 84 60 224 -2.20727 -2.20727 -2.52573
-0.80000 0.83258 -10.96214 138 78 59 224 -2.20727 -2.20727 -2.52573
-7.99099 5.40790 -19.25000 131 79 60 224 -2.20727 -2.20727 -2.52573
-8.00000 4.60668 -18.74640 141 78 51 224 -2.20727 -2.20727 -2.52573
-7.84492 6.50461 -10.75000 129 78 55 224 -2.20727 -2.20727 -2.52573
-4.47207 2.78789 -19.25000 132 80 56 224 -2.20727 -2.20727 -2.52573
-2.98309 3.64227 -19.25000 126 80 53 224 -2.20727 -2.20727 -2.52573
-0.98522 5.87216 -19.25000 133 84 52 224 -2.20727 -2.20727 -2.52573
-4.07563 0.71376 -10.75000 138 76 57 224 -2.20727 -2.20727 -2.52573
-8.00000 4.84626 -19.23189 134 77 54 224 -2.20727 -2.20727 -2.52573
-4.93229 6.42405 -10.75000 142 88 52 224 -2.20727 -2.20727 -2.52573
-0.80000 6.36923 -11.10416 140 83 57 224 -2.20727 -2.20727 -2.52573
-3.76103 5.68509 -10.75000 137 82 61 224 -2.20727 -2.20727 -2.52573
-8.00000 2.89311 -18.99763 134 82 59 224 -2.20727 -2.20727 -2.52573
-5.35199 1.91291 -19.25000 129 83 57 224 -2.20727 -2.20727 -2.52573
-8.00000 2.62061 -15.66446 125 76 57 224 -2.20727 -2.20727 -2.52573
-6.29041 0.07694 -10.75000 124 86 56 224 -2.20727 -2.20727 -2.52573
-3.04462 2.91430 -10.75000 141 86 61 224 -2.20727 -2.20727 -2.52573
-4.18650 2.88295 -10.75000 129 77 51 224 -2.20727 -2.20727 -2.52573
-1.95567 0.00193 -10.75000 136 84 59 224 -2.20727 -2.20727 -2.52573
-1.61197 2.20098 -10.75000 140 82 57 224 -2.20727 -2.20727 -2.52573
-0.80000 1.21086 -18.56252 139 77 51 224 -2.20727 -2.20727 -2.52573
-7.31658 2.15412 -19.25000 123 83 53 224 -2.20727 -2.20727 -2.52573
-0.80000 6.70173 -12.39685 125 84 60 224 -2.20727 -2.20727 -2.52573
-5.74650 1.51462 -19.25000 132 80 60 224 -2.20727 -2.20727 -2.52573
-7.75750 4.51082 -19.25000 126 88 60 224 -2.20727 -2.20727 -2.52573
-5.95990 5.71627 -10.75000 132 80 55 224 -2.20727 -2.20727 -2.52573
-8.00000 1.06402 -18.29784 131 78 60 224 -2.20727 -2.20727 -2.52573
-0.80000 2.83174 -13.51766 124 88 57 224 -2.20727 -2.20727 -2.52573
-8.00000 0.21147 -18.36263 125 83 53 224 -2.20727 -2.20727 -2.52573
-0.80000 5.72629 -12.70219 133 82 58 224 -2.20727 -2.20727 -2.52573
-0.80000 2.21911 -18.39604 122 80 52 224 -2.20727 -2.20727 -2.52573
-8.00000 4.86985 -16.68523 124 84 52 224 -2.20727 -2.20727 -2.52573
-8.00000 1.05626 -12.87936 135 87 59 224 -2.20727 -2.20727 -2.52573
-3.03251 0.34696 -19.25000 141 88 53 224 -2.20727 -2.20727 -2.52573
-8.00000 5.97140 -14.47953 124 79 58 224 -2.20727 -2.20727 -2.52573
-2.08251 4.23599 -10.75000 130 86 52 224 -2.20727 -2.20727 -2.52573
-0.80000 2.37765 -12.01339 128 80 51 224 -2.20727 -2.20727 -2.52573
-8.00000 3.91669 -11.38151 123 87 59 224 -2.20727 -2.20727 -2.52573
-0.80000 0.15690 -12.85764 131 88 60 224 -2.20727 -2.20727 -2.52573
-7.87721 1.62114 -19.25000 128 87 57 224 -2.20727 -2.20727 -2.52573
-4.94175 6.75512 -19.25000 139 77 53 224 -2.20727 -2.20727 -2.52573
-6.12362 1.17093 -19.25000 131 87 56 224 -2.20727 -2.20727 -2.52573
-5.65067 6.28349 -19.25000 132 86 60 224 -2.20727 -2.20727 -2.52573
-0.80000 3.10771 -17.89706 130 87 54 224 -2.20727 -2.20727 -2.52573
-0.80000 5.26550 -15.53807 132 83 54 224 -2.20727 -2.20727 -2.52573
-7.32955 3.07825 -10.75000 134 82 55 224 -2.20727 -2.20727 -2.52573
-0.80000 6.17855 -11.23863 125 81 60 224 -2.20727 -2.20727 -2.52573
-4.92164 3.10833 -10.75000 126 82 53 224 -2.20727 -2.20727 -2.52573
-3.45458 4.62201 -10.75000 138 78 54 224 -2.20727 -2.20727 -2.52573
-0.80000 2.22258 -12.87274 134 76 58 224 -2.20727 -2.20727 -2.52573
-0.80000 3.35965 -13.99946 136 84 57 224 -2.20727 -2.20727 -2.52573
-8.00000 1.80843 -12.19994 137 77 51 224 -2.20727 -2.20727 -2.52573
-8.00000 3.17132 -14.21686 136 77 51 224 -2.20727 -2.20727 -2.52573
-7.74025 5.80742 -10.75000 138 78 59 224 -2.20727 -2.20727 -2.52573
-1.92135 3.44463 -10.75000 134 86 59 224 -2.20727 -2.20727 -2.52573
-3.23094 4.65157 -19.25000 132 76 51 224 -2.20727 -2.20727 -2.52573
-4.03545 4.08349 -19.25000 133 80 51 224 -2.20727 -2.20727 -2.52573
-8.00000 1.09773 -10.98749 139 81 57 224 -2.20727 -2.20727 -2.52573
-0.80000 2.10058 -11.56825 141 76 54 224 -2.20727 -2.20727 -2.52573
-4.67235 3.86491 -10.75000 132 87 54 224 -2.20727 -2.20727 -2.52573
-0.80000 1.15623 -18.65146 124 82 51 224 -2.20727 -2.20727 -2.52573
-0.80000 1.19228 -15.54769 127 78 52 224 -2.20727 -2.20727 -2.52573
-2.45429 6.07392 -19.25000 124 85 60 224 -2.20727 -2.20727 -2.52573
-0.80000 4.43285 -18.37072 129 82 59 224 -2.20727 -2.20727 -2.52573
-7.92264 1.60595 -10.75000 127 85 52 224 -2.20727 -2.20727 -2.52573
-3.82645 8.67731 -19.87987 25 28 30 234 -2.12026 -2.12026 -2.81341
-4.25425 8.79905 -12.91266 25 28 30 234 -2.12026 -2.12026 -2.81341
-1.66559 7.45652 -12.53304 25 28 30 234 -2.12026 -2.12026 -2.81341
-3.37002 8.40688 -12.75956 25 28 30 234 -2.12026 -2.12026 -2.81341
-0.45180 6.95722 -13.06713 25 28 30 234 -2.12026 -2.12026 -2.81341
-3.14535 8.22911 -13.27844 25 28 30 234 -2.12026 -2.12026 -2.81341
-4.72098 8.64563 -19.75350 25 28 30 234 -2.12026 -2.12026 -2.81341
-6.09090 8.07991 -14.00164 25 28 30 234 -2.12026 -2.12026 -2.81341
-2.31175 7.90617 -15.61056 25 28 30 234 -2.12026 -2.12026 -2.81341
-4.47803 8.80651 -10.56078 25 28 30 234 -2.12026 -2.12026 -2.81341
-0.56086 7.02111 -13.65756 25 28 30 234 -2.12026 -2.12026 -2.81341
-6.36130 7.89392 -15.39417 25 28 30 234 -2.12026 -2.12026 -2.81341
-2.03099 7.67046 -17.55389 25 28 30 234 -2.12026 -2.12026 -2.81341
-1.24157 7.33778 -12.41805 25 28 30 234 -2.12026 -2.12026 -2.81341
-7.90960 7.16837 -16.72786 25 28 30 234 -2.12026 -2.12026 -2.81341
-1.16221 7.35215 -11.99783 25 28 30 234 -2.12026 -2.12026 -2.81341
-4.84714 8.66473 -13.44398 25 28 30 234 -2.12026 -2.12026 -2.81341
-0.59097 7.04783 -13.45887 25 28 30 234 -2.12026 -2.12026 -2.81341
-5.01708 8.59035 -10.06995 25 28 30 234 -2.12026 -2.12026 -2.81341
-1.19163 7.30625 -14.37365 25 28 30 234 -2.12026 -2.12026 -2.81341
-6.01541 8.01630 -12.26809 25 28 30 234 -2.12026 -2.12026 -2.81341
-4.50352 8.80090 -17.38208 25 28 30 234 -2.12026 -2.12026 -2.81341
-1.54118 7.54044 -15.69534 25 28 30 234 -2.12026 -2.12026 -2.81341
-1.51460 7.48389 -18.45992 25 28 30 234 -2.12026 -2.12026 -2.81341
-5.02010 8.64202 -10.47525 25 28 30 234 -2.12026 -2.12026 -2.81341
-5.79516 8.20919 -12.27344 25 28 30 234 -2.12026 -2.12026 -2.81341
-1.69467 7.45685 -17.90513 25 28 30 234 -2.12026 -2.12026 -2.81341
-7.87967 7.16908 -15.55290 25 28 30 234 -2.12026 -2.12026 -2.81341
-3.80262 8.55811 -11.05492 25 28 30 234 -2.12026 -2.12026 -2.81341
-4.72104 8.73765 -14.68980 25 28 30 234 -2.12026 -2.12026 -2.81341
-5.81560 8.14609 -10.59359 25 28 30 234 -2.12026 -2.12026 -2.81341
-3.97690 8.65647 -11.64112 25 28 30 234 -2.12026 -2.12026 -2.81341
-2.61127 8.05279 -16.52141 25 28 30 234 -2.12026 -2.12026 -2.81341
-0.16841 6.75251 -13.29582 25 28 30 234 -2.12026 -2.12026 -2.81341
-1.02401 7.21915 -14.05006 25 28 30 234 -2.12026 -2.12026 -2.81341
-5.76364 8.14464 -13.08597 25 28 30 234 -2.12026 -2.12026 -2.81341
-4.30048 8.78187 -14.50596 25 28 30 234 -2.12026 -2.12026 -2.81341
-3.27412 8.34343 -10.53133 25 28 30 234 -2.12026 -2.12026 -2.81341
-4.75138 8.69629 -13.18777 25 28 30 234 -2.12026 -2.12026 -2.81341
-3.48688 8.41566 -11.19523 25 28 30 234 -2.12026 -2.12026 -2.81341
-0.48880 6.98423 -15.71795 25 28 30 234 -2.12026 -2.12026 -2.81341
-2.16184 7.82713 -12.28776 25 28 30 234 -2.12026 -2.12026 -2.81341
-2.29653 7.83779 -17.36733 25 28 30 234 -2.12026 -2.12026 -2.81341
-4.93583 8.57985 -13.68129 25 28 30 234 -2.12026 -2.12026 -2.81341
-7.37341 7.39816 -18.78028 25 28 30 234 -2.12026 -2.12026 -2.81341
-0.37085 6.88109 -16.24578 25 28 30 234 -2.12026 -2.12026 -2.81341
-3.76577 8.57047 -19.63073 25 28 30 234 -2.12026 -2.12026 -2.81341
-3.56049 8.46538 -12.30248 25 28 30 234 -2.12026 -2.12026 -2.81341
-1.73740 7.55477 -19.18508 25 28 30 234 -2.12026 -2.12026 -2.81341
-2.55792 7.94234 -16.56263 25 28 30 234 -2.12026 -2.12026 -2.81341
-7.63899 7.29215 -16.07968 25 28 30 234 -2.12026 -2.12026 -2.81341
-1.06078 7.27164 -13.59795 25 28 30 234 -2.12026 -2.12026 -2.81341
-2.52231 7.90186 -10.88052 25 28 30 234 -2.12026 -2.12026 -2.81341
-5.10637 8.52510 -15.12371 25 28 30 234 -2.12026 -2.12026 -2.81341
-6.20530 7.88793 -12.84156 25 28 30 234 -2.12026 -2.12026 -2.81341
-4.30355 8.81538 -13.34926 25 28 30 234 -2.12026 -2.12026 -2.81341
-6.45814 7.87498 -14.07523 25 28 30 234 -2.12026 -2.12026 -2.81341
-0.44635 6.94620 -17.33282 25 28 30 234 -2.12026 -2.12026 -2.81341
-3.05390 8.27307 -16.26832 25 28 30 234 -2.12026 -2.12026 -2.81341
-8.31393 6.97378 -10.58673 25 28 30 234 -2.12026 -2.12026 -2.81341
-7.62699 7.28139 -11.63618 25 28 30 234 -2.12026 -2.12026 -2.81341
-1.78819 7.59902 -11.25751 25 28 30 234 -2.12026 -2.12026 -2.81341
-3.69901 8.49652 -12.22756 25 28 30 234 -2.12026 -2.12026 -2.81341
-7.61060 7.33782 -11.98634 25 28 30 234 -2.12026 -2.12026 -2.81341
-2.71693 8.05144 -18.37964 25 28 30 234 -2.12026 -2.12026 -2.81341
-0.15276 6.75152 -15.20112 25 28 30 234 -2.12026 -2.12026 -2.81341
-7.59293 7.32082 -10.90667 25 28 30 234 -2.12026 -2.12026 -2.81341
-3.94950 8.67164 -10.07015 25 28 30 234 -2.12026 -2.12026 -2.81341
-4.14816 8.75776 -14.91223 25 28 30 234 -2.12026 -2.12026 -2.81341
-3.94694 8.64476 -15.52388 25 28 30 234 -2.12026 -2.12026 -2.81341
-1.90162 7.64450 -11.06884 25 28 30 234 -2.12026 -2.12026 -2.81341
-3.25578 8.29707 -12.44868 25 28 30 234 -2.12026 -2.12026 -2.81341
-5.38552 8.45608 -14.69233 25 28 30 234 -2.12026 -2.12026 -2.81341
-5.06042 8.54326 -13.86394 25 28 30 234 -2.12026 -2.12026 -2.81341
-7.95368 7.10971 -12.94678 25 28 30 234 -2.12026 -2.12026 -2.81341
-0.82941 7.11790 -11.82012 25 28 30 234 -2.12026 -2.12026 -2.81341
-1.02493 7.28254 -15.21027 25 28 30 234 -2.12026 -2.12026 -2.81341
-7.89323 7.19548 -17.55390 25 28 30 234 -2.12026 -2.12026 -2.81341
-7.89919 7.21568 -14.37684 25 28 30 234 -2.12026 -2.12026 -2.81341
-1.79246 7.60005 -13.82248 25 28 30 234 -2.12026 -2.12026 -2.81341
-4.85754 8.67830 -12.42240 25 28 30 234 -2.12026 -2.12026 -2.81341
-1.02858 7.26274 -16.58306 25 28 30 234 -2.12026 -2.12026 -2.81341
-0.26181 6.87089 -14.14425 25 28 30 234 -2.12026 -2.12026 -2.81341
-7.70387 7.27476 -18.58667 25 28 30 234 -2.12026 -2.12026 -2.81341
-0.55848 6.98006 -15.05680 25 28 30 234 -2.12026 -2.12026 -2.81341
-4.54838 8.83138 -17.31917 25 28 30 234 -2.12026 -2.12026 -2.81341
-4.75822 8.66684 -18.91455 25 28 30 234 -2.12026 -2.12026 -2.81341
-7.96617 7.08717 -13.68815 25 28 30 234 -2.12026 -2.12026 -2.81341
-8.49712 6.93580 -10.81907 25 28 30 234 -2.12026 -2.12026 -2.81341
-3.41895 8.43641 -12.64297 25 28 30 234 -2.12026 -2.12026 -2.81341
-7.09355 7.57764 -18.15831 25 28 30 234 -2.12026 -2.12026 -2.81341
-7.18861 7.47260 -12.12508 25 28 30 234 -2.12026 -2.12026 -2.81341
-6.74008 7.78792 -19.71855 25 28 30 234 -2.12026 -2.12026 -2.81341
-1.49871 7.45185 -12.54427 25 28 30 234 -2.12026 -2.12026 -2.81341
-4.80671 8.65188 -13.92898 25 28 30 234 -2.12026 -2.12026 -2.81341
-3.22468 8.25286 -16.42391 25 28 30 234 -2.12026 -2.12026 -2.81341
-3.00428 8.13334 -18.61997 25 28 30 234 -2.12026 -2.12026 -2.81341
-4.57423 8.79830 -16.80580 25 28 30 234 -2.12026 -2.12026 -2.81341
-1.31019 7.32221 -11.31014 25 28 30 234 -2.12026 -2.12026 -2.81341
-1.09896 7.28905 -12.55547 25 28 30 234 -2.12026 -2.12026 -2.81341
-4.67459 8.75895 -11.98618 25 28 30 234 -2.12026 -2.12026 -2.81341
-4.41917 8.81056 -16.10005 25 28 30 234 -2.12026 -2.12026 -2.81341
-2.39015 7.90609 -19.23261 25 28 30 234 -2.12026 -2.12026 -2.81341
-1.54068 7.49793 -18.38111 25 28 30 234 -2.12026 -2.12026 -2.81341
-0.27629 6.90803 -17.14200 25 28 30 234 -2.12026 -2.12026 -2.81341
-6.43370 7.91731 -15.61752 25 28 30 234 -2.12026 -2.12026 -2.81341
-0.84436 7.10153 -15.39407 25 28 30 234 -2.12026 -2.12026 -2.81341
-5.86643 8.21256 -14.90970 25 28 30 234 -2.12026 -2.12026 -2.81341
-0.93387 7.15235 -15.81634 25 28 30 234 -2.12026 -2.12026 -2.81341
-4.94401 8.61055 -19.73708 25 28 30 234 -2.12026 -2.12026 -2.81341
-5.97259 8.08444 -11.20743 25 28 30 234 -2.12026 -2.12026 -2.81341
-0.93276 7.22474 -14.81234 25 28 30 234 -2.12026 -2.12026 -2.81341
-5.60513 8.24080 -19.38286 25 28 30 234 -2.12026 -2.12026 -2.81341
-5.33620 8.41325 -11.91658 25 28 30 234 -2.12026 -2.12026 -2.81341
-1.56535 7.53929 -15.60626 25 28 30 234 -2.12026 -2.12026 -2.81341
-5.18585 8.50131 -15.33211 25 28 30 234 -2.12026 -2.12026 -2.81341
-8.38602 6.93547 -12.83405 25 28 30 234 -2.12026 -2.12026 -2.81341
-5.61960 8.25950 -15.44327 25 28 30 234 -2.12026 -2.12026 -2.81341
-3.79125 8.57918 -16.22492 25 28 30 234 -2.12026 -2.12026 -2.81341
-0.24300 6.85785 -15.22538 25 28 30 234 -2.12026 -2.12026 -2.81341
-3.62329 8.51367 -19.46126 25 28 30 234 -2.12026 -2.12026 -2.81341
-7.19833 7.46584 -12.98903 25 28 30 234 -2.12026 -2.12026 -2.81341
-5.06646 8.53027 -16.04220 25 28 30 234 -2.12026 -2.12026 -2.81341
-5.02819 8.54654 -19.06027 25 28 30 234 -2.12026 -2.12026 -2.81341
-0.78048 7.15003 -16.57594 25 28 30 234 -2.12026 -2.12026 -2.81341
-7.56013 7.35745 -19.08253 25 28 30 234 -2.12026 -2.12026 -2.81341
-0.82245 7.15128 -16.65260 25 28 30 234 -2.12026 -2.12026 -2.81341
-7.80025 7.20922 -10.63881 25 28 30 234 -2.12026 -2.12026 -2.81341
-3.67590 8.49682 -19.78072 25 28 30 234 -2.12026 -2.12026 -2.81341
-3.15946 8.29204 -14.45746 25 28 30 234 -2.12026 -2.12026 -2.81341
-7.43037 7.40414 -16.36207 25 28 30 234 -2.12026 -2.12026 -2.81341
-3.44963 8.41703 -14.07556 25 28 30 234 -2.12026 -2.12026 -2.81341
-6.65331 7.78035 -11.15119 25 28 30 234 -2.12026 -2.12026 -2.81341
-7.31715 7.42626 -18.84184 25 28 30 234 -2.12026 -2.12026 -2.81341
-0.29219 6.92429 -15.80572 25 28 30 234 -2.12026 -2.12026 -2.81341
-0.45463 6.94311 -13.27459 25 28 30 234 -2.12026 -2.12026 -2.81341
-7.85226 7.22157 -16.43351 25 28 30 234 -2.12026 -2.12026 -2.81341
-1.95421 7.63722 -15.20049 25 28 30 234 -2.12026 -2.12026 -2.81341
-1.47129 7.48186 -19.84695 25 28 30 234 -2.12026 -2.12026 -2.81341
-1.60721 7.51015 -11.00580 25 28 30 234 -2.12026 -2.12026 -2.81341
-5.08278 8.53957 -10.87090 25 28 30 234 -2.12026 -2.12026 -2.81341
-4.02165 8.65926 -14.17339 25 28 30 234 -2.12026 -2.12026 -2.81341
-5.41077 8.31231 -19.84565 25 28 30 234 -2.12026 -2.12026 -2.81341
-6.68723 7.78963 -11.21703 25 28 30 234 -2.12026 -2.12026 -2.81341
-4.35037 8.78020 -16.35220 25 28 30 234 -2.12026 -2.12026 -2.81341
-2.91699 8.14844 -14.57111 25 28 30 234 -2.12026 -2.12026 -2.81341
-6.05591 8.01211 -10.66537 25 28 30 234 -2.12026 -2.12026 -2.81341
-0.45136 6.95669 -14.57010 25 28 30 234 -2.12026 -2.12026 -2.81341
-5.39807 8.37380 -14.68843 25 28 30 234 -2.12026 -2.12026 -2.81341
-7.41314 7.41572 -14.80838 25 28 30 234 -2.12026 -2.12026 -2.81341
-6.60203 7.80470 -15.76479 25 28 30 234 -2.12026 -2.12026 -2.81341
-5.34046 8.35960 -19.09590 25 28 30 234 -2.12026 -2.12026 -2.81341
-5.37545 8.41876 -13.43158 25 28 30 234 -2.12026 -2.12026 -2.81341
-5.26851 8.50002 -10.69770 25 28 30 234 -2.12026 -2.12026 -2.81341
-1.27510 7.38841 -15.75226 25 28 30 234 -2.12026 -2.12026 -2.81341
-8.16500 7.05005 -15.16370 25 28 30 234 -2.12026 -2.12026 -2.81341
-8.16385 6.97410 -14.91529 25 28 30 234 -2.12026 -2.12026 -2.81341
-8.06567 7.08776 -17.99805 25 28 30 234 -2.12026 -2.12026 -2.81341
-6.46443 7.93835 -12.57599 25 28 30 234 -2.12026 -2.12026 -2.81341
-6.58333 7.83041 -11.46781 25 28 30 234 -2.12026 -2.12026 -2.81341
-3.45099 8.44475 -15.61488 25 28 30 234 -2.12026 -2.12026 -2.81341
-2.35048 7.85348 -14.90898 25 28 30 234 -2.12026 -2.12026 -2.81341
-7.07515 7.57076 -19.41610 25 28 30 234 -2.12026 -2.12026 -2.81341
-8.13974 7.03561 -18.68281 25 28 30 234 -2.12026 -2.12026 -2.81341
-7.99300 7.09883 -15.26269 25 28 30 234 -2.12026 -2.12026 -2.81341
-0.73053 7.05219 -16.53518 25 28 30 234 -2.12026 -2.12026 -2.81341
-8.11645 7.07275 -14.88412 25 28 30 234 -2.12026 -2.12026 -2.81341
-3.10383 8.27646 -16.54014 25 28 30 234 -2.12026 -2.12026 -2.81341
-2.48000 7.94461 -15.99898 25 28 30 234 -2.12026 -2.12026 -2.81341
-1.97318 7.67892 -13.23367 25 28 30 234 -2.12026 -2.12026 -2.81341
-6.59357 7.86172 -19.85502 25 28 30 234 -2.12026 -2.12026 -2.81341
-3.71074 8.56968 -10.84730 25 28 30 234 -2.12026 -2.12026 -2.81341
-7.25579 7.48473 -14.54037 25 28 30 234 -2.12026 -2.12026 -2.81341
-3.94221 8.71607 -18.66868 25 28 30 234 -2.12026 -2.12026 -2.81341
-2.00871 7.69507 -15.00693 25 28 30 234 -2.12026 -2.12026 -2.81341
-5.30458 8.42517 -18.99400 25 28 30 234 -2.12026 -2.12026 -2.81341
-5.81705 8.14784 -13.60634 25 28 30 234 -2.12026 -2.12026 -2.81341
-6.37558 7.87898 -19.31579 25 28 30 234 -2.12026 -2.12026 -2.81341
-7.16705 7.50952 -13.52354 25 28 30 234 -2.12026 -2.12026 -2.81341
-6.30978 7.93114 -14.65799 25 28 30 234 -2.12026 -2.12026 -2.81341
8.40000 4.89847 -13.50072 126 86 52 224 -2.20727 -2.20727 -2.52573
8.40000 5.85838 -12.66688 137 86 56 224 -2.20727 -2.20727 -2.52573
1.20000 1.85977 -14.45300 136 77 54 224 -2.20727 -2.20727 -2.52573
1.20000 1.45138 -19.11683 137 78 58 224 -2.20727 -2.20727 -2.52573
6.77690 5.70397 -19.25000 128 78 57 224 -2.20727 -2.20727 -2.52573
2.98647 2.69808 -19.25000 136 83 51 224 -2.20727 -2.20727 -2.52573
8.40000 3.22158 -16.66822 142 83 55 224 -2.20727 -2.20727 -2.52573
6.20333 4.71501 -10.75000 137 88 60 224 -2.20727 -2.20727 -2.52573
8.40000 4.37740 -11.42034 125 86 57 224 -2.20727 -2.20727 -2.52573
8.40000 2.86000 -16.94490 133 82 56 224 -2.20727 -2.20727 -2.52573
3.97641 4.59940 -19.25000 140 76 54 224 -2.20727 -2.20727 -2.52573
8.40000 3.24204 -16.72894 130 85 54 224 -2.20727 -2.20727 -2.52573
6.81688 1.67412 -10.75000 123 84 57 224 -2.20727 -2.20727 -2.52573
4.87276 1.24369 -10.75000 126 85 60 224 -2.20727 -2.20727 -2.52573
5.48111 3.75190 -10.75000 124 83 55 224 -2.20727 -2.20727 -2.52573
8.40000 4.36579 -11.10868 131 80 60 224 -2.20727 -2.20727 -2.52573
8.40000 0.13865 -18.16945 131 78 53 224 -2.20727 -2.20727 -2.52573
8.40000 2.94653 -14.42476 142 88 52 224 -2.20727 -2.20727 -2.52573
3.23008 4.18902 -10.75000 141 85 52 224 -2.20727 -2.20727 -2.52573
8.17671 3.29849 -19.25000 125 80 58 224 -2.20727 -2.20727 -2.52573
1.20000 6.13735 -17.45083 126 76 52 224 -2.20727 -2.20727 -2.52573
4.23763 0.16006 -19.25000 135 86 53 224 -2.20727 -2.20727 -2.52573
8.40000 1.53741 -16.26598 122 84 60 224 -2.20727 -2.20727 -2.52573
3.93667 0.65523 -10.75000 126 83 57 224 -2.20727 -2.20727 -2.52573
1.27790 0.53033 -10.75000 138 82 54 224 -2.20727 -2.20727 -2.52573
3.91187 3.49680 -10.75000 138 82 54 224 -2.20727 -2.20727 -2.52573
6.03715 0.81706 -19.25000 122 86 57 224 -2.20727 -2.20727 -2.52573
1.20000 5.22151 -12.69000 134 77 57 224 -2.20727 -2.20727 -2.52573
6.90869 3.69976 -10.75000 128 86 52 224 -2.20727 -2.20727 -2.52573
2.34102 4.54566 -10.75000 132 87 56 224 -2.20727 -2.20727 -2.52573
8.40000 2.35808 -13.78416 124 88 56 224 -2.20727 -2.20727 -2.52573
8.40000 2.33082 -17.81788 139 89 55 224 -2.20727 -2.20727 -2.52573
1.20000 4.48434 -12.19319 138 85 58 224 -2.20727 -2.20727 -2.52573
1.20000 3.68807 -16.03936 142 79 59 224 -2.20727 -2.20727 -2.52573
8.40000 2.77310 -16.39723 127 77 53 224 -2.20727 -2.20727 -2.52573
6.61202 1.62853 -19.25000 140 88 52 224 -2.20727 -2.20727 -2.52573
8.40000 6.06376 -12.66891 134 79 52 224 -2.20727 -2.20727 -2.52573
6.54251 4.38572 -10.75000 135 79 53 224 -2.20727 -2.20727 -2.52573
8.40000 4.09886 -12.73925 139 84 59 224 -2.20727 -2.20727 -2.52573
5.95160 1.54621 -19.25000 134 76 60 224 -2.20727 -2.20727 -2.52573
5.89102 3.94013 -10.75000 136 78 52 224 -2.20727 -2.20727 -2.52573
1.20000 1.89846 -17.51789 137 85 60 224 -2.20727 -2.20727 -2.52573
7.15248 5.73536 -10.75000 127 80 59 224 -2.20727 -2.20727 -2.52573
1.20000 0.47057 -18.50603 124 85 60 224 -2.20727 -2.20727 -2.52573
6.90627 3.28271 -19.25000 141 85 60 224 -2.20727 -2.20727 -2.52573
4.35375 3.09945 -10.75000 138 80 54 224 -2.20727 -2.20727 -2.52573
1.20000 0.49677 -11.89752 132 82 54 224 -2.20727 -2.20727 -2.52573
8.40000 2.69295 -16.93325 131 87 56 224 -2.20727 -2.20727 -2.52573
6.96823 5.10445 -19.25000 124 77 54 224 -2.20727 -2.20727 -2.52573
8.40000 4.75383 -12.54304 133 76 52 224 -2.20727 -2.20727 -2.52573
8.40000 3.06920 -10.88776 141 88 60 224 -2.20727 -2.20727 -2.52573
1.20000 2.23443 -11.91931 125 86 58 224 -2.20727 -2.20727 -2.52573
1.20000 1.26383 -11.16591 141 77 51 224 -2.20727 -2.20727 -2.52573
8.40000 3.90179 -17.84282 130 78 54 224 -2.20727 -2.20727 -2.52573
2.55945 6.05243 -19.25000 130 81 52 224 -2.20727 -2.20727 -2.52573
1.20000 4.78411 -16.26173 140 77 57 224 -2.20727 -2.20727 -2.52573
1.20000 3.78083 -15.03398 123 79 54 224 -2.20727 -2.20727 -2.52573
1.20000 2.58151 -16.69404 129 80 60 224 -2.20727 -2.20727 -2.52573
1.20000 4.29627 -13.32778 124 78 53 224 -2.20727 -2.20727 -2.52573
1.20000 3.60524 -18.74956 136 88 59 224 -2.20727 -2.20727 -2.52573
2.23410 4.78624 -19.25000 129 82 57 224 -2.20727 -2.20727 -2.52573
1.20000 5.03523 -14.71448 136 83 56 224 -2.20727 -2.20727 -2.52573
1.20000 3.86367 -19.22886 127 88 58 224 -2.20727 -2.20727 -2.52573
4.52518 1.37987 -10.75000 141 87 52 224 -2.20727 -2.20727 -2.52573
4.29051 4.75733 -19.25000 140 86 51 224 -2.20727 -2.20727 -2.52573
2.18561 4.77803 -10.75000 139 82 60 224 -2.20727 -2.20727 -2.52573
3.59542 5.11943 -10.75000 135 81 58 224 -2.20727 -2.20727 -2.52573
3.07020 5.04314 -19.25000 135 79 52 224 -2.20727 -2.20727 -2.52573
8.40000 1.45981 -16.04249 133 77 59 224 -2.20727 -2.20727 -2.52573
8.40000 6.18714 -12.37667 132 81 54 224 -2.20727 -2.20727 -2.52573
8.40000 1.53725 -16.91343 130 82 52 224 -2.20727 -2.20727 -2.52573
1.20000 4.55118 -18.86843 133 82 55 224 -2.20727 -2.20727 -2.52573
3.03702 5.81569 -19.25000 130 86 57 224 -2.20727 -2.20727 -2.52573
3.12195 0.91167 -19.25000 125 81 55 224 -2.20727 -2.20727 -2.52573
3.82501 1.17066 -10.75000 135 84 59 224 -2.20727 -2.20727 -2.52573
1.55710 1.82337 -19.25000 124 84 61 224 -2.20727 -2.20727 -2.52573
3.84173 1.50611 -10.75000 124 82 52 224 -2.20727 -2.20727 -2.52573
6.23063 5.36739 -19.25000 128 83 60 224 -2.20727 -2.20727 -2.52573
1.20000 4.82692 -17.47599 140 76 53 224 -2.20727 -2.20727 -2.52573
1.20000 0.04693 -17.90659 125 89 51 224 -2.20727 -2.20727 -2.52573
1.20000 4.80470 -15.64556 131 80 53 224 -2.20727 -2.20727 -2.52573
1.39676 0.98869 -19.25000 127 83 51 224 -2.20727 -2.20727 -2.52573
8.40000 2.07869 -16.26410 128 77 60 224 -2.20727 -2.20727 -2.52573
7.15362 1.08803 -10.75000 126 87 56 224 -2.20727 -2.20727 -2.52573
7.13542 3.56806 -19.25000 134 85 54 224 -2.20727 -2.20727 -2.52573
7.88153 1.93005 -10.75000 132 89 56 224 -2.20727 -2.20727 -2.52573
1.20000 1.35108 -19.21667 137 83 55 224 -2.20727 -2.20727 -2.52573
6.15455 2.21767 -10.75000 128 78 56 224 -2.20727 -2.20727 -2.52573
8.40000 0.54393 -15.26527 137 88 53 224 -2.20727 -2.20727 -2.52573
8.40000 1.59353 -14.47985 140 85 58 224 -2.20727 -2.20727 -2.52573
3.62482 1.10637 -10.75000 142 86 55 224 -2.20727 -2.20727 -2.52573
6.74587 2.04921 -19.25000 123 81 56 224 -2.20727 -2.20727 -2.52573
8.40000 0.73857 -11.56616 128 76 53 224 -2.20727 -2.20727 -2.52573
5.72137 2.55848 -19.25000 135 85 56 224 -2.20727 -2.20727 -2.52573
8.40000 2.88618 -16.01272 122 80 58 224 -2.20727 -2.20727 -2.52573
1.20000 1.54984 -15.87153 122 78 52 224 -2.20727 -2.20727 -2.52573
1.20000 6.20406 -14.98401 130 85 57 224 -2.20727 -2.20727 -2.52573
8.40000 5.12076 -18.31812 133 80 56 224 -2.20727 -2.20727 -2.52573
1.20000 3.15274 -12.89355 138 81 59 224 -2.20727 -2.20727 -2.52573
3.22939 2.95139 -19.25000 129 81 56 224 -2.20727 -2.20727 -2.52573
2.92482 6.09492 -10.75000 138 81 56 224 -2.20727 -2.20727 -2.52573
8.40000 6.01548 -11.46232 141 89 58 224 -2.20727 -2.20727 -2.52573
8.40000 2.62748 -13.74104 122 86 58 224 -2.20727 -2.20727 -2.52573
8.40000 3.95304 -15.16452 136 84 57 224 -2.20727 -2.20727 -2.52573
8.40000 5.71848 -13.10698 140 83 55 224 -2.20727 -2.20727 -2.52573
1.20000 1.39350 -14.76342 137 87 57 224 -2.20727 -2.20727 -2.52573
6.49933 3.74630 -10.75000 126 87 60 224 -2.20727 -2.20727 -2.52573
5.24246 1.15462 -10.75000 130 82 51 224 -2.20727 -2.20727 -2.52573
1.40191 1.05147 -10.75000 124 81 57 224 -2.20727 -2.20727 -2.52573
6.15324 2.01016 -19.25000 139 78 59 224 -2.20727 -2.20727 -2.52573
8.40000 1.86335 -12.16140 129 79 58 224 -2.20727 -2.20727 -2.52573
8.40000 5.66267 -15.57496 126 82 51 224 -2.20727 -2.20727 -2.52573
2.33623 3.85699 -19.25000 135 86 59 224 -2.20727 -2.20727 -2.52573
1.20000 5.89324 -13.18634 133 76 56 224 -2.20727 -2.20727 -2.52573
8.12939 4.52186 -19.25000 141 77 54 224 -2.20727 -2.20727 -2.52573
8.40000 3.34113 -17.13111 141 84 60 224 -2.20727 -2.20727 -2.52573
1.23971 5.95021 -10.75000 141 76 60 224 -2.20727 -2.20727 -2.52573
3.94028 3.29400 -10.75000 138 77 58 224 -2.20727 -2.20727 -2.52573
1.20000 0.24096 -11.15631 136 84 56 224 -2.20727 -2.20727 -2.52573
8.40000 1.78055 -17.30675 138 83 53 224 -2.20727 -2.20727 -2.52573
8.40000 3.15637 -11.39724 133 77 60 224 -2.20727 -2.20727 -2.52573
1.20000 3.29535 -13.94911 124 80 56 224 -2.20727 -2.20727 -2.52573
1.83139 1.47749 -10.75000 137 87 57 224 -2.20727 -2.20727 -2.52573
3.45776 1.33707 -10.75000 131 80 55 224 -2.20727 -2.20727 -2.52573
8.40000 5.52830 -15.11343 138 81 58 224 -2.20727 -2.20727 -2.52573
4.58891 1.17009 -19.25000 126 77 55 224 -2.20727 -2.20727 -2.52573
8.40000 1.19602 -15.97811 123 84 59 224 -2.20727 -2.20727 -2.52573
8.40000 5.14460 -15.24721 134 78 56 224 -2.20727 -2.20727 -2.52573
1.20000 0.12422 -18.73116 137 83 57 224 -2.20727 -2.20727 -2.52573
1.20000 0.63699 -16.05113 135 87 56 224 -2.20727 -2.20727 -2.52573
8.40000 2.48758 -11.38696 138 82 58 224 -2.20727 -2.20727 -2.52573
1.20000 2.72543 -18.00798 141 77 53 224 -2.20727 -2.20727 -2.52573
1.20000 1.40291 -16.58627 129 84 55 224 -2.20727 -2.20727 -2.52573
3.73123 5.70258 -19.25000 142 84 54 224 -2.20727 -2.20727 -2.52573
1.20000 5.47288 -15.06473 141 80 59 224 -2.20727 -2.20727 -2.52573
1.20000 5.18988 -15.97996 129 79 56 224 -2.20727 -2.20727 -2.52573
8.40000 6.08812 -17.90617 130 88 52 224 -2.20727 -2.20727 -2.52573
1.62068 1.96890 -10.75000 125 84 51 224 -2.20727 -2.20727 -2.52573
3.51269 4.67477 -10.75000 127 88 51 224 -2.20727 -2.20727 -2.52573
8.40000 3.63982 -13.19974 135 84 51 224 -2.20727 -2.20727 -2.52573
8.40000 0.23393 -14.12754 133 79 53 224 -2.20727 -2.20727 -2.52573
1.20000 1.53104 -18.02483 126 81 53 224 -2.20727 -2.20727 -2.52573
1.52857 1.06813 -10.75000 132 81 56 224 -2.20727 -2.20727 -2.52573
2.46461 3.12735 -10.75000 135 80 54 224 -2.20727 -2.20727 -2.52573
1.20000 0.11749 -15.71769 139 82 51 224 -2.20727 -2.20727 -2.52573
1.20000 4.48575 -16.47370 135 77 54 224 -2.20727 -2.20727 -2.52573
8.40000 4.52441 -11.01608 128 81 53 224 -2.20727 -2.20727 -2.52573
8.40000 5.66121 -11.61706 131 84 59 224 -2.20727 -2.20727 -2.52573
8.22755 5.97286 -10.75000 131 80 54 224 -2.20727 -2.20727 -2.52573
1.20000 2.99602 -16.76384 127 80 56 224 -2.20727 -2.20727 -2.52573
8.40000 0.41359 -16.62713 138 82 53 224 -2.20727 -2.20727 -2.52573
8.40000 4.42786 -12.52329 125 82 55 224 -2.20727 -2.20727 -2.52573
8.40000 1.32822 -14.76177 140 87 51 224 -2.20727 -2.20727 -2.52573
1.38576 1.52601 -19.25000 126 80 58 224 -2.20727 -2.20727 -2.52573
4.80250 2.55069 -19.25000 135 83 52 224 -2.20727 -2.20727 -2.52573
6.99858 5.50490 -19.25000 140 85 61 224 -2.20727 -2.20727 -2.52573
2.17091 4.59812 -19.25000 125 77 52 224 -2.20727 -2.20727 -2.52573
2.83092 3.92996 -19.25000 130 78 56 224 -2.20727 -2.20727 -2.52573
5.24624 4.14726 -19.25000 133 76 52 224 -2.20727 -2.20727 -2.52573
5.37180 6.03921 -19.25000 136 86 51 224 -2.20727 -2.20727 -2.52573
1.20000 0.99003 -14.25751 129 82 59 224 -2.20727 -2.20727 -2.52573
6.82571 0.40224 -19.25000 129 84 54 224 -2.20727 -2.20727 -2.52573
8.40000 6.00093 -13.79321 125 82 52 224 -2.20727 -2.20727 -2.52573
3.03071 4.29556 -10.75000 136 82 51 224 -2.20727 -2.20727 -2.52573
1.20000 2.37527 -14.02370 124 78 54 224 -2.20727 -2.20727 -2.52573
1.20000 4.65676 -16.15528 132 83 53 224 -2.20727 -2.20727 -2.52573
6.11439 3.84806 -19.25000 123 85 60 224 -2.20727 -2.20727 -2.52573
1.20000 6.15783 -11.64486 123 88 57 224 -2.20727 -2.20727 -2.52573
1.20000 3.69469 -12.39428 123 80 51 224 -2.20727 -2.20727 -2.52573
7.28505 3.34329 -10.75000 131 79 54 224 -2.20727 -2.20727 -2.52573
1.20000 0.26315 -12.72690 130 88 55 224 -2.20727 -2.20727 -2.52573
3.90219 6.06372 -10.75000 132 82 59 224 -2.20727 -2.20727 -2.52573
8.40000 0.27594 -13.45137 124 83 54 224 -2.20727 -2.20727 -2.52573
8.40000 1.31021 -17.51655 140 87 56 224 -2.20727 -2.20727 -2.52573
8.40000 3.80947 -13.42467 131 86 59 224 -2.20727 -2.20727 -2.52573
8.40000 2.50063 -17.24385 129 87 58 224 -2.20727 -2.20727 -2.52573
4.19957 1.18973 -10.75000 127 79 55 224 -2.20727 -2.20727 -2.52573
1.20000 2.99776 -17.29355 141 88 57 224 -2.20727 -2.20727 -2.52573
4.10568 2.39604 -10.75000 126 87 60 224 -2.20727 -2.20727 -2.52573
5.10482 3.15956 -10.75000 124 87 60 224 -2.20727 -2.20727 -2.52573
1.20000 2.97791 -13.61876 136 86 57 224 -2.20727 -2.20727 -2.52573
8.40000 4.22813 -12.41758 135 81 58 224 -2.20727 -2.20727 -2.52573
1.20000 2.31642 -10.84134 126 77 54 224 -2.20727 -2.20727 -2.52573
3.65919 5.20231 -10.75000 130 81 58 224 -2.20727 -2.20727 -2.52573
1.20000 3.08873 -16.56230 124 85 53 224 -2.20727 -2.20727 -2.52573
8.40000 4.97721 -15.46387 124 82 59 224 -2.20727 -2.20727 -2.52573
2.01997 0.79180 -10.75000 128 87 57 224 -2.20727 -2.20727 -2.52573
8.40000 0.10004 -16.74792 128 82 58 224 -2.20727 -2.20727 -2.52573
8.40000 0.01122 -18.84795 136 83 58 224 -2.20727 -2.20727 -2.52573
8.40000 5.25510 -12.10281 137 82 61 224 -2.20727 -2.20727 -2.52573
1.20000 2.17151 -17.64251 129 80 56 224 -2.20727 -2.20727 -2.52573
5.65859 0.82887 -10.75000 141 85 59 224 -2.20727 -2.20727 -2.52573
8.40000 4.43489 -14.50372 129 87 51 224 -2.20727 -2.20727 -2.52573
1.20000 3.59482 -15.31124 136 77 60 224 -2.20727 -2.20727 -2.52573
1.20000 5.83549 -11.85553 129 83 58 224 -2.20727 -2.20727 -2.52573
1.20000 2.58391 -13.88595 134 85 52 224 -2.20727 -2.20727 -2.52573
7.33011 3.30125 -19.25000 129 80 53 224 -2.20727 -2.20727 -2.52573
7.59853 5.14679 -10.75000 132 85 53 224 -2.20727 -2.20727 -2.52573
4.14527 1.69482 -10.75000 124 88 56 224 -2.20727 -2.20727 -2.52573
8.40000 3.68075 -15.12990 134 85 61 224 -2.20727 -2.20727 -2.52573
7.98849 0.22472 -10.75000 135 80 60 224 -2.20727 -2.20727 -2.52573
8.40000 4.24893 -14.14492 126 83 60 224 -2.20727 -2.20727 -2.52573
1.20000 4.68847 -11.50736 137 84 53 224 -2.20727 -2.20727 -2.52573
1.20000 2.30943 -17.13354 142 84 59 224 -2.20727 -2.20727 -2.52573
8.40000 1.52085 -19.22731 139 88 53 224 -2.20727 -2.20727 -2.52573
1.20000 5.53432 -13.85663 127 86 56 224 -2.20727 -2.20727 -2.52573
1.20000 4.37543 -11.49918 141 81 60 224 -2.20727 -2.20727 -2.52573
6.90754 4.33819 -19.25000 124 87 53 224 -2.20727 -2.20727 -2.52573
7.32228 3.99309 -19.25000 122 82 53 224 -2.20727 -2.20727 -2.52573
1.20000 1.57132 -14.40496 141 84 51 224 -2.20727 -2.20727 -2.52573
1.20000 1.29321 -15.64637 127 86 56 224 -2.20727 -2.20727 -2.52573
8.40000 0.72801 -17.81147 129 87 55 224 -2.20727 -2.20727 -2.52573
1.20000 5.46850 -15.93471 132 82 53 224 -2.20727 -2.20727 -2.52573
4.76790 1.59903 -10.75000 139 80 57 224 -2.20727 -2.20727 -2.52573
8.40000 2.51638 -15.53059 133 77 58 224 -2.20727 -2.20727 -2.52573
8.40000 4.23113 -16.87141 134 83 52 224 -2.20727 -2.20727 -2.52573
1.20000 5.10205 -15.62644 137 76 60 224 -2.20727 -2.20727 -2.52573
1.20000 5.19723 -18.63600 138 81 57 224 -2.20727 -2.20727 -2.52573
1.20000 4.68617 -15.16839 123 79 54 224 -2.20727 -2.20727 -2.52573
1.20000 2.42266 -11.76592 130 77 52 224 -2.20727 -2.20727 -2.52573
8.40000 5.20439 -10.93955 137 79 55 224 -2.20727 -2.20727 -2.52573
1.20000 4.65060 -16.75923 137 85 56 224 -2.20727 -2.20727 -2.52573
1.20000 1.77111 -14.93450 138 80 52 224 -2.20727 -2.20727 -2.52573
4.20106 5.64096 -10.75000 137 88 60 224 -2.20727 -2.20727 -2.52573
6.33095 4.74897 -19.25000 140 81 53 224 -2.20727 -2.20727 -2.52573
1.20000 1.35282 -11.32078 141 79 57 224 -2.20727 -2.20727 -2.52573
5.44479 0.64261 -19.25000 125 81 55 224 -2.20727 -2.20727 -2.52573
4.52689 4.91152 -19.25000 133 76 54 224 -2.20727 -2.20727 -2.52573
7.86824 2.79540 -10.75000 129 86 52 224 -2.20727 -2.20727 -2.52573
1.20000 2.50503 -17.32270 138 87 53 224 -2.20727 -2.20727 -2.52573
7.72569 3.36633 -19.25000 124 78 57 224 -2.20727 -2.20727 -2.52573
6.84425 1.64769 -10.75000 134 77 53 224 -2.20727 -2.20727 -2.52573
8.40000 0.82712 -19.10832 124 77 52 224 -2.20727 -2.20727 -2.52573
7.51007 5.57567 -10.75000 137 88 58 224 -2.20727 -2.20727 -2.52573
1.20000 4.25912 -12.03641 123 78 53 224 -2.20727 -2.20727 -2.52573
8.40000 3.03440 -15.08729 129 86 56 224 -2.20727 -2.20727 -2.52573
8.40000 3.09807 -15.95297 132 80 59 224 -2.20727 -2.20727 -2.52573
3.27067 6.12681 -10.75000 139 86 51 224 -2.20727 -2.20727 -2.52573
1.52331 6.14832 -19.25000 127 86 54 224 -2.20727 -2.20727 -2.52573
8.00952 0.66812 -19.25000 124 82 54 224 -2.20727 -2.20727 -2.52573
4.56330 4.84817 -10.75000 132 88 53 224 -2.20727 -2.20727 -2.52573
3.95258 5.64529 -19.25000 129 77 58 224 -2.20727 -2.20727 -2.52573
1.20000 3.35559 -13.38303 140 84 53 224 -2.20727 -2.20727 -2.52573
7.20304 4.71823 -10.75000 123 87 57 224 -2.20727 -2.20727 -2.52573
2.25564 0.86895 -19.25000 130 78 56 224 -2.20727 -2.20727 -2.52573
1.20000 1.42774 -18.02276 137 80 54 224 -2.20727 -2.20727 -2.52573
8.40000 3.91630 -15.99029 123 80 52 224 -2.20727 -2.20727 -2.52573
8.40000 3.45843 -17.48516 131 82 52 224 -2.20727 -2.20727 -2.52573
6.17523 3.73182 -19.25000 136 86 52 224 -2.20727 -2.20727 -2.52573
1.21848 4.60832 -19.25000 134 79 58 224 -2.20727 -2.20727 -2.52573
1.20000 4.92297 -17.73834 139 80 56 224 -2.20727 -2.20727 -2.52573
1.20000 2.24234 -17.03971 139 84 52 224 -2.20727 -2.20727 -2.52573
1.20000 2.17477 -18.27517 136 85 54 224 -2.20727 -2.20727 -2.52573
2.24313 0.17101 -19.25000 122 81 51 224 -2.20727 -2.20727 -2.52573
1.93525 1.02586 -19.25000 128 81 58 224 -2.20727 -2.20727 -2.52573
2.63321 3.86743 -10.75000 127 86 51 224 -2.20727 -2.20727 -2.52573
6.50864 2.18115 -19.25000 136 79 54 224 -2.20727 -2.20727 -2.52573
4.62584 1.78586 -10.75000 128 79 53 224 -2.20727 -2.20727 -2.52573
1.20000 4.21109 -17.08420 135 88 57 224 -2.20727 -2.20727 -2.52573
1.20000 1.06874 -13.81861 124 88 55 224 -2.20727 -2.20727 -2.52573
3.25892 7.52612 -11.92313 25 28 30 234 -2.12026 -2.12026 -2.81341
7.44269 7.06128 -19.35187 25 28 30 234 -2.12026 -2.12026 -2.81341
7.60356 6.99503 -11.51140 25 28 30 234 -2.12026 -2.12026 -2.81341
0.92086 6.42940 -10.10789 25 28 30 234 -2.12026 -2.12026 -2.81341
5.91350 7.73058 -10.95255 25 28 30 234 -2.12026 -2.12026 -2.81341
2.43638 7.10559 -17.95598 25 28 30 234 -2.12026 -2.12026 -2.81341
4.98435 8.22546 -17.07179 25 28 30 234 -2.12026 -2.12026 -2.81341
2.91457 7.44432 -18.88318 25 28 30 234 -2.12026 -2.12026 -2.81341
4.30560 8.02421 -18.29388 25 28 30 234 -2.12026 -2.12026 -2.81341
3.68553 7.73037 -14.46502 25 28 30 234 -2.12026 -2.12026 -2.81341
5.79063 7.85954 -13.82088 25 28 30 234 -2.12026 -2.12026 -2.81341
4.95616 8.27290 -18.39208 25 28 30 234 -2.12026 -2.12026 -2.81341
8.44724 6.55292 -13.31170 25 28 30 234 -2.12026 -2.12026 -2.81341
5.23567 8.12277 -17.37761 25 28 30 234 -2.12026 -2.12026 -2.81341
8.78263 6.46267 -17.44231 25 28 30 234 -2.12026 -2.12026 -2.81341
3.30246 7.59118 -13.03909 25 28 30 234 -2.12026 -2.12026 -2.81341
5.38514 8.01968 -15.35793 25 28 30 234 -2.12026 -2.12026 -2.81341
7.65730 6.86215 -15.62224 25 28 30 234 -2.12026 -2.12026 -2.81341
2.74275 7.33704 -16.97075 25 28 30 234 -2.12026 -2.12026 -2.81341
2.31165 7.09149 -13.03224 25 28 30 234 -2.12026 -2.12026 -2.81341
8.24118 6.71855 -15.07768 25 28 30 234 -2.12026 -2.12026 -2.81341
5.86495 7.88451 -13.05726 25 28 30 234 -2.12026 -2.12026 -2.81341
8.79210 6.35032 -19.06522 25 28 30 234 -2.12026 -2.12026 -2.81341
2.63071 7.22844 -18.56832 25 28 30 234 -2.12026 -2.12026 -2.81341
1.13591 6.51345 -16.24127 25 28 30 234 -2.12026 -2.12026 -2.81341
4.57570 8.20516 -17.45575 25 28 30 234 -2.12026 -2.12026 -2.81341
8.41102 6.57117 -13.66444 25 28 30 234 -2.12026 -2.12026 -2.81341
7.19394 7.22410 -11.43778 25 28 30 234 -2.12026 -2.12026 -2.81341
4.78172 8.26573 -18.17119 25 28 30 234 -2.12026 -2.12026 -2.81341
1.24598 6.62428 -16.53707 25 28 30 234 -2.12026 -2.12026 -2.81341
5.75884 7.85206 -12.32941 25 28 30 234 -2.12026 -2.12026 -2.81341
5.96756 7.77560 -17.99892 25 28 30 234 -2.12026 -2.12026 -2.81341
1.65415 6.83998 -13.92460 25 28 30 234 -2.12026 -2.12026 -2.81341
7.36453 7.03370 -17.96668 25 28 30 234 -2.12026 -2.12026 -2.81341
3.69495 7.77336 -18.61727 25 28 30 234 -2.12026 -2.12026 -2.81341
1.74765 6.83700 -11.29186 25 28 30 234 -2.12026 -2.12026 -2.81341
1.01808 6.44801 -18.83284 25 28 30 234 -2.12026 -2.12026 -2.81341
2.59640 7.21862 -15.01416 25 28 30 234 -2.12026 -2.12026 -2.81341
6.43882 7.51448 -18.67248 25 28 30 234 -2.12026 -2.12026 -2.81341
7.93472 6.76549 -17.94583 25 28 30 234 -2.12026 -2.12026 -2.81341
4.20634 7.94949 -12.44875 25 28 30 234 -2.12026 -2.12026 -2.81341
5.06400 8.22138 -18.01197 25 28 30 234 -2.12026 -2.12026 -2.81341
8.50189 6.48369 -14.57139 25 28 30 234 -2.12026 -2.12026 -2.81341
4.73786 8.32857 -15.95570 25 28 30 234 -2.12026 -2.12026 -2.81341
1.97065 6.99699 -17.52754 25 28 30 234 -2.12026 -2.12026 -2.81341
7.61244 6.97281 -11.30431 25 28 30 234 -2.12026 -2.12026 -2.81341
2.15023 7.05047 -14.06098 25 28 30 234 -2.12026 -2.12026 -2.81341
6.37650 7.52358 -11.93081 25 28 30 234 -2.12026 -2.12026 -2.81341
4.58989 8.27017 -13.42139 25 28 30 234 -2.12026 -2.12026 -2.81341
6.28259 7.62920 -19.43942 25 28 30 234 -2.12026 -2.12026 -2.81341
8.60069 6.50252 -10.18317 25 28 30 234 -2.12026 -2.12026 -2.81341
6.76322 7.38549 -11.23684 25 28 30 234 -2.12026 -2.12026 -2.81341
8.46239 6.50421 -13.49407 25 28 30 234 -2.12026 -2.12026 -2.81341
5.88084 7.82649 -16.61253 25 28 30 234 -2.12026 -2.12026 -2.81341
2.42001 7.14672 -10.24830 25 28 30 234 -2.12026 -2.12026 -2.81341
7.82801 6.82702 -12.19807 25 28 30 234 -2.12026 -2.12026 -2.81341
7.92122 6.86516 -12.71254 25 28 30 234 -2.12026 -2.12026 -2.81341
3.40089 7.62281 -10.60145 25 28 30 234 -2.12026 -2.12026 -2.81341
8.91437 6.30601 -16.55313 25 28 30 234 -2.12026 -2.12026 -2.81341
9.00740 6.34512 -10.30967 25 28 30 234 -2.12026 -2.12026 -2.81341
6.16983 7.66329 -14.49036 25 28 30 234 -2.12026 -2.12026 -2.81341
8.86282 6.39582 -15.77028 25 28 30 234 -2.12026 -2.12026 -2.81341
1.69573 6.77442 -13.91450 25 28 30 234 -2.12026 -2.12026 -2.81341
8.05321 6.74627 -15.45831 25 28 30 234 -2.12026 -2.12026 -2.81341
7.34397 7.11616 -17.06582 25 28 30 234 -2.12026 -2.12026 -2.81341
5.95845 7.77014 -16.91245 25 28 30 234 -2.12026 -2.12026 -2.81341
8.05564 6.71330 -17.12737 25 28 30 234 -2.12026 -2.12026 -2.81341
6.83882 7.28458 -16.51865 25 28 30 234 -2.12026 -2.12026 -2.81341
5.79116 7.83603 -13.21788 25 28 30 234 -2.12026 -2.12026 -2.81341
8.58800 6.45894 -12.04283 25 28 30 234 -2.12026 -2.12026 -2.81341
1.71227 6.78974 -14.82554 25 28 30 234 -2.12026 -2.12026 -2.81341
0.56243 6.27609 -10.95826 25 28 30 234 -2.12026 -2.12026 -2.81341
1.72422 6.77887 -16.42887 25 28 30 234 -2.12026 -2.12026 -2.81341
3.72747 7.82797 -17.72133 25 28 30 234 -2.12026 -2.12026 -2.81341
1.62367 6.79462 -17.14210 25 28 30 234 -2.12026 -2.12026 -2.81341
5.02906 8.20047 -19.20798 25 28 30 234 -2.12026 -2.12026 -2.81341
1.05493 6.48733 -16.87142 25 28 30 234 -2.12026 -2.12026 -2.81341
2.59368 7.27565 -11.81267 25 28 30 234 -2.12026 -2.12026 -2.81341
1.85001 6.82648 -18.84610 25 28 30 234 -2.12026 -2.12026 -2.81341
5.54703 7.98552 -19.56343 25 28 30 234 -2.12026 -2.12026 -2.81341
8.82808 6.34391 -16.79728 25 28 30 234 -2.12026 -2.12026 -2.81341
7.02847 7.23300 -16.41446 25 28 30 234 -2.12026 -2.12026 -2.81341
7.69936 6.85178 -17.91534 25 28 30 234 -2.12026 -2.12026 -2.81341
4.04687 7.95616 -16.56870 25 28 30 234 -2.12026 -2.12026 -2.81341
2.91668 7.36164 -13.19229 25 28 30 234 -2.12026 -2.12026 -2.81341
1.66228 6.79247 -14.97484 25 28 30 234 -2.12026 -2.12026 -2.81341
8.30285 6.56442 -18.35423 25 28 30 234 -2.12026 -2.12026 -2.81341
4.16937 7.98651 -13.71790 25 28 30 234 -2.12026 -2.12026 -2.81341
9.06893 6.20436 -19.11945 25 28 30 234 -2.12026 -2.12026 -2.81341
1.33319 6.66893 -17.64002 25 28 30 234 -2.12026 -2.12026 -2.81341
7.04472 7.18452 -12.38268 25 28 30 234 -2.12026 -2.12026 -2.81341
2.01606 7.00297 -13.04760 25 28 30 234 -2.12026 -2.12026 -2.81341
3.21387 7.58704 -17.38452 25 28 30 234 -2.12026 -2.12026 -2.81341
2.69976 7.33110 -16.55657 25 28 30 234 -2.12026 -2.12026 -2.81341
0.52518 6.28456 -16.92479 25 28 30 234 -2.12026 -2.12026 -2.81341
4.65637 8.27806 -18.38603 25 28 30 234 -2.12026 -2.12026 -2.81341
0.82321 6.38243 -11.76282 25 28 30 234 -2.12026 -2.12026 -2.81341
5.29328 8.13306 -15.13098 25 28 30 234 -2.12026 -2.12026 -2.81341
0.59926 6.27625 -15.04267 25 28 30 234 -2.12026 -2.12026 -2.81341
7.93772 6.77796 -11.51175 25 28 30 234 -2.12026 -2.12026 -2.81341
3.74617 7.77316 -19.32931 25 28 30 234 -2.12026 -2.12026 -2.81341
6.11804 7.63634 -13.22450 25 28 30 234 -2.12026 -2.12026 -2.81341
7.83019 6.85376 -15.30774 25 28 30 234 -2.12026 -2.12026 -2.81341
3.81063 7.80952 -16.48314 25 28 30 234 -2.12026 -2.12026 -2.81341
5.68182 7.91635 -16.38899 25 28 30 234 -2.12026 -2.12026 -2.81341
1.34783 6.64668 -13.02212 25 28 30 234 -2.12026 -2.12026 -2.81341
8.21923 6.60030 -18.27287 25 28 30 234 -2.12026 -2.12026 -2.81341
4.35861 8.10731 -10.92903 25 28 30 234 -2.12026 -2.12026 -2.81341
5.35764 8.09009 -10.68985 25 28 30 234 -2.12026 -2.12026 -2.81341
6.20824 7.61012 -15.25824 25 28 30 234 -2.12026 -2.12026 -2.81341
0.59839 6.26903 -19.58797 25 28 30 234 -2.12026 -2.12026 -2.81341
8.51277 6.52657 -11.87911 25 28 30 234 -2.12026 -2.12026 -2.81341
7.39891 7.08489 -19.19088 25 28 30 234 -2.12026 -2.12026 -2.81341
4.78460 8.36151 -16.87716 25 28 30 234 -2.12026 -2.12026 -2.81341
2.28524 7.11816 -19.26930 25 28 30 234 -2.12026 -2.12026 -2.81341
0.70050 6.23547 -18.19781 25 28 30 234 -2.12026 -2.12026 -2.81341
3.98760 7.91975 -15.50691 25 28 30 234 -2.12026 -2.12026 -2.81341
0.58250 6.30116 -15.50267 25 28 30 234 -2.12026 -2.12026 -2.81341
7.40622 7.08422 -17.56334 25 28 30 234 -2.12026 -2.12026 -2.81341
1.53621 6.70658 -17.90045 25 28 30 234 -2.12026 -2.12026 -2.81341
8.56051 6.51883 -17.49651 25 28 30 234 -2.12026 -2.12026 -2.81341
4.89187 8.29648 -15.08584 25 28 30 234 -2.12026 -2.12026 -2.81341
1.03967 6.47418 -15.53962 25 28 30 234 -2.12026 -2.12026 -2.81341
3.35609 7.59555 -18.24897 25 28 30 234 -2.12026 -2.12026 -2.81341
8.45354 6.54101 -11.98501 25 28 30 234 -2.12026 -2.12026 -2.81341
3.16929 7.48668 -11.85832 25 28 30 234 -2.12026 -2.12026 -2.81341
8.46836 6.54080 -10.79087 25 28 30 234 -2.12026 -2.12026 -2.81341
7.27418 7.11203 -12.82119 25 28 30 234 -2.12026 -2.12026 -2.81341
5.35406 8.02305 -12.45216 25 28 30 234 -2.12026 -2.12026 -2.81341
8.20145 6.62715 -14.05698 25 28 30 234 -2.12026 -2.12026 -2.81341
8.82134 6.33779 -19.91773 25 28 30 234 -2.12026 -2.12026 -2.81341
5.16761 8.09947 -10.78655 25 28 30 234 -2.12026 -2.12026 -2.81341
0.53007 6.24608 -13.87104 25 28 30 234 -2.12026 -2.12026 -2.81341
8.46230 6.57691 -10.25270 25 28 30 234 -2.12026 -2.12026 -2.81341
4.10294 7.95801 -10.95423 25 28 30 234 -2.12026 -2.12026 -2.81341
7.09618 7.22623 -17.78872 25 28 30 234 -2.12026 -2.12026 -2.81341
6.83319 7.33244 -14.98574 25 28 30 234 -2.12026 -2.12026 -2.81341
2.49484 7.15315 -11.34311 25 28 30 234 -2.12026 -2.12026 -2.81341
1.59008 6.73422 -19.26914 25 28 30 234 -2.12026 -2.12026 -2.81341
2.92680 7.42615 -13.04371 25 28 30 234 -2.12026 -2.12026 -2.81341
5.30262 8.08918 -10.71047 25 28 30 234 -2.12026 -2.12026 -2.81341
6.03519 7.69666 -19.18978 25 28 30 234 -2.12026 -2.12026 -2.81341
3.25575 7.51051 -11.59622 25 28 30 234 -2.12026 -2.12026 -2.81341
7.05431 7.20711 -10.50902 25 28 30 234 -2.12026 -2.12026 -2.81341
8.88097 6.37615 -19.33289 25 28 30 234 -2.12026 -2.12026 -2.81341
6.89676 7.26215 -16.95770 25 28 30 234 -2.12026 -2.12026 -2.81341
1.36354 6.61974 -17.66929 25 28 30 234 -2.12026 -2.12026 -2.81341
2.43612 7.13337 -16.66772 25 28 30 234 -2.12026 -2.12026 -2.81341
9.05475 6.21325 -10.56441 25 28 30 234 -2.12026 -2.12026 -2.81341
7.44573 7.02848 -12.20785 25 28 30 234 -2.12026 -2.12026 -2.81341
6.41570 7.50482 -11.43455 25 28 30 234 -2.12026 -2.12026 -2.81341
0.50895 6.24438 -19.75989 25 28 30 234 -2.12026 -2.12026 -2.81341
3.64868 7.75475 -15.62244 25 28 30 234 -2.12026 -2.12026 -2.81341
1.89992 6.88371 -10.31747 25 28 30 234 -2.12026 -2.12026 -2.81341
7.79935 6.84193 -12.02754 25 28 30 234 -2.12026 -2.12026 -2.81341
3.13791 7.47893 -18.68688 25 28 30 234 -2.12026 -2.12026 -2.81341
5.93829 7.82180 -12.65320 25 28 30 234 -2.12026 -2.12026 -2.81341
3.06097 7.50482 -17.60513 25 28 30 234 -2.12026 -2.12026 -2.81341
1.94788 6.96906 -13.93510 25 28 30 234 -2.12026 -2.12026 -2.81341
6.66733 7.33979 -14.74430 25 28 30 234 -2.12026 -2.12026 -2.81341
7.44852 7.00189 -16.78495 25 28 30 234 -2.12026 -2.12026 -2.81341
7.71146 6.89882 -19.61865 25 28 30 234 -2.12026 -2.12026 -2.81341
1.82675 6.94434 -15.30956 25 28 30 234 -2.12026 -2.12026 -2.81341
4.91886 8.26285 -13.26180 25 28 30 234 -2.12026 -2.12026 -2.81341
3.02822 7.44939 -11.27589 25 28 30 234 -2.12026 -2.12026 -2.81341
0.85959 6.36708 -15.09137 25 28 30 234 -2.12026 -2.12026 -2.81341
7.07648 7.15361 -16.83010 25 28 30 234 -2.12026 -2.12026 -2.81341
3.96219 7.85734 -14.78774 25 28 30 234 -2.12026 -2.12026 -2.81341
7.37501 7.06609 -10.43254 25 28 30 234 -2.12026 -2.12026 -2.81341
2.20972 7.07477 -13.55570 25 28 30 234 -2.12026 -2.12026 -2.81341
2.40992 7.17771 -18.85365 25 28 30 234 -2.12026 -2.12026 -2.81341
4.76335 8.25809 -17.85592 25 28 30 234 -2.12026 -2.12026 -2.81341
1.38143 6.64472 -19.24345 25 28 30 234 -2.12026 -2.12026 -2.81341
3.44652 7.64359 -14.24333 25 28 30 234 -2.12026 -2.12026 -2.81341
8.11009 6.76009 -11.96718 25 28 30 234 -2.12026 -2.12026 -2.81341
6.38211 7.58498 -19.19804 25 28 30 234 -2.12026 -2.12026 -2.81341
5.50097 8.00988 -10.06122 25 28 30 234 -2.12026 -2.12026 -2.81341
1.91725 6.89543 -18.99156 25 28 30 234 -2.12026 -2.12026 -2.81341
4.63190 8.24501 -17.03880 25 28 30 234 -2.12026 -2.12026 -2.81341
5.91767 7.74097 -11.83947 25 28 30 234 -2.12026 -2.12026 -2.81341
10.40000 3.11099 -19.14861 142 88 60 224 -2.20727 -2.20727 -2.52573
17.60000 8.37613 -11.33781 132 79 60 224 -2.20727 -2.20727 -2.52573
17.13087 6.97485 -10.75000 126 86 54 224 -2.20727 -2.20727 -2.52573
11.35233 5.66616 -19.25000 138 83 57 224 -2.20727 -2.20727 -2.52573
10.76867 0.03548 -19.25000 132 78 58 224 -2.20727 -2.20727 -2.52573
10.40000 4.78540 -13.92562 127 82 57 224 -2.20727 -2.20727 -2.52573
17.60000 3.70554 -13.19690 133 83 60 224 -2.20727 -2.20727 -2.52573
10.86950 7.45732 -10.75000 126 85 61 224 -2.20727 -2.20727 -2.52573
17.60000 6.15518 -16.20378 136 87 52 224 -2.20727 -2.20727 -2.52573
17.51433 4.40273 -10.75000 136 81 58 224 -2.20727 -2.20727 -2.52573
17.60000 1.19767 -12.70517 127 86 53 224 -2.20727 -2.20727 -2.52573
17.60000 0.43890 -13.33308 141 79 61 224 -2.20727 -2.20727 -2.52573
16.78707 4.70748 -10.75000 140 81 56 224 -2.20727 -2.20727 -2.52573
17.60000 2.36695 -10.87162 134 79 58 224 -2.20727 -2.20727 -2.52573
17.13066 6.90534 -19.25000 129 84 52 224 -2.20727 -2.20727 -2.52573
15.12914 5.25950 -19.25000 133 81 52 224 -2.20727 -2.20727 -2.52573
17.60000 4.72298 -13.00461 136 78 59 224 -2.20727 -2.20727 -2.52573
10.40000 8.28038 -14.51412 131 79 51 224 -2.20727 -2.20727 -2.52573
17.60000 6.56593 -17.69877 123 82 60 224 -2.20727 -2.20727 -2.52573
17.60000 5.37730 -18.76483 130 82 52 224 -2.20727 -2.20727 -2.52573
10.40000 7.86994 -11.57610 137 87 56 224 -2.20727 -2.20727 -2.52573
16.02385 3.03435 -10.75000 123 77 54 224 -2.20727 -2.20727 -2.52573
13.73657 3.68445 -19.25000 135 84 51 224 -2.20727 -2.20727 -2.52573
17.60000 2.33654 -14.53276 129 83 57 224 -2.20727 -2.20727 -2.52573
16.31370 7.46522 -19.25000 126 85 58 224 -2.20727 -2.20727 -2.52573
15.88205 0.02077 -19.25000 137 85 54 224 -2.20727 -2.20727 -2.52573
17.60000 1.35964 -17.46726 124 87 55 224 -2.20727 -2.20727 -2.52573
13.91431 5.38933 -10.75000 130 86 51 224 -2.20727 -2.20727 -2.52573
10.40000 4.20593 -18.04118 126 78 53 224 -2.20727 -2.20727 -2.52573
10.40000 0.93440 -15.12300 136 86 55 224 -2.20727 -2.20727 -2.52573
13.14126 4.47010 -10.75000 141 79 51 224 -2.20727 -2.20727 -2.52573
15.53575 5.80613 -19.25000 129 79 54 224 -2.20727 -2.20727 -2.52573
10.61355 6.16009 -19.25000 126 80 59 224 -2.20727 -2.20727 -2.52573
17.60000 0.47802 -12.24318 136 79 57 224 -2.20727 -2.20727 -2.52573
13.45463 3.57323 -19.25000 135 81 56 224 -2.20727 -2.20727 -2.52573
14.19895 6.73092 -10.75000 126 79 52 224 -2.20727 -2.20727 -2.52573
12.32984 2.01291 -19.25000 127 82 55 224 -2.20727 -2.20727 -2.52573
17.60000 7.37271 -13.42427 141 79 53 224 -2.20727 -2.20727 -2.52573
17.60000 6.66727 -17.54454 136 87 52 224 -2.20727 -2.20727 -2.52573
17.60000 7.98035 -11.18264 133 88 56 224 -2.20727 -2.20727 -2.52573
16.70831 6.72202 -19.25000 140 87 58 224 -2.20727 -2.20727 -2.52573
10.40000 0.91677 -12.41026 130 82 56 224 -2.20727 -2.20727 -2.52573
10.40000 6.42979 -18.41198 132 85 59 224 -2.20727 -2.20727 -2.52573
15.12884 0.09922 -10.75000 130 80 53 224 -2.20727 -2.20727 -2.52573
10.89551 0.45926 -19.25000 139 85 60 224 -2.20727 -2.20727 -2.52573
17.60000 0.36319 -17.50119 128 80 59 224 -2.20727 -2.20727 -2.52573
11.85587 5.35938 -19.25000 130 88 59 224 -2.20727 -2.20727 -2.52573
10.40000 6.34901 -18.46449 130 88 56 224 -2.20727 -2.20727 -2.52573
17.60000 3.23622 -14.55202 138 85 51 224 -2.20727 -2.20727 -2.52573
17.60000 7.20727 -16.94458 135 86 53 224 -2.20727 -2.20727 -2.52573
17.60000 0.98415 -14.80004 132 85 60 224 -2.20727 -2.20727 -2.52573
12.33206 7.48615 -19.25000 122 80 52 224 -2.20727 -2.20727 -2.52573
12.57009 4.45686 -19.25000 132 82 57 224 -2.20727 -2.20727 -2.52573
10.40000 5.87376 -11.59853 129 76 55 224 -2.20727 -2.20727 -2.52573
14.81125 0.86285 -10.75000 138 76 59 224 -2.20727 -2.20727 -2.52573
10.40000 7.73078 -17.80067 131 85 53 224 -2.20727 -2.20727 -2.52573
14.80815 6.48993 -19.25000 135 79 56 224 -2.20727 -2.20727 -2.52573
12.37404 0.20672 -10.75000 142 86 59 224 -2.20727 -2.20727 -2.52573
10.42504 2.12367 -10.75000 135 86 55 224 -2.20727 -2.20727 -2.52573
12.62332 7.62961 -10.75000 141 83 58 224 -2.20727 -2.20727 -2.52573
10.40000 4.65755 -18.06595 138 77 59 224 -2.20727 -2.20727 -2.52573
11.52521 7.18907 -10.75000 125 80 59 224 -2.20727 -2.20727 -2.52573
10.95836 1.91530 -19.25000 136 78 58 224 -2.20727 -2.20727 -2.52573
10.40000 2.32430 -14.47930 129 84 55 224 -2.20727 -2.20727 -2.52573
17.22044 7.34800 -10.75000 139 77 52 224 -2.20727 -2.20727 -2.52573
15.90860 8.39012 -10.75000 135 83 61 224 -2.20727 -2.20727 -2.52573
16.70328 3.82100 -19.25000 139 88 58 224 -2.20727 -2.20727 -2.52573
10.40000 0.69674 -13.40777 134 89 55 224 -2.20727 -2.20727 -2.52573
10.40000 7.80591 -16.07209 135 88 55 224 -2.20727 -2.20727 -2.52573
10.40000 4.25027 -13.58821 132 88 58 224 -2.20727 -2.20727 -2.52573
17.60000 1.63660 -14.55092 136 81 54 224 -2.20727 -2.20727 -2.52573
12.28869 6.77646 -10.75000 139 81 56 224 -2.20727 -2.20727 -2.52573
11.42515 1.98765 -19.25000 123 82 57 224 -2.20727 -2.20727 -2.52573
16.76507 1.18126 -19.25000 129 83 57 224 -2.20727 -2.20727 -2.52573
10.40000 5.23252 -14.51619 128 77 59 224 -2.20727 -2.20727 -2.52573
11.72603 4.10634 -10.75000 140 77 59 224 -2.20727 -2.20727 -2.52573
14.79339 5.26761 -19.25000 130 77 51 224 -2.20727 -2.20727 -2.52573
10.40000 4.46700 -14.15549 135 87 51 224 -2.20727 -2.20727 -2.52573
17.60000 4.34848 -10.96335 123 80 53 224 -2.20727 -2.20727 -2.52573
10.40000 7.29863 -18.44670 127 86 57 224 -2.20727 -2.20727 -2.52573
12.16030 7.44859 -19.25000 137 84 54 224 -2.20727 -2.20727 -2.52573
11.88557 4.40187 -10.75000 137 86 53 224 -2.20727 -2.20727 -2.52573
15.24356 8.37758 -19.25000 125 87 58 224 -2.20727 -2.20727 -2.52573
14.56542 6.05330 -19.25000 125 81 58 224 -2.20727 -2.20727 -2.52573
17.60000 8.43593 -18.33905 126 76 57 224 -2.20727 -2.20727 -2.52573
17.60000 8.56939 -19.22361 126 87 56 224 -2.20727 -2.20727 -2.52573
17.60000 6.04790 -18.25708 127 84 57 224 -2.20727 -2.20727 -2.52573
17.60000 6.35981 -13.03866 126 86 56 224 -2.20727 -2.20727 -2.52573
16.76880 0.92976 -19.25000 133 79 51 224 -2.20727 -2.20727 -2.52573
10.40000 3.03777 -12.51053 122 80 58 224 -2.20727 -2.20727 -2.52573
12.55425 4.93964 -10.75000 135 78 60 224 -2.20727 -2.20727 -2.52573
12.23766 4.06670 -19.25000 126 83 51 224 -2.20727 -2.20727 -2.52573
13.68177 0.73074 -10.75000 141 88 59 224 -2.20727 -2.20727 -2.52573
17.60000 7.71241 -11.47692 139 80 55 224 -2.20727 -2.20727 -2.52573
15.69287 3.58078 -19.25000 136 79 55 224 -2.20727 -2.20727 -2.52573
17.60000 3.93035 -18.37567 125 84 58 224 -2.20727 -2.20727 -2.52573
10.40000 7.63919 -13.26053 140 87 56 224 -2.20727 -2.20727 -2.52573
10.40000 0.63531 -16.65286 128 80 54 224 -2.20727 -2.20727 -2.52573
13.45071 1.70915 -19.25000 139 88 54 224 -2.20727 -2.20727 -2.52573
12.17974 6.19049 -10.75000 131 78 60 224 -2.20727 -2.20727 -2.52573
15.14641 4.89159 -19.25000 135 88 57 224 -2.20727 -2.20727 -2.52573
17.60000 8.56724 -14.88432 134 88 59 224 -2.20727 -2.20727 -2.52573
10.40000 4.66105 -15.77903 136 89 55 224 -2.20727 -2.20727 -2.52573
16.66226 1.36550 -19.25000 140 80 56 224 -2.20727 -2.20727 -2.52573
10.46183 2.89316 -10.75000 122 88 54 224 -2.20727 -2.20727 -2.52573
10.40000 8.40241 -11.36302 137 80 53 224 -2.20727 -2.20727 -2.52573
10.40000 6.00934 -16.48718 126 81 52 224 -2.20727 -2.20727 -2.52573
10.40000 5.61373 -16.95284 125 85 58 224 -2.20727 -2.20727 -2.52573
10.40000 1.37364 -19.07717 136 84 57 224 -2.20727 -2.20727 -2.52573
11.85675 1.30814 -10.75000 126 76 51 224 -2.20727 -2.20727 -2.52573
17.60000 1.19026 -18.77777 140 80 53 224 -2.20727 -2.20727 -2.52573
17.52959 6.68262 -10.75000 135 88 60 224 -2.20727 -2.20727 -2.52573
15.24631 3.99308 -19.25000 127 83 52 224 -2.20727 -2.20727 -2.52573
11.47972 4.80981 -19.25000 133 87 51 224 -2.20727 -2.20727 -2.52573
17.60000 2.99050 -12.25860 129 87 57 224 -2.20727 -2.20727 -2.52573
14.58377 1.50645 -19.25000 125 83 57 224 -2.20727 -2.20727 -2.52573
10.40000 1.85054 -16.92774 133 78 60 224 -2.20727 -2.20727 -2.52573
17.60000 5.17805 -15.14987 141 78 57 224 -2.20727 -2.20727 -2.52573
12.72639 4.09010 -19.25000 125 77 60 224 -2.20727 -2.20727 -2.52573
10.69153 3.46005 -10.75000 127 85 52 224 -2.20727 -2.20727 -2.52573
16.14223 4.74779 -19.25000 137 82 51 224 -2.20727 -2.20727 -2.52573
17.60000 3.06407 -13.67540 142 76 51 224 -2.20727 -2.20727 -2.52573
15.74887 8.53451 -10.75000 135 89 57 224 -2.20727 -2.20727 -2.52573
17.60000 8.23745 -13.58632 135 87 55 224 -2.20727 -2.20727 -2.52573
10.40000 0.34859 -18.49249 140 78 51 224 -2.20727 -2.20727 -2.52573
10.69336 0.30558 -19.25000 127 81 60 224 -2.20727 -2.20727 -2.52573
10.40000 7.77794 -17.17903 133 77 53 224 -2.20727 -2.20727 -2.52573
17.42556 6.21613 -19.25000 133 88 51 224 -2.20727 -2.20727 -2.52573
10.40000 4.99585 -16.70355 127 79 55 224 -2.20727 -2.20727 -2.52573
12.58800 2.99877 -10.75000 132 79 51 224 -2.20727 -2.20727 -2.52573
12.54043 2.76071 -10.75000 128 80 58 224 -2.20727 -2.20727 -2.52573
12.49355 8.12854 -19.25000 139 88 58 224 -2.20727 -2.20727 -2.52573
17.60000 7.67139 -16.82553 130 86 52 224 -2.20727 -2.20727 -2.52573
17.60000 5.65737 -18.01950 138 86 55 224 -2.20727 -2.20727 -2.52573
10.40000 4.69359 -11.46561 137 77 60 224 -2.20727 -2.20727 -2.52573
10.40000 7.96408 -17.94766 127 84 59 224 -2.20727 -2.20727 -2.52573
10.40000 5.05901 -11.33026 135 80 56 224 -2.20727 -2.20727 -2.52573
17.60000 2.34922 -13.39427 138 82 59 224 -2.20727 -2.20727 -2.52573
17.39208 6.25589 -10.75000 139 76 52 224 -2.20727 -2.20727 -2.52573
12.37306 1.36326 -19.25000 141 77 59 224 -2.20727 -2.20727 -2.52573
17.60000 6.97212 -17.11329 139 84 53 224 -2.20727 -2.20727 -2.52573
17.60000 3.88478 -15.63057 140 88 59 224 -2.20727 -2.20727 -2.52573
10.40000 3.59940 -16.27367 140 86 51 224 -2.20727 -2.20727 -2.52573
14.56484 8.32453 -19.25000 132 87 61 224 -2.20727 -2.20727 -2.52573
15.84318 5.70212 -19.25000 141 80 54 224 -2.20727 -2.20727 -2.52573
17.60000 4.57909 -18.50470 136 87 54 224 -2.20727 -2.20727 -2.52573
16.66212 8.10901 -19.25000 142 87 56 224 -2.20727 -2.20727 -2.52573
11.35808 0.91693 -10.75000 142 88 55 224 -2.20727 -2.20727 -2.52573
17.60000 2.83269 -12.68515 131 80 57 224 -2.20727 -2.20727 -2.52573
15.51120 4.51191 -19.25000 129 76 53 224 -2.20727 -2.20727 -2.52573
11.05952 7.25697 -10.75000 137 79 55 224 -2.20727 -2.20727 -2.52573
12.42840 6.65086 -10.75000 138 84 53 224 -2.20727 -2.20727 -2.52573
14.25340 1.55000 -10.75000 122 88 55 224 -2.20727 -2.20727 -2.52573
11.33246 2.67040 -19.25000 127 82 57 224 -2.20727 -2.20727 -2.52573
17.60000 3.73846 -13.12754 136 88 51 224 -2.20727 -2.20727 -2.52573
15.58350 6.70470 -19.25000 127 86 57 224 -2.20727 -2.20727 -2.52573
10.40000 1.09416 -17.86695 134 81 60 224 -2.20727 -2.20727 -2.52573
17.60000 0.80356 -12.33556 122 77 51 224 -2.20727 -2.20727 -2.52573
15.09660 7.96540 -10.75000 135 80 54 224 -2.20727 -2.20727 -2.52573
16.22123 5.69249 -19.25000 128 82 52 224 -2.20727 -2.20727 -2.52573
15.79005 2.78273 -10.75000 133 85 59 224 -2.20727 -2.20727 -2.52573
17.60000 7.20986 -16.58601 130 81 51 224 -2.20727 -2.20727 -2.52573
14.74892 8.57567 -10.75000 125 80 57 224 -2.20727 -2.20727 -2.52573
10.40000 2.87793 -15.13629 136 78 51 224 -2.20727 -2.20727 -2.52573
16.90382 6.91680 -19.25000 128 86 57 224 -2.20727 -2.20727 -2.52573
10.98636 5.66162 -19.25000 122 77 54 224 -2.20727 -2.20727 -2.52573
17.60000 7.94482 -18.81161 123 81 58 224 -2.20727 -2.20727 -2.52573
14.82220 4.56654 -10.75000 136 82 57 224 -2.20727 -2.20727 -2.52573
12.34164 0.01492 -19.25000 129 78 58 224 -2.20727 -2.20727 -2.52573
12.05982 8.28607 -19.25000 127 80 55 224 -2.20727 -2.20727 -2.52573
10.40000 2.99136 -14.63598 136 78 55 224 -2.20727 -2.20727 -2.52573
11.98595 0.67761 -19.25000 141 85 54 224 -2.20727 -2.20727 -2.52573
12.35454 6.14277 -19.25000 130 78 55 224 -2.20727 -2.20727 -2.52573
10.64859 7.78368 -19.25000 127 85 54 224 -2.20727 -2.20727 -2.52573
17.60000 7.90587 -14.92147 138 83 54 224 -2.20727 -2.20727 -2.52573
16.30904 6.30091 -10.75000 126 84 58 224 -2.20727 -2.20727 -2.52573
16.19901 5.48281 -19.25000 141 84 61 224 -2.20727 -2.20727 -2.52573
14.30455 7.60666 -19.25000 142 85 51 224 -2.20727 -2.20727 -2.52573
15.82510 4.21140 -19.25000 124 81 55 224 -2.20727 -2.20727 -2.52573
17.60000 0.36861 -18.84712 133 86 60 224 -2.20727 -2.20727 -2.52573
16.85141 0.63097 -19.25000 136 86 58 224 -2.20727 -2.20727 -2.52573
10.40000 4.25895 -17.40171 139 89 55 224 -2.20727 -2.20727 -2.52573
10.40000 6.00000 -12.23013 141 78 52 224 -2.20727 -2.20727 -2.52573
16.65778 0.51044 -10.75000 128 79 51 224 -2.20727 -2.20727 -2.52573
17.57000 5.51983 -10.75000 140 76 52 224 -2.20727 -2.20727 -2.52573
17.60000 5.11602 -17.44909 127 83 53 224 -2.20727 -2.20727 -2.52573
10.40000 7.80723 -15.72265 130 77 54 224 -2.20727 -2.20727 -2.52573
17.60000 2.66591 -16.74326 138 86 59 224 -2.20727 -2.20727 -2.52573
13.48870 5.18377 -10.75000 135 79 57 224 -2.20727 -2.20727 -2.52573
12.56705 7.31537 -10.75000 134 86 54 224 -2.20727 -2.20727 -2.52573
12.71196 7.62609 -10.75000 136 84 56 224 -2.20727 -2.20727 -2.52573
11.26953 4.15428 -10.75000 128 77 57 224 -2.20727 -2.20727 -2.52573
17.60000 7.37309 -18.69616 131 87 51 224 -2.20727 -2.20727 -2.52573
10.40000 8.14000 -13.34608 127 86 54 224 -2.20727 -2.20727 -2.52573
17.22879 5.64745 -19.25000 128 79 59 224 -2.20727 -2.20727 -2.52573
14.01724 4.06990 -10.75000 142 84 59 224 -2.20727 -2.20727 -2.52573
16.87297 6.29512 -10.75000 124 84 59 224 -2.20727 -2.20727 -2.52573
17.60000 7.26000 -14.47751 125 85 53 224 -2.20727 -2.20727 -2.52573
13.68137 3.67872 -10.75000 131 79 53 224 -2.20727 -2.20727 -2.52573
10.40000 7.62955 -11.42853 141 81 60 224 -2.20727 -2.20727 -2.52573
16.00379 4.21951 -19.25000 122 76 55 224 -2.20727 -2.20727 -2.52573
17.60000 2.04021 -11.85172 136 86 58 224 -2.20727 -2.20727 -2.52573
12.86585 1.66544 -19.25000 132 83 53 224 -2.20727 -2.20727 -2.52573
10.52548 1.10957 -10.75000 125 87 52 224 -2.20727 -2.20727 -2.52573
17.60000 2.16994 -14.55339 131 82 56 224 -2.20727 -2.20727 -2.52573
14.79832 3.26972 -19.25000 140 82 55 224 -2.20727 -2.20727 -2.52573
11.58075 6.93567 -10.75000 125 82 53 224 -2.20727 -2.20727 -2.52573
17.60000 0.64637 -13.21183 136 79 59 224 -2.20727 -2.20727 -2.52573
10.40000 2.86844 -10.94833 134 87 60 224 -2.20727 -2.20727 -2.52573
11.99887 3.11934 -19.25000 129 78 56 224 -2.20727 -2.20727 -2.52573
14.41509 1.92737 -19.25000 138 82 51 224 -2.20727 -2.20727 -2.52573
13.80276 5.50822 -19.25000 125 78 52 224 -2.20727 -2.20727 -2.52573
15.71659 6.60599 -10.75000 135 78 53 224 -2.20727 -2.20727 -2.52573
16.06304 0.39322 -10.75000 133 84 57 224 -2.20727 -2.20727 -2.52573
17.60000 1.34265 -11.96070 142 77 58 224 -2.20727 -2.20727 -2.52573
10.40000 1.78690 -10.80870 135 77 53 224 -2.20727 -2.20727 -2.52573
11.70041 1.43755 -19.25000 132 88 54 224 -2.20727 -2.20727 -2.52573
11.68818 2.59025 -10.75000 128 80 52 224 -2.20727 -2.20727 -2.52573
17.11750 5.56880 -19.25000 124 87 53 224 -2.20727 -2.20727 -2.52573
17.60000 6.37073 -18.12157 138 86 59 224 -2.20727 -2.20727 -2.52573
17.20847 3.83738 -10.75000 136 84 60 224 -2.20727 -2.20727 -2.52573
17.60000 8.06054 -17.58506 142 77 54 224 -2.20727 -2.20727 -2.52573
15.60984 6.31234 -19.25000 124 87 51 224 -2.20727 -2.20727 -2.52573
10.40000 7.16609 -16.35729 129 80 57 224 -2.20727 -2.20727 -2.52573
11.39421 0.79434 -10.75000 133 86 60 224 -2.20727 -2.20727 -2.52573
17.60000 2.46423 -19.10333 133 77 54 224 -2.20727 -2.20727 -2.52573
10.40000 8.36416 -12.70299 133 88 57 224 -2.20727 -2.20727 -2.52573
16.37988 8.34508 -10.75000 130 82 51 224 -2.20727 -2.20727 -2.52573
12.15961 6.35394 -10.75000 133 76 52 224 -2.20727 -2.20727 -2.52573
15.55971 5.44206 -10.75000 141 77 57 224 -2.20727 -2.20727 -2.52573
10.40000 4.72493 -15.61792 133 84 54 224 -2.20727 -2.20727 -2.52573
13.65916 8.48474 -10.75000 141 77 55 224 -2.20727 -2.20727 -2.52573
14.22599 3.13664 -10.75000 128 88 60 224 -2.20727 -2.20727 -2.52573
12.17156 2.74054 -19.25000 141 83 55 224 -2.20727 -2.20727 -2.52573
10.83680 0.86416 -19.25000 138 84 55 224 -2.20727 -2.20727 -2.52573
10.40000 2.92241 -13.40929 123 85 57 224 -2.20727 -2.20727 -2.52573
12.34084 4.67201 -19.25000 123 81 57 224 -2.20727 -2.20727 -2.52573
10.40000 3.44971 -11.33429 134 83 52 224 -2.20727 -2.20727 -2.52573
14.05874 7.24996 -10.75000 126 86 54 224 -2.20727 -2.20727 -2.52573
17.60000 6.93922 -18.92883 131 83 53 224 -2.20727 -2.20727 -2.52573
16.97346 8.07091 -19.25000 131 83 57 224 -2.20727 -2.20727 -2.52573
17.60000 1.40686 -14.29349 135 77 57 224 -2.20727 -2.20727 -2.52573
17.60000 8.40369 -12.38623 131 77 52 224 -2.20727 -2.20727 -2.52573
11.54222 1.39073 -19.25000 131 86 53 224 -2.20727 -2.20727 -2.52573
17.60000 7.59111 -16.18706 131 80 52 224 -2.20727 -2.20727 -2.52573
10.86491 2.90218 -19.25000 138 78 54 224 -2.20727 -2.20727 -2.52573
12.11553 5.99679 -10.75000 139 84 59 224 -2.20727 -2.20727 -2.52573
17.60000 1.30401 -16.35952 124 88 53 224 -2.20727 -2.20727 -2.52573
10.40000 2.85147 -15.11408 131 86 58 224 -2.20727 -2.20727 -2.52573
11.49891 2.03368 -10.75000 128 83 55 224 -2.20727 -2.20727 -2.52573
10.40000 4.29593 -10.82625 130 78 53 224 -2.20727 -2.20727 -2.52573
17.20198 6.95261 -19.25000 136 83 58 224 -2.20727 -2.20727 -2.52573
17.60000 0.23779 -18.73216 127 80 51 224 -2.20727 -2.20727 -2.52573
13.66755 0.59010 -19.25000 131 89 51 224 -2.20727 -2.20727 -2.52573
17.60000 3.33336 -11.62600 130 88 55 224 -2.20727 -2.20727 -2.52573
10.40000 1.51855 -14.49625 137 81 61 224 -2.20727 -2.20727 -2.52573
10.94541 8.33366 -19.25000 140 82 58 224 -2.20727 -2.20727 -2.52573
14.40930 2.39728 -10.75000 133 85 53 224 -2.20727 -2.20727 -2.52573
16.48114 3.83441 -10.75000 142 87 58 224 -2.20727 -2.20727 -2.52573
14.49777 6.54397 -19.25000 124 81 59 224 -2.20727 -2.20727 -2.52573
16.41428 9.47023 -15.86423 25 28 30 234 -2.12026 -2.12026 -2.81341
15.29066 10.07850 -17.83684 25 28 30 234 -2.12026 -2.12026 -2.81341
15.01571 10.19777 -15.59573 25 28 30 234 -2.12026 -2.12026 -2.81341
12.83885 10.11171 -13.16483 25 28 30 234 -2.12026 -2.12026 -2.81341
16.50313 9.49944 -13.63670 25 28 30 234 -2.12026 -2.12026 -2.81341
9.72454 8.59083 -17.00612 25 28 30 234 -2.12026 -2.12026 -2.81341
17.09257 9.13166 -11.64069 25 28 30 234 -2.12026 -2.12026 -2.81341
13.89384 10.61195 -10.10147 25 28 30 234 -2.12026 -2.12026 -2.81341
17.17349 9.14917 -10.98886 25 28 30 234 -2.12026 -2.12026 -2.81341
15.65505 9.87489 -12.21083 25 28 30 234 -2.12026 -2.12026 -2.81341
10.87071 9.15278 -15.42162 25 28 30 234 -2.12026 -2.12026 -2.81341
12.40710 9.89470 -12.90977 25 28 30 234 -2.12026 -2.12026 -2.81341
15.93200 9.76146 -14.57738 25 28 30 234 -2.12026 -2.12026 -2.81341
17.71617 8.87755 -17.17883 25 28 30 234 -2.12026 -2.12026 -2.81341
17.91084 8.82144 -19.24615 25 28 30 234 -2.12026 -2.12026 -2.81341
13.13799 10.28768 -17.98516 25 28 30 234 -2.12026 -2.12026 -2.81341
14.29695 10.48829 -13.17876 25 28 30 234 -2.12026 -2.12026 -2.81341
10.55465 8.99373 -18.84625 25 28 30 234 -2.12026 -2.12026 -2.81341
15.12529 10.11756 -10.74184 25 28 30 234 -2.12026 -2.12026 -2.81341
11.04239 9.25204 -12.88760 25 28 30 234 -2.12026 -2.12026 -2.81341
13.13339 10.27755 -16.08998 25 28 30 234 -2.12026 -2.12026 -2.81341
11.86046 9.61101 -11.50120 25 28 30 234 -2.12026 -2.12026 -2.81341
14.73026 10.30668 -18.63724 25 28 30 234 -2.12026 -2.12026 -2.81341
15.08292 10.12272 -14.62766 25 28 30 234 -2.12026 -2.12026 -2.81341
14.85591 10.24768 -11.39975 25 28 30 234 -2.12026 -2.12026 -2.81341
14.39440 10.50105 -14.83816 25 28 30 234 -2.12026 -2.12026 -2.81341
10.54259 9.09535 -13.40602 25 28 30 234 -2.12026 -2.12026 -2.81341
16.38622 9.51349 -17.53800 25 28 30 234 -2.12026 -2.12026 -2.81341
11.85457 9.65210 -18.53045 25 28 30 234 -2.12026 -2.12026 -2.81341
10.42455 8.95301 -13.00974 25 28 30 234 -2.12026 -2.12026 -2.81341
14.24655 10.54950 -11.10805 25 28 30 234 -2.12026 -2.12026 -2.81341
16.23312 9.55236 -13.53472 25 28 30 234 -2.12026 -2.12026 -2.81341
16.81037 9.23981 -16.05552 25 28 30 234 -2.12026 -2.12026 -2.81341
14.84669 10.27092 -10.39027 25 28 30 234 -2.12026 -2.12026 -2.81341
9.86222 8.69765 -16.53183 25 28 30 234 -2.12026 -2.12026 -2.81341
11.41374 9.39508 -15.99028 25 28 30 234 -2.12026 -2.12026 -2.81341
15.89576 9.75507 -18.31435 25 28 30 234 -2.12026 -2.12026 -2.81341
15.74925 9.80181 -13.29915 25 28 30 234 -2.12026 -2.12026 -2.81341
11.40211 9.44484 -16.37284 25 28 30 234 -2.12026 -2.12026 -2.81341
17.86429 8.85012 -15.22729 25 28 30 234 -2.12026 -2.12026 -2.81341
10.97840 9.20947 -14.53221 25 28 30 234 -2.12026 -2.12026 -2.81341
15.94942 9.63961 -13.76010 25 28 30 234 -2.12026 -2.12026 -2.81341
12.82621 10.11608 -19.00731 25 28 30 234 -2.12026 -2.12026 -2.81341
14.65509 10.42276 -10.60327 25 28 30 234 -2.12026 -2.12026 -2.81341
12.34800 9.85861 -11.08951 25 28 30 234 -2.12026 -2.12026 -2.81341
15.65914 9.84609 -19.74307 25 28 30 234 -2.12026 -2.12026 -2.81341
14.12162 10.58806 -19.78289 25 28 30 234 -2.12026 -2.12026 -2.81341
12.48504 9.94584 -14.70183 25 28 30 234 -2.12026 -2.12026 -2.81341
13.24561 10.33743 -11.63768 25 28 30 234 -2.12026 -2.12026 -2.81341
12.08062 9.74892 -14.38372 25 28 30 234 -2.12026 -2.12026 -2.81341
13.16192 10.26702 -13.10229 25 28 30 234 -2.12026 -2.12026 -2.81341
15.54866 9.98449 -10.91108 25 28 30 234 -2.12026 -2.12026 -2.81341
13.64489 10.53145 -17.58304 25 28 30 234 -2.12026 -2.12026 -2.81341
10.75753 9.11601 -12.01535 25 28 30 234 -2.12026 -2.12026 -2.81341
9.79083 8.61446 -10.75856 25 28 30 234 -2.12026 -2.12026 -2.81341
13.70479 10.54323 -13.92623 25 28 30 234 -2.12026 -2.12026 -2.81341
16.42524 9.53417 -17.97830 25 28 30 234 -2.12026 -2.12026 -2.81341
17.97482 8.74538 -15.80307 25 28 30 234 -2.12026 -2.12026 -2.81341
15.36938 10.02681 -12.37801 25 28 30 234 -2.12026 -2.12026 -2.81341
18.06724 8.69162 -19.87139 25 28 30 234 -2.12026 -2.12026 -2.81341
12.89664 10.15416 -16.17080 25 28 30 234 -2.12026 -2.12026 -2.81341
12.90980 10.17689 -13.27581 25 28 30 234 -2.12026 -2.12026 -2.81341
17.21642 9.10849 -11.52937 25 28 30 234 -2.12026 -2.12026 -2.81341
11.27006 9.30910 -15.10027 25 28 30 234 -2.12026 -2.12026 -2.81341
10.25714 8.82641 -17.86765 25 28 30 234 -2.12026 -2.12026 -2.81341
10.80468 9.17781 -19.88908 25 28 30 234 -2.12026 -2.12026 -2.81341
11.66145 9.58839 -10.14484 25 28 30 234 -2.12026 -2.12026 -2.81341
13.41501 10.38876 -13.31831 25 28 30 234 -2.12026 -2.12026 -2.81341
14.91310 10.23896 -12.69290 25 28 30 234 -2.12026 -2.12026 -2.81341
16.61717 9.43843 -14.06744 25 28 30 234 -2.12026 -2.12026 -2.81341
16.41821 9.51421 -13.76438 25 28 30 234 -2.12026 -2.12026 -2.81341
9.70024 8.58224 -10.22942 25 28 30 234 -2.12026 -2.12026 -2.81341
12.64011 10.04784 -14.21285 25 28 30 234 -2.12026 -2.12026 -2.81341
13.58532 10.45870 -19.47624 25 28 30 234 -2.12026 -2.12026 -2.81341
11.22006 9.28909 -10.11804 25 28 30 234 -2.12026 -2.12026 -2.81341
13.61180 10.49806 -14.14390 25 28 30 234 -2.12026 -2.12026 -2.81341
11.44839 9.43956 -13.02703 25 28 30 234 -2.12026 -2.12026 -2.81341
16.43505 9.51509 -13.45706 25 28 30 234 -2.12026 -2.12026 -2.81341
17.99045 8.70264 -15.68534 25 28 30 234 -2.12026 -2.12026 -2.81341
11.04358 9.22858 -16.78754 25 28 30 234 -2.12026 -2.12026 -2.81341
12.08424 9.78054 -16.14421 25 28 30 234 -2.12026 -2.12026 -2.81341
11.09651 9.21875 -14.01565 25 28 30 234 -2.12026 -2.12026 -2.81341
12.32345 9.93849 -15.53571 25 28 30 234 -2.12026 -2.12026 -2.81341
10.69529 9.10695 -17.41910 25 28 30 234 -2.12026 -2.12026 -2.81341
12.41386 9.88166 -16.90333 25 28 30 234 -2.12026 -2.12026 -2.81341
10.54711 8.94510 -18.91551 25 28 30 234 -2.12026 -2.12026 -2.81341
10.42871 8.97397 -15.63369 25 28 30 234 -2.12026 -2.12026 -2.81341
14.12309 10.57554 -10.69551 25 28 30 234 -2.12026 -2.12026 -2.81341
10.26058 8.86674 -10.61783 25 28 30 234 -2.12026 -2.12026 -2.81341
14.51422 10.39909 -15.87577 25 28 30 234 -2.12026 -2.12026 -2.81341
11.16105 9.28295 -17.14305 25 28 30 234 -2.12026 -2.12026 -2.81341
10.92060 9.13666 -12.29653 25 28 30 234 -2.12026 -2.12026 -2.81341
14.11498 10.62683 -18.18991 25 28 30 234 -2.12026 -2.12026 -2.81341
13.54970 10.43282 -12.20596 25 28 30 234 -2.12026 -2.12026 -2.81341
10.20134 8.80427 -19.19664 25 28 30 234 -2.12026 -2.12026 -2.81341
14.03419 10.68142 -17.81922 25 28 30 234 -2.12026 -2.12026 -2.81341
17.93860 8.78472 -11.30322 25 28 30 234 -2.12026 -2.12026 -2.81341
12.82970 10.10973 -17.04835 25 28 30 234 -2.12026 -2.12026 -2.81341
15.70367 9.84153 -15.68909 25 28 30 234 -2.12026 -2.12026 -2.81341
14.01005 10.67448 -14.74054 25 28 30 234 -2.12026 -2.12026 -2.81341
16.09612 9.61108 -16.16830 25 28 30 234 -2.12026 -2.12026 -2.81341
12.15679 9.83694 -18.38196 25 28 30 234 -2.12026 -2.12026 -2.81341
10.13775 8.83176 -15.14460 25 28 30 234 -2.12026 -2.12026 -2.81341
17.94567 8.79499 -16.58096 25 28 30 234 -2.12026 -2.12026 -2.81341
16.71955 9.35224 -16.39699 25 28 30 234 -2.12026 -2.12026 -2.81341
12.59646 9.96651 -17.06065 25 28 30 234 -2.12026 -2.12026 -2.81341
17.03210 9.22739 -15.63946 25 28 30 234 -2.12026 -2.12026 -2.81341
15.96541 9.74189 -16.11645 25 28 30 234 -2.12026 -2.12026 -2.81341
16.40648 9.54745 -13.85868 25 28 30 234 -2.12026 -2.12026 -2.81341
13.44445 10.34435 -19.38437 25 28 30 234 -2.12026 -2.12026 -2.81341
17.77425 8.83262 -18.63347 25 28 30 234 -2.12026 -2.12026 -2.81341
13.01301 10.29341 -17.65066 25 28 30 234 -2.12026 -2.12026 -2.81341
14.32723 10.55087 -14.56135 25 28 30 234 -2.12026 -2.12026 -2.81341
11.97749 9.66930 -15.12426 25 28 30 234 -2.12026 -2.12026 -2.81341
17.15380 9.14313 -11.99520 25 28 30 234 -2.12026 -2.12026 -2.81341
15.76232 9.84193 -11.01918 25 28 30 234 -2.12026 -2.12026 -2.81341
13.93653 10.62994 -17.52572 25 28 30 234 -2.12026 -2.12026 -2.81341
10.55824 8.98898 -12.84130 25 28 30 234 -2.12026 -2.12026 -2.81341
15.88887 9.75278 -19.87549 25 28 30 234 -2.12026 -2.12026 -2.81341
12.10164 9.81155 -18.29570 25 28 30 234 -2.12026 -2.12026 -2.81341
16.04866 9.69827 -19.58484 25 28 30 234 -2.12026 -2.12026 -2.81341
10.39531 8.86863 -15.71374 25 28 30 234 -2.12026 -2.12026 -2.81341
10.88067 9.11784 -18.22056 25 28 30 234 -2.12026 -2.12026 -2.81341
16.54758 9.45248 -16.16626 25 28 30 234 -2.12026 -2.12026 -2.81341
17.46140 9.02360 -11.22311 25 28 30 234 -2.12026 -2.12026 -2.81341
18.01380 8.74072 -18.11050 25 28 30 234 -2.12026 -2.12026 -2.81341
9.90403 8.66365 -11.81997 25 28 30 234 -2.12026 -2.12026 -2.81341
15.04692 10.08575 -13.10753 25 28 30 234 -2.12026 -2.12026 -2.81341
15.40904 10.02615 -11.44378 25 28 30 234 -2.12026 -2.12026 -2.81341
10.15375 8.79826 -11.40236 25 28 30 234 -2.12026 -2.12026 -2.81341
11.91742 9.65121 -18.32528 25 28 30 234 -2.12026 -2.12026 -2.81341
10.65184 9.06071 -13.51396 25 28 30 234 -2.12026 -2.12026 -2.81341
11.06760 9.25647 -15.17860 25 28 30 234 -2.12026 -2.12026 -2.81341
16.96035 9.26798 -16.76783 25 28 30 234 -2.12026 -2.12026 -2.81341
14.87355 10.20194 -17.74096 25 28 30 234 -2.12026 -2.12026 -2.81341
11.21544 9.36628 -11.77612 25 28 30 234 -2.12026 -2.12026 -2.81341
14.23338 10.59429 -17.87514 25 28 30 234 -2.12026 -2.12026 -2.81341
10.89720 9.21873 -17.38140 25 28 30 234 -2.12026 -2.12026 -2.81341
16.39273 9.60832 -10.27813 25 28 30 234 -2.12026 -2.12026 -2.81341
12.57824 9.98165 -10.10467 25 28 30 234 -2.12026 -2.12026 -2.81341
13.10498 10.23152 -19.26990 25 28 30 234 -2.12026 -2.12026 -2.81341
14.81367 10.29598 -13.57037 25 28 30 234 -2.12026 -2.12026 -2.81341
12.57155 9.92576 -12.00641 25 28 30 234 -2.12026 -2.12026 -2.81341
10.95469 9.24335 -15.42264 25 28 30 234 -2.12026 -2.12026 -2.81341
16.75230 9.32056 -12.62115 25 28 30 234 -2.12026 -2.12026 -2.81341
11.26934 9.31714 -18.07991 25 28 30 234 -2.12026 -2.12026 -2.81341
14.49014 10.45777 -14.84245 25 28 30 234 -2.12026 -2.12026 -2.81341
17.96785 8.70818 -16.42122 25 28 30 234 -2.12026 -2.12026 -2.81341
18.02733 8.73701 -18.88501 25 28 30 234 -2.12026 -2.12026 -2.81341
10.25317 8.90482 -15.55061 25 28 30 234 -2.12026 -2.12026 -2.81341
15.71145 9.89063 -11.84063 25 28 30 234 -2.12026 -2.12026 -2.81341
10.73109 9.08837 -10.84401 25 28 30 234 -2.12026 -2.12026 -2.81341
12.14685 9.78174 -11.06348 25 28 30 234 -2.12026 -2.12026 -2.81341
17.80833 8.82325 -13.62914 25 28 30 234 -2.12026 -2.12026 -2.81341
10.28089 8.84781 -19.73027 25 28 30 234 -2.12026 -2.12026 -2.81341
12.46246 9.93874 -16.54356 25 28 30 234 -2.12026 -2.12026 -2.81341
14.28949 10.54827 -16.67505 25 28 30 234 -2.12026 -2.12026 -2.81341
10.21326 8.79753 -11.00499 25 28 30 234 -2.12026 -2.12026 -2.81341
12.30743 9.88953 -14.18600 25 28 30 234 -2.12026 -2.12026 -2.81341
12.31966 9.87110 -14.84344 25 28 30 234 -2.12026 -2.12026 -2.81341
15.69986 9.80770 -13.71718 25 28 30 234 -2.12026 -2.12026 -2.81341
16.72188 9.33657 -14.87121 25 28 30 234 -2.12026 -2.12026 -2.81341
18.17209 8.62069 -14.81169 25 28 30 234 -2.12026 -2.12026 -2.81341
14.24466 10.60905 -11.21906 25 28 30 234 -2.12026 -2.12026 -2.81341
10.29187 8.85818 -18.81693 25 28 30 234 -2.12026 -2.12026 -2.81341
18.04644 8.76019 -17.75024 25 28 30 234 -2.12026 -2.12026 -2.81341
11.82241 9.64412 -18.04476 25 28 30 234 -2.12026 -2.12026 -2.81341
15.62676 9.94098 -11.97887 25 28 30 234 -2.12026 -2.12026 -2.81341
18.10014 8.69075 -17.61241 25 28 30 234 -2.12026 -2.12026 -2.81341
12.14036 9.76697 -13.45765 25 28 30 234 -2.12026 -2.12026 -2.81341
10.71466 8.99936 -11.75004 25 28 30 234 -2.12026 -2.12026 -2.81341
11.35524 9.34336 -10.44260 25 28 30 234 -2.12026 -2.12026 -2.81341
13.14917 10.32059 -15.67557 25 28 30 234 -2.12026 -2.12026 -2.81341
10.36648 8.95387 -13.39914 25 28 30 234 -2.12026 -2.12026 -2.81341
18.10424 8.60885 -11.17014 25 28 30 234 -2.12026 -2.12026 -2.81341
16.90293 9.24765 -19.00238 25 28 30 234 -2.12026 -2.12026 -2.81341
17.27130 8.98321 -17.25818 25 28 30 234 -2.12026 -2.12026 -2.81341
10.86237 9.14389 -15.40177 25 28 30 234 -2.12026 -2.12026 -2.81341
12.75238 10.11180 -19.64769 25 28 30 234 -2.12026 -2.12026 -2.81341
16.26000 9.57413 -18.09876 25 28 30 234 -2.12026 -2.12026 -2.81341
19.60000 3.75420 -17.94057 136 87 54 224 -2.20727 -2.20727 -2.52573
24.12336 2.58364 -10.75000 141 80 60 224 -2.20727 -2.20727 -2.52573
19.60000 1.53548 -13.92846 134 87 59 224 -2.20727 -2.20727 -2.52573
25.29706 3.25159 -19.25000 142 80 58 224 -2.20727 -2.20727 -2.52573
19.60000 2.68599 -10.80426 132 82 56 224 -2.20727 -2.20727 -2.52573
23.54740 0.16642 -19.25000 136 82 52 224 -2.20727 -2.20727 -2.52573
26.80000 0.40358 -17.19462 135 81 60 224 -2.20727 -2.20727 -2.52573
26.54206 5.79661 -10.75000 135 78 60 224 -2.20727 -2.20727 -2.52573
21.70687 2.04810 -10.75000 133 79 55 224 -2.20727 -2.20727 -2.52573
19.60000 4.50142 -15.79611 142 81 52 224 -2.20727 -2.20727 -2.52573
19.60000 0.86561 -15.90366 125 80 60 224 -2.20727 -2.20727 -2.52573
19.60000 2.12465 -11.03936 138 88 55 224 -2.20727 -2.20727 -2.52573
24.38471 1.09045 -10.75000 138 82 54 224 -2.20727 -2.20727 -2.52573
23.93012 2.69263 -10.75000 139 77 52 224 -2.20727 -2.20727 -2.52573
19.60000 3.64732 -12.88144 123 87 57 224 -2.20727 -2.20727 -2.52573
19.60000 1.17179 -12.05005 125 86 57 224 -2.20727 -2.20727 -2.52573
25.46829 3.33109 -10.75000 124 78 58 224 -2.20727 -2.20727 -2.52573
26.80000 4.71750 -17.91200 132 86 58 224 -2.20727 -2.20727 -2.52573
26.80000 1.67332 -12.21272 133 80 56 224 -2.20727 -2.20727 -2.52573
19.60000 0.00260 -15.40949 134 87 58 224 -2.20727 -2.20727 -2.52573
26.80000 5.11698 -11.45363 138 88 58 224 -2.20727 -2.20727 -2.52573
19.60000 1.70116 -13.33803 123 83 56 224 -2.20727 -2.20727 -2.52573
25.90543 4.71323 -19.25000 128 77 52 224 -2.20727 -2.20727 -2.52573
26.80000 2.17953 -18.70273 138 79 60 224 -2.20727 -2.20727 -2.52573
21.61783 0.97532 -10.75000 133 86 60 224 -2.20727 -2.20727 -2.52573
26.08755 4.45362 -10.75000 122 86 51 224 -2.20727 -2.20727 -2.52573
26.80000 3.83620 -14.94929 123 87 58 224 -2.20727 -2.20727 -2.52573
26.80000 3.26174 -17.43318 132 82 54 224 -2.20727 -2.20727 -2.52573
26.80000 5.54533 -16.01908 126 84 51 224 -2.20727 -2.20727 -2.52573
26.80000 2.43063 -12.66253 130 88 56 224 -2.20727 -2.20727 -2.52573
26.38289 1.68926 -19.25000 122 85 51 224 -2.20727 -2.20727 -2.52573
26.80000 3.72577 -12.13734 127 85 56 224 -2.20727 -2.20727 -2.52573
26.80000 5.29979 -15.79376 133 79 53 224 -2.20727 -2.20727 -2.52573
19.98403 3.05330 -19.25000 126 84 51 224 -2.20727 -2.20727 -2.52573
19.60000 3.82787 -11.37303 141 84 56 224 -2.20727 -2.20727 -2.52573
19.86413 2.34192 -19.25000 138 82 51 224 -2.20727 -2.20727 -2.52573
24.43938 3.95535 -19.25000 139 81 55 224 -2.20727 -2.20727 -2.52573
26.80000 5.66660 -17.27571 141 77 53 224 -2.20727 -2.20727 -2.52573
25.18578 2.69675 -19.25000 139 85 53 224 -2.20727 -2.20727 -2.52573
19.60000 4.45186 -17.46824 133 78 54 224 -2.20727 -2.20727 -2.52573
26.80000 4.85563 -13.16544 137 78 55 224 -2.20727 -2.20727 -2.52573
19.60000 1.33146 -16.74404 140 77 55 224 -2.20727 -2.20727 -2.52573
19.96879 5.17940 -19.25000 136 81 55 224 -2.20727 -2.20727 -2.52573
20.81788 0.58708 -19.25000 134 80 60 224 -2.20727 -2.20727 -2.52573
19.60000 3.59491 -12.28865 132 85 54 224 -2.20727 -2.20727 -2.52573
20.72881 2.99564 -19.25000 125 81 53 224 -2.20727 -2.20727 -2.52573
26.80000 3.37344 -11.68928 130 82 54 224 -2.20727 -2.20727 -2.52573
23.09100 1.80353 -19.25000 125 77 51 224 -2.20727 -2.20727 -2.52573
26.80000 2.01518 -15.98787 140 87 59 224 -2.20727 -2.20727 -2.52573
19.60000 2.71025 -18.50190 135 80 56 224 -2.20727 -2.20727 -2.52573
26.80000 3.32345 -13.24841 135 82 56 224 -2.20727 -2.20727 -2.52573
26.80000 4.50317 -16.45762 138 88 51 224 -2.20727 -2.20727 -2.52573
26.80000 0.51377 -11.89721 126 83 58 224 -2.20727 -2.20727 -2.52573
21.11711 4.29912 -19.25000 122 80 54 224 -2.20727 -2.20727 -2.52573
26.54928 0.66385 -10.75000 138 76 58 224 -2.20727 -2.20727 -2.52573
22.19731 1.47337 -19.25000 140 85 52 224 -2.20727 -2.20727 -2.52573
26.80000 1.59420 -18.48967 142 87 53 224 -2.20727 -2.20727 -2.52573
26.48024 5.20574 -19.25000 127 88 59 224 -2.20727 -2.20727 -2.52573
23.11244 5.38274 -10.75000 123 80 51 224 -2.20727 -2.20727 -2.52573
21.04864 1.33432 -10.75000 136 87 53 224 -2.20727 -2.20727 -2.52573
26.80000 2.16182 -14.15638 141 86 51 224 -2.20727 -2.20727 -2.52573
25.00727 5.51657 -10.75000 132 77 58 224 -2.20727 -2.20727 -2.52573
26.80000 3.88978 -17.39807 122 77 58 224 -2.20727 -2.20727 -2.52573
23.33506 4.58924 -19.25000 126 77 58 224 -2.20727 -2.20727 -2.52573
26.80000 3.93861 -18.15845 128 79 55 224 -2.20727 -2.20727 -2.52573
25.38120 3.64765 -19.25000 127 85 58 224 -2.20727 -2.20727 -2.52573
19.60000 3.43575 -12.19845 126 86 57 224 -2.20727 -2.20727 -2.52573
19.60000 5.05315 -11.48921 126 86 51 224 -2.20727 -2.20727 -2.52573
19.60000 5.32344 -13.03203 140 88 60 224 -2.20727 -2.20727 -2.52573
19.60000 1.66934 -14.72977 133 78 56 224 -2.20727 -2.20727 -2.52573
19.60000 5.39627 -15.20914 141 86 58 224 -2.20727 -2.20727 -2.52573
26.57479 4.22697 -10.75000 132 85 55 224 -2.20727 -2.20727 -2.52573
22.03974 3.84311 -10.75000 142 83 55 224 -2.20727 -2.20727 -2.52573
26.80000 1.74002 -19.18234 130 85 59 224 -2.20727 -2.20727 -2.52573
19.60000 5.83343 -15.42385 141 77 53 224 -2.20727 -2.20727 -2.52573
25.32480 5.66481 -10.75000 137 82 53 224 -2.20727 -2.20727 -2.52573
26.22463 5.13110 -19.25000 126 87 54 224 -2.20727 -2.20727 -2.52573
26.22240 2.12850 -10.75000 131 88 57 224 -2.20727 -2.20727 -2.52573
19.60000 2.39466 -13.63175 127 86 56 224 -2.20727 -2.20727 -2.52573
21.69334 2.45653 -10.75000 139 78 59 224 -2.20727 -2.20727 -2.52573
19.93479 2.38912 -10.75000 141 77 55 224 -2.20727 -2.20727 -2.52573
19.60000 0.19040 -10.81771 128 83 53 224 -2.20727 -2.20727 -2.52573
26.80000 5.72761 -14.44608 134 84 56 224 -2.20727 -2.20727 -2.52573
19.60000 0.26573 -18.90064 140 87 58 224 -2.20727 -2.20727 -2.52573
24.27595 4.07331 -19.25000 123 89 56 224 -2.20727 -2.20727 -2.52573
22.34791 5.21475 -10.75000 139 80 54 224 -2.20727 -2.20727 -2.52573
21.26502 3.57105 -10.75000 137 88 58 224 -2.20727 -2.20727 -2.52573
19.60000 1.60320 -14.42422 127 79 53 224 -2.20727 -2.20727 -2.52573
26.80000 5.19972 -17.64537 126 88 59 224 -2.20727 -2.20727 -2.52573
19.60000 1.59822 -12.27629 141 81 54 224 -2.20727 -2.20727 -2.52573
22.20545 2.25985 -19.25000 141 85 59 224 -2.20727 -2.20727 -2.52573
20.12764 0.87527 -19.25000 142 77 53 224 -2.20727 -2.20727 -2.52573
26.80000 5.19371 -18.00950 135 81 52 224 -2.20727 -2.20727 -2.52573
19.60000 3.10349 -14.55359 130 82 51 224 -2.20727 -2.20727 -2.52573
22.20537 5.79090 -10.75000 141 83 55 224 -2.20727 -2.20727 -2.52573
21.01413 5.11758 -19.25000 140 83 53 224 -2.20727 -2.20727 -2.52573
26.80000 0.12024 -11.44881 132 86 60 224 -2.20727 -2.20727 -2.52573
20.63508 0.72036 -10.75000 125 85 60 224 -2.20727 -2.20727 -2.52573
26.29485 3.25036 -10.75000 136 78 58 224 -2.20727 -2.20727 -2.52573
26.80000 2.91414 -16.35374 132 77 54 224 -2.20727 -2.20727 -2.52573
22.85245 3.21780 -19.25000 130 80 56 224 -2.20727 -2.20727 -2.52573
26.80000 1.19150 -13.22989 142 85 54 224 -2.20727 -2.20727 -2.52573
26.18432 3.35157 -19.25000 140 86 52 224 -2.20727 -2.20727 -2.52573
26.80000 3.93156 -14.29119 126 82 53 224 -2.20727 -2.20727 -2.52573
19.60000 1.39973 -16.45911 129 81 59 224 -2.20727 -2.20727 -2.52573
26.80000 5.78410 -16.28373 138 80 53 224 -2.20727 -2.20727 -2.52573
21.58393 5.23155 -10.75000 123 85 52 224 -2.20727 -2.20727 -2.52573
24.40717 2.82763 -19.25000 133 82 59 224 -2.20727 -2.20727 -2.52573
25.37903 5.11961 -10.75000 138 88 57 224 -2.20727 -2.20727 -2.52573
21.97344 0.52910 -10.75000 125 80 53 224 -2.20727 -2.20727 -2.52573
25.37592 0.30735 -19.25000 125 84 51 224 -2.20727 -2.20727 -2.52573
26.44941 1.82026 -10.75000 135 82 60 224 -2.20727 -2.20727 -2.52573
19.60000 3.26311 -11.25790 135 85 57 224 -2.20727 -2.20727 -2.52573
19.60000 5.20909 -18.96391 137 83 60 224 -2.20727 -2.20727 -2.52573
26.80000 1.36774 -18.18329 136 79 58 224 -2.20727 -2.20727 -2.52573
20.62904 2.45747 -10.75000 141 79 59 224 -2.20727 -2.20727 -2.52573
25.65392 6.04501 -10.75000 141 79 52 224 -2.20727 -2.20727 -2.52573
26.47956 1.65237 -19.25000 140 78 55 224 -2.20727 -2.20727 -2.52573
26.80000 1.84800 -13.21687 129 83 60 224 -2.20727 -2.20727 -2.52573
26.80000 4.20040 -17.17104 133 81 57 224 -2.20727 -2.20727 -2.52573
26.80000 2.96362 -17.03517 124 85 60 224 -2.20727 -2.20727 -2.52573
26.80000 0.09585 -17.75289 139 88 52 224 -2.20727 -2.20727 -2.52573
24.69506 1.79314 -10.75000 127 83 53 224 -2.20727 -2.20727 -2.52573
24.09446 4.89621 -19.25000 137 82 55 224 -2.20727 -2.20727 -2.52573
26.80000 2.13367 -11.07546 132 79 55 224 -2.20727 -2.20727 -2.52573
24.61540 0.76914 -19.25000 132 86 55 224 -2.20727 -2.20727 -2.52573
22.78446 3.19805 -10.75000 124 87 56 224 -2.20727 -2.20727 -2.52573
19.60000 5.87540 -15.99437 133 83 55 224 -2.20727 -2.20727 -2.52573
19.60000 3.12573 -12.30204 134 84 56 224 -2.20727 -2.20727 -2.52573
22.46391 2.96749 -19.25000 141 86 53 224 -2.20727 -2.20727 -2.52573
19.88475 4.92581 -10.75000 125 80 58 224 -2.20727 -2.20727 -2.52573
22.28328 3.36727 -10.75000 122 85 59 224 -2.20727 -2.20727 -2.52573
23.69897 1.73257 -19.25000 140 85 54 224 -2.20727 -2.20727 -2.52573
19.67945 0.62009 -19.25000 129 82 61 224 -2.20727 -2.20727 -2.52573
23.96469 1.81335 -10.75000 125 77 51 224 -2.20727 -2.20727 -2.52573
19.60000 2.97630 -19.17969 134 84 51 224 -2.20727 -2.20727 -2.52573
26.80000 4.79991 -16.78005 129 82 55 224 -2.20727 -2.20727 -2.52573
26.80000 1.85285 -15.69249 138 80 51 224 -2.20727 -2.20727 -2.52573
24.70417 2.47898 -10.75000 123 78 56 224 -2.20727 -2.20727 -2.52573
19.60000 1.42178 -17.53509 127 87 57 224 -2.20727 -2.20727 -2.52573
26.80000 1.57018 -12.72507 140 79 53 224 -2.20727 -2.20727 -2.52573
19.60000 3.85627 -18.12588 125 80 53 224 -2.20727 -2.20727 -2.52573
19.60000 3.62434 -13.04848 130 85 56 224 -2.20727 -2.20727 -2.52573
19.60000 3.20507 -14.64989 140 80 55 224 -2.20727 -2.20727 -2.52573
19.60000 5.37406 -14.20498 128 88 56 224 -2.20727 -2.20727 -2.52573
23.24234 1.87445 -10.75000 142 82 51 224 -2.20727 -2.20727 -2.52573
19.60000 3.14472 -13.45425 138 87 58 224 -2.20727 -2.20727 -2.52573
19.60000 3.98544 -18.64836 129 86 57 224 -2.20727 -2.20727 -2.52573
19.60000 4.59575 -17.14567 124 83 56 224 -2.20727 -2.20727 -2.52573
19.60000 1.12936 -16.47275 128 79 55 224 -2.20727 -2.20727 -2.52573
26.34601 3.50754 -10.75000 142 83 55 224 -2.20727 -2.20727 -2.52573
21.99927 1.26432 -10.75000 123 81 51 224 -2.20727 -2.20727 -2.52573
19.60000 0.76152 -17.96506 125 79 53 224 -2.20727 -2.20727 -2.52573
26.80000 4.53822 -14.99672 130 85 51 224 -2.20727 -2.20727 -2.52573
22.47290 5.82047 -10.75000 126 88 55 224 -2.20727 -2.20727 -2.52573
19.60000 5.61593 -12.53942 128 84 60 224 -2.20727 -2.20727 -2.52573
19.60000 0.92211 -11.28631 126 83 51 224 -2.20727 -2.20727 -2.52573
19.60000 1.21195 -15.02666 142 88 52 224 -2.20727 -2.20727 -2.52573
20.23829 4.44993 -10.75000 134 82 57 224 -2.20727 -2.20727 -2.52573
25.55588 1.89297 -19.25000 127 79 52 224 -2.20727 -2.20727 -2.52573
19.60000 0.14868 -17.80847 129 85 56 224 -2.20727 -2.20727 -2.52573
26.80000 0.92527 -14.77201 138 83 61 224 -2.20727 -2.20727 -2.52573
20.26239 3.45822 -10.75000 135 81 51 224 -2.20727 -2.20727 -2.52573
26.80000 0.37724 -13.27953 138 87 52 224 -2.20727 -2.20727 -2.52573
26.80000 3.51397 -18.13892 133 86 59 224 -2.20727 -2.20727 -2.52573
19.65553 2.52992 -19.25000 142 85 52 224 -2.20727 -2.20727 -2.52573
23.00023 0.26058 -10.75000 124 81 57 224 -2.20727 -2.20727 -2.52573
26.80000 4.09457 -16.53213 132 77 55 224 -2.20727 -2.20727 -2.52573
19.60000 4.42541 -11.44763 139 85 60 224 -2.20727 -2.20727 -2.52573
26.80000 5.56253 -18.24726 135 80 56 224 -2.20727 -2.20727 -2.52573
26.80000 4.91131 -10.88923 122 77 53 224 -2.20727 -2.20727 -2.52573
19.60000 4.77046 -17.69438 133 88 58 224 -2.20727 -2.20727 -2.52573
26.80000 5.70510 -18.78866 126 79 51 224 -2.20727 -2.20727 -2.52573
24.02147 1.64045 -10.75000 127 79 54 224 -2.20727 -2.20727 -2.52573
19.60000 1.95694 -13.02733 123 80 59 224 -2.20727 -2.20727 -2.52573
21.32849 0.05762 -10.75000 135 88 56 224 -2.20727 -2.20727 -2.52573
22.12464 5.49362 -10.75000 141 83 57 224 -2.20727 -2.20727 -2.52573
22.08376 1.28802 -10.75000 136 81 57 224 -2.20727 -2.20727 -2.52573
23.26014 5.01054 -10.75000 136 84 51 224 -2.20727 -2.20727 -2.52573
26.80000 3.78715 -16.71221 124 88 57 224 -2.20727 -2.20727 -2.52573
22.43397 3.46416 -10.75000 136 81 59 224 -2.20727 -2.20727 -2.52573
19.60000 0.59499 -16.54901 130 81 60 224 -2.20727 -2.20727 -2.52573
19.60000 2.96489 -19.22846 127 83 60 224 -2.20727 -2.20727 -2.52573
19.60000 1.45106 -15.27358 128 84 57 224 -2.20727 -2.20727 -2.52573
26.80000 2.93075 -17.86157 140 82 59 224 -2.20727 -2.20727 -2.52573
19.81662 1.86905 -10.75000 127 84 52 224 -2.20727 -2.20727 -2.52573
24.22002 4.63644 -10.75000 127 85 51 224 -2.20727 -2.20727 -2.52573
19.60000 0.07614 -14.88255 137 85 55 224 -2.20727 -2.20727 -2.52573
23.90194 5.64205 -19.25000 140 87 54 224 -2.20727 -2.20727 -2.52573
26.80000 2.75508 -11.30013 141 85 52 224 -2.20727 -2.20727 -2.52573
26.80000 1.16915 -15.43613 139 88 55 224 -2.20727 -2.20727 -2.52573
19.68417 0.48483 -10.75000 125 81 60 224 -2.20727 -2.20727 -2.52573
26.80000 2.59707 -17.00219 137 84 55 224 -2.20727 -2.20727 -2.52573
26.80000 1.68241 -14.98180 139 78 55 224 -2.20727 -2.20727 -2.52573
24.64394 3.94409 -19.25000 134 85 59 224 -2.20727 -2.20727 -2.52573
21.81299 3.32585 -19.25000 128 83 60 224 -2.20727 -2.20727 -2.52573
22.08933 2.31630 -10.75000 127 79 55 224 -2.20727 -2.20727 -2.52573
20.28506 0.83895 -19.25000 132 82 57 224 -2.20727 -2.20727 -2.52573
26.80000 5.95703 -16.97063 129 79 60 224 -2.20727 -2.20727 -2.52573
19.60000 5.64743 -13.86618 129 78 58 224 -2.20727 -2.20727 -2.52573
26.80000 4.34045 -13.04165 127 78 61 224 -2.20727 -2.20727 -2.52573
26.01624 6.02459 -19.25000 131 89 51 224 -2.20727 -2.20727 -2.52573
19.60000 5.19312 -18.78772 133 77 58 224 -2.20727 -2.20727 -2.52573
24.76811 1.03776 -10.75000 130 83 52 224 -2.20727 -2.20727 -2.52573
26.80000 2.81942 -18.95555 124 80 57 224 -2.20727 -2.20727 -2.52573
19.88599 0.71420 -10.75000 131 88 61 224 -2.20727 -2.20727 -2.52573
23.24877 3.01578 -10.75000 135 80 58 224 -2.20727 -2.20727 -2.52573
24.85226 5.31796 -19.25000 123 78 60 224 -2.20727 -2.20727 -2.52573
26.80000 3.89533 -13.88168 141 77 53 224 -2.20727 -2.20727 -2.52573
26.80000 2.96333 -13.40466 142 83 57 224 -2.20727 -2.20727 -2.52573
22.67705 4.42510 -10.75000 126 84 59 224 -2.20727 -2.20727 -2.52573
26.80000 1.20204 -14.54848 129 76 60 224 -2.20727 -2.20727 -2.52573
19.60000 5.98910 -16.27466 124 84 55 224 -2.20727 -2.20727 -2.52573
19.60000 2.41363 -15.01391 131 77 55 224 -2.20727 -2.20727 -2.52573
26.80000 5.87582 -12.94453 122 87 59 224 -2.20727 -2.20727 -2.52573
20.61773 5.02015 -19.25000 136 77 59 224 -2.20727 -2.20727 -2.52573
26.80000 4.25413 -16.57546 122 82 60 224 -2.20727 -2.20727 -2.52573
24.67546 4.84701 -19.25000 132 84 56 224 -2.20727 -2.20727 -2.52573
21.54207 1.59772 -10.75000 137 82 56 224 -2.20727 -2.20727 -2.52573
24.08042 4.33205 -19.25000 132 77 59 224 -2.20727 -2.20727 -2.52573
23.44599 2.05640 -19.25000 130 87 57 224 -2.20727 -2.20727 -2.52573
23.68265 5.76318 -19.25000 128 83 57 224 -2.20727 -2.20727 -2.52573
19.60000 0.20395 -17.71725 128 82 59 224 -2.20727 -2.20727 -2.52573
26.80000 0.65260 -19.05161 131 81 56 224 -2.20727 -2.20727 -2.52573
19.64676 2.75783 -19.25000 138 78 56 224 -2.20727 -2.20727 -2.52573
23.50215 5.75093 -19.25000 129 83 57 224 -2.20727 -2.20727 -2.52573
19.60000 4.36984 -16.52421 134 85 58 224 -2.20727 -2.20727 -2.52573
19.99286 2.17037 -10.75000 125 80 60 224 -2.20727 -2.20727 -2.52573
26.24413 0.64186 -10.75000 126 79 59 224 -2.20727 -2.20727 -2.52573
19.60000 1.80382 -19.00347 135 88 60 224 -2.20727 -2.20727 -2.52573
26.80000 2.17502 -18.01228 136 78 58 224 -2.20727 -2.20727 -2.52573
24.58360 3.25215 -19.25000 129 85 58 224 -2.20727 -2.20727 -2.52573
19.60000 5.37964 -16.93475 136 85 58 224 -2.20727 -2.20727 -2.52573
26.80000 2.26771 -12.37251 131 89 51 224 -2.20727 -2.20727 -2.52573
21.51683 5.03775 -19.25000 124 83 56 224 -2.20727 -2.20727 -2.52573
26.80000 4.28317 -18.72497 131 79 59 224 -2.20727 -2.20727 -2.52573
19.60000 4.53011 -11.10594 129 81 57 224 -2.20727 -2.20727 -2.52573
26.80000 4.34744 -18.15325 137 88 60 224 -2.20727 -2.20727 -2.52573
26.80000 3.63417 -13.46883 122 79 58 224 -2.20727 -2.20727 -2.52573
19.60000 3.62665 -13.66825 136 82 56 224 -2.20727 -2.20727 -2.52573
26.80000 5.69561 -16.15523 142 78 51 224 -2.20727 -2.20727 -2.52573
23.16288 2.57435 -19.25000 124 81 60 224 -2.20727 -2.20727 -2.52573
26.80000 0.69318 -11.59344 139 85 60 224 -2.20727 -2.20727 -2.52573
23.75116 1.51163 -10.75000 132 78 55 224 -2.20727 -2.20727 -2.52573
21.35546 1.47917 -10.75000 141 86 58 224 -2.20727 -2.20727 -2.52573
26.80000 0.36172 -11.44372 131 81 55 224 -2.20727 -2.20727 -2.52573
22.66841 5.07002 -19.25000 126 83 54 224 -2.20727 -2.20727 -2.52573
22.32052 0.09458 -19.25000 129 79 57 224 -2.20727 -2.20727 -2.52573
21.12530 3.37401 -19.25000 136 78 53 224 -2.20727 -2.20727 -2.52573
21.66952 5.59519 -10.75000 136 84 58 224 -2.20727 -2.20727 -2.52573
26.80000 2.64028 -12.45455 130 78 56 224 -2.20727 -2.20727 -2.52573
26.80000 4.32899 -13.32125 139 82 60 224 -2.20727 -2.20727 -2.52573
24.22618 4.88411 -19.25000 128 81 61 224 -2.20727 -2.20727 -2.52573
24.41332 3.73806 -19.25000 139 85 52 224 -2.20727 -2.20727 -2.52573
26.80000 4.10412 -13.70494 122 85 52 224 -2.20727 -2.20727 -2.52573
26.80000 4.67299 -17.06378 139 80 51 224 -2.20727 -2.20727 -2.52573
24.64047 1.89985 -10.75000 129 86 59 224 -2.20727 -2.20727 -2.52573
26.34323 5.01818 -10.75000 130 82 55 224 -2.20727 -2.20727 -2.52573
24.05884 2.11576 -19.25000 138 88 54 224 -2.20727 -2.20727 -2.52573
20.26931 5.76539 -19.25000 135 88 52 224 -2.20727 -2.20727 -2.52573
27.39289 6.10643 -10.68369 25 28 30 234 -2.12026 -2.12026 -2.81341
20.02240 6.63593 -12.70276 25 28 30 234 -2.12026 -2.12026 -2.81341
26.84479 6.41474 -13.75818 25 28 30 234 -2.12026 -2.12026 -2.81341
20.58162 6.85763 -13.91817 25 28 30 234 -2.12026 -2.12026 -2.81341
22.00977 7.61078 -12.31120 25 28 30 234 -2.12026 -2.12026 -2.81341
21.64185 7.42755 -12.31784 25 28 30 234 -2.12026 -2.12026 -2.81341
22.49060 7.80457 -15.09219 25 28 30 234 -2.12026 -2.12026 -2.81341
22.73431 7.96277 -15.82817 25 28 30 234 -2.12026 -2.12026 -2.81341
23.92048 7.85560 -19.44125 25 28 30 234 -2.12026 -2.12026 -2.81341
19.18754 6.16548 -16.18615 25 28 30 234 -2.12026 -2.12026 -2.81341
20.35763 6.78404 -15.38577 25 28 30 234 -2.12026 -2.12026 -2.81341
20.66162 6.98600 -15.04780 25 28 30 234 -2.12026 -2.12026 -2.81341
23.73422 7.91998 -14.13470 25 28 30 234 -2.12026 -2.12026 -2.81341
21.90590 7.48864 -19.11990 25 28 30 234 -2.12026 -2.12026 -2.81341
20.59084 6.87874 -15.11482 25 28 30 234 -2.12026 -2.12026 -2.81341
25.00637 7.23903 -19.56084 25 28 30 234 -2.12026 -2.12026 -2.81341
22.83923 8.04969 -11.64295 25 28 30 234 -2.12026 -2.12026 -2.81341
26.66382 6.52653 -16.01905 25 28 30 234 -2.12026 -2.12026 -2.81341
26.58701 6.52598 -11.83705 25 28 30 234 -2.12026 -2.12026 -2.81341
26.10068 6.78965 -10.20299 25 28 30 234 -2.12026 -2.12026 -2.81341
21.54144 7.36339 -12.46613 25 28 30 234 -2.12026 -2.12026 -2.81341
27.49678 6.06469 -19.22023 25 28 30 234 -2.12026 -2.12026 -2.81341
20.25060 6.69912 -19.22732 25 28 30 234 -2.12026 -2.12026 -2.81341
26.45980 6.55147 -18.42315 25 28 30 234 -2.12026 -2.12026 -2.81341
18.91461 6.03135 -12.63140 25 28 30 234 -2.12026 -2.12026 -2.81341
20.94656 7.04983 -12.78661 25 28 30 234 -2.12026 -2.12026 -2.81341
24.19375 7.70912 -18.83807 25 28 30 234 -2.12026 -2.12026 -2.81341
26.12550 6.74458 -14.58638 25 28 30 234 -2.12026 -2.12026 -2.81341
25.72832 6.91321 -11.73411 25 28 30 234 -2.12026 -2.12026 -2.81341
26.61232 6.54484 -19.59267 25 28 30 234 -2.12026 -2.12026 -2.81341
20.85499 7.04148 -14.76647 25 28 30 234 -2.12026 -2.12026 -2.81341
25.80085 6.94499 -12.85766 25 28 30 234 -2.12026 -2.12026 -2.81341
26.58547 6.50688 -12.17982 25 28 30 234 -2.12026 -2.12026 -2.81341
27.45683 6.11316 -10.68292 25 28 30 234 -2.12026 -2.12026 -2.81341
23.74458 7.89856 -17.71338 25 28 30 234 -2.12026 -2.12026 -2.81341
24.01338 7.75819 -18.83015 25 28 30 234 -2.12026 -2.12026 -2.81341
21.56740 7.35073 -12.67798 25 28 30 234 -2.12026 -2.12026 -2.81341
26.13251 6.75531 -17.32350 25 28 30 234 -2.12026 -2.12026 -2.81341
21.65001 7.41102 -11.90593 25 28 30 234 -2.12026 -2.12026 -2.81341
24.39316 7.61793 -17.06653 25 28 30 234 -2.12026 -2.12026 -2.81341
25.25752 7.15882 -15.45775 25 28 30 234 -2.12026 -2.12026 -2.81341
27.42906 6.09418 -11.77736 25 28 30 234 -2.12026 -2.12026 -2.81341
22.44478 7.80157 -13.57196 25 28 30 234 -2.12026 -2.12026 -2.81341
22.03233 7.62049 -15.34325 25 28 30 234 -2.12026 -2.12026 -2.81341
21.00397 7.04800 -10.23980 25 28 30 234 -2.12026 -2.12026 -2.81341
24.02119 7.68279 -11.39087 25 28 30 234 -2.12026 -2.12026 -2.81341
26.07599 6.79604 -18.69095 25 28 30 234 -2.12026 -2.12026 -2.81341
22.12999 7.65536 -17.16626 25 28 30 234 -2.12026 -2.12026 -2.81341
26.68479 6.46893 -17.70301 25 28 30 234 -2.12026 -2.12026 -2.81341
23.27094 8.10636 -19.59357 25 28 30 234 -2.12026 -2.12026 -2.81341
20.22131 6.70272 -10.55124 25 28 30 234 -2.12026 -2.12026 -2.81341
23.31009 8.11024 -16.54518 25 28 30 234 -2.12026 -2.12026 -2.81341
23.03419 8.01070 -10.68817 25 28 30 234 -2.12026 -2.12026 -2.81341
19.64285 6.44853 -10.10838 25 28 30 234 -2.12026 -2.12026 -2.81341
20.22084 6.69884 -14.61724 25 28 30 234 -2.12026 -2.12026 -2.81341
20.92994 7.01232 -14.90494 25 28 30 234 -2.12026 -2.12026 -2.81341
22.82772 8.05388 -18.25631 25 28 30 234 -2.12026 -2.12026 -2.81341
19.84939 6.55969 -12.47222 25 28 30 234 -2.12026 -2.12026 -2.81341
26.89897 6.40496 -18.76381 25 28 30 234 -2.12026 -2.12026 -2.81341
22.33427 7.73165 -11.99530 25 28 30 234 -2.12026 -2.12026 -2.81341
25.85050 6.89770 -10.19444 25 28 30 234 -2.12026 -2.12026 -2.81341
25.11068 7.23033 -17.78843 25 28 30 234 -2.12026 -2.12026 -2.81341
23.26582 8.11033 -18.42188 25 28 30 234 -2.12026 -2.12026 -2.81341
21.38258 7.27697 -19.07438 25 28 30 234 -2.12026 -2.12026 -2.81341
25.35299 7.15353 -11.58672 25 28 30 234 -2.12026 -2.12026 -2.81341
24.14195 7.67682 -18.09851 25 28 30 234 -2.12026 -2.12026 -2.81341
26.20216 6.71774 -10.39988 25 28 30 234 -2.12026 -2.12026 -2.81341
21.21569 7.21306 -12.50970 25 28 30 234 -2.12026 -2.12026 -2.81341
27.22906 6.13767 -17.02591 25 28 30 234 -2.12026 -2.12026 -2.81341
24.49872 7.58926 -16.12766 25 28 30 234 -2.12026 -2.12026 -2.81341
26.40954 6.59970 -17.44367 25 28 30 234 -2.12026 -2.12026 -2.81341
24.80695 7.38649 -10.91164 25 28 30 234 -2.12026 -2.12026 -2.81341
20.15212 6.67535 -17.02550 25 28 30 234 -2.12026 -2.12026 -2.81341
27.45956 6.10297 -15.87097 25 28 30 234 -2.12026 -2.12026 -2.81341
26.10045 6.71132 -15.32776 25 28 30 234 -2.12026 -2.12026 -2.81341
21.06388 7.12366 -13.34195 25 28 30 234 -2.12026 -2.12026 -2.81341
20.75541 6.90710 -14.44483 25 28 30 234 -2.12026 -2.12026 -2.81341
19.06223 6.15290 -15.13031 25 28 30 234 -2.12026 -2.12026 -2.81341
22.79630 7.91616 -18.92143 25 28 30 234 -2.12026 -2.12026 -2.81341
25.72492 6.94720 -17.19494 25 28 30 234 -2.12026 -2.12026 -2.81341
26.29252 6.71584 -15.26130 25 28 30 234 -2.12026 -2.12026 -2.81341
19.44175 6.36983 -11.83220 25 28 30 234 -2.12026 -2.12026 -2.81341
22.79625 7.98791 -13.20481 25 28 30 234 -2.12026 -2.12026 -2.81341
22.39345 7.79259 -11.78956 25 28 30 234 -2.12026 -2.12026 -2.81341
20.08064 6.66166 -15.08387 25 28 30 234 -2.12026 -2.12026 -2.81341
25.87340 6.90022 -10.52800 25 28 30 234 -2.12026 -2.12026 -2.81341
24.10059 7.68147 -11.04107 25 28 30 234 -2.12026 -2.12026 -2.81341
21.25047 7.22514 -10.39855 25 28 30 234 -2.12026 -2.12026 -2.81341
25.69907 6.91492 -17.80232 25 28 30 234 -2.12026 -2.12026 -2.81341
26.54399 6.50592 -17.06037 25 28 30 234 -2.12026 -2.12026 -2.81341
21.02804 7.12519 -15.37308 25 28 30 234 -2.12026 -2.12026 -2.81341
27.46379 6.07011 -15.79418 25 28 30 234 -2.12026 -2.12026 -2.81341
24.40142 7.60097 -11.90305 25 28 30 234 -2.12026 -2.12026 -2.81341
23.55207 8.04274 -15.48024 25 28 30 234 -2.12026 -2.12026 -2.81341
23.87480 7.85052 -17.01975 25 28 30 234 -2.12026 -2.12026 -2.81341
22.34131 7.80124 -15.36091 25 28 30 234 -2.12026 -2.12026 -2.81341
24.12907 7.75608 -10.34374 25 28 30 234 -2.12026 -2.12026 -2.81341
20.71172 6.98205 -19.57760 25 28 30 234 -2.12026 -2.12026 -2.81341
22.59102 7.80077 -13.23296 25 28 30 234 -2.12026 -2.12026 -2.81341
23.68283 7.99040 -13.38521 25 28 30 234 -2.12026 -2.12026 -2.81341
27.41160 6.16175 -18.81745 25 28 30 234 -2.12026 -2.12026 -2.81341
22.95336 8.09473 -18.05678 25 28 30 234 -2.12026 -2.12026 -2.81341
22.43757 7.76109 -14.24934 25 28 30 234 -2.12026 -2.12026 -2.81341
26.54653 6.50915 -16.34577 25 28 30 234 -2.12026 -2.12026 -2.81341
24.31216 7.60468 -12.83621 25 28 30 234 -2.12026 -2.12026 -2.81341
20.13739 6.68198 -18.73836 25 28 30 234 -2.12026 -2.12026 -2.81341
22.83377 8.05064 -13.55788 25 28 30 234 -2.12026 -2.12026 -2.81341
23.45145 8.00372 -13.19403 25 28 30 234 -2.12026 -2.12026 -2.81341
18.99037 6.08880 -13.58030 25 28 30 234 -2.12026 -2.12026 -2.81341
21.18534 7.15445 -19.13137 25 28 30 234 -2.12026 -2.12026 -2.81341
23.82348 7.92275 -16.41026 25 28 30 234 -2.12026 -2.12026 -2.81341
21.10841 7.24753 -18.76959 25 28 30 234 -2.12026 -2.12026 -2.81341
20.74804 6.95547 -10.82958 25 28 30 234 -2.12026 -2.12026 -2.81341
21.57229 7.35874 -18.05147 25 28 30 234 -2.12026 -2.12026 -2.81341
27.28674 6.18351 -18.55534 25 28 30 234 -2.12026 -2.12026 -2.81341
19.10875 6.15628 -10.88575 25 28 30 234 -2.12026 -2.12026 -2.81341
23.20867 8.17144 -10.77657 25 28 30 234 -2.12026 -2.12026 -2.81341
24.18560 7.69617 -13.05582 25 28 30 234 -2.12026 -2.12026 -2.81341
19.79374 6.50253 -15.23981 25 28 30 234 -2.12026 -2.12026 -2.81341
19.59220 6.41359 -15.27596 25 28 30 234 -2.12026 -2.12026 -2.81341
22.49961 7.82899 -16.27487 25 28 30 234 -2.12026 -2.12026 -2.81341
22.45253 7.72760 -10.98943 25 28 30 234 -2.12026 -2.12026 -2.81341
25.04516 7.26097 -13.80873 25 28 30 234 -2.12026 -2.12026 -2.81341
21.29554 7.29845 -10.39417 25 28 30 234 -2.12026 -2.12026 -2.81341
23.58488 8.03940 -18.37364 25 28 30 234 -2.12026 -2.12026 -2.81341
19.62771 6.41775 -14.50952 25 28 30 234 -2.12026 -2.12026 -2.81341
23.72403 7.93175 -16.87820 25 28 30 234 -2.12026 -2.12026 -2.81341
22.88824 8.05242 -13.34185 25 28 30 234 -2.12026 -2.12026 -2.81341
26.16643 6.71164 -10.81733 25 28 30 234 -2.12026 -2.12026 -2.81341
20.40398 6.77000 -15.38737 25 28 30 234 -2.12026 -2.12026 -2.81341
27.17680 6.20957 -11.10726 25 28 30 234 -2.12026 -2.12026 -2.81341
20.87917 7.01683 -15.95321 25 28 30 234 -2.12026 -2.12026 -2.81341
20.04334 6.61034 -16.31730 25 28 30 234 -2.12026 -2.12026 -2.81341
19.64648 6.38668 -10.09540 25 28 30 234 -2.12026 -2.12026 -2.81341
20.09952 6.70398 -10.44532 25 28 30 234 -2.12026 -2.12026 -2.81341
23.55747 8.00682 -10.67314 25 28 30 234 -2.12026 -2.12026 -2.81341
23.14415 8.15029 -13.16116 25 28 30 234 -2.12026 -2.12026 -2.81341
22.03339 7.53531 -10.79378 25 28 30 234 -2.12026 -2.12026 -2.81341
21.82110 7.49021 -10.81685 25 28 30 234 -2.12026 -2.12026 -2.81341
26.67918 6.43072 -17.61349 25 28 30 234 -2.12026 -2.12026 -2.81341
23.48516 8.06332 -10.66153 25 28 30 234 -2.12026 -2.12026 -2.81341
26.98316 6.36504 -14.08063 25 28 30 234 -2.12026 -2.12026 -2.81341
24.15941 7.64053 -15.69368 25 28 30 234 -2.12026 -2.12026 -2.81341
26.63716 6.48494 -13.93520 25 28 30 234 -2.12026 -2.12026 -2.81341
21.09208 7.13085 -13.31688 25 28 30 234 -2.12026 -2.12026 -2.81341
19.50070 6.34437 -15.96809 25 28 30 234 -2.12026 -2.12026 -2.81341
21.02815 7.10622 -12.79382 25 28 30 234 -2.12026 -2.12026 -2.81341
21.27957 7.19796 -11.17275 25 28 30 234 -2.12026 -2.12026 -2.81341
19.49922 6.36528 -10.52610 25 28 30 234 -2.12026 -2.12026 -2.81341
22.25605 7.67103 -17.47720 25 28 30 234 -2.12026 -2.12026 -2.81341
19.58301 6.44327 -15.04323 25 28 30 234 -2.12026 -2.12026 -2.81341
26.88033 6.33313 -12.93539 25 28 30 234 -2.12026 -2.12026 -2.81341
27.12402 6.24924 -16.79155 25 28 30 234 -2.12026 -2.12026 -2.81341
27.07192 6.24725 -16.13093 25 28 30 234 -2.12026 -2.12026 -2.81341
19.59711 6.42349 -18.74089 25 28 30 234 -2.12026 -2.12026 -2.81341
21.52884 7.33964 -12.91930 25 28 30 234 -2.12026 -2.12026 -2.81341
21.49173 7.35576 -11.01291 25 28 30 234 -2.12026 -2.12026 -2.81341
24.77275 7.41431 -13.67733 25 28 30 234 -2.12026 -2.12026 -2.81341
19.83089 6.52731 -11.71719 25 28 30 234 -2.12026 -2.12026 -2.81341
25.12212 7.17969 -10.86746 25 28 30 234 -2.12026 -2.12026 -2.81341
26.34178 6.61115 -12.74659 25 28 30 234 -2.12026 -2.12026 -2.81341
24.02400 7.73890 -10.59507 25 28 30 234 -2.12026 -2.12026 -2.81341
22.68642 7.98276 -14.92924 25 28 30 234 -2.12026 -2.12026 -2.81341
24.55444 7.46671 -17.28094 25 28 30 234 -2.12026 -2.12026 -2.81341
26.55861 6.58829 -17.12982 25 28 30 234 -2.12026 -2.12026 -2.81341
27.25111 6.23794 -12.04135 25 28 30 234 -2.12026 -2.12026 -2.81341
19.22412 6.18834 -15.17661 25 28 30 234 -2.12026 -2.12026 -2.81341
27.32910 6.09832 -18.20133 25 28 30 234 -2.12026 -2.12026 -2.81341
22.13348 7.64666 -15.28461 25 28 30 234 -2.12026 -2.12026 -2.81341
23.31541 8.14454 -16.72383 25 28 30 234 -2.12026 -2.12026 -2.81341
24.22207 7.72380 -13.84314 25 28 30 234 -2.12026 -2.12026 -2.81341
27.08657 6.20022 -14.59543 25 28 30 234 -2.12026 -2.12026 -2.81341
27.47448 6.11871 -12.46654 25 28 30 234 -2.12026 -2.12026 -2.81341
23.71924 7.94567 -12.11676 25 28 30 234 -2.12026 -2.12026 -2.81341
20.03057 6.56474 -15.63048 25 28 30 234 -2.12026 -2.12026 -2.81341
24.88100 7.34230 -15.74689 25 28 30 234 -2.12026 -2.12026 -2.81341
19.14904 6.14610 -16.01177 25 28 30 234 -2.12026 -2.12026 -2.81341
21.25244 7.19264 -18.27417 25 28 30 234 -2.12026 -2.12026 -2.81341
19.34142 6.34340 -18.81882 25 28 30 234 -2.12026 -2.12026 -2.81341
19.34559 6.29120 -15.07507 25 28 30 234 -2.12026 -2.12026 -2.81341
28.80000 3.62179 -17.33733 138 77 56 224 -2.20727 -2.20727 -2.52573
32.75380 5.12306 -19.25000 129 82 56 224 -2.20727 -2.20727 -2.52573
36.00000 6.19212 -11.13278 124 87 58 224 -2.20727 -2.20727 -2.52573
36.00000 7.14237 -18.54038 142 82 53 224 -2.20727 -2.20727 -2.52573
34.93424 2.34373 -10.75000 132 78 55 224 -2.20727 -2.20727 -2.52573
33.75459 1.47156 -19.25000 126 85 56 224 -2.20727 -2.20727 -2.52573
36.00000 0.78111 -12.62793 122 86 60 224 -2.20727 -2.20727 -2.52573
28.80000 5.16581 -12.53732 126 87 58 224 -2.20727 -2.20727 -2.52573
29.46745 6.02284 -19.25000 125 83 55 224 -2.20727 -2.20727 -2.52573
35.57808 2.96690 -10.75000 135 85 55 224 -2.20727 -2.20727 -2.52573
28.97822 3.19026 -19.25000 134 84 59 224 -2.20727 -2.20727 -2.52573
32.46730 1.81079 -19.25000 135 86 55 224 -2.20727 -2.20727 -2.52573
31.08889 5.13719 -19.25000 136 89 55 224 -2.20727 -2.20727 -2.52573
28.80000 3.61061 -16.20457 141 81 61 224 -2.20727 -2.20727 -2.52573
36.00000 2.68621 -16.83256 124 80 58 224 -2.20727 -2.20727 -2.52573
29.72297 1.32486 -10.75000 122 77 54 224 -2.20727 -2.20727 -2.52573
28.80000 2.98404 -17.81375 141 77 57 224 -2.20727 -2.20727 -2.52573
31.04246 1.27661 -10.75000 141 77 54 224 -2.20727 -2.20727 -2.52573
33.60085 7.54602 -10.75000 130 78 52 224 -2.20727 -2.20727 -2.52573
33.18682 6.42076 -19.25000 141 81 55 224 -2.20727 -2.20727 -2.52573
32.85984 0.93166 -19.25000 126 87 54 224 -2.20727 -2.20727 -2.52573
28.92930 4.46284 -10.75000 133 86 57 224 -2.20727 -2.20727 -2.52573
30.14043 4.80697 -10.75000 138 84 51 224 -2.20727 -2.20727 -2.52573
28.80000 0.68411 -14.32879 138 88 57 224 -2.20727 -2.20727 -2.52573
32.85063 7.74890 -10.75000 122 84 59 224 -2.20727 -2.20727 -2.52573
36.00000 6.19854 -17.97253 128 85 56 224 -2.20727 -2.20727 -2.52573
28.80000 5.06587 -12.73072 133 85 58 224 -2.20727 -2.20727 -2.52573
31.54563 8.34914 -19.25000 138 83 57 224 -2.20727 -2.20727 -2.52573
36.00000 7.35390 -15.10607 138 86 57 224 -2.20727 -2.20727 -2.52573
36.00000 1.89474 -12.01221 134 80 60 224 -2.20727 -2.20727 -2.52573
34.78546 2.80710 -19.25000 124 84 58 224 -2.20727 -2.20727 -2.52573
33.64217 3.32392 -19.25000 133 81 52 224 -2.20727 -2.20727 -2.52573
28.80000 4.53231 -11.68670 130 80 53 224 -2.20727 -2.20727 -2.52573
28.80000 4.69413 -18.85722 141 79 56 224 -2.20727 -2.20727 -2.52573
28.80000 5.23115 -12.24198 137 82 53 224 -2.20727 -2.20727 -2.52573
28.95822 0.62303 -10.75000 131 80 56 224 -2.20727 -2.20727 -2.52573
32.13775 5.97289 -19.25000 123 77 57 224 -2.20727 -2.20727 -2.52573
29.57089 8.59814 -19.25000 123 88 59 224 -2.20727 -2.20727 -2.52573
36.00000 7.82692 -16.55195 136 84 58 224 -2.20727 -2.20727 -2.52573
36.00000 7.07046 -16.98525 140 86 53 224 -2.20727 -2.20727 -2.52573
35.27738 5.59499 -19.25000 137 88 52 224 -2.20727 -2.20727 -2.52573
31.86810 0.17867 -10.75000 132 83 55 224 -2.20727 -2.20727 -2.52573
30.48111 6.49904 -19.25000 136 77 59 224 -2.20727 -2.20727 -2.52573
35.43851 2.19757 -19.25000 137 83 58 224 -2.20727 -2.20727 -2.52573
33.43524 1.47253 -10.75000 134 87 56 224 -2.20727 -2.20727 -2.52573
33.03921 5.41282 -10.75000 138 80 60 224 -2.20727 -2.20727 -2.52573
36.00000 6.92167 -14.48445 137 81 60 224 -2.20727 -2.20727 -2.52573
34.96173 4.84079 -19.25000 131 83 55 224 -2.20727 -2.20727 -2.52573
34.78497 2.79310 -10.75000 141 80 60 224 -2.20727 -2.20727 -2.52573
28.80000 8.74591 -13.97154 133 84 54 224 -2.20727 -2.20727 -2.52573
34.65429 5.61419 -10.75000 133 77 61 224 -2.20727 -2.20727 -2.52573
36.00000 2.34163 -17.78937 124 77 55 224 -2.20727 -2.20727 -2.52573
36.00000 6.18205 -13.20105 130 86 51 224 -2.20727 -2.20727 -2.52573
28.80000 1.51475 -11.19067 125 80 60 224 -2.20727 -2.20727 -2.52573
36.00000 2.80901 -18.63161 131 77 53 224 -2.20727 -2.20727 -2.52573
28.80000 5.82623 -13.09791 125 89 58 224 -2.20727 -2.20727 -2.52573
28.80000 3.46252 -18.22304 128 87 58 224 -2.20727 -2.20727 -2.52573
28.80000 1.41726 -19.16419 138 77 52 224 -2.20727 -2.20727 -2.52573
28.80000 3.20829 -12.95084 134 84 53 224 -2.20727 -2.20727 -2.52573
30.45036 4.39748 -19.25000 129 87 55 224 -2.20727 -2.20727 -2.52573
28.80000 6.23840 -14.78849 142 77 55 224 -2.20727 -2.20727 -2.52573
30.47176 7.90239 -19.25000 139 83 58 224 -2.20727 -2.20727 -2.52573
32.69410 8.58382 -19.25000 141 89 59 224 -2.20727 -2.20727 -2.52573
36.00000 0.21824 -15.10347 127 82 57 224 -2.20727 -2.20727 -2.52573
28.80000 2.86302 -12.23970 126 83 52 224 -2.20727 -2.20727 -2.52573
36.00000 6.64742 -17.67740 123 82 55 224 -2.20727 -2.20727 -2.52573
29.47935 3.29712 -19.25000 141 84 57 224 -2.20727 -2.20727 -2.52573
28.80000 5.83831 -12.40916 125 84 60 224 -2.20727 -2.20727 -2.52573
33.59926 7.26543 -10.75000 138 84 53 224 -2.20727 -2.20727 -2.52573
28.80000 2.72237 -15.77769 137 82 52 224 -2.20727 -2.20727 -2.52573
36.00000 2.14384 -12.53454 139 88 52 224 -2.20727 -2.20727 -2.52573
29.23164 6.60271 -19.25000 122 87 56 224 -2.20727 -2.20727 -2.52573
36.00000 0.19550 -14.39267 128 78 58 224 -2.20727 -2.20727 -2.52573
31.54050 8.22677 -19.25000 122 79 52 224 -2.20727 -2.20727 -2.52573
36.00000 7.75160 -16.35917 124 76 52 224 -2.20727 -2.20727 -2.52573
28.80000 7.21157 -12.85612 142 88 58 224 -2.20727 -2.20727 -2.52573
28.80000 1.79275 -13.70837 141 86 58 224 -2.20727 -2.20727 -2.52573
32.52534 4.57971 -19.25000 135 77 53 224 -2.20727 -2.20727 -2.52573
33.87448 3.65419 -19.25000 135 86 60 224 -2.20727 -2.20727 -2.52573
32.47641 7.32053 -19.25000 126 85 57 224 -2.20727 -2.20727 -2.52573
30.50942 1.09083 -10.75000 133 81 57 224 -2.20727 -2.20727 -2.52573
29.31320 3.48318 -10.75000 125 80 56 224 -2.20727 -2.20727 -2.52573
28.80000 7.44203 -14.43978 132 76 58 224 -2.20727 -2.20727 -2.52573
32.80755 2.34693 -19.25000 138 86 59 224 -2.20727 -2.20727 -2.52573
34.44516 0.16116 -19.25000 123 85 52 224 -2.20727 -2.20727 -2.52573
34.67767 6.64058 -10.75000 136 82 60 224 -2.20727 -2.20727 -2.52573
30.41193 6.86931 -19.25000 137 78 54 224 -2.20727 -2.20727 -2.52573
28.80000 3.96641 -12.82778 133 76 52 224 -2.20727 -2.20727 -2.52573
36.00000 7.97266 -12.13342 129 84 54 224 -2.20727 -2.20727 -2.52573
36.00000 4.32317 -15.56482 141 77 55 224 -2.20727 -2.20727 -2.52573
36.00000 6.07002 -12.38569 123 77 52 224 -2.20727 -2.20727 -2.52573
28.80000 7.87640 -14.15606 134 82 57 224 -2.20727 -2.20727 -2.52573
36.00000 2.15716 -13.10128 128 77 54 224 -2.20727 -2.20727 -2.52573
36.00000 7.52173 -12.32713 138 84 55 224 -2.20727 -2.20727 -2.52573
36.00000 8.32762 -15.23045 140 85 60 224 -2.20727 -2.20727 -2.52573
28.80000 0.38581 -16.49916 130 87 59 224 -2.20727 -2.20727 -2.52573
30.52803 2.31161 -10.75000 142 88 56 224 -2.20727 -2.20727 -2.52573
36.00000 5.70816 -17.04323 123 87 59 224 -2.20727 -2.20727 -2.52573
28.80000 7.23749 -11.64366 139 80 60 224 -2.20727 -2.20727 -2.52573
28.80000 1.70662 -16.53201 130 80 54 224 -2.20727 -2.20727 -2.52573
29.97034 4.34824 -19.25000 133 81 53 224 -2.20727 -2.20727 -2.52573
34.63782 2.35506 -19.25000 130 85 52 224 -2.20727 -2.20727 -2.52573
28.80000 6.76441 -13.85202 131 83 52 224 -2.20727 -2.20727 -2.52573
36.00000 5.51691 -15.42738 128 83 51 224 -2.20727 -2.20727 -2.52573
33.61519 7.82277 -10.75000 142 82 58 224 -2.20727 -2.20727 -2.52573
31.08420 4.87976 -19.25000 137 86 61 224 -2.20727 -2.20727 -2.52573
28.80000 7.18449 -10.78223 137 88 51 224 -2.20727 -2.20727 -2.52573
28.80000 8.63071 -15.12065 125 87 53 224 -2.20727 -2.20727 -2.52573
36.00000 8.48850 -16.84718 133 76 53 224 -2.20727 -2.20727 -2.52573
28.80000 0.05220 -17.94966 132 79 52 224 -2.20727 -2.20727 -2.52573
36.00000 1.19782 -15.14332 125 81 59 224 -2.20727 -2.20727 -2.52573
36.00000 0.58187 -13.48102 130 87 59 224 -2.20727 -2.20727 -2.52573
28.80000 6.65054 -15.32735 122 86 55 224 -2.20727 -2.20727 -2.52573
28.80000 3.06851 -14.04449 133 77 53 224 -2.20727 -2.20727 -2.52573
32.13198 8.02440 -10.75000 139 81 54 224 -2.20727 -2.20727 -2.52573
34.50586 0.17441 -19.25000 136 82 54 224 -2.20727 -2.20727 -2.52573
28.80000 5.52831 -14.97291 138 86 60 224 -2.20727 -2.20727 -2.52573
36.00000 5.24855 -18.97776 137 76 55 224 -2.20727 -2.20727 -2.52573
32.62465 6.65132 -19.25000 126 81 55 224 -2.20727 -2.20727 -2.52573
28.80000 6.33122 -14.32666 129 87 60 224 -2.20727 -2.20727 -2.52573
36.00000 0.23829 -18.46168 123 88 56 224 -2.20727 -2.20727 -2.52573
33.87855 3.12473 -19.25000 134 88 60 224 -2.20727 -2.20727 -2.52573
34.70160 8.06320 -19.25000 126 86 59 224 -2.20727 -2.20727 -2.52573
28.80000 5.54835 -18.81838 141 81 61 224 -2.20727 -2.20727 -2.52573
36.00000 6.21425 -18.94350 141 81 56 224 -2.20727 -2.20727 -2.52573
36.00000 3.99518 -18.21078 131 87 54 224 -2.20727 -2.20727 -2.52573
36.00000 7.60895 -17.51960 129 79 56 224 -2.20727 -2.20727 -2.52573
34.39839 1.17631 -10.75000 127 88 56 224 -2.20727 -2.20727 -2.52573
36.00000 8.48681 -15.21714 125 88 52 224 -2.20727 -2.20727 -2.52573
29.21055 6.15958 -10.75000 127 83 59 224 -2.20727 -2.20727 -2.52573
28.80000 8.55651 -14.50477 126 79 59 224 -2.20727 -2.20727 -2.52573
28.80000 8.36207 -19.04209 134 77 55 224 -2.20727 -2.20727 -2.52573
29.88346 8.09109 -10.75000 131 81 60 224 -2.20727 -2.20727 -2.52573
28.80866 1.13178 -10.75000 136 85 60 224 -2.20727 -2.20727 -2.52573
31.50799 7.15293 -19.25000 134 88 52 224 -2.20727 -2.20727 -2.52573
36.00000 4.28733 -18.86786 126 82 53 224 -2.20727 -2.20727 -2.52573
35.36517 7.81623 -10.75000 136 78 56 224 -2.20727 -2.20727 -2.52573
29.42285 8.65304 -10.75000 141 80 51 224 -2.20727 -2.20727 -2.52573
31.97987 0.35356 -19.25000 127 76 61 224 -2.20727 -2.20727 -2.52573
34.38673 2.33283 -10.75000 122 82 60 224 -2.20727 -2.20727 -2.52573
36.00000 8.03830 -13.26431 130 87 54 224 -2.20727 -2.20727 -2.52573
36.00000 4.68002 -17.84943 139 87 53 224 -2.20727 -2.20727 -2.52573
32.94026 7.10805 -19.25000 123 83 59 224 -2.20727 -2.20727 -2.52573
31.22458 7.90445 -10.75000 130 82 54 224 -2.20727 -2.20727 -2.52573
28.80000 0.41512 -12.38874 142 83 55 224 -2.20727 -2.20727 -2.52573
28.80000 2.50905 -15.95793 137 84 58 224 -2.20727 -2.20727 -2.52573
36.00000 5.10635 -13.46586 123 83 59 224 -2.20727 -2.20727 -2.52573
29.46373 8.95105 -19.25000 124 80 58 224 -2.20727 -2.20727 -2.52573
36.00000 1.36418 -13.23029 140 84 59 224 -2.20727 -2.20727 -2.52573
36.00000 2.58105 -12.76948 128 80 59 224 -2.20727 -2.20727 -2.52573
28.80000 1.37987 -16.54519 126 87 56 224 -2.20727 -2.20727 -2.52573
29.74828 2.40320 -10.75000 135 84 58 224 -2.20727 -2.20727 -2.52573
35.58790 7.44961 -10.75000 141 76 60 224 -2.20727 -2.20727 -2.52573
28.80000 6.00523 -11.71021 126 83 59 224 -2.20727 -2.20727 -2.52573
28.80000 0.74433 -15.99246 129 82 54 224 -2.20727 -2.20727 -2.52573
28.80000 6.80223 -15.81017 135 81 57 224 -2.20727 -2.20727 -2.52573
30.92773 6.81288 -10.75000 134 79 58 224 -2.20727 -2.20727 -2.52573
31.28786 8.65452 -19.25000 130 80 55 224 -2.20727 -2.20727 -2.52573
31.29473 0.37111 -19.25000 142 80 52 224 -2.20727 -2.20727 -2.52573
28.80000 0.91597 -15.32601 122 87 55 224 -2.20727 -2.20727 -2.52573
34.14743 5.62356 -10.75000 135 77 52 224 -2.20727 -2.20727 -2.52573
30.26991 3.32920 -10.75000 136 89 59 224 -2.20727 -2.20727 -2.52573
36.00000 5.32489 -12.11179 142 87 55 224 -2.20727 -2.20727 -2.52573
30.25863 5.98211 -19.25000 138 76 58 224 -2.20727 -2.20727 -2.52573
34.09485 5.22114 -10.75000 133 86 55 224 -2.20727 -2.20727 -2.52573
32.39263 2.08036 -10.75000 123 77 58 224 -2.20727 -2.20727 -2.52573
28.80000 4.37772 -16.77337 130 81 58 224 -2.20727 -2.20727 -2.52573
31.28393 4.08281 -10.75000 132 86 59 224 -2.20727 -2.20727 -2.52573
28.80000 0.08755 -14.47276 130 76 59 224 -2.20727 -2.20727 -2.52573
36.00000 5.40477 -19.23155 140 79 58 224 -2.20727 -2.20727 -2.52573
28.80000 3.88978 -12.50047 131 85 58 224 -2.20727 -2.20727 -2.52573
30.02973 1.89914 -10.75000 122 87 53 224 -2.20727 -2.20727 -2.52573
36.00000 1.06042 -17.62229 132 77 56 224 -2.20727 -2.20727 -2.52573
29.01981 7.37906 -10.75000 128 86 53 224 -2.20727 -2.20727 -2.52573
36.00000 1.76804 -13.14976 123 84 56 224 -2.20727 -2.20727 -2.52573
28.80000 5.08388 -12.97460 127 76 57 224 -2.20727 -2.20727 -2.52573
36.00000 4.16280 -16.64488 141 82 56 224 -2.20727 -2.20727 -2.52573
30.96531 1.64735 -19.25000 139 82 56 224 -2.20727 -2.20727 -2.52573
36.00000 3.96076 -16.10451 137 79 59 224 -2.20727 -2.20727 -2.52573
36.00000 3.11008 -15.78751 128 77 57 224 -2.20727 -2.20727 -2.52573
36.00000 8.95655 -12.00757 132 76 58 224 -2.20727 -2.20727 -2.52573
28.80000 1.77999 -17.18017 127 80 53 224 -2.20727 -2.20727 -2.52573
28.80000 1.79515 -14.04431 138 86 55 224 -2.20727 -2.20727 -2.52573
29.75688 3.03226 -19.25000 134 85 51 224 -2.20727 -2.20727 -2.52573
35.40818 2.43423 -19.25000 126 81 54 224 -2.20727 -2.20727 -2.52573
32.22781 0.62832 -19.25000 137 81 55 224 -2.20727 -2.20727 -2.52573
28.80657 8.11265 -10.75000 126 78 52 224 -2.20727 -2.20727 -2.52573
31.98970 8.33053 -19.25000 131 83 58 224 -2.20727 -2.20727 -2.52573
29.86534 5.00678 -19.25000 141 81 57 224 -2.20727 -2.20727 -2.52573
36.00000 0.79680 -10.86586 138 83 56 224 -2.20727 -2.20727 -2.52573
31.50893 3.18430 -10.75000 137 89 54 224 -2.20727 -2.20727 -2.52573
35.02329 1.52370 -19.25000 139 80 60 224 -2.20727 -2.20727 -2.52573
28.80000 0.60388 -14.70032 129 88 60 224 -2.20727 -2.20727 -2.52573
36.00000 8.89465 -16.27148 137 81 52 224 -2.20727 -2.20727 -2.52573
34.19385 3.26869 -10.75000 140 78 57 224 -2.20727 -2.20727 -2.52573
29.05308 6.74418 -19.25000 126 88 52 224 -2.20727 -2.20727 -2.52573
28.88680 3.52367 -19.25000 132 77 59 224 -2.20727 -2.20727 -2.52573
36.00000 1.05280 -11.60196 134 82 60 224 -2.20727 -2.20727 -2.52573
28.80000 1.41734 -14.23218 128 79 53 224 -2.20727 -2.20727 -2.52573
30.58119 3.31957 -10.75000 123 88 59 224 -2.20727 -2.20727 -2.52573
32.39721 3.75282 -10.75000 138 78 56 224 -2.20727 -2.20727 -2.52573
36.00000 3.02284 -11.75097 131 84 51 224 -2.20727 -2.20727 -2.52573
36.00000 4.60641 -14.71394 136 80 60 224 -2.20727 -2.20727 -2.52573
28.80000 1.55234 -10.76579 140 80 54 224 -2.20727 -2.20727 -2.52573
29.04237 1.96085 -10.75000 124 80 54 224 -2.20727 -2.20727 -2.52573
28.80000 6.07518 -10.87223 122 77 56 224 -2.20727 -2.20727 -2.52573
28.80000 1.92840 -12.08606 130 77 57 224 -2.20727 -2.20727 -2.52573
30.98552 3.94862 -10.75000 126 81 58 224 -2.20727 -2.20727 -2.52573
34.49131 1.56062 -10.75000 133 86 55 224 -2.20727 -2.20727 -2.52573
28.80000 3.93404 -17.84955 139 78 51 224 -2.20727 -2.20727 -2.52573
28.80000 4.19182 -14.65005 131 88 55 224 -2.20727 -2.20727 -2.52573
28.80000 0.13044 -16.49874 141 82 59 224 -2.20727 -2.20727 -2.52573
28.80000 0.73390 -12.64179 132 82 52 224 -2.20727 -2.20727 -2.52573
36.00000 2.87865 -11.28157 138 76 60 224 -2.20727 -2.20727 -2.52573
33.46266 7.44787 -10.75000 125 83 51 224 -2.20727 -2.20727 -2.52573
28.80000 6.44196 -17.45453 125 88 55 224 -2.20727 -2.20727 -2.52573
35.04270 7.37250 -19.25000 124 80 54 224 -2.20727 -2.20727 -2.52573
33.25545 8.62279 -10.75000 130 84 58 224 -2.20727 -2.20727 -2.52573
30.34298 5.39660 -10.75000 122 86 56 224 -2.20727 -2.20727 -2.52573
35.13567 7.44477 -10.75000 124 86 54 224 -2.20727 -2.20727 -2.52573
28.80000 7.32966 -14.07683 134 79 56 224 -2.20727 -2.20727 -2.52573
28.80000 0.35414 -15.11671 123 83 60 224 -2.20727 -2.20727 -2.52573
32.30887 4.67144 -10.75000 128 81 53 224 -2.20727 -2.20727 -2.52573
36.00000 2.02795 -12.76764 126 84 59 224 -2.20727 -2.20727 -2.52573
36.00000 0.86196 -11.70785 139 81 60 224 -2.20727 -2.20727 -2.52573
28.80000 0.15530 -18.51197 128 82 56 224 -2.20727 -2.20727 -2.52573
29.78735 7.46858 -10.75000 132 85 55 224 -2.20727 -2.20727 -2.52573
36.00000 3.65828 -15.96554 141 78 59 224 -2.20727 -2.20727 -2.52573
28.80000 6.13678 -18.22531 141 79 58 224 -2.20727 -2.20727 -2.52573
34.55189 7.62595 -10.75000 127 86 61 224 -2.20727 -2.20727 -2.52573
29.71875 1.92771 -10.75000 126 76 53 224 -2.20727 -2.20727 -2.52573
29.57883 5.64092 -19.25000 137 83 52 224 -2.20727 -2.20727 -2.52573
28.81313 6.92009 -19.25000 138 81 51 224 -2.20727 -2.20727 -2.52573
28.80000 5.01517 -17.25148 128 78 54 224 -2.20727 -2.20727 -2.52573
34.47103 8.95730 -10.75000 135 87 53 224 -2.20727 -2.20727 -2.52573
36.00000 2.70393 -11.34688 123 77 52 224 -2.20727 -2.20727 -2.52573
32.06069 0.74332 -10.75000 123 80 53 224 -2.20727 -2.20727 -2.52573
28.80000 1.30312 -13.49237 142 88 55 224 -2.20727 -2.20727 -2.52573
30.17258 4.81874 -10.75000 129 86 53 224 -2.20727 -2.20727 -2.52573
29.55290 8.80834 -10.75000 131 77 57 224 -2.20727 -2.20727 -2.52573
36.00000 2.09113 -18.19226 136 87 57 224 -2.20727 -2.20727 -2.52573
28.80000 2.48477 -10.86229 123 83 51 224 -2.20727 -2.20727 -2.52573
28.80000 3.65861 -12.35023 137 77 56 224 -2.20727 -2.20727 -2.52573
35.29380 6.04060 -19.25000 128 84 56 224 -2.20727 -2.20727 -2.52573
30.88362 6.06236 -19.25000 140 86 58 224 -2.20727 -2.20727 -2.52573
35.77040 3.80309 -19.25000 139 83 56 224 -2.20727 -2.20727 -2.52573
30.23399 1.20038 -19.25000 139 87 60 224 -2.20727 -2.20727 -2.52573
33.77957 2.02467 -10.75000 138 79 56 224 -2.20727 -2.20727 -2.52573
36.00000 4.38033 -13.42162 142 79 52 224 -2.20727 -2.20727 -2.52573
28.80000 3.29763 -14.87974 123 79 52 224 -2.20727 -2.20727 -2.52573
28.80000 2.68977 -18.78494 135 79 58 224 -2.20727 -2.20727 -2.52573
28.80000 1.26809 -15.08777 126 78 55 224 -2.20727 -2.20727 -2.52573
31.41393 2.86828 -19.25000 137 80 51 224 -2.20727 -2.20727 -2.52573
28.80000 3.30092 -14.73673 140 76 61 224 -2.20727 -2.20727 -2.52573
33.61254 0.90265 -19.25000 140 86 60 224 -2.20727 -2.20727 -2.52573
31.96652 5.25670 -10.75000 122 86 53 224 -2.20727 -2.20727 -2.52573
36.00000 0.13782 -12.23285 131 84 51 224 -2.20727 -2.20727 -2.52573
33.36225 2.13695 -19.25000 131 87 57 224 -2.20727 -2.20727 -2.52573
30.95132 4.97589 -10.75000 135 83 55 224 -2.20727 -2.20727 -2.52573
30.90423 6.19100 -19.25000 131 77 53 224 -2.20727 -2.20727 -2.52573
28.67262 9.24595 -16.25691 25 28 30 234 -2.12026 -2.12026 -2.81341
28.79305 9.35714 -11.41536 25 28 30 234 -2.12026 -2.12026 -2.81341
29.33502 9.60475 -12.99433 25 28 30 234 -2.12026 -2.12026 -2.81341
33.29099 10.67110 -19.45171 25 28 30 234 -2.12026 -2.12026 -2.81341
34.76050 9.92040 -10.36305 25 28 30 234 -2.12026 -2.12026 -2.81341
34.99707 9.90337 -11.06357 25 28 30 234 -2.12026 -2.12026 -2.81341
31.94969 10.80738 -16.46300 25 28 30 234 -2.12026 -2.12026 -2.81341
32.68699 10.89001 -18.01076 25 28 30 234 -2.12026 -2.12026 -2.81341
34.86401 9.84675 -12.07742 25 28 30 234 -2.12026 -2.12026 -2.81341
29.05842 9.44949 -10.83674 25 28 30 234 -2.12026 -2.12026 -2.81341
29.14927 9.49905 -14.70884 25 28 30 234 -2.12026 -2.12026 -2.81341
30.94117 10.41741 -17.82958 25 28 30 234 -2.12026 -2.12026 -2.81341
34.77333 9.90164 -14.57725 25 28 30 234 -2.12026 -2.12026 -2.81341
33.35891 10.58651 -18.31879 25 28 30 234 -2.12026 -2.12026 -2.81341
35.73756 9.43172 -19.31856 25 28 30 234 -2.12026 -2.12026 -2.81341
34.27550 10.13702 -14.06095 25 28 30 234 -2.12026 -2.12026 -2.81341
33.22197 10.61853 -19.07251 25 28 30 234 -2.12026 -2.12026 -2.81341
30.24083 9.99077 -10.45576 25 28 30 234 -2.12026 -2.12026 -2.81341
33.97997 10.27267 -13.07822 25 28 30 234 -2.12026 -2.12026 -2.81341
35.03080 9.79673 -17.98086 25 28 30 234 -2.12026 -2.12026 -2.81341
34.70465 9.98272 -14.96142 25 28 30 234 -2.12026 -2.12026 -2.81341
32.58826 10.95560 -14.04673 25 28 30 234 -2.12026 -2.12026 -2.81341
30.15225 9.98938 -11.63317 25 28 30 234 -2.12026 -2.12026 -2.81341
31.58527 10.69328 -14.80224 25 28 30 234 -2.12026 -2.12026 -2.81341
30.09724 9.95238 -15.41083 25 28 30 234 -2.12026 -2.12026 -2.81341
33.83486 10.29301 -11.96963 25 28 30 234 -2.12026 -2.12026 -2.81341
28.56798 9.17413 -14.22731 25 28 30 234 -2.12026 -2.12026 -2.81341
30.05057 9.90783 -18.09154 25 28 30 234 -2.12026 -2.12026 -2.81341
33.13272 10.73871 -15.17993 25 28 30 234 -2.12026 -2.12026 -2.81341
30.64211 10.22532 -14.74426 25 28 30 234 -2.12026 -2.12026 -2.81341
34.02857 10.27894 -17.67868 25 28 30 234 -2.12026 -2.12026 -2.81341
33.20302 10.69256 -16.18810 25 28 30 234 -2.12026 -2.12026 -2.81341
36.04264 9.27415 -12.46364 25 28 30 234 -2.12026 -2.12026 -2.81341
34.86267 9.94504 -10.34868 25 28 30 234 -2.12026 -2.12026 -2.81341
31.04270 10.40291 -12.81641 25 28 30 234 -2.12026 -2.12026 -2.81341
34.88088 9.88151 -12.39096 25 28 30 234 -2.12026 -2.12026 -2.81341
30.84655 10.29228 -17.94883 25 28 30 234 -2.12026 -2.12026 -2.81341
34.71239 9.92008 -19.75199 25 28 30 234 -2.12026 -2.12026 -2.81341
36.65830 9.03492 -14.41221 25 28 30 234 -2.12026 -2.12026 -2.81341
30.03714 9.94131 -18.62525 25 28 30 234 -2.12026 -2.12026 -2.81341
29.30770 9.60906 -15.08988 25 28 30 234 -2.12026 -2.12026 -2.81341
28.12710 8.97415 -13.37407 25 28 30 234 -2.12026 -2.12026 -2.81341
35.62729 9.51407 -18.23656 25 28 30 234 -2.12026 -2.12026 -2.81341
35.12783 9.76632 -13.85798 25 28 30 234 -2.12026 -2.12026 -2.81341
29.68048 9.69704 -12.19735 25 28 30 234 -2.12026 -2.12026 -2.81341
32.57827 10.99330 -18.47205 25 28 30 234 -2.12026 -2.12026 -2.81341
31.46862 10.59758 -12.56112 25 28 30 234 -2.12026 -2.12026 -2.81341
34.53245 10.02624 -12.76870 25 28 30 234 -2.12026 -2.12026 -2.81341
33.81404 10.41962 -11.84953 25 28 30 234 -2.12026 -2.12026 -2.81341
34.61930 10.00827 -10.52967 25 28 30 234 -2.12026 -2.12026 -2.81341
35.45869 9.56305 -13.17224 25 28 30 234 -2.12026 -2.12026 -2.81341
32.51721 10.98340 -17.83832 25 28 30 234 -2.12026 -2.12026 -2.81341
28.43535 9.15784 -14.85038 25 28 30 234 -2.12026 -2.12026 -2.81341
35.07303 9.74180 -16.57795 25 28 30 234 -2.12026 -2.12026 -2.81341
33.14503 10.72301 -10.38470 25 28 30 234 -2.12026 -2.12026 -2.81341
35.46045 9.61735 -16.82155 25 28 30 234 -2.12026 -2.12026 -2.81341
29.09835 9.47872 -16.93984 25 28 30 234 -2.12026 -2.12026 -2.81341
33.69794 10.41990 -16.18753 25 28 30 234 -2.12026 -2.12026 -2.81341
28.98741 9.38279 -11.03463 25 28 30 234 -2.12026 -2.12026 -2.81341
30.40810 10.07410 -17.57986 25 28 30 234 -2.12026 -2.12026 -2.81341
30.22986 10.04447 -10.59193 25 28 30 234 -2.12026 -2.12026 -2.81341
29.62804 9.69219 -10.77599 25 28 30 234 -2.12026 -2.12026 -2.81341
29.95314 9.86937 -16.95336 25 28 30 234 -2.12026 -2.12026 -2.81341
35.79256 9.36461 -13.27437 25 28 30 234 -2.12026 -2.12026 -2.81341
28.56658 9.19871 -13.12265 25 28 30 234 -2.12026 -2.12026 -2.81341
36.03132 9.28045 -16.83558 25 28 30 234 -2.12026 -2.12026 -2.81341
32.71794 10.95481 -11.86284 25 28 30 234 -2.12026 -2.12026 -2.81341
28.71249 9.34671 -10.86484 25 28 30 234 -2.12026 -2.12026 -2.81341
33.86565 10.36485 -18.40932 25 28 30 234 -2.12026 -2.12026 -2.81341
28.50748 9.13045 -15.77676 25 28 30 234 -2.12026 -2.12026 -2.81341
30.41992 10.07702 -12.27605 25 28 30 234 -2.12026 -2.12026 -2.81341
31.54360 10.72221 -13.73864 25 28 30 234 -2.12026 -2.12026 -2.81341
32.45563 11.01665 -10.07943 25 28 30 234 -2.12026 -2.12026 -2.81341
35.49884 9.53709 -16.84683 25 28 30 234 -2.12026 -2.12026 -2.81341
33.44190 10.57246 -16.35577 25 28 30 234 -2.12026 -2.12026 -2.81341
34.45017 10.08821 -10.10797 25 28 30 234 -2.12026 -2.12026 -2.81341
35.95794 9.37340 -14.07718 25 28 30 234 -2.12026 -2.12026 -2.81341
28.10834 8.99083 -18.23898 25 28 30 234 -2.12026 -2.12026 -2.81341
30.03666 9.99983 -10.09951 25 28 30 234 -2.12026 -2.12026 -2.81341
33.89796 10.39420 -19.23884 25 28 30 234 -2.12026 -2.12026 -2.81341
35.92410 9.30139 -14.50485 25 28 30 234 -2.12026 -2.12026 -2.81341
33.72202 10.42723 -10.06274 25 28 30 234 -2.12026 -2.12026 -2.81341
29.93877 9.85726 -17.65440 25 28 30 234 -2.12026 -2.12026 -2.81341
32.88326 10.79937 -17.47450 25 28 30 234 -2.12026 -2.12026 -2.81341
36.02305 9.30779 -11.89421 25 28 30 234 -2.12026 -2.12026 -2.81341
34.28794 10.15754 -19.75204 25 28 30 234 -2.12026 -2.12026 -2.81341
28.47869 9.14944 -12.46378 25 28 30 234 -2.12026 -2.12026 -2.81341
34.35126 10.11614 -10.48259 25 28 30 234 -2.12026 -2.12026 -2.81341
32.56680 11.01058 -12.47335 25 28 30 234 -2.12026 -2.12026 -2.81341
32.30435 11.02366 -14.23604 25 28 30 234 -2.12026 -2.12026 -2.81341
30.27916 10.04682 -13.74186 25 28 30 234 -2.12026 -2.12026 -2.81341
34.51060 10.06053 -19.67473 25 28 30 234 -2.12026 -2.12026 -2.81341
34.73074 9.93662 -18.14044 25 28 30 234 -2.12026 -2.12026 -2.81341
28.10126 9.03371 -16.18888 25 28 30 234 -2.12026 -2.12026 -2.81341
33.00751 10.73669 -18.30713 25 28 30 234 -2.12026 -2.12026 -2.81341
34.71718 10.00118 -17.42151 25 28 30 234 -2.12026 -2.12026 -2.81341
34.37352 10.10864 -19.73687 25 28 30 234 -2.12026 -2.12026 -2.81341
33.01631 10.75662 -18.84742 25 28 30 234 -2.12026 -2.12026 -2.81341
33.21936 10.67066 -16.51621 25 28 30 234 -2.12026 -2.12026 -2.81341
32.37388 11.09762 -11.69849 25 28 30 234 -2.12026 -2.12026 -2.81341
31.68268 10.74749 -13.94277 25 28 30 234 -2.12026 -2.12026 -2.81341
31.37508 10.60961 -15.58092 25 28 30 234 -2.12026 -2.12026 -2.81341
34.71237 9.92374 -16.56914 25 28 30 234 -2.12026 -2.12026 -2.81341
31.52907 10.63162 -12.91563 25 28 30 234 -2.12026 -2.12026 -2.81341
36.44465 9.05960 -17.76377 25 28 30 234 -2.12026 -2.12026 -2.81341
28.35715 9.13251 -18.26352 25 28 30 234 -2.12026 -2.12026 -2.81341
29.46132 9.65622 -13.61999 25 28 30 234 -2.12026 -2.12026 -2.81341
33.40863 10.55190 -19.39753 25 28 30 234 -2.12026 -2.12026 -2.81341
30.29982 10.03071 -11.72003 25 28 30 234 -2.12026 -2.12026 -2.81341
31.66977 10.77501 -18.18748 25 28 30 234 -2.12026 -2.12026 -2.81341
30.47986 10.14149 -12.08572 25 28 30 234 -2.12026 -2.12026 -2.81341
30.34940 10.07377 -19.48284 25 28 30 234 -2.12026 -2.12026 -2.81341
31.16159 10.55419 -18.84768 25 28 30 234 -2.12026 -2.12026 -2.81341
31.35229 10.63538 -11.47598 25 28 30 234 -2.12026 -2.12026 -2.81341
35.30848 9.66769 -11.17176 25 28 30 234 -2.12026 -2.12026 -2.81341
35.34349 9.63672 -18.08837 25 28 30 234 -2.12026 -2.12026 -2.81341
34.07642 10.27877 -14.13859 25 28 30 234 -2.12026 -2.12026 -2.81341
30.39035 10.14246 -11.47754 25 28 30 234 -2.12026 -2.12026 -2.81341
30.15275 9.98333 -17.13610 25 28 30 234 -2.12026 -2.12026 -2.81341
28.68120 9.31732 -19.57902 25 28 30 234 -2.12026 -2.12026 -2.81341
31.08070 10.40710 -14.49016 25 28 30 234 -2.12026 -2.12026 -2.81341
28.58508 9.21786 -18.06804 25 28 30 234 -2.12026 -2.12026 -2.81341
28.29897 9.08361 -17.42634 25 28 30 234 -2.12026 -2.12026 -2.81341
33.97712 10.28351 -14.52629 25 28 30 234 -2.12026 -2.12026 -2.81341
33.00197 10.75716 -13.32277 25 28 30 234 -2.12026 -2.12026 -2.81341
35.98621 9.34039 -14.43716 25 28 30 234 -2.12026 -2.12026 -2.81341
32.40507 11.06805 -17.97372 25 28 30 234 -2.12026 -2.12026 -2.81341
29.59696 9.68071 -19.72047 25 28 30 234 -2.12026 -2.12026 -2.81341
32.31763 10.99507 -10.25947 25 28 30 234 -2.12026 -2.12026 -2.81341
31.53815 10.69121 -19.22748 25 28 30 234 -2.12026 -2.12026 -2.81341
36.24221 9.18701 -19.12608 25 28 30 234 -2.12026 -2.12026 -2.81341
31.76703 10.75282 -18.77038 25 28 30 234 -2.12026 -2.12026 -2.81341
35.56661 9.55106 -15.36360 25 28 30 234 -2.12026 -2.12026 -2.81341
36.63671 8.99360 -17.04760 25 28 30 234 -2.12026 -2.12026 -2.81341
29.39755 9.56358 -13.11922 25 28 30 234 -2.12026 -2.12026 -2.81341
31.97855 10.85072 -11.44009 25 28 30 234 -2.12026 -2.12026 -2.81341
29.99193 9.86741 -11.38872 25 28 30 234 -2.12026 -2.12026 -2.81341
29.37527 9.58652 -10.77869 25 28 30 234 -2.12026 -2.12026 -2.81341
32.61424 11.02995 -18.48481 25 28 30 234 -2.12026 -2.12026 -2.81341
32.75772 10.94960 -15.65731 25 28 30 234 -2.12026 -2.12026 -2.81341
32.15887 10.97903 -13.26332 25 28 30 234 -2.12026 -2.12026 -2.81341
32.12831 10.93202 -18.28222 25 28 30 234 -2.12026 -2.12026 -2.81341
34.80282 9.84276 -12.73732 25 28 30 234 -2.12026 -2.12026 -2.81341
35.77197 9.43481 -16.72161 25 28 30 234 -2.12026 -2.12026 -2.81341
31.12661 10.38075 -14.98653 25 28 30 234 -2.12026 -2.12026 -2.81341
30.12039 9.95202 -11.18600 25 28 30 234 -2.12026 -2.12026 -2.81341
30.78387 10.25630 -16.52041 25 28 30 234 -2.12026 -2.12026 -2.81341
36.21096 9.17577 -16.30371 25 28 30 234 -2.12026 -2.12026 -2.81341
34.59009 10.01358 -15.84735 25 28 30 234 -2.12026 -2.12026 -2.81341
36.44141 9.09168 -10.77961 25 28 30 234 -2.12026 -2.12026 -2.81341
28.50870 9.10429 -18.40661 25 28 30 234 -2.12026 -2.12026 -2.81341
34.67583 10.02614 -11.99366 25 28 30 234 -2.12026 -2.12026 -2.81341
30.67915 10.26736 -19.06977 25 28 30 234 -2.12026 -2.12026 -2.81341
30.57166 10.19384 -11.06848 25 28 30 234 -2.12026 -2.12026 -2.81341
33.26331 10.67451 -15.06382 25 28 30 234 -2.12026 -2.12026 -2.81341
34.80881 9.89132 -15.93350 25 28 30 234 -2.12026 -2.12026 -2.81341
30.20594 9.98367 -17.65948 25 28 30 234 -2.12026 -2.12026 -2.81341
31.94107 10.90139 -19.73882 25 28 30 234 -2.12026 -2.12026 -2.81341
35.18984 9.72071 -15.36463 25 28 30 234 -2.12026 -2.12026 -2.81341
29.72987 9.80849 -16.43285 25 28 30 234 -2.12026 -2.12026 -2.81341
33.38984 10.59269 -19.05173 25 28 30 234 -2.12026 -2.12026 -2.81341
29.55228 9.64225 -11.46744 25 28 30 234 -2.12026 -2.12026 -2.81341
33.71352 10.42930 -14.06941 25 28 30 234 -2.12026 -2.12026 -2.81341
35.29354 9.65988 -11.72855 25 28 30 234 -2.12026 -2.12026 -2.81341
31.71209 10.74745 -17.11920 25 28 30 234 -2.12026 -2.12026 -2.81341
30.14116 9.96526 -13.21150 25 28 30 234 -2.12026 -2.12026 -2.81341
36.37056 9.11916 -19.79865 25 28 30 234 -2.12026 -2.12026 -2.81341
32.47212 11.06347 -15.41554 25 28 30 234 -2.12026 -2.12026 -2.81341
29.25875 9.50709 -10.35032 25 28 30 234 -2.12026 -2.12026 -2.81341
28.72568 9.27584 -11.91442 25 28 30 234 -2.12026 -2.12026 -2.81341
35.61611 9.50338 -19.21162 25 28 30 234 -2.12026 -2.12026 -2.81341
30.95728 10.34565 -12.79999 25 28 30 234 -2.12026 -2.12026 -2.81341
31.96745 10.85207 -12.75676 25 28 30 234 -2.12026 -2.12026 -2.81341
35.19927 9.73250 -12.37620 25 28 30 234 -2.12026 -2.12026 -2.81341
35.23008 9.66430 -10.34907 25 28 30 234 -2.12026 -2.12026 -2.81341
29.13101 9.43371 -12.36907 25 28 30 234 -2.12026 -2.12026 -2.81341
33.44877 10.61016 -12.46119 25 28 30 234 -2.12026 -2.12026 -2.81341
34.16259 10.20514 -19.50730 25 28 30 234 -2.12026 -2.12026 -2.81341
29.03678 9.41041 -15.85642 25 28 30 234 -2.12026 -2.12026 -2.81341
34.87674 9.87099 -12.63932 25 28 30 234 -2.12026 -2.12026 -2.81341
-28.40000 5.31312 12.85650 134 80 58 224 -2.20727 -2.20727 -2.52573
-34.09596 2.14691 10.75000 142 87 59 224 -2.20727 -2.20727 -2.52573
-28.40000 1.90721 16.34752 133 83 57 224 -2.20727 -2.20727 -2.52573
-32.57462 4.39288 19.25000 142 89 54 224 -2.20727 -2.20727 -2.52573
-32.54231 2.14715 19.25000 122 85 52 224 -2.20727 -2.20727 -2.52573
-33.36320 4.13400 19.25000 139 84 58 224 -2.20727 -2.20727 -2.52573
-35.60000 1.12796 14.74337 125 79 59 224 -2.20727 -2.20727 -2.52573
-35.60000 3.62092 17.11262 139 78 54 224 -2.20727 -2.20727 -2.52573
-29.37764 2.28070 19.25000 129 85 53 224 -2.20727 -2.20727 -2.52573
-34.61110 1.35076 19.25000 135 80 57 224 -2.20727 -2.20727 -2.52573
-34.47662 0.28294 10.75000 122 76 60 224 -2.20727 -2.20727 -2.52573
-33.16985 4.08367 19.25000 129 78 55 224 -2.20727 -2.20727 -2.52573
-35.60000 1.25269 14.45960 123 76 61 224 -2.20727 -2.20727 -2.52573
-28.47947 5.80701 10.75000 123 83 58 224 -2.20727 -2.20727 -2.52573
-30.36395 2.77512 19.25000 133 82 60 224 -2.20727 -2.20727 -2.52573
-28.40000 0.52177 14.42462 126 87 51 224 -2.20727 -2.20727 -2.52573
-28.40000 3.23433 16.03821 130 86 59 224 -2.20727 -2.20727 -2.52573
-28.97366 1.04628 19.25000 140 84 56 224 -2.20727 -2.20727 -2.52573
-35.60000 0.49343 19.02501 125 79 51 224 -2.20727 -2.20727 -2.52573
-33.57602 0.70113 19.25000 134 87 52 224 -2.20727 -2.20727 -2.52573
-34.33206 0.86498 10.75000 122 79 52 224 -2.20727 -2.20727 -2.52573
-35.60000 4.62315 15.71859 131 87 57 224 -2.20727 -2.20727 -2.52573
-35.60000 0.67104 14.79940 123 77 51 224 -2.20727 -2.20727 -2.52573
-28.40000 2.85033 14.20424 133 83 56 224 -2.20727 -2.20727 -2.52573
-35.48363 2.86421 19.25000 142 89 60 224 -2.20727 -2.20727 -2.52573
-28.40000 3.31844 11.57462 127 87 53 224 -2.20727 -2.20727 -2.52573
-34.85768 4.04199 10.75000 124 77 60 224 -2.20727 -2.20727 -2.52573
-28.71099 0.31292 10.75000 125 88 57 224 -2.20727 -2.20727 -2.52573
-28.40000 1.18612 11.65519 142 81 54 224 -2.20727 -2.20727 -2.52573
-34.54679 0.43907 10.75000 133 79 59 224 -2.20727 -2.20727 -2.52573
-34.99394 1.14034 19.25000 137 79 54 224 -2.20727 -2.20727 -2.52573
-35.60000 2.63404 18.83491 137 77 52 224 -2.20727 -2.20727 -2.52573
-28.40000 3.94735 15.55478 123 88 56 224 -2.20727 -2.20727 -2.52573
-35.60000 4.64278 12.56743 131 87 59 224 -2.20727 -2.20727 -2.52573
-30.76764 2.30754 10.75000 125 88 55 224 -2.20727 -2.20727 -2.52573
-35.11735 4.54152 19.25000 137 83 56 224 -2.20727 -2.20727 -2.52573
-28.40000 5.67129 19.15400 134 78 60 224 -2.20727 -2.20727 -2.52573
-35.60000 5.69445 17.71453 138 86 58 224 -2.20727 -2.20727 -2.52573
-28.40000 4.22267 17.58037 125 80 57 224 -2.20727 -2.20727 -2.52573
-32.04911 2.33641 10.75000 123 84 58 224 -2.20727 -2.20727 -2.52573
-35.60000 4.76087 11.97153 130 81 55 224 -2.20727 -2.20727 -2.52573
-33.28270 3.90541 10.75000 138 78 55 224 -2.20727 -2.20727 -2.52573
-32.09265 4.34166 19.25000 141 80 52 224 -2.20727 -2.20727 -2.52573
-28.40000 2.29979 15.97387 127 81 56 224 -2.20727 -2.20727 -2.52573
-28.53089 0.34118 19.25000 122 86 51 224 -2.20727 -2.20727 -2.52573
-28.40000 1.23891 17.74960 137 76 57 224 -2.20727 -2.20727 -2.52573
-28.40000 5.15837 15.03460 124 87 52 224 -2.20727 -2.20727 -2.52573
-35.38928 3.23914 10.75000 137 84 51 224 -2.20727 -2.20727 -2.52573
-29.50845 4.27554 19.25000 131 79 55 224 -2.20727 -2.20727 -2.52573
-34.21148 0.36147 10.75000 132 78 59 224 -2.20727 -2.20727 -2.52573
-35.60000 3.08524 12.21744 135 78 56 224 -2.20727 -2.20727 -2.52573
-28.40000 0.98148 16.15076 129 88 60 224 -2.20727 -2.20727 -2.52573
-33.21858 4.83274 10.75000 126 81 59 224 -2.20727 -2.20727 -2.52573
-35.60000 0.73455 12.42284 125 82 52 224 -2.20727 -2.20727 -2.52573
-28.40000 5.96320 11.42372 129 78 55 224 -2.20727 -2.20727 -2.52573
-35.60000 5.56505 10.76341 131 84 58 224 -2.20727 -2.20727 -2.52573
-35.60000 0.49047 13.16028 141 85 51 224 -2.20727 -2.20727 -2.52573
-34.94018 6.10632 19.25000 135 80 59 224 -2.20727 -2.20727 -2.52573
-28.40000 3.98662 16.55789 135 85 56 224 -2.20727 -2.20727 -2.52573
-31.64102 4.58677 10.75000 126 84 54 224 -2.20727 -2.20727 -2.52573
-28.40000 3.41870 12.07604 125 77 54 224 -2.20727 -2.20727 -2.52573
-34.69995 4.61118 10.75000 137 83 52 224 -2.20727 -2.20727 -2.52573
-28.40000 0.56267 18.73972 132 78 55 224 -2.20727 -2.20727 -2.52573
-32.86401 4.39058 19.25000 125 85 52 224 -2.20727 -2.20727 -2.52573
-28.40000 0.62583 12.60374 136 83 54 224 -2.20727 -2.20727 -2.52573
-35.60000 0.89213 13.08640 129 86 54 224 -2.20727 -2.20727 -2.52573
-34.41640 5.06001 10.75000 127 77 55 224 -2.20727 -2.20727 -2.52573
-35.60000 4.43494 17.57651 126 81 52 224 -2.20727 -2.20727 -2.52573
-35.60000 0.32927 16.94258 138 83 60 224 -2.20727 -2.20727 -2.52573
-32.48965 0.43414 19.25000 136 84 57 224 -2.20727 -2.20727 -2.52573
-33.37841 3.69075 19.25000 137 85 55 224 -2.20727 -2.20727 -2.52573
-35.60000 5.16556 11.22078 141 85 55 224 -2.20727 -2.20727 -2.52573
-35.59662 4.37213 19.25000 131 77 60 224 -2.20727 -2.20727 -2.52573
-29.53161 5.03186 10.75000 126 79 54 224 -2.20727 -2.20727 -2.52573
-35.29281 4.29750 19.25000 130 78 53 224 -2.20727 -2.20727 -2.52573
-28.40000 4.09859 18.90045 130 77 57 224 -2.20727 -2.20727 -2.52573
-28.40000 4.54564 15.62634 139 84 56 224 -2.20727 -2.20727 -2.52573
-35.60000 0.13578 11.77695 137 81 60 224 -2.20727 -2.20727 -2.52573
-28.89978 3.27225 10.75000 126 83 55 224 -2.20727 -2.20727 -2.52573
-35.60000 0.00599 12.42966 132 87 57 224 -2.20727 -2.20727 -2.52573
-34.95007 1.73444 19.25000 131 79 55 224 -2.20727 -2.20727 -2.52573
-30.84832 3.91152 10.75000 124 88 56 224 -2.20727 -2.20727 -2.52573
-28.87304 0.39722 19.25000 131 83 55 224 -2.20727 -2.20727 -2.52573
-35.60000 0.07021 13.00619 139 87 55 224 -2.20727 -2.20727 -2.52573
-29.44318 2.88929 19.25000 137 78 59 224 -2.20727 -2.20727 -2.52573
-35.60000 0.52104 15.99528 131 88 52 224 -2.20727 -2.20727 -2.52573
-33.46412 2.33669 10.75000 126 87 52 224 -2.20727 -2.20727 -2.52573
-35.60000 3.97209 12.59099 129 83 52 224 -2.20727 -2.20727 -2.52573
-28.40000 0.19700 14.96824 124 81 57 224 -2.20727 -2.20727 -2.52573
-32.35308 3.32725 19.25000 126 79 57 224 -2.20727 -2.20727 -2.52573
-28.40000 4.58811 13.97940 130 88 51 224 -2.20727 -2.20727 -2.52573
-28.60831 2.29666 19.25000 129 83 59 224 -2.20727 -2.20727 -2.52573
-28.40000 1.18395 16.52990 142 85 52 224 -2.20727 -2.20727 -2.52573
-31.90786 0.08088 19.25000 126 87 52 224 -2.20727 -2.20727 -2.52573
-28.40000 0.74412 17.70423 140 83 57 224 -2.20727 -2.20727 -2.52573
-35.60000 1.56890 13.31558 130 88 59 224 -2.20727 -2.20727 -2.52573
-35.50711 1.79711 19.25000 131 85 52 224 -2.20727 -2.20727 -2.52573
-29.92854 2.24895 19.25000 142 87 61 224 -2.20727 -2.20727 -2.52573
-28.40000 2.01747 17.49428 128 88 53 224 -2.20727 -2.20727 -2.52573
-29.81185 4.79595 10.75000 127 76 54 224 -2.20727 -2.20727 -2.52573
-31.92502 2.65367 19.25000 128 78 60 224 -2.20727 -2.20727 -2.52573
-35.60000 2.57508 17.54734 126 85 58 224 -2.20727 -2.20727 -2.52573
-35.60000 3.63468 17.82118 127 77 59 224 -2.20727 -2.20727 -2.52573
-35.60000 1.31011 13.74281 127 76 59 224 -2.20727 -2.20727 -2.52573
-35.60000 2.24112 15.39488 130 86 57 224 -2.20727 -2.20727 -2.52573
-30.15368 5.05340 19.25000 133 79 54 224 -2.20727 -2.20727 -2.52573
-35.60000 5.62408 15.52359 132 77 54 224 -2.20727 -2.20727 -2.52573
-35.60000 2.02755 12.66047 129 88 52 224 -2.20727 -2.20727 -2.52573
-35.60000 0.71036 13.89390 141 79 58 224 -2.20727 -2.20727 -2.52573
-35.60000 1.85057 13.37494 126 83 59 224 -2.20727 -2.20727 -2.52573
-35.60000 0.07811 16.04126 132 86 58 224 -2.20727 -2.20727 -2.52573
-30.79239 1.99811 10.75000 126 78 53 224 -2.20727 -2.20727 -2.52573
-32.13307 1.37914 10.75000 138 77 55 224 -2.20727 -2.20727 -2.52573
-28.40000 4.73293 14.29743 133 82 55 224 -2.20727 -2.20727 -2.52573
-29.26507 0.71810 19.25000 137 83 54 224 -2.20727 -2.20727 -2.52573
-28.40000 1.83952 16.24399 132 82 56 224 -2.20727 -2.20727 -2.52573
-28.40000 0.10167 15.04165 123 86 54 224 -2.20727 -2.20727 -2.52573
-33.45639 3.09421 10.75000 140 82 53 224 -2.20727 -2.20727 -2.52573
-32.06662 1.95000 10.75000 129 77 51 224 -2.20727 -2.20727 -2.52573
-28.40000 5.09349 13.95786 123 88 60 224 -2.20727 -2.20727 -2.52573
-33.99826 5.90401 10.75000 129 84 60 224 -2.20727 -2.20727 -2.52573
-35.60000 4.32968 13.53839 129 80 54 224 -2.20727 -2.20727 -2.52573
-31.87889 2.43072 19.25000 136 83 55 224 -2.20727 -2.20727 -2.52573
-30.30341 0.33633 10.75000 128 79 59 224 -2.20727 -2.20727 -2.52573
-28.40000 3.59736 12.11178 123 84 59 224 -2.20727 -2.20727 -2.52573
-31.85369 0.24258 10.75000 140 88 52 224 -2.20727 -2.20727 -2.52573
-32.80438 2.55553 19.25000 133 87 53 224 -2.20727 -2.20727 -2.52573
-34.43676 4.11037 19.25000 128 88 53 224 -2.20727 -2.20727 -2.52573
-35.60000 4.06844 11.46798 142 88 59 224 -2.20727 -2.20727 -2.52573
-32.25332 3.02151 10.75000 136 81 57 224 -2.20727 -2.20727 -2.52573
-29.96255 5.92478 10.75000 126 84 59 224 -2.20727 -2.20727 -2.52573
-33.70174 3.67414 19.25000 135 87 53 224 -2.20727 -2.20727 -2.52573
-28.83094 0.80764 10.75000 141 87 51 224 -2.20727 -2.20727 -2.52573
-29.34281 3.90838 10.75000 139 86 57 224 -2.20727 -2.20727 -2.52573
-32.98976 5.46023 19.25000 123 88 61 224 -2.20727 -2.20727 -2.52573
-32.83450 5.55022 19.25000 139 79 58 224 -2.20727 -2.20727 -2.52573
-28.40000 0.73930 18.04095 139 78 55 224 -2.20727 -2.20727 -2.52573
-35.60000 0.10693 13.03259 142 79 57 224 -2.20727 -2.20727 -2.52573
-32.34277 0.19675 10.75000 132 87 51 224 -2.20727 -2.20727 -2.52573
-35.37980 0.96459 19.25000 132 79 57 224 -2.20727 -2.20727 -2.52573
-35.60000 1.48267 16.05783 137 79 56 224 -2.20727 -2.20727 -2.52573
-35.60000 3.20932 13.23579 138 87 52 224 -2.20727 -2.20727 -2.52573
-31.39818 3.54605 10.75000 126 81 56 224 -2.20727 -2.20727 -2.52573
-32.54148 0.62097 10.75000 127 84 51 224 -2.20727 -2.20727 -2.52573
-28.74781 4.97731 19.25000 133 78 59 224 -2.20727 -2.20727 -2.52573
-28.40000 3.38405 15.45509 131 84 54 224 -2.20727 -2.20727 -2.52573
-32.83702 0.49685 19.25000 141 88 57 224 -2.20727 -2.20727 -2.52573
-28.40000 5.51014 13.23359 136 78 53 224 -2.20727 -2.20727 -2.52573
-32.40713 1.21975 19.25000 139 86 57 224 -2.20727 -2.20727 -2.52573
-32.92592 3.84446 19.25000 124 88 54 224 -2.20727 -2.20727 -2.52573
-28.40000 1.69164 13.32260 140 85 53 224 -2.20727 -2.20727 -2.52573
-34.73283 2.53694 10.75000 126 88 55 224 -2.20727 -2.20727 -2.52573
-28.40000 4.23599 19.01276 137 87 56 224 -2.20727 -2.20727 -2.52573
-28.40000 0.20634 16.27648 123 85 51 224 -2.20727 -2.20727 -2.52573
-31.29289 5.80331 10.75000 141 88 56 224 -2.20727 -2.20727 -2.52573
-34.11120 3.73172 19.25000 139 85 55 224 -2.20727 -2.20727 -2.52573
-30.42146 0.92856 19.25000 125 79 52 224 -2.20727 -2.20727 -2.52573
-32.00477 1.42578 10.75000 136 82 59 224 -2.20727 -2.20727 -2.52573
-29.79901 1.92141 10.75000 142 82 54 224 -2.20727 -2.20727 -2.52573
-28.40000 1.02459 11.95707 128 84 52 224 -2.20727 -2.20727 -2.52573
-28.40000 1.02530 11.23395 138 79 51 224 -2.20727 -2.20727 -2.52573
-34.60387 3.55387 10.75000 140 80 55 224 -2.20727 -2.20727 -2.52573
-35.52817 0.67653 10.75000 140 82 60 224 -2.20727 -2.20727 -2.52573
-28.40000 0.83402 13.43796 141 80 57 224 -2.20727 -2.20727 -2.52573
-33.01465 2.93657 10.75000 132 80 54 224 -2.20727 -2.20727 -2.52573
-35.60000 1.24699 13.12274 140 77 55 224 -2.20727 -2.20727 -2.52573
-35.01240 5.08327 19.25000 124 83 51 224 -2.20727 -2.20727 -2.52573
-35.60000 3.82878 11.84362 132 86 53 224 -2.20727 -2.20727 -2.52573
-33.36467 1.56605 19.25000 132 84 59 224 -2.20727 -2.20727 -2.52573
-35.60000 4.69585 12.33610 135 84 60 224 -2.20727 -2.20727 -2.52573
-30.80246 4.89536 10.75000 130 85 51 224 -2.20727 -2.20727 -2.52573
-35.60000 4.49297 13.73881 129 86 59 224 -2.20727 -2.20727 -2.52573
-29.50831 5.52671 19.25000 135 80 60 224 -2.20727 -2.20727 -2.52573
-30.70648 2.63851 10.75000 123 87 55 224 -2.20727 -2.20727 -2.52573
-28.40000 1.49758 17.86799 128 85 59 224 -2.20727 -2.20727 -2.52573
-28.65465 4.88218 19.25000 132 82 59 224 -2.20727 -2.20727 -2.52573
-35.15188 2.16445 19.25000 140 85 52 224 -2.20727 -2.20727 -2.52573
-35.60000 2.32590 15.91507 123 81 56 224 -2.20727 -2.20727 -2.52573
-35.60000 5.19356 15.36779 139 85 57 224 -2.20727 -2.20727 -2.52573
-28.40000 4.99254 18.90263 125 77 54 224 -2.20727 -2.20727 -2.52573
-33.76923 0.38269 10.75000 129 81 59 224 -2.20727 -2.20727 -2.52573
-35.60000 1.74130 16.30186 125 79 54 224 -2.20727 -2.20727 -2.52573
-35.60000 1.79082 15.51995 128 85 60 224 -2.20727 -2.20727 -2.52573
-28.40000 4.26290 11.73064 125 77 58 224 -2.20727 -2.20727 -2.52573
-35.60000 3.19979 14.12820 140 81 58 224 -2.20727 -2.20727 -2.52573
-28.40000 5.63955 15.75464 124 88 55 224 -2.20727 -2.20727 -2.52573
-28.81200 4.83270 10.75000 139 80 51 224 -2.20727 -2.20727 -2.52573
-35.60000 2.18972 14.93895 135 77 53 224 -2.20727 -2.20727 -2.52573
-33.42587 0.38907 19.25000 128 77 54 224 -2.20727 -2.20727 -2.52573
-29.13154 5.21038 10.75000 125 88 59 224 -2.20727 -2.20727 -2.52573
-28.40000 1.48474 18.02924 125 88 53 224 -2.20727 -2.20727 -2.52573
-35.17778 3.74188 10.75000 136 82 60 224 -2.20727 -2.20727 -2.52573
-28.40000 0.81228 17.39314 134 81 55 224 -2.20727 -2.20727 -2.52573
-34.49424 4.16064 10.75000 131 88 57 224 -2.20727 -2.20727 -2.52573
-30.08798 1.45563 10.75000 132 86 54 224 -2.20727 -2.20727 -2.52573
-31.06874 4.96349 19.25000 135 83 54 224 -2.20727 -2.20727 -2.52573
-28.40000 5.66848 15.60891 129 77 57 224 -2.20727 -2.20727 -2.52573
-30.45078 5.18523 19.25000 126 85 54 224 -2.20727 -2.20727 -2.52573
-35.60000 2.40668 13.99965 136 86 52 224 -2.20727 -2.20727 -2.52573
-35.60000 2.27053 13.03055 132 78 53 224 -2.20727 -2.20727 -2.52573
-28.40000 5.58239 18.87341 133 79 53 224 -2.20727 -2.20727 -2.52573
-35.60000 4.51923 14.91506 122 85 51 224 -2.20727 -2.20727 -2.52573
-35.60000 2.22594 18.99239 122 88 58 224 -2.20727 -2.20727 -2.52573
-32.16317 0.70601 19.25000 126 81 53 224 -2.20727 -2.20727 -2.52573
-28.40000 2.39646 14.82955 136 82 59 224 -2.20727 -2.20727 -2.52573
-34.18100 3.03340 19.25000 126 79 58 224 -2.20727 -2.20727 -2.52573
-28.40000 0.98309 15.46449 139 81 57 224 -2.20727 -2.20727 -2.52573
-28.40000 2.47605 16.82576 127 78 58 224 -2.20727 -2.20727 -2.52573
-31.01684 1.12757 19.25000 140 77 51 224 -2.20727 -2.20727 -2.52573
-28.40000 0.59597 11.64426 131 87 54 224 -2.20727 -2.20727 -2.52573
-28.40000 5.31645 12.57975 136 80 59 224 -2.20727 -2.20727 -2.52573
-28.40000 0.75874 17.00388 139 84 61 224 -2.20727 -2.20727 -2.52573
-28.40000 6.04070 11.29646 138 77 54 224 -2.20727 -2.20727 -2.52573
-35.60000 2.57152 13.59573 134 81 53 224 -2.20727 -2.20727 -2.52573
-28.40000 4.20943 13.92500 137 79 52 224 -2.20727 -2.20727 -2.52573
-29.84708 2.61336 10.75000 132 81 56 224 -2.20727 -2.20727 -2.52573
-35.60000 4.46738 16.91319 140 84 56 224 -2.20727 -2.20727 -2.52573
-35.60000 3.44513 18.72966 132 80 60 224 -2.20727 -2.20727 -2.52573
-35.60000 5.43070 17.87581 133 77 60 224 -2.20727 -2.20727 -2.52573
-28.40000 3.65625 18.24430 133 79 55 224 -2.20727 -2.20727 -2.52573
-35.60000 3.37763 18.93091 123 81 55 224 -2.20727 -2.20727 -2.52573
-31.16144 3.41133 10.75000 139 86 53 224 -2.20727 -2.20727 -2.52573
-30.59281 1.58827 19.25000 125 86 60 224 -2.20727 -2.20727 -2.52573
-35.60000 2.91045 12.53544 135 79 58 224 -2.20727 -2.20727 -2.52573
-28.40000 0.80851 11.23886 124 88 53 224 -2.20727 -2.20727 -2.52573
-34.16927 2.26835 19.25000 124 87 55 224 -2.20727 -2.20727 -2.52573
-28.47124 3.34909 19.25000 138 82 59 224 -2.20727 -2.20727 -2.52573
-28.40000 5.87140 11.82845 140 77 59 224 -2.20727 -2.20727 -2.52573
-31.47058 1.19571 10.75000 131 85 59 224 -2.20727 -2.20727 -2.52573
-35.60000 0.07938 12.88103 139 79 52 224 -2.20727 -2.20727 -2.52573
-35.60000 5.83838 12.79515 130 79 57 224 -2.20727 -2.20727 -2.52573
-35.21933 4.68825 10.75000 127 80 52 224 -2.20727 -2.20727 -2.52573
-33.00872 0.37476 19.25000 141 84 51 224 -2.20727 -2.20727 -2.52573
-28.40000 6.04297 15.52519 140 82 52 224 -2.20727 -2.20727 -2.52573
-35.60000 0.47830 17.81249 136 81 51 224 -2.20727 -2.20727 -2.52573
-35.60000 0.19254 14.58678 123 86 52 224 -2.20727 -2.20727 -2.52573
-28.40718 0.41879 10.75000 132 85 58 224 -2.20727 -2.20727 -2.52573
-28.40000 5.04941 16.52776 122 77 52 224 -2.20727 -2.20727 -2.52573
-28.40000 1.96112 15.01744 141 85 58 224 -2.20727 -2.20727 -2.52573
-28.62363 1.86984 19.25000 140 81 57 224 -2.20727 -2.20727 -2.52573
-34.14412 2.98889 19.25000 133 80 60 224 -2.20727 -2.20727 -2.52573
-31.58203 5.12991 10.75000 131 80 60 224 -2.20727 -2.20727 -2.52573
-32.07460 5.63664 10.75000 133 79 53 224 -2.20727 -2.20727 -2.52573
-33.23548 3.58717 10.75000 126 87 60 224 -2.20727 -2.20727 -2.52573
-31.34556 6.04075 19.25000 135 77 52 224 -2.20727 -2.20727 -2.52573
-30.58443 5.06829 10.75000 141 76 53 224 -2.20727 -2.20727 -2.52573
-35.60000 2.06306 16.18181 128 88 54 224 -2.20727 -2.20727 -2.52573
-30.03312 2.82388 10.75000 141 78 57 224 -2.20727 -2.20727 -2.52573
-35.60000 1.73440 18.46540 133 81 56 224 -2.20727 -2.20727 -2.52573
-34.15050 3.72202 10.75000 139 80 53 224 -2.20727 -2.20727 -2.52573
-28.40000 4.15916 18.12287 128 78 52 224 -2.20727 -2.20727 -2.52573
-35.60000 0.15486 12.92324 129 83 61 224 -2.20727 -2.20727 -2.52573
-31.39095 4.43727 10.75000 139 88 61 224 -2.20727 -2.20727 -2.52573
-28.40000 5.38021 19.11111 132 87 56 224 -2.20727 -2.20727 -2.52573
-28.40000 2.47369 11.91161 127 77 59 224 -2.20727 -2.20727 -2.52573
-33.53544 1.69938 10.75000 129 84 54 224 -2.20727 -2.20727 -2.52573
-29.74434 2.91165 10.75000 133 82 51 224 -2.20727 -2.20727 -2.52573
-35.60000 4.32069 18.41125 142 87 53 224 -2.20727 -2.20727 -2.52573
-29.61445 4.00262 10.75000 135 84 51 224 -2.20727 -2.20727 -2.52573
-35.60000 5.38227 13.65674 137 79 56 224 -2.20727 -2.20727 -2.52573
-35.07058 6.72429 13.34270 25 28 30 234 -2.12026 -2.12026 -2.81341
-33.25542 7.62431 15.84574 25 28 30 234 -2.12026 -2.12026 -2.81341
-27.75660 6.13747 16.53865 25 28 30 234 -2.12026 -2.12026 -2.81341
-31.35718 7.88200 12.17174 25 28 30 234 -2.12026 -2.12026 -2.81341
-32.21940 8.10467 14.01348 25 28 30 234 -2.12026 -2.12026 -2.81341
-34.42507 7.04013 10.48953 25 28 30 234 -2.12026 -2.12026 -2.81341
-30.63973 7.54245 19.19128 25 28 30 234 -2.12026 -2.12026 -2.81341
-35.27299 6.59492 17.55362 25 28 30 234 -2.12026 -2.12026 -2.81341
-35.50137 6.55427 11.38863 25 28 30 234 -2.12026 -2.12026 -2.81341
-35.14435 6.58314 16.36365 25 28 30 234 -2.12026 -2.12026 -2.81341
-31.87080 8.17964 11.92426 25 28 30 234 -2.12026 -2.12026 -2.81341
-30.85847 7.70824 15.55879 25 28 30 234 -2.12026 -2.12026 -2.81341
-33.85861 7.31477 15.03074 25 28 30 234 -2.12026 -2.12026 -2.81341
-28.58283 6.55435 18.35513 25 28 30 234 -2.12026 -2.12026 -2.81341
-32.32022 8.07831 16.94440 25 28 30 234 -2.12026 -2.12026 -2.81341
-29.23207 6.89901 17.38503 25 28 30 234 -2.12026 -2.12026 -2.81341
-34.40306 7.04519 17.80507 25 28 30 234 -2.12026 -2.12026 -2.81341
-29.93209 7.21497 16.34316 25 28 30 234 -2.12026 -2.12026 -2.81341
-30.30983 7.39550 16.32790 25 28 30 234 -2.12026 -2.12026 -2.81341
-35.80784 6.30231 11.51695 25 28 30 234 -2.12026 -2.12026 -2.81341
-35.34023 6.52321 17.28082 25 28 30 234 -2.12026 -2.12026 -2.81341
-32.99711 7.68802 13.26715 25 28 30 234 -2.12026 -2.12026 -2.81341
-32.34066 8.00283 18.75667 25 28 30 234 -2.12026 -2.12026 -2.81341
-28.21760 6.39575 14.08138 25 28 30 234 -2.12026 -2.12026 -2.81341
-34.66392 6.90545 19.28427 25 28 30 234 -2.12026 -2.12026 -2.81341
-28.99156 6.74802 12.91989 25 28 30 234 -2.12026 -2.12026 -2.81341
-32.84547 7.81223 19.43395 25 28 30 234 -2.12026 -2.12026 -2.81341
-30.81723 7.59955 16.22383 25 28 30 234 -2.12026 -2.12026 -2.81341
-31.46929 7.93899 17.56903 25 28 30 234 -2.12026 -2.12026 -2.81341
-35.72437 6.40653 17.83192 25 28 30 234 -2.12026 -2.12026 -2.81341
-28.82122 6.62962 12.21581 25 28 30 234 -2.12026 -2.12026 -2.81341
-31.12949 7.76494 13.35638 25 28 30 234 -2.12026 -2.12026 -2.81341
-35.25962 6.59740 13.14188 25 28 30 234 -2.12026 -2.12026 -2.81341
-31.55596 8.00002 12.89628 25 28 30 234 -2.12026 -2.12026 -2.81341
-29.90169 7.11840 14.74223 25 28 30 234 -2.12026 -2.12026 -2.81341
-34.83722 6.74315 19.92024 25 28 30 234 -2.12026 -2.12026 -2.81341
-35.18363 6.61164 13.34563 25 28 30 234 -2.12026 -2.12026 -2.81341
-27.83553 6.21473 14.88589 25 28 30 234 -2.12026 -2.12026 -2.81341
-30.44860 7.46564 12.72826 25 28 30 234 -2.12026 -2.12026 -2.81341
-30.50504 7.54657 13.02560 25 28 30 234 -2.12026 -2.12026 -2.81341
-31.87379 8.08355 17.92728 25 28 30 234 -2.12026 -2.12026 -2.81341
-28.86102 6.70520 14.81469 25 28 30 234 -2.12026 -2.12026 -2.81341
-33.27523 7.56118 13.93762 25 28 30 234 -2.12026 -2.12026 -2.81341
-32.38762 7.97592 14.11543 25 28 30 234 -2.12026 -2.12026 -2.81341
-34.18407 7.08529 11.19506 25 28 30 234 -2.12026 -2.12026 -2.81341
-35.39609 6.47531 14.50712 25 28 30 234 -2.12026 -2.12026 -2.81341
-32.32372 8.02037 11.03265 25 28 30 234 -2.12026 -2.12026 -2.81341
-29.89468 7.12517 15.73533 25 28 30 234 -2.12026 -2.12026 -2.81341
-32.19770 8.14689 13.24250 25 28 30 234 -2.12026 -2.12026 -2.81341
-28.34102 6.43908 17.89721 25 28 30 234 -2.12026 -2.12026 -2.81341
-33.09133 7.69919 14.82937 25 28 30 234 -2.12026 -2.12026 -2.81341
-29.78860 7.03385 12.90350 25 28 30 234 -2.12026 -2.12026 -2.81341
-34.01996 7.26739 18.60330 25 28 30 234 -2.12026 -2.12026 -2.81341
-35.32246 6.54781 14.93735 25 28 30 234 -2.12026 -2.12026 -2.81341
-27.77117 6.12751 12.09875 25 28 30 234 -2.12026 -2.12026 -2.81341
-31.76827 8.06145 17.32246 25 28 30 234 -2.12026 -2.12026 -2.81341
-35.59254 6.47072 18.24012 25 28 30 234 -2.12026 -2.12026 -2.81341
-30.09100 7.27206 10.60043 25 28 30 234 -2.12026 -2.12026 -2.81341
-28.17374 6.39834 14.32305 25 28 30 234 -2.12026 -2.12026 -2.81341
-29.28340 6.89893 15.41165 25 28 30 234 -2.12026 -2.12026 -2.81341
-29.89356 7.11002 15.89776 25 28 30 234 -2.12026 -2.12026 -2.81341
-28.53389 6.49799 15.40911 25 28 30 234 -2.12026 -2.12026 -2.81341
-28.52058 6.50443 13.47349 25 28 30 234 -2.12026 -2.12026 -2.81341
-34.25955 7.09250 17.59324 25 28 30 234 -2.12026 -2.12026 -2.81341
-29.16340 6.76696 13.60403 25 28 30 234 -2.12026 -2.12026 -2.81341
-29.55106 7.00490 12.12539 25 28 30 234 -2.12026 -2.12026 -2.81341
-33.77471 7.33199 15.32912 25 28 30 234 -2.12026 -2.12026 -2.81341
-27.95450 6.27975 14.78148 25 28 30 234 -2.12026 -2.12026 -2.81341
-32.14812 8.13925 16.37666 25 28 30 234 -2.12026 -2.12026 -2.81341
-32.29216 8.09993 12.07798 25 28 30 234 -2.12026 -2.12026 -2.81341
-28.14677 6.28233 14.59413 25 28 30 234 -2.12026 -2.12026 -2.81341
-33.47634 7.49223 18.58850 25 28 30 234 -2.12026 -2.12026 -2.81341
-34.17929 7.11040 10.95179 25 28 30 234 -2.12026 -2.12026 -2.81341
-27.85627 6.17965 12.85513 25 28 30 234 -2.12026 -2.12026 -2.81341
-32.65887 7.91042 11.51296 25 28 30 234 -2.12026 -2.12026 -2.81341
-28.95369 6.73939 10.99585 25 28 30 234 -2.12026 -2.12026 -2.81341
-33.07587 7.66786 18.88048 25 28 30 234 -2.12026 -2.12026 -2.81341
-33.80844 7.31187 17.24993 25 28 30 234 -2.12026 -2.12026 -2.81341
-31.77587 8.14177 15.85006 25 28 30 234 -2.12026 -2.12026 -2.81341
-30.66558 7.56190 16.74622 25 28 30 234 -2.12026 -2.12026 -2.81341
-35.31966 6.56848 19.02791 25 28 30 234 -2.12026 -2.12026 -2.81341
-34.27411 7.18166 14.41195 25 28 30 234 -2.12026 -2.12026 -2.81341
-35.45162 6.55487 14.85477 25 28 30 234 -2.12026 -2.12026 -2.81341
-32.72297 7.80822 11.85321 25 28 30 234 -2.12026 -2.12026 -2.81341
-31.14357 7.76575 16.69574 25 28 30 234 -2.12026 -2.12026 -2.81341
-35.70017 6.40779 14.90751 25 28 30 234 -2.12026 -2.12026 -2.81341
-32.56451 7.86515 10.53295 25 28 30 234 -2.12026 -2.12026 -2.81341
-29.53797 7.02997 14.06002 25 28 30 234 -2.12026 -2.12026 -2.81341
-28.55932 6.59673 13.27285 25 28 30 234 -2.12026 -2.12026 -2.81341
-28.24056 6.37192 10.47566 25 28 30 234 -2.12026 -2.12026 -2.81341
-35.95114 6.26516 15.85943 25 28 30 234 -2.12026 -2.12026 -2.81341
-34.67709 6.92218 15.37845 25 28 30 234 -2.12026 -2.12026 -2.81341
-28.84965 6.63321 13.17279 25 28 30 234 -2.12026 -2.12026 -2.81341
-29.19478 6.84034 15.42851 25 28 30 234 -2.12026 -2.12026 -2.81341
-30.35114 7.35637 14.22374 25 28 30 234 -2.12026 -2.12026 -2.81341
-29.69836 7.07702 10.40526 25 28 30 234 -2.12026 -2.12026 -2.81341
-34.12162 7.12308 18.16507 25 28 30 234 -2.12026 -2.12026 -2.81341
-35.20261 6.68206 14.18115 25 28 30 234 -2.12026 -2.12026 -2.81341
-31.46308 7.95903 11.44271 25 28 30 234 -2.12026 -2.12026 -2.81341
-31.01275 7.73811 13.68022 25 28 30 234 -2.12026 -2.12026 -2.81341
-29.64161 7.07330 13.27365 25 28 30 234 -2.12026 -2.12026 -2.81341
-32.24660 8.12563 14.44584 25 28 30 234 -2.12026 -2.12026 -2.81341
-34.47825 7.05296 16.93734 25 28 30 234 -2.12026 -2.12026 -2.81341
-28.02651 6.25386 12.24866 25 28 30 234 -2.12026 -2.12026 -2.81341
-32.42321 7.86676 18.77253 25 28 30 234 -2.12026 -2.12026 -2.81341
-28.65238 6.62416 18.57563 25 28 30 234 -2.12026 -2.12026 -2.81341
-32.09741 8.12387 19.60605 25 28 30 234 -2.12026 -2.12026 -2.81341
-29.48448 6.97719 15.02083 25 28 30 234 -2.12026 -2.12026 -2.81341
-35.20917 6.58313 17.19321 25 28 30 234 -2.12026 -2.12026 -2.81341
-33.99131 7.20783 11.53427 25 28 30 234 -2.12026 -2.12026 -2.81341
-36.16206 6.20918 11.57760 25 28 30 234 -2.12026 -2.12026 -2.81341
-36.03849 6.25598 15.66556 25 28 30 234 -2.12026 -2.12026 -2.81341
-31.87159 8.16281 18.73960 25 28 30 234 -2.12026 -2.12026 -2.81341
-34.62179 6.91809 10.36637 25 28 30 234 -2.12026 -2.12026 -2.81341
-35.51721 6.48596 10.66256 25 28 30 234 -2.12026 -2.12026 -2.81341
-31.20804 7.76755 12.88008 25 28 30 234 -2.12026 -2.12026 -2.81341
-32.35582 8.06644 19.39552 25 28 30 234 -2.12026 -2.12026 -2.81341
-31.52867 7.99919 17.92074 25 28 30 234 -2.12026 -2.12026 -2.81341
-33.63128 7.39563 18.13838 25 28 30 234 -2.12026 -2.12026 -2.81341
-34.25137 7.14172 12.73820 25 28 30 234 -2.12026 -2.12026 -2.81341
-30.46224 7.47624 18.60319 25 28 30 234 -2.12026 -2.12026 -2.81341
-34.94199 6.80566 11.73796 25 28 30 234 -2.12026 -2.12026 -2.81341
-29.23185 6.89235 11.39120 25 28 30 234 -2.12026 -2.12026 -2.81341
-30.63507 7.51329 12.66227 25 28 30 234 -2.12026 -2.12026 -2.81341
-31.99478 8.19078 16.81753 25 28 30 234 -2.12026 -2.12026 -2.81341
-30.03265 7.26639 18.50396 25 28 30 234 -2.12026 -2.12026 -2.81341
-35.29818 6.59049 15.62018 25 28 30 234 -2.12026 -2.12026 -2.81341
-28.07603 6.32435 14.74339 25 28 30 234 -2.12026 -2.12026 -2.81341
-35.51660 6.51456 18.54882 25 28 30 234 -2.12026 -2.12026 -2.81341
-28.03737 6.25017 12.78950 25 28 30 234 -2.12026 -2.12026 -2.81341
-28.75505 6.62317 13.79162 25 28 30 234 -2.12026 -2.12026 -2.81341
-31.72758 8.10730 18.28713 25 28 30 234 -2.12026 -2.12026 -2.81341
-32.97780 7.71398 12.58260 25 28 30 234 -2.12026 -2.12026 -2.81341
-31.01668 7.71780 15.08706 25 28 30 234 -2.12026 -2.12026 -2.81341
-33.03617 7.70715 10.80947 25 28 30 234 -2.12026 -2.12026 -2.81341
-29.05543 6.76117 17.55234 25 28 30 234 -2.12026 -2.12026 -2.81341
-29.39854 6.91615 16.44999 25 28 30 234 -2.12026 -2.12026 -2.81341
-28.81691 6.64628 11.04851 25 28 30 234 -2.12026 -2.12026 -2.81341
-29.01263 6.77827 13.79820 25 28 30 234 -2.12026 -2.12026 -2.81341
-33.97677 7.29887 13.62007 25 28 30 234 -2.12026 -2.12026 -2.81341
-34.10256 7.25627 11.68898 25 28 30 234 -2.12026 -2.12026 -2.81341
-33.41315 7.51220 15.52166 25 28 30 234 -2.12026 -2.12026 -2.81341
-34.01643 7.23257 15.81742 25 28 30 234 -2.12026 -2.12026 -2.81341
-30.53216 7.52453 17.65799 25 28 30 234 -2.12026 -2.12026 -2.81341
-35.20989 6.60869 19.01275 25 28 30 234 -2.12026 -2.12026 -2.81341
-31.75204 8.06093 12.24483 25 28 30 234 -2.12026 -2.12026 -2.81341
-31.74722 8.09919 14.29020 25 28 30 234 -2.12026 -2.12026 -2.81341
-34.67582 6.94205 17.77132 25 28 30 234 -2.12026 -2.12026 -2.81341
-31.83980 8.10518 19.65077 25 28 30 234 -2.12026 -2.12026 -2.81341
-33.23545 7.57866 18.40556 25 28 30 234 -2.12026 -2.12026 -2.81341
-35.56671 6.49056 10.38896 25 28 30 234 -2.12026 -2.12026 -2.81341
-29.73252 7.04545 14.85119 25 28 30 234 -2.12026 -2.12026 -2.81341
-34.18553 7.18563 13.87847 25 28 30 234 -2.12026 -2.12026 -2.81341
-30.55589 7.57326 13.01424 25 28 30 234 -2.12026 -2.12026 -2.81341
-28.58986 6.54739 19.67589 25 28 30 234 -2.12026 -2.12026 -2.81341
-35.37935 6.59940 11.88850 25 28 30 234 -2.12026 -2.12026 -2.81341
-31.96718 8.20778 13.23961 25 28 30 234 -2.12026 -2.12026 -2.81341
-36.01166 6.28992 17.60408 25 28 30 234 -2.12026 -2.12026 -2.81341
-32.97832 7.77761 14.42562 25 28 30 234 -2.12026 -2.12026 -2.81341
-32.22237 8.09227 15.29732 25 28 30 234 -2.12026 -2.12026 -2.81341
-33.46836 7.53358 13.16660 25 28 30 234 -2.12026 -2.12026 -2.81341
-29.76848 7.17133 12.32038 25 28 30 234 -2.12026 -2.12026 -2.81341
-32.89688 7.76843 14.96411 25 28 30 234 -2.12026 -2.12026 -2.81341
-35.93279 6.30428 11.02135 25 28 30 234 -2.12026 -2.12026 -2.81341
-31.34678 7.90539 10.56668 25 28 30 234 -2.12026 -2.12026 -2.81341
-33.33950 7.57452 16.86175 25 28 30 234 -2.12026 -2.12026 -2.81341
-34.10980 7.19363 15.42130 25 28 30 234 -2.12026 -2.12026 -2.81341
-32.48581 8.04334 10.41188 25 28 30 234 -2.12026 -2.12026 -2.81341
-34.43827 7.03095 13.31620 25 28 30 234 -2.12026 -2.12026 -2.81341
-35.28978 6.59038 10.88739 25 28 30 234 -2.12026 -2.12026 -2.81341
-28.44184 6.46302 12.71389 25 28 30 234 -2.12026 -2.12026 -2.81341
-34.71535 6.94152 12.37003 25 28 30 234 -2.12026 -2.12026 -2.81341
-27.72838 6.05593 13.07975 25 28 30 234 -2.12026 -2.12026 -2.81341
-32.28725 8.06501 15.75893 25 28 30 234 -2.12026 -2.12026 -2.81341
-33.70886 7.30392 15.21776 25 28 30 234 -2.12026 -2.12026 -2.81341
-30.06881 7.25494 17.90804 25 28 30 234 -2.12026 -2.12026 -2.81341
-30.89187 7.75625 15.73093 25 28 30 234 -2.12026 -2.12026 -2.81341
-31.19944 7.75407 14.33557 25 28 30 234 -2.12026 -2.12026 -2.81341
-33.50461 7.46864 13.23561 25 28 30 234 -2.12026 -2.12026 -2.81341
-29.99599 7.28657 16.18866 25 28 30 234 -2.12026 -2.12026 -2.81341
-23.61602 2.68348 10.75000 133 82 59 224 -2.20727 -2.20727 -2.52573
-24.20634 1.48434 19.25000 133 88 58 224 -2.20727 -2.20727 -2.52573
-19.20000 4.55957 16.26775 128 81 59 224 -2.20727 -2.20727 -2.52573
-22.36551 2.59304 10.75000 122 88 52 224 -2.20727 -2.20727 -2.52573
-21.95081 2.97894 10.75000 123 77 53 224 -2.20727 -2.20727 -2.52573
-19.20000 3.41454 11.78123 138 78 51 224 -2.20727 -2.20727 -2.52573
-21.58048 3.62447 19.25000 127 88 55 224 -2.20727 -2.20727 -2.52573
-20.53730 2.88494 10.75000 137 81 58 224 -2.20727 -2.20727 -2.52573
-26.40000 3.41782 16.76067 136 79 51 224 -2.20727 -2.20727 -2.52573
-26.40000 2.27777 17.68916 130 85 57 224 -2.20727 -2.20727 -2.52573
-19.20000 0.58550 15.19973 130 82 57 224 -2.20727 -2.20727 -2.52573
-23.57113 3.46525 10.75000 126 88 51 224 -2.20727 -2.20727 -2.52573
-19.49781 2.80987 19.25000 125 82 55 224 -2.20727 -2.20727 -2.52573
-19.20000 2.24770 15.04150 136 86 59 224 -2.20727 -2.20727 -2.52573
-26.40000 3.77468 17.37701 137 86 58 224 -2.20727 -2.20727 -2.52573
-26.40000 2.09576 15.47520 123 84 53 224 -2.20727 -2.20727 -2.52573
-20.14494 0.72856 10.75000 131 86 52 224 -2.20727 -2.20727 -2.52573
-25.98084 0.50679 10.75000 141 77 59 224 -2.20727 -2.20727 -2.52573
-19.20000 2.36082 13.49975 128 84 61 224 -2.20727 -2.20727 -2.52573
-23.68378 4.29136 19.25000 137 76 53 224 -2.20727 -2.20727 -2.52573
-19.20000 4.84121 16.63466 140 83 52 224 -2.20727 -2.20727 -2.52573
-20.48968 5.47149 19.25000 135 80 58 224 -2.20727 -2.20727 -2.52573
-20.66032 5.06097 19.25000 138 88 59 224 -2.20727 -2.20727 -2.52573
-23.13687 5.89070 10.75000 131 78 52 224 -2.20727 -2.20727 -2.52573
-26.40000 3.34920 16.72045 133 76 60 224 -2.20727 -2.20727 -2.52573
-26.40000 1.06295 14.72039 135 80 57 224 -2.20727 -2.20727 -2.52573
-26.40000 5.41231 12.07466 123 87 56 224 -2.20727 -2.20727 -2.52573
-20.10640 0.79785 19.25000 133 86 58 224 -2.20727 -2.20727 -2.52573
-19.97193 2.31751 10.75000 139 82 61 224 -2.20727 -2.20727 -2.52573
-26.40000 1.61026 18.34970 124 84 52 224 -2.20727 -2.20727 -2.52573
-19.20000 1.67420 13.91551 139 83 58 224 -2.20727 -2.20727 -2.52573
-26.40000 3.20110 13.21825 141 77 51 224 -2.20727 -2.20727 -2.52573
-19.20000 2.35059 16.38671 140 79 58 224 -2.20727 -2.20727 -2.52573
-26.40000 5.68737 15.31353 136 76 56 224 -2.20727 -2.20727 -2.52573
-25.67501 1.40451 10.75000 138 83 57 224 -2.20727 -2.20727 -2.52573
-19.20000 2.04646 12.09317 138 86 55 224 -2.20727 -2.20727 -2.52573
-19.20000 5.15922 16.41679 134 84 56 224 -2.20727 -2.20727 -2.52573
-25.07306 5.47539 19.25000 141 78 52 224 -2.20727 -2.20727 -2.52573
-19.20000 0.85806 16.48232 136 81 51 224 -2.20727 -2.20727 -2.52573
-19.26542 3.01623 19.25000 130 79 52 224 -2.20727 -2.20727 -2.52573
-26.40000 4.56086 15.25350 134 77 53 224 -2.20727 -2.20727 -2.52573
-21.91149 0.47903 19.25000 124 87 59 224 -2.20727 -2.20727 -2.52573
-26.40000 2.24339 11.22067 132 82 58 224 -2.20727 -2.20727 -2.52573
-19.71246 3.09779 10.75000 134 76 51 224 -2.20727 -2.20727 -2.52573
-26.24046 3.12138 10.75000 127 85 53 224 -2.20727 -2.20727 -2.52573
-22.95252 4.35428 19.25000 140 77 53 224 -2.20727 -2.20727 -2.52573
-19.20000 1.87290 12.22121 134 80 58 224 -2.20727 -2.20727 -2.52573
-20.42160 1.24657 10.75000 126 76 58 224 -2.20727 -2.20727 -2.52573
-26.40000 2.11211 13.48493 130 83 51 224 -2.20727 -2.20727 -2.52573
-19.20000 2.01620 18.71514 133 81 57 224 -2.20727 -2.20727 -2.52573
-26.40000 2.23182 18.39071 133 80 55 224 -2.20727 -2.20727 -2.52573
-21.45400 0.43175 19.25000 139 83 56 224 -2.20727 -2.20727 -2.52573
-22.02838 1.54987 19.25000 134 86 52 224 -2.20727 -2.20727 -2.52573
-21.14803 2.55192 10.75000 129 86 55 224 -2.20727 -2.20727 -2.52573
-25.94089 4.08537 19.25000 133 77 57 224 -2.20727 -2.20727 -2.52573
-25.83548 1.60002 10.75000 138 81 51 224 -2.20727 -2.20727 -2.52573
-25.37119 2.10051 19.25000 125 81 58 224 -2.20727 -2.20727 -2.52573
-26.40000 2.81326 17.25294 141 79 58 224 -2.20727 -2.20727 -2.52573
-20.83743 5.78205 19.25000 142 77 51 224 -2.20727 -2.20727 -2.52573
-24.98658 3.04846 19.25000 133 86 54 224 -2.20727 -2.20727 -2.52573
-26.40000 1.05559 10.79506 132 78 58 224 -2.20727 -2.20727 -2.52573
-19.90743 1.11285 19.25000 123 89 52 224 -2.20727 -2.20727 -2.52573
-23.62304 0.48170 10.75000 126 82 56 224 -2.20727 -2.20727 -2.52573
-22.47445 0.34612 10.75000 122 88 52 224 -2.20727 -2.20727 -2.52573
-26.40000 5.12283 12.87041 126 78 58 224 -2.20727 -2.20727 -2.52573
-24.63804 0.88222 19.25000 126 77 53 224 -2.20727 -2.20727 -2.52573
-22.79960 0.84042 19.25000 137 85 51 224 -2.20727 -2.20727 -2.52573
-21.96633 4.93851 19.25000 130 89 58 224 -2.20727 -2.20727 -2.52573
-26.40000 0.26307 17.55254 132 85 56 224 -2.20727 -2.20727 -2.52573
-23.63877 0.81597 19.25000 141 85 58 224 -2.20727 -2.20727 -2.52573
-19.20000 2.08731 13.78438 133 79 58 224 -2.20727 -2.20727 -2.52573
-20.35626 2.36411 10.75000 125 84 57 224 -2.20727 -2.20727 -2.52573
-22.65729 2.37710 10.75000 123 87 52 224 -2.20727 -2.20727 -2.52573
-26.40000 5.92272 11.16410 137 79 59 224 -2.20727 -2.20727 -2.52573
-25.90418 2.03202 19.25000 131 76 53 224 -2.20727 -2.20727 -2.52573
-24.31619 1.10700 19.25000 123 87 61 224 -2.20727 -2.20727 -2.52573
-25.08346 2.08535 10.75000 133 79 61 224 -2.20727 -2.20727 -2.52573
-19.20000 1.19744 11.69522 132 87 57 224 -2.20727 -2.20727 -2.52573
-22.22901 2.66419 10.75000 136 78 57 224 -2.20727 -2.20727 -2.52573
-26.40000 0.26228 14.83479 123 78 53 224 -2.20727 -2.20727 -2.52573
-20.27394 3.28785 19.25000 127 84 55 224 -2.20727 -2.20727 -2.52573
-26.40000 1.18748 18.49677 128 85 55 224 -2.20727 -2.20727 -2.52573
-19.20000 3.92759 12.78490 142 83 59 224 -2.20727 -2.20727 -2.52573
-19.20000 2.17590 17.51789 126 77 53 224 -2.20727 -2.20727 -2.52573
-26.40000 3.23266 16.77655 126 80 53 224 -2.20727 -2.20727 -2.52573
-19.20000 0.06037 14.85631 128 86 56 224 -2.20727 -2.20727 -2.52573
-22.94945 2.68561 19.25000 129 82 59 224 -2.20727 -2.20727 -2.52573
-26.40000 1.95238 15.26134 129 81 52 224 -2.20727 -2.20727 -2.52573
-26.05094 4.61157 10.75000 127 82 53 224 -2.20727 -2.20727 -2.52573
-26.40000 4.61372 13.45369 131 77 59 224 -2.20727 -2.20727 -2.52573
-19.45079 0.62446 19.25000 138 79 52 224 -2.20727 -2.20727 -2.52573
-22.97246 3.66234 19.25000 139 82 53 224 -2.20727 -2.20727 -2.52573
-19.21183 2.85057 19.25000 138 78 55 224 -2.20727 -2.20727 -2.52573
-19.20000 2.25978 14.42750 135 76 52 224 -2.20727 -2.20727 -2.52573
-19.20000 1.39479 11.58761 134 80 51 224 -2.20727 -2.20727 -2.52573
-19.60010 2.05581 10.75000 122 87 59 224 -2.20727 -2.20727 -2.52573
-19.20000 4.46607 11.54110 133 84 57 224 -2.20727 -2.20727 -2.52573
-26.40000 1.70667 17.77939 136 76 57 224 -2.20727 -2.20727 -2.52573
-26.40000 0.15487 16.61955 134 86 59 224 -2.20727 -2.20727 -2.52573
-19.20000 2.98466 18.24682 123 76 52 224 -2.20727 -2.20727 -2.52573
-26.40000 2.39836 12.67715 131 78 60 224 -2.20727 -2.20727 -2.52573
-20.53300 5.68992 10.75000 136 85 53 224 -2.20727 -2.20727 -2.52573
-19.20000 2.91075 13.46173 127 82 59 224 -2.20727 -2.20727 -2.52573
-26.40000 2.58366 16.08763 137 78 51 224 -2.20727 -2.20727 -2.52573
-19.20000 3.88408 18.37609 133 87 58 224 -2.20727 -2.20727 -2.52573
-25.04148 3.80211 19.25000 125 77 56 224 -2.20727 -2.20727 -2.52573
-26.40000 1.00489 18.90287 123 83 58 224 -2.20727 -2.20727 -2.52573
-19.20000 2.13088 12.99329 125 82 52 224 -2.20727 -2.20727 -2.52573
-19.20000 4.08726 14.69060 137 85 60 224 -2.20727 -2.20727 -2.52573
-20.87093 1.38224 19.25000 122 88 51 224 -2.20727 -2.20727 -2.52573
-19.20000 3.11321 16.86094 129 80 55 224 -2.20727 -2.20727 -2.52573
-19.20000 2.91561 17.91454 127 86 51 224 -2.20727 -2.20727 -2.52573
-24.53141 5.25477 10.75000 135 81 56 224 -2.20727 -2.20727 -2.52573
-19.20000 0.31558 13.12147 125 86 56 224 -2.20727 -2.20727 -2.52573
-20.24002 0.04977 10.75000 134 83 55 224 -2.20727 -2.20727 -2.52573
-26.40000 3.57082 19.22877 140 83 51 224 -2.20727 -2.20727 -2.52573
-25.03507 5.09701 19.25000 132 88 52 224 -2.20727 -2.20727 -2.52573
-26.40000 0.97190 14.12977 140 84 55 224 -2.20727 -2.20727 -2.52573
-25.53057 4.93954 19.25000 129 84 55 224 -2.20727 -2.20727 -2.52573
-19.20000 3.21853 13.96126 140 85 56 224 -2.20727 -2.20727 -2.52573
-19.20000 1.07998 13.55801 140 84 60 224 -2.20727 -2.20727 -2.52573
-19.20000 4.38757 10.76523 141 83 53 224 -2.20727 -2.20727 -2.52573
-20.68299 0.82593 19.25000 124 83 56 224 -2.20727 -2.20727 -2.52573
-23.51423 3.63229 10.75000 129 86 57 224 -2.20727 -2.20727 -2.52573
-20.99649 3.94352 19.25000 142 85 53 224 -2.20727 -2.20727 -2.52573
-19.20000 5.60948 11.90859 132 89 52 224 -2.20727 -2.20727 -2.52573
-24.30805 1.93815 19.25000 135 80 59 224 -2.20727 -2.20727 -2.52573
-26.40000 3.44094 18.54645 142 86 51 224 -2.20727 -2.20727 -2.52573
-22.01131 4.42037 19.25000 142 84 56 224 -2.20727 -2.20727 -2.52573
-26.40000 5.72021 17.59769 125 88 51 224 -2.20727 -2.20727 -2.52573
-26.40000 2.21509 14.33093 133 81 58 224 -2.20727 -2.20727 -2.52573
-19.56288 1.67223 10.75000 128 83 58 224 -2.20727 -2.20727 -2.52573
-22.86321 2.27535 19.25000 132 79 60 224 -2.20727 -2.20727 -2.52573
-20.94867 0.94221 19.25000 124 82 59 224 -2.20727 -2.20727 -2.52573
-26.40000 1.18811 18.66060 130 87 57 224 -2.20727 -2.20727 -2.52573
-22.30332 2.50306 10.75000 139 77 60 224 -2.20727 -2.20727 -2.52573
-26.40000 0.28410 15.90887 130 85 53 224 -2.20727 -2.20727 -2.52573
-21.98514 0.60698 19.25000 141 88 56 224 -2.20727 -2.20727 -2.52573
-26.40000 4.89259 18.06777 130 87 60 224 -2.20727 -2.20727 -2.52573
-26.40000 5.36099 14.24479 126 83 59 224 -2.20727 -2.20727 -2.52573
-25.14995 3.61294 10.75000 132 77 59 224 -2.20727 -2.20727 -2.52573
-19.25405 4.81412 19.25000 134 86 55 224 -2.20727 -2.20727 -2.52573
-26.00050 3.25815 10.75000 123 87 56 224 -2.20727 -2.20727 -2.52573
-23.00107 2.09091 19.25000 127 83 55 224 -2.20727 -2.20727 -2.52573
-26.40000 4.29515 19.14657 131 87 59 224 -2.20727 -2.20727 -2.52573
-19.20000 0.60700 17.96975 140 84 59 224 -2.20727 -2.20727 -2.52573
-22.19637 0.82493 10.75000 128 77 51 224 -2.20727 -2.20727 -2.52573
-19.93196 5.76972 10.75000 122 76 55 224 -2.20727 -2.20727 -2.52573
-20.62950 4.73748 10.75000 133 82 54 224 -2.20727 -2.20727 -2.52573
-26.40000 2.70639 13.63888 136 77 54 224 -2.20727 -2.20727 -2.52573
-19.20000 5.61462 12.24326 136 82 53 224 -2.20727 -2.20727 -2.52573
-26.40000 5.15435 15.62481 139 82 51 224 -2.20727 -2.20727 -2.52573
-19.20000 3.47498 14.93517 125 78 59 224 -2.20727 -2.20727 -2.52573
-19.97361 4.61949 10.75000 135 78 58 224 -2.20727 -2.20727 -2.52573
-19.20000 5.79431 14.66047 133 87 61 224 -2.20727 -2.20727 -2.52573
-23.87763 4.38659 19.25000 136 87 55 224 -2.20727 -2.20727 -2.52573
-19.20000 0.10030 17.58730 127 84 60 224 -2.20727 -2.20727 -2.52573
-26.40000 4.75986 18.10771 130 85 59 224 -2.20727 -2.20727 -2.52573
-19.87126 5.53056 19.25000 130 87 55 224 -2.20727 -2.20727 -2.52573
-26.40000 4.08865 18.80086 122 77 52 224 -2.20727 -2.20727 -2.52573
-19.20000 5.45988 14.41512 141 86 59 224 -2.20727 -2.20727 -2.52573
-25.00018 5.09819 10.75000 139 83 58 224 -2.20727 -2.20727 -2.52573
-21.34371 0.71477 19.25000 122 87 57 224 -2.20727 -2.20727 -2.52573
-26.40000 2.06268 18.69527 140 86 60 224 -2.20727 -2.20727 -2.52573
-19.38349 0.96714 10.75000 127 78 60 224 -2.20727 -2.20727 -2.52573
-20.67069 5.82360 10.75000 123 87 53 224 -2.20727 -2.20727 -2.52573
-21.27512 4.44935 19.25000 128 85 61 224 -2.20727 -2.20727 -2.52573
-26.40000 0.32308 15.66039 135 87 52 224 -2.20727 -2.20727 -2.52573
-25.49547 0.41309 19.25000 132 85 52 224 -2.20727 -2.20727 -2.52573
-19.20000 1.04816 17.22678 140 85 57 224 -2.20727 -2.20727 -2.52573
-19.20000 3.04286 18.22409 133 80 54 224 -2.20727 -2.20727 -2.52573
-21.31006 0.18948 19.25000 141 86 59 224 -2.20727 -2.20727 -2.52573
-21.47829 2.71776 19.25000 124 86 57 224 -2.20727 -2.20727 -2.52573
-26.40000 5.09526 15.48719 131 87 59 224 -2.20727 -2.20727 -2.52573
-25.19066 2.89193 19.25000 137 77 53 224 -2.20727 -2.20727 -2.52573
-21.53479 0.66535 19.25000 134 81 57 224 -2.20727 -2.20727 -2.52573
-26.40000 0.33707 14.04164 134 87 51 224 -2.20727 -2.20727 -2.52573
-20.33945 0.91414 10.75000 129 88 58 224 -2.20727 -2.20727 -2.52573
-20.19060 2.66349 10.75000 122 79 55 224 -2.20727 -2.20727 -2.52573
-19.20000 1.87138 18.16463 140 79 56 224 -2.20727 -2.20727 -2.52573
-24.10758 4.01650 10.75000 135 87 54 224 -2.20727 -2.20727 -2.52573
-26.40000 4.17963 13.37639 133 81 59 224 -2.20727 -2.20727 -2.52573
-26.40000 4.19759 19.23305 140 87 59 224 -2.20727 -2.20727 -2.52573
-21.58667 2.61611 10.75000 124 88 58 224 -2.20727 -2.20727 -2.52573
-26.40000 4.28864 16.75991 136 79 52 224 -2.20727 -2.20727 -2.52573
-22.81653 2.21069 19.25000 140 81 57 224 -2.20727 -2.20727 -2.52573
-19.91206 4.65950 19.25000 140 80 51 224 -2.20727 -2.20727 -2.52573
-19.20000 0.37387 14.02673 133 88 52 224 -2.20727 -2.20727 -2.52573
-22.61078 4.60804 19.25000 131 87 57 224 -2.20727 -2.20727 -2.52573
-19.20000 0.25364 10.94228 141 84 57 224 -2.20727 -2.20727 -2.52573
-22.06631 4.16417 10.75000 136 81 51 224 -2.20727 -2.20727 -2.52573
-26.36740 4.93375 10.75000 140 76 59 224 -2.20727 -2.20727 -2.52573
-21.90428 1.65765 19.25000 142 79 60 224 -2.20727 -2.20727 -2.52573
-24.46825 3.37838 19.25000 136 85 53 224 -2.20727 -2.20727 -2.52573
-23.62881 2.06077 19.25000 127 85 52 224 -2.20727 -2.20727 -2.52573
-26.40000 1.76413 11.30492 129 78 58 224 -2.20727 -2.20727 -2.52573
-25.69200 5.66305 10.75000 134 86 58 224 -2.20727 -2.20727 -2.52573
-20.86694 4.57278 10.75000 130 82 59 224 -2.20727 -2.20727 -2.52573
-26.40000 2.37091 15.18530 141 88 58 224 -2.20727 -2.20727 -2.52573
-25.00778 0.99640 10.75000 124 80 56 224 -2.20727 -2.20727 -2.52573
-19.20000 3.89669 14.85898 141 79 54 224 -2.20727 -2.20727 -2.52573
-19.20000 5.59720 12.84546 129 81 53 224 -2.20727 -2.20727 -2.52573
-19.20000 2.47466 11.62917 127 85 52 224 -2.20727 -2.20727 -2.52573
-19.76881 1.25784 19.25000 124 81 55 224 -2.20727 -2.20727 -2.52573
-22.70636 2.02900 10.75000 128 87 53 224 -2.20727 -2.20727 -2.52573
-22.55240 0.70051 19.25000 135 86 55 224 -2.20727 -2.20727 -2.52573
-24.04095 4.31503 10.75000 134 80 60 224 -2.20727 -2.20727 -2.52573
-19.20000 4.64022 11.52157 138 84 60 224 -2.20727 -2.20727 -2.52573
-19.20000 1.02174 17.14462 140 76 52 224 -2.20727 -2.20727 -2.52573
-19.20000 5.34228 15.22222 129 87 53 224 -2.20727 -2.20727 -2.52573
-19.20000 4.84389 11.75247 131 79 56 224 -2.20727 -2.20727 -2.52573
-26.40000 5.90582 13.07718 131 86 51 224 -2.20727 -2.20727 -2.52573
-23.02568 0.78687 19.25000 135 88 60 224 -2.20727 -2.20727 -2.52573
-22.65550 1.82403 10.75000 140 76 51 224 -2.20727 -2.20727 -2.52573
-26.40000 5.89744 18.19268 130 88 54 224 -2.20727 -2.20727 -2.52573
-24.37060 4.19096 10.75000 139 77 51 224 -2.20727 -2.20727 -2.52573
-26.40000 0.78123 10.86007 140 82 58 224 -2.20727 -2.20727 -2.52573
-21.75197 2.77601 19.25000 126 87 57 224 -2.20727 -2.20727 -2.52573
-26.40000 1.83989 16.40014 138 79 58 224 -2.20727 -2.20727 -2.52573
-19.20000 3.53034 11.27780 138 82 57 224 -2.20727 -2.20727 -2.52573
-26.40000 2.73346 15.56676 126 84 60 224 -2.20727 -2.20727 -2.52573
-19.20000 1.52597 15.37216 136 84 54 224 -2.20727 -2.20727 -2.52573
-26.40000 1.03160 12.30157 125 85 57 224 -2.20727 -2.20727 -2.52573
-26.40000 4.34975 11.40118 135 83 55 224 -2.20727 -2.20727 -2.52573
-19.20000 4.96529 18.98497 131 88 53 224 -2.20727 -2.20727 -2.52573
-19.20000 5.91339 16.86673 128 83 56 224 -2.20727 -2.20727 -2.52573
-26.40000 3.10691 17.31916 136 84 55 224 -2.20727 -2.20727 -2.52573
-26.40000 3.93297 18.12363 134 78 52 224 -2.20727 -2.20727 -2.52573
-19.20000 4.45956 13.17567 134 84 60 224 -2.20727 -2.20727 -2.52573
-25.56777 2.23791 10.75000 127 86 54 224 -2.20727 -2.20727 -2.52573
-19.20000 0.48236 18.12616 125 83 59 224 -2.20727 -2.20727 -2.52573
-19.20000 2.95974 18.83391 139 80 51 224 -2.20727 -2.20727 -2.52573
-24.49696 1.29463 19.25000 136 78 55 224 -2.20727 -2.20727 -2.52573
-19.20000 3.20415 16.53873 123 82 52 224 -2.20727 -2.20727 -2.52573
-19.20000 0.23033 13.93559 134 78 57 224 -2.20727 -2.20727 -2.52573
-19.20000 1.72961 18.27258 131 76 58 224 -2.20727 -2.20727 -2.52573
-19.20000 3.60561 17.14822 126 84 57 224 -2.20727 -2.20727 -2.52573
-19.20000 5.19100 10.78072 129 78 59 224 -2.20727 -2.20727 -2.52573
-19.94215 5.00984 10.75000 133 88 60 224 -2.20727 -2.20727 -2.52573
-19.27832 2.59185 19.25000 139 78 55 224 -2.20727 -2.20727 -2.52573
-26.40000 1.94097 19.20847 135 83 56 224 -2.20727 -2.20727 -2.52573
-19.20000 0.11772 14.60237 142 81 57 224 -2.20727 -2.20727 -2.52573
-25.19923 1.43253 19.25000 142 80 58 224 -2.20727 -2.20727 -2.52573
-19.64411 0.51419 10.75000 131 77 56 224 -2.20727 -2.20727 -2.52573
-19.20000 1.61863 19.00964 136 78 53 224 -2.20727 -2.20727 -2.52573
-19.20000 4.27270 17.97968 135 86 51 224 -2.20727 -2.20727 -2.52573
-19.20000 3.51674 11.27081 132 77 58 224 -2.20727 -2.20727 -2.52573
-20.36408 4.59294 19.25000 139 85 52 224 -2.20727 -2.20727 -2.52573
-25.14163 3.50312 19.25000 122 78 52 224 -2.20727 -2.20727 -2.52573
-19.20000 5.03227 16.38291 125 83 58 224 -2.20727 -2.20727 -2.52573
-26.40000 4.23582 17.16545 139 85 59 224 -2.20727 -2.20727 -2.52573
-21.96512 5.07681 10.75000 128 88 53 224 -2.20727 -2.20727 -2.52573
-21.62906 5.12829 10.75000 141 86 59 224 -2.20727 -2.20727 -2.52573
-20.83348 1.34992 10.75000 142 86 59 224 -2.20727 -2.20727 -2.52573
-26.38668 3.96011 10.75000 133 78 54 224 -2.20727 -2.20727 -2.52573
-23.18633 4.66102 19.25000 124 82 58 224 -2.20727 -2.20727 -2.52573
-26.40000 5.91189 14.30175 137 87 56 224 -2.20727 -2.20727 -2.52573
-21.13084 5.19568 10.75000 124 80 54 224 -2.20727 -2.20727 -2.52573
-26.40000 1.73770 18.25809 123 84 55 224 -2.20727 -2.20727 -2.52573
-20.27238 3.66480 10.75000 141 88 52 224 -2.20727 -2.20727 -2.52573
-25.84508 6.57512 18.73519 25 28 30 234 -2.12026 -2.12026 -2.81341
-23.74071 7.57298 17.23357 25 28 30 234 -2.12026 -2.12026 -2.81341
-21.77411 7.50176 13.20001 25 28 30 234 -2.12026 -2.12026 -2.81341
-26.35178 6.33474 17.09225 25 28 30 234 -2.12026 -2.12026 -2.81341
-22.70382 8.04148 11.41285 25 28 30 234 -2.12026 -2.12026 -2.81341
-19.89029 6.59605 17.28401 25 28 30 234 -2.12026 -2.12026 -2.81341
-19.82396 6.53226 13.51469 25 28 30 234 -2.12026 -2.12026 -2.81341
-26.98038 5.99506 19.54161 25 28 30 234 -2.12026 -2.12026 -2.81341
-24.73269 7.08032 15.93991 25 28 30 234 -2.12026 -2.12026 -2.81341
-18.89317 6.11725 10.48201 25 28 30 234 -2.12026 -2.12026 -2.81341
-21.41620 7.30523 11.22349 25 28 30 234 -2.12026 -2.12026 -2.81341
-21.03659 7.09550 10.38973 25 28 30 234 -2.12026 -2.12026 -2.81341
-27.02469 5.93915 12.35202 25 28 30 234 -2.12026 -2.12026 -2.81341
-20.78667 7.08978 15.12607 25 28 30 234 -2.12026 -2.12026 -2.81341
-23.67509 7.61981 12.51379 25 28 30 234 -2.12026 -2.12026 -2.81341
-18.63389 5.96256 18.21366 25 28 30 234 -2.12026 -2.12026 -2.81341
-20.58009 6.91710 14.72456 25 28 30 234 -2.12026 -2.12026 -2.81341
-25.33205 6.82329 11.98741 25 28 30 234 -2.12026 -2.12026 -2.81341
-26.43019 6.25825 15.61382 25 28 30 234 -2.12026 -2.12026 -2.81341
-22.08277 7.65629 13.18444 25 28 30 234 -2.12026 -2.12026 -2.81341
-24.78218 7.11146 17.62651 25 28 30 234 -2.12026 -2.12026 -2.81341
-21.23920 7.27699 19.61942 25 28 30 234 -2.12026 -2.12026 -2.81341
-22.14862 7.70146 10.42071 25 28 30 234 -2.12026 -2.12026 -2.81341
-20.95558 7.12744 13.10975 25 28 30 234 -2.12026 -2.12026 -2.81341
-19.78077 6.60197 14.73550 25 28 30 234 -2.12026 -2.12026 -2.81341
-26.85191 6.04429 15.01833 25 28 30 234 -2.12026 -2.12026 -2.81341
-19.58013 6.54623 11.74739 25 28 30 234 -2.12026 -2.12026 -2.81341
-21.93040 7.65433 17.71561 25 28 30 234 -2.12026 -2.12026 -2.81341
-19.92476 6.63501 19.84541 25 28 30 234 -2.12026 -2.12026 -2.81341
-19.60081 6.46972 15.51158 25 28 30 234 -2.12026 -2.12026 -2.81341
-21.03604 7.19325 10.10518 25 28 30 234 -2.12026 -2.12026 -2.81341
-24.58947 7.16438 15.48764 25 28 30 234 -2.12026 -2.12026 -2.81341
-22.58044 7.86923 15.20132 25 28 30 234 -2.12026 -2.12026 -2.81341
-19.03182 6.16220 10.11693 25 28 30 234 -2.12026 -2.12026 -2.81341
-20.02838 6.71941 15.12176 25 28 30 234 -2.12026 -2.12026 -2.81341
-24.39049 7.20879 17.74507 25 28 30 234 -2.12026 -2.12026 -2.81341
-18.77335 6.08843 17.33292 25 28 30 234 -2.12026 -2.12026 -2.81341
-21.26808 7.34728 15.60938 25 28 30 234 -2.12026 -2.12026 -2.81341
-20.24098 6.80223 11.45625 25 28 30 234 -2.12026 -2.12026 -2.81341
-25.04405 6.90193 15.11300 25 28 30 234 -2.12026 -2.12026 -2.81341
-26.48283 6.21916 15.15094 25 28 30 234 -2.12026 -2.12026 -2.81341
-21.23573 7.25794 12.39426 25 28 30 234 -2.12026 -2.12026 -2.81341
-22.75259 8.01820 12.30506 25 28 30 234 -2.12026 -2.12026 -2.81341
-19.26948 6.31150 14.68958 25 28 30 234 -2.12026 -2.12026 -2.81341
-19.61541 6.45911 13.43076 25 28 30 234 -2.12026 -2.12026 -2.81341
-23.56905 7.68882 10.85231 25 28 30 234 -2.12026 -2.12026 -2.81341
-19.06749 6.24944 14.08345 25 28 30 234 -2.12026 -2.12026 -2.81341
-20.35269 6.81958 15.06327 25 28 30 234 -2.12026 -2.12026 -2.81341
-19.25942 6.33017 15.08018 25 28 30 234 -2.12026 -2.12026 -2.81341
-22.76109 8.04453 16.96489 25 28 30 234 -2.12026 -2.12026 -2.81341
-18.64607 6.01528 10.66711 25 28 30 234 -2.12026 -2.12026 -2.81341
-26.26013 6.29237 14.28397 25 28 30 234 -2.12026 -2.12026 -2.81341
-24.84855 7.04740 15.30859 25 28 30 234 -2.12026 -2.12026 -2.81341
-19.79323 6.60430 11.15406 25 28 30 234 -2.12026 -2.12026 -2.81341
-26.07696 6.36666 19.92739 25 28 30 234 -2.12026 -2.12026 -2.81341
-19.53720 6.44146 10.55954 25 28 30 234 -2.12026 -2.12026 -2.81341
-23.83266 7.48448 16.53338 25 28 30 234 -2.12026 -2.12026 -2.81341
-23.61261 7.66238 10.93912 25 28 30 234 -2.12026 -2.12026 -2.81341
-24.97567 6.98878 17.51285 25 28 30 234 -2.12026 -2.12026 -2.81341
-19.56794 6.40224 15.15912 25 28 30 234 -2.12026 -2.12026 -2.81341
-18.93448 6.07085 13.66593 25 28 30 234 -2.12026 -2.12026 -2.81341
-21.63975 7.48258 12.62430 25 28 30 234 -2.12026 -2.12026 -2.81341
-24.38601 7.29163 16.06279 25 28 30 234 -2.12026 -2.12026 -2.81341
-22.50063 7.85299 16.31823 25 28 30 234 -2.12026 -2.12026 -2.81341
-20.27919 6.81303 12.59227 25 28 30 234 -2.12026 -2.12026 -2.81341
-26.05244 6.43198 17.56408 25 28 30 234 -2.12026 -2.12026 -2.81341
-24.90192 7.00502 14.56604 25 28 30 234 -2.12026 -2.12026 -2.81341
-21.67480 7.50026 14.73259 25 28 30 234 -2.12026 -2.12026 -2.81341
-20.05095 6.69790 10.81038 25 28 30 234 -2.12026 -2.12026 -2.81341
-18.65822 6.00587 11.12736 25 28 30 234 -2.12026 -2.12026 -2.81341
-20.88360 7.10690 16.83647 25 28 30 234 -2.12026 -2.12026 -2.81341
-23.38722 7.70152 14.64984 25 28 30 234 -2.12026 -2.12026 -2.81341
-23.45684 7.75862 12.31612 25 28 30 234 -2.12026 -2.12026 -2.81341
-19.85864 6.56386 11.77334 25 28 30 234 -2.12026 -2.12026 -2.81341
-26.01428 6.45473 14.72265 25 28 30 234 -2.12026 -2.12026 -2.81341
-23.17128 7.86697 17.37033 25 28 30 234 -2.12026 -2.12026 -2.81341
-21.09185 7.30417 14.83709 25 28 30 234 -2.12026 -2.12026 -2.81341
-25.08398 6.96002 11.95871 25 28 30 234 -2.12026 -2.12026 -2.81341
-19.25993 6.32640 10.57341 25 28 30 234 -2.12026 -2.12026 -2.81341
-21.11239 7.23071 14.74134 25 28 30 234 -2.12026 -2.12026 -2.81341
-20.95368 7.11116 15.38591 25 28 30 234 -2.12026 -2.12026 -2.81341
-21.95451 7.60929 14.79948 25 28 30 234 -2.12026 -2.12026 -2.81341
-21.72370 7.55568 10.49421 25 28 30 234 -2.12026 -2.12026 -2.81341
-23.64219 7.65487 13.27487 25 28 30 234 -2.12026 -2.12026 -2.81341
-24.88665 6.98654 12.32829 25 28 30 234 -2.12026 -2.12026 -2.81341
-20.57791 6.98239 10.74695 25 28 30 234 -2.12026 -2.12026 -2.81341
-18.51613 5.91460 14.76233 25 28 30 234 -2.12026 -2.12026 -2.81341
-25.28382 6.80770 14.73381 25 28 30 234 -2.12026 -2.12026 -2.81341
-26.09827 6.39937 12.49312 25 28 30 234 -2.12026 -2.12026 -2.81341
-24.92197 6.99992 13.34290 25 28 30 234 -2.12026 -2.12026 -2.81341
-25.32821 6.81786 12.27945 25 28 30 234 -2.12026 -2.12026 -2.81341
-23.76759 7.55964 16.96750 25 28 30 234 -2.12026 -2.12026 -2.81341
-24.49280 7.25090 14.72945 25 28 30 234 -2.12026 -2.12026 -2.81341
-21.61040 7.45220 18.59846 25 28 30 234 -2.12026 -2.12026 -2.81341
-24.12059 7.28359 13.45544 25 28 30 234 -2.12026 -2.12026 -2.81341
-22.32660 7.84528 11.10467 25 28 30 234 -2.12026 -2.12026 -2.81341
-23.03203 7.87899 19.63700 25 28 30 234 -2.12026 -2.12026 -2.81341
-20.98355 7.12350 12.99755 25 28 30 234 -2.12026 -2.12026 -2.81341
-19.05275 6.19728 11.39637 25 28 30 234 -2.12026 -2.12026 -2.81341
-24.62281 7.19242 11.99895 25 28 30 234 -2.12026 -2.12026 -2.81341
-27.00820 6.00436 11.94399 25 28 30 234 -2.12026 -2.12026 -2.81341
-18.67709 6.07495 19.61299 25 28 30 234 -2.12026 -2.12026 -2.81341
-21.76811 7.55136 17.95776 25 28 30 234 -2.12026 -2.12026 -2.81341
-21.88764 7.57208 17.75835 25 28 30 234 -2.12026 -2.12026 -2.81341
-22.35432 7.79569 16.98263 25 28 30 234 -2.12026 -2.12026 -2.81341
-26.37861 6.24867 16.47268 25 28 30 234 -2.12026 -2.12026 -2.81341
-18.91791 6.14950 18.27597 25 28 30 234 -2.12026 -2.12026 -2.81341
-22.95349 7.99743 14.92960 25 28 30 234 -2.12026 -2.12026 -2.81341
-21.69317 7.52693 16.89867 25 28 30 234 -2.12026 -2.12026 -2.81341
-24.89211 7.01260 16.98863 25 28 30 234 -2.12026 -2.12026 -2.81341
-26.68686 6.20141 16.45692 25 28 30 234 -2.12026 -2.12026 -2.81341
-24.53859 7.14368 19.78324 25 28 30 234 -2.12026 -2.12026 -2.81341
-24.12022 7.35259 13.98594 25 28 30 234 -2.12026 -2.12026 -2.81341
-25.67113 6.60949 11.54692 25 28 30 234 -2.12026 -2.12026 -2.81341
-20.75967 7.02072 19.65777 25 28 30 234 -2.12026 -2.12026 -2.81341
-19.90906 6.65833 14.72939 25 28 30 234 -2.12026 -2.12026 -2.81341
-20.21274 6.84319 17.99008 25 28 30 234 -2.12026 -2.12026 -2.81341
-26.02226 6.49823 11.18627 25 28 30 234 -2.12026 -2.12026 -2.81341
-22.13569 7.73074 14.86433 25 28 30 234 -2.12026 -2.12026 -2.81341
-20.91730 7.12837 13.91330 25 28 30 234 -2.12026 -2.12026 -2.81341
-18.58333 6.00538 10.30267 25 28 30 234 -2.12026 -2.12026 -2.81341
-22.99753 7.87205 14.68456 25 28 30 234 -2.12026 -2.12026 -2.81341
-22.29627 7.81294 13.10484 25 28 30 234 -2.12026 -2.12026 -2.81341
-19.85579 6.60526 15.49576 25 28 30 234 -2.12026 -2.12026 -2.81341
-22.33844 7.81929 11.91471 25 28 30 234 -2.12026 -2.12026 -2.81341
-18.86370 6.18479 15.65343 25 28 30 234 -2.12026 -2.12026 -2.81341
-19.61893 6.49750 11.13662 25 28 30 234 -2.12026 -2.12026 -2.81341
-20.53755 6.87381 17.80913 25 28 30 234 -2.12026 -2.12026 -2.81341
-24.74896 7.12405 15.31855 25 28 30 234 -2.12026 -2.12026 -2.81341
-19.69239 6.51411 10.06960 25 28 30 234 -2.12026 -2.12026 -2.81341
-24.41456 7.21432 17.99775 25 28 30 234 -2.12026 -2.12026 -2.81341
-19.82170 6.66070 19.17001 25 28 30 234 -2.12026 -2.12026 -2.81341
-22.06417 7.74013 16.08108 25 28 30 234 -2.12026 -2.12026 -2.81341
-24.51571 7.23490 16.26508 25 28 30 234 -2.12026 -2.12026 -2.81341
-26.67649 6.13567 16.04125 25 28 30 234 -2.12026 -2.12026 -2.81341
-21.42092 7.32995 12.88636 25 28 30 234 -2.12026 -2.12026 -2.81341
-25.54300 6.75204 17.38325 25 28 30 234 -2.12026 -2.12026 -2.81341
-21.91353 7.58579 10.21538 25 28 30 234 -2.12026 -2.12026 -2.81341
-25.87192 6.55994 10.65317 25 28 30 234 -2.12026 -2.12026 -2.81341
-19.96515 6.63926 14.46212 25 28 30 234 -2.12026 -2.12026 -2.81341
-19.21399 6.29677 15.62738 25 28 30 234 -2.12026 -2.12026 -2.81341
-19.53546 6.41704 13.08994 25 28 30 234 -2.12026 -2.12026 -2.81341
-20.38323 6.83859 10.43264 25 28 30 234 -2.12026 -2.12026 -2.81341
-24.38204 7.26748 10.52502 25 28 30 234 -2.12026 -2.12026 -2.81341
-18.51715 5.93320 16.87709 25 28 30 234 -2.12026 -2.12026 -2.81341
-18.71871 6.01831 10.61677 25 28 30 234 -2.12026 -2.12026 -2.81341
-22.06587 7.69886 12.35181 25 28 30 234 -2.12026 -2.12026 -2.81341
-19.07493 6.24628 13.04895 25 28 30 234 -2.12026 -2.12026 -2.81341
-23.37194 7.73849 13.66100 25 28 30 234 -2.12026 -2.12026 -2.81341
-18.64988 5.99027 18.21042 25 28 30 234 -2.12026 -2.12026 -2.81341
-20.75561 7.04814 18.64006 25 28 30 234 -2.12026 -2.12026 -2.81341
-18.53847 5.97403 15.39252 25 28 30 234 -2.12026 -2.12026 -2.81341
-26.71711 6.11342 17.94133 25 28 30 234 -2.12026 -2.12026 -2.81341
-26.40191 6.22700 13.58529 25 28 30 234 -2.12026 -2.12026 -2.81341
-21.89027 7.62124 13.13948 25 28 30 234 -2.12026 -2.12026 -2.81341
-26.75438 6.10265 14.34770 25 28 30 234 -2.12026 -2.12026 -2.81341
-24.30625 7.24693 16.71763 25 28 30 234 -2.12026 -2.12026 -2.81341
-20.04602 6.70062 11.73376 25 28 30 234 -2.12026 -2.12026 -2.81341
-21.93539 7.61985 14.01596 25 28 30 234 -2.12026 -2.12026 -2.81341
-21.78256 7.48505 12.85483 25 28 30 234 -2.12026 -2.12026 -2.81341
-20.98089 7.15542 19.90726 25 28 30 234 -2.12026 -2.12026 -2.81341
-24.62535 7.20922 19.72078 25 28 30 234 -2.12026 -2.12026 -2.81341
-24.87907 7.03634 16.14948 25 28 30 234 -2.12026 -2.12026 -2.81341
-19.36796 6.38420 10.30446 25 28 30 234 -2.12026 -2.12026 -2.81341
-19.62993 6.48551 10.33133 25 28 30 234 -2.12026 -2.12026 -2.81341
-21.91753 7.58230 12.98409 25 28 30 234 -2.12026 -2.12026 -2.81341
-23.35049 7.75055 16.21089 25 28 30 234 -2.12026 -2.12026 -2.81341
-25.98793 6.48136 15.93452 25 28 30 234 -2.12026 -2.12026 -2.81341
-24.77044 7.07216 16.10516 25 28 30 234 -2.12026 -2.12026 -2.81341
-25.16432 6.87350 14.16828 25 28 30 234 -2.12026 -2.12026 -2.81341
-26.91163 6.01590 13.78021 25 28 30 234 -2.12026 -2.12026 -2.81341
-26.55675 6.20163 18.30614 25 28 30 234 -2.12026 -2.12026 -2.81341
-23.50529 7.66742 11.88913 25 28 30 234 -2.12026 -2.12026 -2.81341
-19.37600 6.43871 16.62203 25 28 30 234 -2.12026 -2.12026 -2.81341
-22.74688 8.03815 17.67239 25 28 30 234 -2.12026 -2.12026 -2.81341
-23.23346 7.84278 19.10047 25 28 30 234 -2.12026 -2.12026 -2.81341
-19.56207 6.47124 14.72281 25 28 30 234 -2.12026 -2.12026 -2.81341
-21.44386 7.36667 17.03780 25 28 30 234 -2.12026 -2.12026 -2.81341
-19.12143 6.17649 17.79078 25 28 30 234 -2.12026 -2.12026 -2.81341
-22.44552 7.83167 11.77809 25 28 30 234 -2.12026 -2.12026 -2.81341
-10.00000 2.27520 14.57891 134 88 58 224 -2.20727 -2.20727 -2.52573
-10.42564 4.49787 10.75000 124 85 59 224 -2.20727 -2.20727 -2.52573
-10.00000 3.57302 11.70465 138 84 52 224 -2.20727 -2.20727 -2.52573
-15.31821 6.35166 10.75000 138 87 55 224 -2.20727 -2.20727 -2.52573
-16.11027 5.51058 19.25000 122 87 57 224 -2.20727 -2.20727 -2.52573
-17.20000 7.22143 18.85836 133 76 60 224 -2.20727 -2.20727 -2.52573
-12.19847 4.43299 10.75000 134 81 55 224 -2.20727 -2.20727 -2.52573
-17.20000 5.08326 10.94311 142 81 52 224 -2.20727 -2.20727 -2.52573
-17.20000 2.91207 19.15630 139 84 55 224 -2.20727 -2.20727 -2.52573
-17.20000 4.43758 16.15561 142 88 52 224 -2.20727 -2.20727 -2.52573
-17.20000 2.73661 18.12222 122 86 60 224 -2.20727 -2.20727 -2.52573
-17.20000 3.83829 14.42823 123 80 51 224 -2.20727 -2.20727 -2.52573
-13.12511 1.05449 19.25000 139 88 54 224 -2.20727 -2.20727 -2.52573
-17.20000 4.53144 14.25435 131 88 51 224 -2.20727 -2.20727 -2.52573
-17.20000 2.41313 17.65212 127 88 60 224 -2.20727 -2.20727 -2.52573
-10.00000 1.19692 11.59398 124 84 51 224 -2.20727 -2.20727 -2.52573
-10.00000 0.33224 12.82875 132 89 56 224 -2.20727 -2.20727 -2.52573
-17.16537 5.34742 10.75000 126 81 57 224 -2.20727 -2.20727 -2.52573
-17.20000 5.22487 18.92909 123 79 53 224 -2.20727 -2.20727 -2.52573
-10.26632 4.14910 19.25000 134 79 56 224 -2.20727 -2.20727 -2.52573
-15.83011 0.44993 19.25000 126 88 56 224 -2.20727 -2.20727 -2.52573
-10.00000 4.19955 10.81588 138 88 53 224 -2.20727 -2.20727 -2.52573
-17.20000 3.12411 15.54774 140 87 51 224 -2.20727 -2.20727 -2.52573
-14.13480 4.40439 19.25000 126 77 57 224 -2.20727 -2.20727 -2.52573
-13.91291 6.28167 19.25000 130 80 58 224 -2.20727 -2.20727 -2.52573
-10.43091 1.29836 19.25000 139 87 61 224 -2.20727 -2.20727 -2.52573
-17.20000 4.27280 15.98864 127 77 56 224 -2.20727 -2.20727 -2.52573
-15.37935 6.14130 10.75000 135 86 56 224 -2.20727 -2.20727 -2.52573
-16.84725 3.11376 19.25000 135 80 57 224 -2.20727 -2.20727 -2.52573
-13.02384 4.09748 19.25000 126 85 53 224 -2.20727 -2.20727 -2.52573
-17.20000 3.57250 13.05537 129 86 53 224 -2.20727 -2.20727 -2.52573
-17.20000 4.91229 14.66678 141 86 59 224 -2.20727 -2.20727 -2.52573
-10.00000 1.04916 14.55609 124 77 53 224 -2.20727 -2.20727 -2.52573
-17.20000 4.47751 11.92376 125 77 53 224 -2.20727 -2.20727 -2.52573
-16.22052 0.35488 19.25000 123 86 53 224 -2.20727 -2.20727 -2.52573
-15.17292 2.10252 10.75000 126 88 59 224 -2.20727 -2.20727 -2.52573
-16.75651 7.22660 10.75000 141 82 56 224 -2.20727 -2.20727 -2.52573
-14.56770 3.58255 10.75000 124 86 52 224 -2.20727 -2.20727 -2.52573
-16.56116 5.63984 19.25000 137 87 59 224 -2.20727 -2.20727 -2.52573
-10.00000 1.69135 13.30286 137 78 59 224 -2.20727 -2.20727 -2.52573
-11.47443 7.37551 19.25000 138 86 60 224 -2.20727 -2.20727 -2.52573
-11.70210 0.79104 10.75000 139 80 57 224 -2.20727 -2.20727 -2.52573
-10.00000 6.85413 12.42543 125 86 60 224 -2.20727 -2.20727 -2.52573
-17.20000 3.76678 13.10582 125 82 55 224 -2.20727 -2.20727 -2.52573
-15.26597 0.14654 19.25000 126 83 59 224 -2.20727 -2.20727 -2.52573
-17.20000 4.16102 11.59506 123 78 52 224 -2.20727 -2.20727 -2.52573
-16.04674 1.27103 10.75000 133 77 58 224 -2.20727 -2.20727 -2.52573
-14.37940 1.98074 10.75000 129 80 51 224 -2.20727 -2.20727 -2.52573
-12.14175 3.12174 10.75000 122 80 61 224 -2.20727 -2.20727 -2.52573
-10.03352 6.34603 19.25000 129 81 51 224 -2.20727 -2.20727 -2.52573
-16.14254 0.77921 19.25000 123 84 54 224 -2.20727 -2.20727 -2.52573
-10.41415 4.68033 19.25000 140 85 55 224 -2.20727 -2.20727 -2.52573
-10.00000 0.33425 17.18731 135 84 52 224 -2.20727 -2.20727 -2.52573
-10.00000 4.03068 17.30345 128 78 59 224 -2.20727 -2.20727 -2.52573
-11.72376 4.73373 10.75000 124 84 52 224 -2.20727 -2.20727 -2.52573
-17.20000 7.00299 11.54509 135 88 57 224 -2.20727 -2.20727 -2.52573
-13.42981 0.21780 10.75000 123 85 56 224 -2.20727 -2.20727 -2.52573
-10.00000 4.74228 15.90237 131 79 57 224 -2.20727 -2.20727 -2.52573
-10.00000 3.13760 11.12469 133 83 55 224 -2.20727 -2.20727 -2.52573
-17.20000 3.95714 15.05720 126 78 59 224 -2.20727 -2.20727 -2.52573
-17.20000 0.89441 15.94316 125 82 51 224 -2.20727 -2.20727 -2.52573
-17.20000 6.37014 17.60822 139 80 60 224 -2.20727 -2.20727 -2.52573
-17.20000 0.69509 18.94553 140 85 53 224 -2.20727 -2.20727 -2.52573
-12.03401 2.83187 10.75000 125 86 60 224 -2.20727 -2.20727 -2.52573
-14.99778 4.39482 19.25000 126 85 53 224 -2.20727 -2.20727 -2.52573
-10.00000 4.69911 14.03340 130 88 59 224 -2.20727 -2.20727 -2.52573
-11.40095 5.63624 10.75000 141 78 53 224 -2.20727 -2.20727 -2.52573
-17.20000 1.48168 18.09027 123 87 54 224 -2.20727 -2.20727 -2.52573
-13.67772 2.41358 10.75000 139 77 54 224 -2.20727 -2.20727 -2.52573
-17.20000 5.42076 14.94655 135 81 56 224 -2.20727 -2.20727 -2.52573
-10.00000 3.74161 15.31812 125 84 59 224 -2.20727 -2.20727 -2.52573
-10.22531 5.25215 10.75000 134 77 51 224 -2.20727 -2.20727 -2.52573
-12.32236 3.74675 10.75000 132 84 60 224 -2.20727 -2.20727 -2.52573
-17.20000 0.57632 12.70406 128 84 58 224 -2.20727 -2.20727 -2.52573
-17.20000 0.06815 11.70340 132 84 60 224 -2.20727 -2.20727 -2.52573
-17.20000 2.79718 13.31738 136 79 56 224 -2.20727 -2.20727 -2.52573
-12.31173 6.51080 19.25000 138 77 54 224 -2.20727 -2.20727 -2.52573
-15.05920 6.78851 10.75000 124 78 56 224 -2.20727 -2.20727 -2.52573
-12.56108 5.82388 10.75000 123 82 57 224 -2.20727 -2.20727 -2.52573
-11.55090 7.35818 19.25000 141 78 52 224 -2.20727 -2.20727 -2.52573
-13.33332 4.36217 19.25000 129 77 56 224 -2.20727 -2.20727 -2.52573
-11.93845 5.85119 19.25000 123 79 60 224 -2.20727 -2.20727 -2.52573
-12.46427 4.03978 19.25000 139 88 59 224 -2.20727 -2.20727 -2.52573
-13.67757 5.24978 19.25000 127 80 61 224 -2.20727 -2.20727 -2.52573
-17.14113 1.73256 10.75000 124 86 59 224 -2.20727 -2.20727 -2.52573
-14.57619 3.21851 19.25000 137 87 53 224 -2.20727 -2.20727 -2.52573
-10.55084 5.23959 19.25000 136 87 56 224 -2.20727 -2.20727 -2.52573
-10.51299 2.82700 10.75000 142 81 59 224 -2.20727 -2.20727 -2.52573
-12.84227 4.63245 19.25000 136 82 54 224 -2.20727 -2.20727 -2.52573
-10.74787 2.58063 10.75000 133 85 54 224 -2.20727 -2.20727 -2.52573
-10.00000 6.20220 15.08826 125 82 59 224 -2.20727 -2.20727 -2.52573
-12.39678 7.40701 10.75000 130 86 53 224 -2.20727 -2.20727 -2.52573
-10.36674 5.11944 19.25000 138 86 59 224 -2.20727 -2.20727 -2.52573
-11.81289 0.90987 19.25000 132 85 55 224 -2.20727 -2.20727 -2.52573
-10.00000 7.28398 16.20848 134 82 52 224 -2.20727 -2.20727 -2.52573
-15.18028 0.26609 19.25000 140 80 54 224 -2.20727 -2.20727 -2.52573
-10.00000 1.32386 18.07998 136 83 51 224 -2.20727 -2.20727 -2.52573
-17.20000 3.90105 17.38164 125 77 53 224 -2.20727 -2.20727 -2.52573
-13.19787 3.22924 19.25000 135 85 54 224 -2.20727 -2.20727 -2.52573
-12.23257 4.36947 10.75000 122 79 59 224 -2.20727 -2.20727 -2.52573
-12.46840 3.04783 19.25000 122 87 55 224 -2.20727 -2.20727 -2.52573
-15.95787 6.96802 10.75000 136 82 60 224 -2.20727 -2.20727 -2.52573
-17.20000 6.36692 15.06020 142 83 58 224 -2.20727 -2.20727 -2.52573
-10.17195 5.37894 19.25000 127 78 56 224 -2.20727 -2.20727 -2.52573
-10.17979 0.99082 19.25000 126 84 54 224 -2.20727 -2.20727 -2.52573
-17.20000 1.12707 11.71950 138 77 52 224 -2.20727 -2.20727 -2.52573
-13.11830 2.68044 19.25000 140 83 51 224 -2.20727 -2.20727 -2.52573
-17.20000 5.54656 12.45818 128 84 53 224 -2.20727 -2.20727 -2.52573
-14.67998 3.24900 10.75000 139 87 51 224 -2.20727 -2.20727 -2.52573
-10.00000 4.32777 11.25746 130 77 52 224 -2.20727 -2.20727 -2.52573
-17.20000 3.36485 14.59020 142 78 53 224 -2.20727 -2.20727 -2.52573
-12.22186 2.05973 10.75000 131 77 60 224 -2.20727 -2.20727 -2.52573
-16.01015 4.04166 19.25000 122 81 55 224 -2.20727 -2.20727 -2.52573
-17.20000 3.73093 13.51399 140 84 53 224 -2.20727 -2.20727 -2.52573
-10.00000 5.63838 13.08341 135 88 57 224 -2.20727 -2.20727 -2.52573
-17.20000 4.23439 18.65310 131 84 52 224 -2.20727 -2.20727 -2.52573
-14.51161 0.14545 19.25000 135 81 56 224 -2.20727 -2.20727 -2.52573
-17.20000 5.33725 12.62050 124 84 56 224 -2.20727 -2.20727 -2.52573
-14.02514 6.08751 10.75000 127 77 56 224 -2.20727 -2.20727 -2.52573
-14.26466 3.88080 19.25000 133 88 57 224 -2.20727 -2.20727 -2.52573
-17.02627 4.99455 19.25000 125 84 54 224 -2.20727 -2.20727 -2.52573
-10.00000 6.86536 17.27346 139 85 53 224 -2.20727 -2.20727 -2.52573
-10.00000 0.40752 13.30792 123 86 60 224 -2.20727 -2.20727 -2.52573
-17.20000 5.54821 15.82283 130 81 59 224 -2.20727 -2.20727 -2.52573
-15.40680 6.35217 10.75000 126 77 57 224 -2.20727 -2.20727 -2.52573
-10.00000 6.56069 18.77010 138 88 57 224 -2.20727 -2.20727 -2.52573
-14.52748 3.60242 19.25000 126 83 53 224 -2.20727 -2.20727 -2.52573
-10.00000 6.12466 11.19090 134 80 56 224 -2.20727 -2.20727 -2.52573
-10.00000 6.99499 12.32079 130 86 55 224 -2.20727 -2.20727 -2.52573
-16.80647 1.55622 10.75000 127 78 61 224 -2.20727 -2.20727 -2.52573
-11.44776 1.81832 19.25000 141 88 53 224 -2.20727 -2.20727 -2.52573
-10.00000 3.21230 12.43958 126 76 59 224 -2.20727 -2.20727 -2.52573
-10.00000 4.71843 15.76416 129 79 55 224 -2.20727 -2.20727 -2.52573
-10.86287 6.41524 19.25000 138 83 54 224 -2.20727 -2.20727 -2.52573
-13.55220 3.15798 19.25000 126 87 59 224 -2.20727 -2.20727 -2.52573
-10.00000 7.08040 15.84919 131 77 53 224 -2.20727 -2.20727 -2.52573
-17.20000 6.70631 12.57815 137 88 53 224 -2.20727 -2.20727 -2.52573
-14.98479 1.40947 19.25000 137 80 55 224 -2.20727 -2.20727 -2.52573
-14.97806 5.36224 10.75000 140 77 55 224 -2.20727 -2.20727 -2.52573
-10.00000 0.25533 15.40836 134 80 59 224 -2.20727 -2.20727 -2.52573
-10.00000 1.10973 17.80053 129 78 55 224 -2.20727 -2.20727 -2.52573
-17.00349 3.25329 19.25000 134 78 51 224 -2.20727 -2.20727 -2.52573
-10.26794 6.57876 10.75000 138 79 58 224 -2.20727 -2.20727 -2.52573
-16.91324 3.14518 19.25000 130 80 57 224 -2.20727 -2.20727 -2.52573
-16.73077 3.78158 10.75000 124 88 53 224 -2.20727 -2.20727 -2.52573
-11.75041 6.07091 19.25000 139 81 54 224 -2.20727 -2.20727 -2.52573
-17.20000 7.38589 14.33709 123 79 54 224 -2.20727 -2.20727 -2.52573
-16.31446 6.87515 19.25000 133 78 58 224 -2.20727 -2.20727 -2.52573
-17.20000 0.86354 18.72084 126 77 58 224 -2.20727 -2.20727 -2.52573
-15.03086 4.24219 19.25000 134 77 55 224 -2.20727 -2.20727 -2.52573
-11.93963 3.52234 10.75000 141 80 55 224 -2.20727 -2.20727 -2.52573
-10.00000 6.30244 13.60683 123 83 55 224 -2.20727 -2.20727 -2.52573
-14.22400 6.21359 19.25000 135 77 56 224 -2.20727 -2.20727 -2.52573
-10.00000 5.15607 10.82319 131 79 58 224 -2.20727 -2.20727 -2.52573
-10.00000 5.05466 12.24269 141 87 59 224 -2.20727 -2.20727 -2.52573
-17.20000 6.75399 16.17316 130 80 56 224 -2.20727 -2.20727 -2.52573
-17.20000 3.81295 11.58674 139 82 57 224 -2.20727 -2.20727 -2.52573
-17.12355 2.90927 19.25000 134 79 51 224 -2.20727 -2.20727 -2.52573
-16.69993 5.99532 19.25000 122 77 58 224 -2.20727 -2.20727 -2.52573
-13.83432 2.87492 19.25000 123 84 53 224 -2.20727 -2.20727 -2.52573
-17.20000 1.50992 17.33366 130 79 54 224 -2.20727 -2.20727 -2.52573
-17.20000 0.78759 16.50682 129 80 61 224 -2.20727 -2.20727 -2.52573
-14.74492 5.23232 10.75000 140 77 60 224 -2.20727 -2.20727 -2.52573
-17.20000 2.04479 17.48717 129 79 57 224 -2.20727 -2.20727 -2.52573
-10.00000 2.32447 15.85876 137 88 55 224 -2.20727 -2.20727 -2.52573
-12.79754 3.88464 19.25000 135 81 54 224 -2.20727 -2.20727 -2.52573
-16.63975 4.61187 19.25000 141 88 59 224 -2.20727 -2.20727 -2.52573
-12.70973 6.73487 10.75000 135 79 53 224 -2.20727 -2.20727 -2.52573
-10.03723 1.39554 10.75000 130 78 58 224 -2.20727 -2.20727 -2.52573
-10.00000 0.06815 13.84010 140 84 61 224 -2.20727 -2.20727 -2.52573
-15.18249 0.61079 19.25000 131 87 53 224 -2.20727 -2.20727 -2.52573
-17.20000 3.96829 18.15578 136 80 57 224 -2.20727 -2.20727 -2.52573
-11.35184 5.41085 19.25000 135 80 54 224 -2.20727 -2.20727 -2.52573
-14.26767 6.74050 10.75000 141 79 54 224 -2.20727 -2.20727 -2.52573
-17.20000 0.84525 16.73736 124 79 52 224 -2.20727 -2.20727 -2.52573
-17.20000 3.93994 14.11774 141 83 51 224 -2.20727 -2.20727 -2.52573
-13.14167 0.47989 10.75000 129 82 57 224 -2.20727 -2.20727 -2.52573
-17.20000 4.18480 17.12192 124 81 57 224 -2.20727 -2.20727 -2.52573
-10.00000 4.03874 16.99796 140 77 60 224 -2.20727 -2.20727 -2.52573
-10.00000 5.60616 16.28685 138 79 59 224 -2.20727 -2.20727 -2.52573
-16.43140 5.04310 10.75000 133 84 56 224 -2.20727 -2.20727 -2.52573
-12.57192 6.45625 19.25000 125 78 59 224 -2.20727 -2.20727 -2.52573
-10.00000 4.34170 15.35506 122 79 60 224 -2.20727 -2.20727 -2.52573
-14.75190 3.37137 19.25000 131 76 59 224 -2.20727 -2.20727 -2.52573
-17.20000 6.97784 15.26701 124 86 57 224 -2.20727 -2.20727 -2.52573
-17.20000 3.80479 14.23183 124 80 55 224 -2.20727 -2.20727 -2.52573
-14.83207 1.95874 19.25000 127 77 52 224 -2.20727 -2.20727 -2.52573
-10.00000 0.36230 12.51320 130 76 56 224 -2.20727 -2.20727 -2.52573
-11.40002 6.52272 10.75000 127 84 54 224 -2.20727 -2.20727 -2.52573
-15.61533 0.53618 19.25000 129 81 56 224 -2.20727 -2.20727 -2.52573
-10.00000 1.24555 15.51463 124 85 51 224 -2.20727 -2.20727 -2.52573
-17.20000 5.35745 16.74920 134 80 54 224 -2.20727 -2.20727 -2.52573
-15.73376 3.24937 19.25000 125 89 51 224 -2.20727 -2.20727 -2.52573
-17.20000 2.14374 15.46546 136 77 57 224 -2.20727 -2.20727 -2.52573
-15.64350 4.04943 19.25000 127 78 57 224 -2.20727 -2.20727 -2.52573
-10.00000 3.67154 11.15333 136 77 57 224 -2.20727 -2.20727 -2.52573
-10.00000 4.59838 15.44445 142 81 59 224 -2.20727 -2.20727 -2.52573
-10.00000 3.45802 12.73894 136 88 53 224 -2.20727 -2.20727 -2.52573
-15.91702 2.42009 10.75000 123 86 52 224 -2.20727 -2.20727 -2.52573
-17.20000 5.80660 12.77394 125 77 55 224 -2.20727 -2.20727 -2.52573
-13.14645 5.58434 19.25000 136 85 60 224 -2.20727 -2.20727 -2.52573
-13.40538 4.87328 19.25000 141 89 58 224 -2.20727 -2.20727 -2.52573
-16.00979 0.93046 19.25000 125 79 54 224 -2.20727 -2.20727 -2.52573
-10.00000 1.29892 17.04155 141 80 51 224 -2.20727 -2.20727 -2.52573
-10.00000 4.82414 18.17589 134 88 53 224 -2.20727 -2.20727 -2.52573
-17.14830 4.93862 10.75000 127 83 59 224 -2.20727 -2.20727 -2.52573
-17.20000 0.58595 12.75675 138 88 60 224 -2.20727 -2.20727 -2.52573
-17.20000 5.97969 12.77952 127 77 59 224 -2.20727 -2.20727 -2.52573
-15.89548 2.44990 19.25000 128 83 53 224 -2.20727 -2.20727 -2.52573
-16.55050 5.11161 19.25000 139 87 56 224 -2.20727 -2.20727 -2.52573
-17.20000 0.98230 18.16422 130 77 60 224 -2.20727 -2.20727 -2.52573
-10.00000 1.62363 12.70869 141 78 59 224 -2.20727 -2.20727 -2.52573
-10.00000 2.72485 12.01975 137 82 52 224 -2.20727 -2.20727 -2.52573
-17.20000 3.72647 12.82500 140 84 52 224 -2.20727 -2.20727 -2.52573
-17.20000 3.34965 11.97686 140 86 58 224 -2.20727 -2.20727 -2.52573
-17.20000 5.42319 13.41208 126 79 60 224 -2.20727 -2.20727 -2.52573
-10.00000 2.00452 12.15071 138 87 55 224 -2.20727 -2.20727 -2.52573
-10.55463 7.31099 10.75000 134 84 54 224 -2.20727 -2.20727 -2.52573
-11.48032 5.11312 10.75000 142 88 60 224 -2.20727 -2.20727 -2.52573
-16.56530 3.77113 19.25000 123 85 57 224 -2.20727 -2.20727 -2.52573
-16.56083 3.78403 10.75000 141 76 53 224 -2.20727 -2.20727 -2.52573
-10.00000 0.76634 16.04198 133 85 58 224 -2.20727 -2.20727 -2.52573
-16.86309 6.65966 19.25000 127 86 55 224 -2.20727 -2.20727 -2.52573
-14.55007 1.86776 19.25000 127 78 57 224 -2.20727 -2.20727 -2.52573
-10.80429 4.49093 19.25000 125 83 54 224 -2.20727 -2.20727 -2.52573
-16.32020 5.06419 19.25000 125 78 55 224 -2.20727 -2.20727 -2.52573
-15.01308 6.04586 19.25000 135 89 60 224 -2.20727 -2.20727 -2.52573
-10.00000 6.69121 17.71489 131 88 56 224 -2.20727 -2.20727 -2.52573
-14.43890 2.46350 19.25000 138 84 51 224 -2.20727 -2.20727 -2.52573
-12.27444 5.08289 10.75000 129 85 58 224 -2.20727 -2.20727 -2.52573
-10.00000 0.30219 12.13904 128 86 57 224 -2.20727 -2.20727 -2.52573
-10.00000 4.32399 18.03400 129 77 57 224 -2.20727 -2.20727 -2.52573
-10.64247 1.98841 10.75000 129 87 51 224 -2.20727 -2.20727 -2.52573
-17.20000 5.55663 11.42506 124 79 51 224 -2.20727 -2.20727 -2.52573
-17.20000 1.66258 17.87252 129 78 54 224 -2.20727 -2.20727 -2.52573
-11.74444 6.16187 19.25000 141 82 52 224 -2.20727 -2.20727 -2.52573
-13.53371 0.49648 10.75000 129 81 54 224 -2.20727 -2.20727 -2.52573
-17.20000 5.72746 15.59270 141 85 54 224 -2.20727 -2.20727 -2.52573
-10.00000 5.54536 10.80794 137 88 51 224 -2.20727 -2.20727 -2.52573
-17.20000 3.56087 14.12017 129 84 52 224 -2.20727 -2.20727 -2.52573
-12.02196 5.42860 19.25000 140 84 59 224 -2.20727 -2.20727 -2.52573
-14.23486 0.82665 10.75000 134 77 54 224 -2.20727 -2.20727 -2.52573
-10.00000 6.86901 11.11992 128 81 56 224 -2.20727 -2.20727 -2.52573
-11.56283 0.72484 19.25000 125 88 59 224 -2.20727 -2.20727 -2.52573
-10.00000 6.83817 13.54835 122 82 56 224 -2.20727 -2.20727 -2.52573
-10.00000 7.20418 11.36988 142 79 59 224 -2.20727 -2.20727 -2.52573
-14.54802 4.14278 19.25000 126 77 60 224 -2.20727 -2.20727 -2.52573
-10.00000 3.50189 14.53213 133 83 51 224 -2.20727 -2.20727 -2.52573
-17.20000 2.50673 15.31068 134 86 61 224 -2.20727 -2.20727 -2.52573
-10.00000 5.70418 17.89295 135 84 51 224 -2.20727 -2.20727 -2.52573
-15.03249 2.05943 10.75000 134 84 60 224 -2.20727 -2.20727 -2.52573
-15.05180 4.29887 10.75000 137 84 51 224 -2.20727 -2.20727 -2.52573
-11.36972 6.35144 19.25000 140 83 56 224 -2.20727 -2.20727 -2.52573
-15.30796 5.66790 10.75000 136 81 57 224 -2.20727 -2.20727 -2.52573
-17.16061 0.98753 10.75000 130 86 54 224 -2.20727 -2.20727 -2.52573
-17.20000 2.84997 10.83321 128 82 54 224 -2.20727 -2.20727 -2.52573
-17.20000 6.16287 16.08402 131 77 51 224 -2.20727 -2.20727 -2.52573
-10.00000 5.52892 15.92901 134 83 55 224 -2.20727 -2.20727 -2.52573
-14.92132 1.97404 19.25000 139 78 57 224 -2.20727 -2.20727 -2.52573
-12.78723 2.70842 10.75000 122 83 59 224 -2.20727 -2.20727 -2.52573
-14.40861 9.09044 19.64948 25 28 30 234 -2.12026 -2.12026 -2.81341
-9.45800 7.52528 17.33299 25 28 30 234 -2.12026 -2.12026 -2.81341
-15.60572 8.56275 19.61344 25 28 30 234 -2.12026 -2.12026 -2.81341
-14.37533 9.13820 16.02844 25 28 30 234 -2.12026 -2.12026 -2.81341
-14.69281 8.94429 13.38710 25 28 30 234 -2.12026 -2.12026 -2.81341
-17.26553 7.77669 10.73846 25 28 30 234 -2.12026 -2.12026 -2.81341
-14.01099 9.34224 18.90388 25 28 30 234 -2.12026 -2.12026 -2.81341
-12.56769 9.06945 15.19914 25 28 30 234 -2.12026 -2.12026 -2.81341
-15.96734 8.37126 19.87571 25 28 30 234 -2.12026 -2.12026 -2.81341
-12.73867 9.11662 10.56188 25 28 30 234 -2.12026 -2.12026 -2.81341
-15.81416 8.39608 19.52519 25 28 30 234 -2.12026 -2.12026 -2.81341
-12.85597 9.14002 11.93537 25 28 30 234 -2.12026 -2.12026 -2.81341
-14.93691 8.89526 17.96564 25 28 30 234 -2.12026 -2.12026 -2.81341
-17.35128 7.69442 12.90393 25 28 30 234 -2.12026 -2.12026 -2.81341
-10.65402 8.06327 15.79682 25 28 30 234 -2.12026 -2.12026 -2.81341
-12.87835 9.22025 10.99978 25 28 30 234 -2.12026 -2.12026 -2.81341
-13.27215 9.30869 11.20837 25 28 30 234 -2.12026 -2.12026 -2.81341
-11.21253 8.32465 14.67333 25 28 30 234 -2.12026 -2.12026 -2.81341
-15.44079 8.62518 10.28715 25 28 30 234 -2.12026 -2.12026 -2.81341
-17.53587 7.62170 17.93778 25 28 30 234 -2.12026 -2.12026 -2.81341
-16.73525 7.99957 12.77879 25 28 30 234 -2.12026 -2.12026 -2.81341
-17.86523 7.49543 12.60463 25 28 30 234 -2.12026 -2.12026 -2.81341
-15.80499 8.44629 11.15853 25 28 30 234 -2.12026 -2.12026 -2.81341
-11.21591 8.33688 16.29061 25 28 30 234 -2.12026 -2.12026 -2.81341
-14.30187 9.20382 18.68842 25 28 30 234 -2.12026 -2.12026 -2.81341
-9.65473 7.55448 14.59677 25 28 30 234 -2.12026 -2.12026 -2.81341
-15.91779 8.39628 15.94890 25 28 30 234 -2.12026 -2.12026 -2.81341
-16.53941 8.07452 13.12481 25 28 30 234 -2.12026 -2.12026 -2.81341
-13.98494 9.33219 17.45809 25 28 30 234 -2.12026 -2.12026 -2.81341
-13.85492 9.38691 16.23165 25 28 30 234 -2.12026 -2.12026 -2.81341
-11.14351 8.29819 19.20272 25 28 30 234 -2.12026 -2.12026 -2.81341
-13.72064 9.47464 10.50145 25 28 30 234 -2.12026 -2.12026 -2.81341
-10.90622 8.16635 13.03062 25 28 30 234 -2.12026 -2.12026 -2.81341
-14.83732 8.89605 17.00244 25 28 30 234 -2.12026 -2.12026 -2.81341
-14.21716 9.20769 11.17685 25 28 30 234 -2.12026 -2.12026 -2.81341
-10.68952 8.11188 16.78113 25 28 30 234 -2.12026 -2.12026 -2.81341
-9.68435 7.61979 13.89634 25 28 30 234 -2.12026 -2.12026 -2.81341
-15.49211 8.63271 15.16328 25 28 30 234 -2.12026 -2.12026 -2.81341
-14.89846 8.95430 13.67056 25 28 30 234 -2.12026 -2.12026 -2.81341
-11.99136 8.77468 17.28185 25 28 30 234 -2.12026 -2.12026 -2.81341
-14.31451 9.21391 15.14468 25 28 30 234 -2.12026 -2.12026 -2.81341
-9.76125 7.64964 12.04336 25 28 30 234 -2.12026 -2.12026 -2.81341
-13.08660 9.33183 17.85207 25 28 30 234 -2.12026 -2.12026 -2.81341
-15.59715 8.52166 18.57049 25 28 30 234 -2.12026 -2.12026 -2.81341
-17.82995 7.49515 18.65946 25 28 30 234 -2.12026 -2.12026 -2.81341
-15.12361 8.80542 11.75620 25 28 30 234 -2.12026 -2.12026 -2.81341
-11.49004 8.47985 17.22153 25 28 30 234 -2.12026 -2.12026 -2.81341
-16.39612 8.13024 10.71584 25 28 30 234 -2.12026 -2.12026 -2.81341
-17.18828 7.77859 19.42943 25 28 30 234 -2.12026 -2.12026 -2.81341
-14.89732 8.87259 13.93794 25 28 30 234 -2.12026 -2.12026 -2.81341
-11.68146 8.56494 14.20293 25 28 30 234 -2.12026 -2.12026 -2.81341
-16.47655 8.15427 16.07122 25 28 30 234 -2.12026 -2.12026 -2.81341
-15.42956 8.66809 19.62689 25 28 30 234 -2.12026 -2.12026 -2.81341
-9.39612 7.47228 11.59267 25 28 30 234 -2.12026 -2.12026 -2.81341
-16.31851 8.16219 11.26130 25 28 30 234 -2.12026 -2.12026 -2.81341
-13.64466 9.45950 10.87872 25 28 30 234 -2.12026 -2.12026 -2.81341
-14.13656 9.27390 11.06187 25 28 30 234 -2.12026 -2.12026 -2.81341
-12.45068 8.92942 14.13237 25 28 30 234 -2.12026 -2.12026 -2.81341
-17.62915 7.60670 12.14358 25 28 30 234 -2.12026 -2.12026 -2.81341
-15.65648 8.54035 14.84380 25 28 30 234 -2.12026 -2.12026 -2.81341
-11.31817 8.35276 10.62995 25 28 30 234 -2.12026 -2.12026 -2.81341
-15.93207 8.40876 11.07953 25 28 30 234 -2.12026 -2.12026 -2.81341
-14.78876 8.94121 13.75149 25 28 30 234 -2.12026 -2.12026 -2.81341
-15.73776 8.45963 13.58731 25 28 30 234 -2.12026 -2.12026 -2.81341
-12.57823 9.08192 16.09356 25 28 30 234 -2.12026 -2.12026 -2.81341
-10.00162 7.74501 13.08762 25 28 30 234 -2.12026 -2.12026 -2.81341
-15.12851 8.80569 19.49357 25 28 30 234 -2.12026 -2.12026 -2.81341
-16.37063 8.14228 15.31754 25 28 30 234 -2.12026 -2.12026 -2.81341
-15.80409 8.46112 14.25749 25 28 30 234 -2.12026 -2.12026 -2.81341
-11.42505 8.48058 11.25237 25 28 30 234 -2.12026 -2.12026 -2.81341
-15.67544 8.48567 14.76507 25 28 30 234 -2.12026 -2.12026 -2.81341
-11.29603 8.43665 13.00874 25 28 30 234 -2.12026 -2.12026 -2.81341
-15.62509 8.50551 19.53736 25 28 30 234 -2.12026 -2.12026 -2.81341
-12.68476 9.06145 17.52645 25 28 30 234 -2.12026 -2.12026 -2.81341
-17.59324 7.61713 11.87550 25 28 30 234 -2.12026 -2.12026 -2.81341
-13.10261 9.30551 12.95855 25 28 30 234 -2.12026 -2.12026 -2.81341
-14.04881 9.29782 15.14615 25 28 30 234 -2.12026 -2.12026 -2.81341
-16.23009 8.18994 12.68178 25 28 30 234 -2.12026 -2.12026 -2.81341
-12.71700 9.11160 12.79639 25 28 30 234 -2.12026 -2.12026 -2.81341
-10.78898 8.12666 17.80326 25 28 30 234 -2.12026 -2.12026 -2.81341
-10.72078 8.11418 14.27110 25 28 30 234 -2.12026 -2.12026 -2.81341
-12.43270 8.96101 19.42730 25 28 30 234 -2.12026 -2.12026 -2.81341
-12.65066 9.08410 18.75398 25 28 30 234 -2.12026 -2.12026 -2.81341
-10.17417 7.82264 10.41496 25 28 30 234 -2.12026 -2.12026 -2.81341
-13.89110 9.38543 11.74371 25 28 30 234 -2.12026 -2.12026 -2.81341
-16.77531 7.93212 14.04706 25 28 30 234 -2.12026 -2.12026 -2.81341
-10.25440 7.87412 13.58225 25 28 30 234 -2.12026 -2.12026 -2.81341
-14.26142 9.22169 11.28570 25 28 30 234 -2.12026 -2.12026 -2.81341
-11.83884 8.60985 10.06285 25 28 30 234 -2.12026 -2.12026 -2.81341
-14.73847 8.98807 17.06315 25 28 30 234 -2.12026 -2.12026 -2.81341
-10.87320 8.16827 16.81914 25 28 30 234 -2.12026 -2.12026 -2.81341
-11.17240 8.36075 15.30125 25 28 30 234 -2.12026 -2.12026 -2.81341
-14.38876 9.15973 19.36578 25 28 30 234 -2.12026 -2.12026 -2.81341
-13.49755 9.47119 14.61105 25 28 30 234 -2.12026 -2.12026 -2.81341
-14.32314 9.17277 11.24838 25 28 30 234 -2.12026 -2.12026 -2.81341
-13.08621 9.31539 12.89252 25 28 30 234 -2.12026 -2.12026 -2.81341
-16.95361 7.93488 13.46665 25 28 30 234 -2.12026 -2.12026 -2.81341
-16.08257 8.28002 10.70758 25 28 30 234 -2.12026 -2.12026 -2.81341
-17.37832 7.71725 12.92257 25 28 30 234 -2.12026 -2.12026 -2.81341
-12.95935 9.26113 19.31042 25 28 30 234 -2.12026 -2.12026 -2.81341
-10.65126 8.05019 14.41393 25 28 30 234 -2.12026 -2.12026 -2.81341
-10.82211 8.16399 11.55282 25 28 30 234 -2.12026 -2.12026 -2.81341
-16.30857 8.18904 12.50134 25 28 30 234 -2.12026 -2.12026 -2.81341
-15.63684 8.54464 14.44770 25 28 30 234 -2.12026 -2.12026 -2.81341
-12.08689 8.81548 13.75047 25 28 30 234 -2.12026 -2.12026 -2.81341
-10.52902 8.00970 10.51690 25 28 30 234 -2.12026 -2.12026 -2.81341
-17.07559 7.82903 18.20128 25 28 30 234 -2.12026 -2.12026 -2.81341
-16.83629 7.97439 16.39297 25 28 30 234 -2.12026 -2.12026 -2.81341
-11.68268 8.57732 18.98326 25 28 30 234 -2.12026 -2.12026 -2.81341
-17.00831 7.81481 15.55240 25 28 30 234 -2.12026 -2.12026 -2.81341
-14.00462 9.25976 15.56713 25 28 30 234 -2.12026 -2.12026 -2.81341
-9.58044 7.59022 19.40513 25 28 30 234 -2.12026 -2.12026 -2.81341
-12.91408 9.23395 10.10957 25 28 30 234 -2.12026 -2.12026 -2.81341
-14.93604 8.88561 10.46441 25 28 30 234 -2.12026 -2.12026 -2.81341
-11.39402 8.45919 18.53251 25 28 30 234 -2.12026 -2.12026 -2.81341
-15.69065 8.53708 17.57344 25 28 30 234 -2.12026 -2.12026 -2.81341
-16.75370 7.99336 14.25534 25 28 30 234 -2.12026 -2.12026 -2.81341
-12.99419 9.20805 13.09696 25 28 30 234 -2.12026 -2.12026 -2.81341
-12.52311 9.02479 11.34420 25 28 30 234 -2.12026 -2.12026 -2.81341
-15.82511 8.47600 11.84287 25 28 30 234 -2.12026 -2.12026 -2.81341
-10.31738 7.94345 12.86929 25 28 30 234 -2.12026 -2.12026 -2.81341
-15.48295 8.57177 16.15500 25 28 30 234 -2.12026 -2.12026 -2.81341
-11.84121 8.67609 14.52684 25 28 30 234 -2.12026 -2.12026 -2.81341
-10.86081 8.16478 17.18623 25 28 30 234 -2.12026 -2.12026 -2.81341
-16.60525 8.04324 14.48301 25 28 30 234 -2.12026 -2.12026 -2.81341
-17.39013 7.68739 15.82180 25 28 30 234 -2.12026 -2.12026 -2.81341
-10.85930 8.17337 10.69914 25 28 30 234 -2.12026 -2.12026 -2.81341
-9.53696 7.57795 15.60027 25 28 30 234 -2.12026 -2.12026 -2.81341
-10.84175 8.18860 12.20900 25 28 30 234 -2.12026 -2.12026 -2.81341
-16.77889 7.99881 15.24191 25 28 30 234 -2.12026 -2.12026 -2.81341
-10.80122 8.09838 11.18734 25 28 30 234 -2.12026 -2.12026 -2.81341
-12.88823 9.15541 17.48755 25 28 30 234 -2.12026 -2.12026 -2.81341
-14.97935 8.87170 14.51148 25 28 30 234 -2.12026 -2.12026 -2.81341
-16.41882 8.19748 10.73642 25 28 30 234 -2.12026 -2.12026 -2.81341
-16.45628 8.07732 17.37842 25 28 30 234 -2.12026 -2.12026 -2.81341
-12.23162 8.87857 16.41855 25 28 30 234 -2.12026 -2.12026 -2.81341
-10.85615 8.14309 14.00850 25 28 30 234 -2.12026 -2.12026 -2.81341
-13.77568 9.48153 15.56201 25 28 30 234 -2.12026 -2.12026 -2.81341
-17.21090 7.72362 16.43228 25 28 30 234 -2.12026 -2.12026 -2.81341
-14.41530 9.11029 17.04644 25 28 30 234 -2.12026 -2.12026 -2.81341
-17.50208 7.63884 16.22466 25 28 30 234 -2.12026 -2.12026 -2.81341
-16.91990 7.87007 15.69280 25 28 30 234 -2.12026 -2.12026 -2.81341
-16.50782 8.15690 14.01673 25 28 30 234 -2.12026 -2.12026 -2.81341
-15.01442 8.82074 18.85543 25 28 30 234 -2.12026 -2.12026 -2.81341
-17.38589 7.70100 17.47724 25 28 30 234 -2.12026 -2.12026 -2.81341
-15.66775 8.56972 11.23742 25 28 30 234 -2.12026 -2.12026 -2.81341
-9.30383 7.41040 17.52348 25 28 30 234 -2.12026 -2.12026 -2.81341
-13.78589 9.39736 18.80368 25 28 30 234 -2.12026 -2.12026 -2.81341
-12.82164 9.14668 14.63562 25 28 30 234 -2.12026 -2.12026 -2.81341
-17.29795 7.70397 15.95595 25 28 30 234 -2.12026 -2.12026 -2.81341
-11.04879 8.27821 19.05169 25 28 30 234 -2.12026 -2.12026 -2.81341
-11.71617 8.60605 14.56075 25 28 30 234 -2.12026 -2.12026 -2.81341
-16.06356 8.30589 18.69635 25 28 30 234 -2.12026 -2.12026 -2.81341
-17.33974 7.77689 10.27738 25 28 30 234 -2.12026 -2.12026 -2.81341
-15.26088 8.67160 18.66321 25 28 30 234 -2.12026 -2.12026 -2.81341
-16.42323 8.12239 14.36929 25 28 30 234 -2.12026 -2.12026 -2.81341
-10.70018 8.03801 18.95206 25 28 30 234 -2.12026 -2.12026 -2.81341
-15.97489 8.30891 14.50309 25 28 30 234 -2.12026 -2.12026 -2.81341
-9.46793 7.51634 11.47222 25 28 30 234 -2.12026 -2.12026 -2.81341
-14.64571 9.00823 19.24975 25 28 30 234 -2.12026 -2.12026 -2.81341
-11.33362 8.43042 15.62228 25 28 30 234 -2.12026 -2.12026 -2.81341
-15.07889 8.87873 14.27800 25 28 30 234 -2.12026 -2.12026 -2.81341
-9.59184 7.60436 17.79134 25 28 30 234 -2.12026 -2.12026 -2.81341
-11.31851 8.45785 14.41597 25 28 30 234 -2.12026 -2.12026 -2.81341
-12.36079 8.94553 16.01546 25 28 30 234 -2.12026 -2.12026 -2.81341
-15.36730 8.62296 10.85071 25 28 30 234 -2.12026 -2.12026 -2.81341
-9.64843 7.60417 16.31171 25 28 30 234 -2.12026 -2.12026 -2.81341
-9.46581 7.53646 17.14841 25 28 30 234 -2.12026 -2.12026 -2.81341
-16.80056 7.97295 11.29515 25 28 30 234 -2.12026 -2.12026 -2.81341
-14.82984 8.98167 13.86348 25 28 30 234 -2.12026 -2.12026 -2.81341
-11.02904 8.21401 15.30147 25 28 30 234 -2.12026 -2.12026 -2.81341
-12.55310 9.02932 11.92882 25 28 30 234 -2.12026 -2.12026 -2.81341
-14.11920 9.23956 15.79638 25 28 30 234 -2.12026 -2.12026 -2.81341
-16.79595 7.96290 10.70731 25 28 30 234 -2.12026 -2.12026 -2.81341
-15.60254 8.55076 18.12866 25 28 30 234 -2.12026 -2.12026 -2.81341
-12.75764 9.13166 15.90044 25 28 30 234 -2.12026 -2.12026 -2.81341
-11.50308 8.50601 10.66226 25 28 30 234 -2.12026 -2.12026 -2.81341
-12.08253 8.84444 13.60325 25 28 30 234 -2.12026 -2.12026 -2.81341
-15.09771 8.79164 16.19145 25 28 30 234 -2.12026 -2.12026 -2.81341
-13.42661 9.50682 14.76952 25 28 30 234 -2.12026 -2.12026 -2.81341
-8.00000 1.96845 13.86896 134 82 57 224 -2.20727 -2.20727 -2.52573
-8.00000 7.19650 16.18469 137 82 54 224 -2.20727 -2.20727 -2.52573
-7.48032 5.33708 10.75000 133 84 59 224 -2.20727 -2.20727 -2.52573
-0.80000 2.87531 16.80893 131 82 59 224 -2.20727 -2.20727 -2.52573
-6.04126 7.02935 19.25000 134 85 57 224 -2.20727 -2.20727 -2.52573
-8.00000 7.65281 15.60185 135 79 57 224 -2.20727 -2.20727 -2.52573
-3.67511 5.55143 10.75000 140 81 55 224 -2.20727 -2.20727 -2.52573
-6.58684 8.37493 10.75000 125 87 60 224 -2.20727 -2.20727 -2.52573
-8.00000 4.14878 12.31582 134 83 57 224 -2.20727 -2.20727 -2.52573
-7.60567 3.90215 10.75000 135 80 52 224 -2.20727 -2.20727 -2.52573
-0.93604 5.46105 19.25000 125 79 52 224 -2.20727 -2.20727 -2.52573
-8.00000 0.14154 17.82851 135 85 51 224 -2.20727 -2.20727 -2.52573
-8.00000 7.97941 15.42830 137 82 59 224 -2.20727 -2.20727 -2.52573
-4.47690 0.92779 10.75000 131 82 51 224 -2.20727 -2.20727 -2.52573
-0.80000 4.76113 12.98047 133 83 56 224 -2.20727 -2.20727 -2.52573
-1.97018 5.64797 10.75000 124 89 59 224 -2.20727 -2.20727 -2.52573
-0.80000 4.52775 16.67994 139 87 53 224 -2.20727 -2.20727 -2.52573
-0.80000 5.82273 15.62238 137 85 53 224 -2.20727 -2.20727 -2.52573
-8.00000 7.17066 12.59620 129 82 57 224 -2.20727 -2.20727 -2.52573
-8.00000 5.80567 16.27004 134 87 51 224 -2.20727 -2.20727 -2.52573
-1.47413 6.41292 19.25000 125 85 56 224 -2.20727 -2.20727 -2.52573
-0.80000 3.12124 13.72923 126 82 51 224 -2.20727 -2.20727 -2.52573
-8.00000 7.60084 14.04613 142 88 54 224 -2.20727 -2.20727 -2.52573
-8.00000 5.38108 16.57605 132 83 52 224 -2.20727 -2.20727 -2.52573
-0.80000 0.43693 14.21302 137 84 53 224 -2.20727 -2.20727 -2.52573
-6.90930 4.13389 10.75000 133 76 56 224 -2.20727 -2.20727 -2.52573
-4.59587 1.88898 19.25000 137 84 58 224 -2.20727 -2.20727 -2.52573
-8.00000 5.33276 17.72195 141 83 53 224 -2.20727 -2.20727 -2.52573
-0.80000 2.82681 12.57295 133 81 51 224 -2.20727 -2.20727 -2.52573
-7.43333 6.65260 19.25000 125 76 51 224 -2.20727 -2.20727 -2.52573
-0.80000 0.76924 18.24915 136 85 60 224 -2.20727 -2.20727 -2.52573
-8.00000 3.73433 16.23926 137 87 56 224 -2.20727 -2.20727 -2.52573
-6.12876 7.50498 19.25000 126 79 60 224 -2.20727 -2.20727 -2.52573
-1.59051 2.79412 10.75000 139 80 52 224 -2.20727 -2.20727 -2.52573
-7.66453 7.81201 10.75000 132 77 61 224 -2.20727 -2.20727 -2.52573
-0.80000 7.43662 19.07893 139 88 61 224 -2.20727 -2.20727 -2.52573
-8.00000 0.97052 18.18149 130 81 52 224 -2.20727 -2.20727 -2.52573
-3.16820 8.31085 10.75000 130 85 59 224 -2.20727 -2.20727 -2.52573
-1.96752 1.72837 10.75000 139 85 54 224 -2.20727 -2.20727 -2.52573
-3.00078 6.27769 10.75000 131 84 56 224 -2.20727 -2.20727 -2.52573
-3.44529 5.80621 10.75000 141 77 52 224 -2.20727 -2.20727 -2.52573
-0.80000 5.19802 13.52742 141 86 58 224 -2.20727 -2.20727 -2.52573
-8.00000 3.65452 11.64168 123 76 58 224 -2.20727 -2.20727 -2.52573
-7.31816 2.88943 10.75000 125 79 52 224 -2.20727 -2.20727 -2.52573
-8.00000 1.52303 10.89977 123 80 57 224 -2.20727 -2.20727 -2.52573
-8.00000 3.36294 18.90563 123 80 56 224 -2.20727 -2.20727 -2.52573
-2.17640 0.77637 19.25000 126 79 51 224 -2.20727 -2.20727 -2.52573
-5.04264 3.43195 10.75000 132 78 51 224 -2.20727 -2.20727 -2.52573
-8.00000 5.23813 11.88735 126 86 54 224 -2.20727 -2.20727 -2.52573
-2.18057 5.68993 19.25000 134 87 51 224 -2.20727 -2.20727 -2.52573
-3.68666 1.87526 10.75000 132 87 53 224 -2.20727 -2.20727 -2.52573
-8.00000 3.04957 11.78300 130 85 51 224 -2.20727 -2.20727 -2.52573
-2.73293 6.01916 19.25000 138 88 52 224 -2.20727 -2.20727 -2.52573
-0.80000 8.58346 15.09960 138 79 51 224 -2.20727 -2.20727 -2.52573
-8.00000 4.91325 12.28771 124 81 59 224 -2.20727 -2.20727 -2.52573
-8.00000 0.16922 13.55375 141 86 57 224 -2.20727 -2.20727 -2.52573
-0.80000 4.91709 15.25700 128 86 54 224 -2.20727 -2.20727 -2.52573
-0.80000 4.64276 14.44379 123 83 58 224 -2.20727 -2.20727 -2.52573
-6.40685 1.00904 10.75000 134 80 59 224 -2.20727 -2.20727 -2.52573
-8.00000 8.22220 15.10509 125 83 53 224 -2.20727 -2.20727 -2.52573
-8.00000 0.76843 13.50611 141 81 58 224 -2.20727 -2.20727 -2.52573
-0.80000 1.69763 18.28367 129 80 55 224 -2.20727 -2.20727 -2.52573
-7.29803 8.03751 19.25000 123 82 54 224 -2.20727 -2.20727 -2.52573
-7.69710 4.92946 10.75000 128 87 52 224 -2.20727 -2.20727 -2.52573
-7.13143 0.79651 10.75000 140 88 52 224 -2.20727 -2.20727 -2.52573
-0.80000 0.78299 18.78463 139 83 53 224 -2.20727 -2.20727 -2.52573
-5.59029 6.35996 19.25000 125 83 55 224 -2.20727 -2.20727 -2.52573
-0.80000 6.53208 15.29352 138 83 58 224 -2.20727 -2.20727 -2.52573
-7.14697 7.89966 19.25000 138 77 56 224 -2.20727 -2.20727 -2.52573
-8.00000 2.71591 17.35653 132 88 59 224 -2.20727 -2.20727 -2.52573
-8.00000 0.16867 18.53787 132 81 61 224 -2.20727 -2.20727 -2.52573
-0.80000 6.45120 17.97279 124 85 58 224 -2.20727 -2.20727 -2.52573
-0.80000 7.82400 15.40132 126 81 53 224 -2.20727 -2.20727 -2.52573
-8.00000 1.98204 16.29241 141 85 61 224 -2.20727 -2.20727 -2.52573
-1.92109 3.65905 19.25000 132 86 52 224 -2.20727 -2.20727 -2.52573
-6.08257 2.48984 19.25000 140 77 56 224 -2.20727 -2.20727 -2.52573
-7.77554 2.35327 10.75000 128 80 51 224 -2.20727 -2.20727 -2.52573
-0.82947 6.17286 10.75000 136 88 52 224 -2.20727 -2.20727 -2.52573
-0.80000 7.11248 15.56003 138 79 60 224 -2.20727 -2.20727 -2.52573
-0.80000 7.19343 11.48710 127 87 52 224 -2.20727 -2.20727 -2.52573
-8.00000 2.69595 14.87506 125 80 60 224 -2.20727 -2.20727 -2.52573
-1.15523 7.13572 10.75000 134 85 59 224 -2.20727 -2.20727 -2.52573
-2.55641 2.34995 10.75000 122 86 56 224 -2.20727 -2.20727 -2.52573
-0.80000 7.06763 15.73026 125 79 55 224 -2.20727 -2.20727 -2.52573
-2.18332 3.91287 10.75000 134 87 60 224 -2.20727 -2.20727 -2.52573
-1.71036 3.99413 19.25000 127 84 54 224 -2.20727 -2.20727 -2.52573
-1.44221 3.57672 10.75000 127 84 57 224 -2.20727 -2.20727 -2.52573
-8.00000 0.54444 15.59011 129 88 55 224 -2.20727 -2.20727 -2.52573
-0.80000 0.33685 13.93235 137 83 59 224 -2.20727 -2.20727 -2.52573
-8.00000 8.88987 17.72532 137 86 55 224 -2.20727 -2.20727 -2.52573
-0.80000 4.53406 17.80463 133 83 59 224 -2.20727 -2.20727 -2.52573
-6.34121 1.06969 19.25000 132 84 52 224 -2.20727 -2.20727 -2.52573
-7.71843 2.50273 19.25000 142 76 57 224 -2.20727 -2.20727 -2.52573
-2.25406 5.17224 19.25000 140 81 52 224 -2.20727 -2.20727 -2.52573
-0.80000 4.59825 12.58731 129 83 52 224 -2.20727 -2.20727 -2.52573
-4.32321 1.35202 19.25000 133 87 60 224 -2.20727 -2.20727 -2.52573
-6.38760 7.76753 19.25000 130 80 58 224 -2.20727 -2.20727 -2.52573
-0.80000 4.63623 17.54169 131 80 59 224 -2.20727 -2.20727 -2.52573
-0.80000 3.04045 14.16146 136 86 59 224 -2.20727 -2.20727 -2.52573
-1.67437 1.74056 10.75000 132 80 59 224 -2.20727 -2.20727 -2.52573
-8.00000 1.26455 13.95400 141 85 51 224 -2.20727 -2.20727 -2.52573
-4.29968 8.92251 19.25000 127 82 54 224 -2.20727 -2.20727 -2.52573
-7.41778 2.03335 19.25000 131 86 56 224 -2.20727 -2.20727 -2.52573
-8.00000 0.45702 13.94520 136 80 57 224 -2.20727 -2.20727 -2.52573
-0.80000 0.30058 16.08962 142 82 59 224 -2.20727 -2.20727 -2.52573
-3.74538 1.43069 19.25000 125 77 61 224 -2.20727 -2.20727 -2.52573
-8.00000 6.35786 15.49673 123 80 55 224 -2.20727 -2.20727 -2.52573
-0.80000 8.41630 12.98062 141 85 52 224 -2.20727 -2.20727 -2.52573
-2.96880 8.51327 19.25000 127 87 55 224 -2.20727 -2.20727 -2.52573
-2.92056 1.16839 10.75000 129 79 55 224 -2.20727 -2.20727 -2.52573
-6.51100 4.21394 19.25000 126 78 53 224 -2.20727 -2.20727 -2.52573
-5.40892 7.46026 19.25000 124 84 58 224 -2.20727 -2.20727 -2.52573
-7.08623 3.61300 10.75000 124 79 58 224 -2.20727 -2.20727 -2.52573
-4.74742 8.13984 19.25000 126 88 56 224 -2.20727 -2.20727 -2.52573
-8.00000 7.48839 13.65487 123 82 51 224 -2.20727 -2.20727 -2.52573
-0.80000 1.47776 12.98811 133 84 53 224 -2.20727 -2.20727 -2.52573
-4.05788 4.05669 10.75000 131 78 57 224 -2.20727 -2.20727 -2.52573
-4.37451 7.10294 10.75000 129 84 52 224 -2.20727 -2.20727 -2.52573
-2.61839 0.59197 10.75000 141 85 58 224 -2.20727 -2.20727 -2.52573
-3.65723 4.03414 10.75000 124 77 54 224 -2.20727 -2.20727 -2.52573
-0.98949 2.62995 19.25000 135 85 53 224 -2.20727 -2.20727 -2.52573
-0.80000 0.30192 17.15574 124 78 60 224 -2.20727 -2.20727 -2.52573
-0.80000 5.60456 18.25011 141 83 52 224 -2.20727 -2.20727 -2.52573
-3.45135 0.37593 19.25000 126 86 52 224 -2.20727 -2.20727 -2.52573
-2.72307 8.40269 10.75000 126 88 59 224 -2.20727 -2.20727 -2.52573
-0.80000 5.32276 11.52532 142 82 60 224 -2.20727 -2.20727 -2.52573
-0.80000 3.39592 13.81162 142 80 51 224 -2.20727 -2.20727 -2.52573
-0.84361 8.01511 19.25000 126 82 57 224 -2.20727 -2.20727 -2.52573
-6.66219 6.43522 10.75000 130 87 60 224 -2.20727 -2.20727 -2.52573
-6.68964 5.66069 19.25000 130 83 53 224 -2.20727 -2.20727 -2.52573
-8.00000 1.49597 16.80194 136 79 60 224 -2.20727 -2.20727 -2.52573
-0.80000 8.47405 16.99724 141 77 58 224 -2.20727 -2.20727 -2.52573
-6.01222 5.82818 19.25000 130 76 55 224 -2.20727 -2.20727 -2.52573
-0.80000 4.67445 13.94546 123 79 58 224 -2.20727 -2.20727 -2.52573
-0.80000 0.00906 12.26588 137 87 54 224 -2.20727 -2.20727 -2.52573
-0.80000 1.77147 17.73728 133 79 57 224 -2.20727 -2.20727 -2.52573
-8.00000 2.96237 17.07613 132 79 55 224 -2.20727 -2.20727 -2.52573
-8.00000 6.20203 15.39767 130 76 60 224 -2.20727 -2.20727 -2.52573
-5.54652 3.44969 10.75000 131 78 59 224 -2.20727 -2.20727 -2.52573
-2.45667 6.10548 10.75000 136 80 58 224 -2.20727 -2.20727 -2.52573
-6.70194 1.78349 10.75000 136 76 51 224 -2.20727 -2.20727 -2.52573
-3.23873 1.49547 10.75000 124 81 57 224 -2.20727 -2.20727 -2.52573
-8.00000 6.04612 12.01596 130 88 56 224 -2.20727 -2.20727 -2.52573
-6.00851 4.73900 19.25000 124 88 56 224 -2.20727 -2.20727 -2.52573
-0.80000 2.99861 12.42057 133 78 56 224 -2.20727 -2.20727 -2.52573
-2.53508 8.59226 10.75000 130 84 53 224 -2.20727 -2.20727 -2.52573
-8.00000 3.02866 15.61579 137 79 53 224 -2.20727 -2.20727 -2.52573
-6.86449 4.12070 19.25000 123 78 60 224 -2.20727 -2.20727 -2.52573
-8.00000 3.54577 15.43178 140 87 60 224 -2.20727 -2.20727 -2.52573
-8.00000 7.43982 14.62766 138 86 51 224 -2.20727 -2.20727 -2.52573
-0.80000 7.24809 16.89606 124 88 52 224 -2.20727 -2.20727 -2.52573
-0.80000 2.39093 19.04025 135 79 51 224 -2.20727 -2.20727 -2.52573
-0.80000 0.45167 15.76241 141 89 53 224 -2.20727 -2.20727 -2.52573
-0.80000 7.90705 15.25815 137 76 51 224 -2.20727 -2.20727 -2.52573
-0.80000 5.81728 16.60862 131 86 55 224 -2.20727 -2.20727 -2.52573
-1.64684 7.33202 19.25000 136 81 57 224 -2.20727 -2.20727 -2.52573
-0.80000 7.90570 12.89800 125 85 60 224 -2.20727 -2.20727 -2.52573
-7.72563 7.15971 10.75000 132 84 55 224 -2.20727 -2.20727 -2.52573
-8.00000 1.34835 15.72004 122 84 59 224 -2.20727 -2.20727 -2.52573
-0.80000 2.08916 14.44113 133 83 52 224 -2.20727 -2.20727 -2.52573
-7.38625 0.05321 19.25000 122 84 60 224 -2.20727 -2.20727 -2.52573
-5.83557 5.06196 10.75000 142 82 56 224 -2.20727 -2.20727 -2.52573
-0.80000 8.33267 17.93365 122 79 55 224 -2.20727 -2.20727 -2.52573
-2.31178 3.84126 10.75000 123 87 56 224 -2.20727 -2.20727 -2.52573
-8.00000 1.80421 14.01693 132 82 53 224 -2.20727 -2.20727 -2.52573
-0.80000 2.28245 18.71844 142 85 56 224 -2.20727 -2.20727 -2.52573
-5.13858 5.18032 10.75000 128 83 60 224 -2.20727 -2.20727 -2.52573
-5.49358 5.77922 10.75000 133 81 54 224 -2.20727 -2.20727 -2.52573
-0.80000 2.09570 18.66266 122 83 58 224 -2.20727 -2.20727 -2.52573
-0.80000 1.76587 18.14837 138 87 53 224 -2.20727 -2.20727 -2.52573
-5.70740 0.47138 10.75000 129 77 54 224 -2.20727 -2.20727 -2.52573
-8.00000 2.07406 12.20782 132 83 53 224 -2.20727 -2.20727 -2.52573
-0.80000 8.00637 18.76720 130 78 53 224 -2.20727 -2.20727 -2.52573
-2.32183 6.78835 10.75000 133 77 59 224 -2.20727 -2.20727 -2.52573
-1.25679 1.99901 19.25000 132 87 59 224 -2.20727 -2.20727 -2.52573
-3.52817 2.08093 10.75000 125 80 54 224 -2.20727 -2.20727 -2.52573
-1.75738 7.28693 10.75000 136 87 58 224 -2.20727 -2.20727 -2.52573
-0.80000 0.74279 18.87212 137 76 59 224 -2.20727 -2.20727 -2.52573
-8.00000 1.49408 13.24529 125 80 55 224 -2.20727 -2.20727 -2.52573
-8.00000 7.85795 14.00534 133 78 58 224 -2.20727 -2.20727 -2.52573
-8.00000 8.77341 17.04126 130 79 59 224 -2.20727 -2.20727 -2.52573
-0.80000 2.54472 14.20603 136 85 54 224 -2.20727 -2.20727 -2.52573
-0.80000 3.14167 11.64112 140 82 55 224 -2.20727 -2.20727 -2.52573
-4.18212 5.05331 19.25000 123 88 51 224 -2.20727 -2.20727 -2.52573
-3.39255 7.78822 19.25000 125 85 54 224 -2.20727 -2.20727 -2.52573
-8.00000 7.88332 10.92342 134 82 56 224 -2.20727 -2.20727 -2.52573
-6.13181 8.15570 19.25000 129 86 51 224 -2.20727 -2.20727 -2.52573
-5.17128 0.92526 19.25000 136 86 51 224 -2.20727 -2.20727 -2.52573
-7.34500 3.96855 10.75000 141 87 54 224 -2.20727 -2.20727 -2.52573
-0.80000 0.77826 18.02772 134 83 57 224 -2.20727 -2.20727 -2.52573
-3.40963 2.14568 19.25000 123 81 52 224 -2.20727 -2.20727 -2.52573
-2.00514 6.35867 10.75000 142 89 60 224 -2.20727 -2.20727 -2.52573
-8.00000 3.00899 12.34892 130 84 55 224 -2.20727 -2.20727 -2.52573
-5.27145 7.78204 19.25000 141 76 55 224 -2.20727 -2.20727 -2.52573
-3.60171 7.51256 19.25000 139 83 52 224 -2.20727 -2.20727 -2.52573
-0.80000 6.24798 16.97163 136 80 52 224 -2.20727 -2.20727 -2.52573
-2.64875 2.89849 10.75000 137 87 51 224 -2.20727 -2.20727 -2.52573
-7.38741 7.49511 10.75000 135 85 53 224 -2.20727 -2.20727 -2.52573
-3.01179 4.34157 19.25000 127 81 51 224 -2.20727 -2.20727 -2.52573
-4.53169 4.56573 10.75000 137 84 52 224 -2.20727 -2.20727 -2.52573
-2.55053 4.19325 10.75000 128 76 54 224 -2.20727 -2.20727 -2.52573
-8.00000 8.97056 13.42752 122 77 61 224 -2.20727 -2.20727 -2.52573
-3.24546 2.22206 19.25000 130 83 56 224 -2.20727 -2.20727 -2.52573
-8.00000 4.58917 15.02425 140 80 57 224 -2.20727 -2.20727 -2.52573
-7.23556 4.18461 10.75000 127 85 54 224 -2.20727 -2.20727 -2.52573
-4.31657 6.14596 19.25000 129 78 54 224 -2.20727 -2.20727 -2.52573
-6.42793 4.71477 19.25000 136 80 59 224 -2.20727 -2.20727 -2.52573
-1.52781 7.30493 19.25000 132 81 57 224 -2.20727 -2.20727 -2.52573
-8.00000 3.51707 12.87801 125 80 58 224 -2.20727 -2.20727 -2.52573
-8.00000 8.94386 18.68399 133 86 55 224 -2.20727 -2.20727 -2.52573
-7.90327 1.64793 10.75000 127 79 57 224 -2.20727 -2.20727 -2.52573
-8.00000 4.92260 13.99576 133 87 52 224 -2.20727 -2.20727 -2.52573
-8.00000 8.26204 15.26725 139 83 53 224 -2.20727 -2.20727 -2.52573
-0.80000 6.96514 18.72731 140 80 53 224 -2.20727 -2.20727 -2.52573
-2.22180 7.41637 10.75000 135 82 51 224 -2.20727 -2.20727 -2.52573
-4.57770 3.07158 19.25000 141 82 55 224 -2.20727 -2.20727 -2.52573
-4.31427 2.01716 19.25000 137 87 60 224 -2.20727 -2.20727 -2.52573
-4.82244 6.28383 19.25000 124 77 56 224 -2.20727 -2.20727 -2.52573
-2.36067 0.06413 10.75000 138 79 60 224 -2.20727 -2.20727 -2.52573
-1.08445 5.76771 10.75000 130 76 57 224 -2.20727 -2.20727 -2.52573
-8.00000 3.23572 11.19530 124 78 56 224 -2.20727 -2.20727 -2.52573
-8.00000 7.48968 17.52158 126 86 54 224 -2.20727 -2.20727 -2.52573
-1.53137 3.67709 10.75000 124 86 54 224 -2.20727 -2.20727 -2.52573
-0.80000 4.26624 15.88531 126 86 51 224 -2.20727 -2.20727 -2.52573
-2.89884 6.03757 10.75000 135 83 52 224 -2.20727 -2.20727 -2.52573
-0.80000 0.58613 19.15116 126 85 57 224 -2.20727 -2.20727 -2.52573
-8.00000 1.18157 16.03190 134 77 57 224 -2.20727 -2.20727 -2.52573
-3.96671 2.48032 10.75000 130 76 51 224 -2.20727 -2.20727 -2.52573
-7.18785 1.86847 19.25000 135 86 60 224 -2.20727 -2.20727 -2.52573
-7.99242 2.48443 19.25000 131 85 60 224 -2.20727 -2.20727 -2.52573
-2.87197 0.23887 10.75000 123 81 56 224 -2.20727 -2.20727 -2.52573
-2.59264 8.76257 19.25000 140 76 60 224 -2.20727 -2.20727 -2.52573
-8.00000 3.94011 17.22903 142 82 52 224 -2.20727 -2.20727 -2.52573
-8.00000 2.06534 18.47563 130 80 53 224 -2.20727 -2.20727 -2.52573
-8.00000 1.44448 10.75428 133 85 60 224 -2.20727 -2.20727 -2.52573
-1.73817 6.03569 19.25000 137 78 52 224 -2.20727 -2.20727 -2.52573
-6.10651 3.19372 19.25000 131 88 55 224 -2.20727 -2.20727 -2.52573
-3.91575 5.02996 19.25000 127 77 60 224 -2.20727 -2.20727 -2.52573
-4.43787 0.84195 10.75000 140 77 58 224 -2.20727 -2.20727 -2.52573
-3.16200 0.57251 19.25000 122 84 53 224 -2.20727 -2.20727 -2.52573
-0.80000 2.19881 17.88470 124 88 59 224 -2.20727 -2.20727 -2.52573
-8.00000 2.65384 17.66284 131 80 55 224 -2.20727 -2.20727 -2.52573
-5.11086 1.23130 10.75000 132 80 56 224 -2.20727 -2.20727 -2.52573
-8.00000 0.01875 11.58963 123 80 55 224 -2.20727 -2.20727 -2.52573
-8.00000 3.48299 15.26191 142 81 55 224 -2.20727 -2.20727 -2.52573
-3.23901 3.87127 19.25000 129 85 53 224 -2.20727 -2.20727 -2.52573
-5.94001 8.56556 19.25000 130 77 61 224 -2.20727 -2.20727 -2.52573
-8.00000 6.08682 10.79606 130 78 55 224 -2.20727 -2.20727 -2.52573
-7.03636 5.99391 19.25000 127 86 60 224 -2.20727 -2.20727 -2.52573
-7.02378 5.64037 19.25000 130 80 56 224 -2.20727 -2.20727 -2.52573
-0.80000 7.37998 13.99690 131 84 58 224 -2.20727 -2.20727 -2.52573
-7.46262 5.66902 19.25000 136 79 59 224 -2.20727 -2.20727 -2.52573
-2.46577 7.21104 19.25000 140 81 53 224 -2.20727 -2.20727 -2.52573
-3.27350 3.25869 10.75000 122 86 56 224 -2.20727 -2.20727 -2.52573
-0.80000 1.82801 18.74300 139 86 51 224 -2.20727 -2.20727 -2.52573
-0.80000 6.70646 17.67146 139 85 57 224 -2.20727 -2.20727 -2.52573
-0.80000 0.04949 18.63779 141 85 54 224 -2.20727 -2.20727 -2.52573
-4.16767 0.22235 10.75000 134 82 60 224 -2.20727 -2.20727 -2.52573
-8.00000 1.86782 18.46479 130 83 55 224 -2.20727 -2.20727 -2.52573
-8.00000 4.87988 13.01725 135 88 56 224 -2.20727 -2.20727 -2.52573
-6.12939 10.23216 17.28917 25 28 30 234 -2.12026 -2.12026 -2.81341
-4.19875 11.03134 11.08986 25 28 30 234 -2.12026 -2.12026 -2.81341
-0.58546 9.25961 17.96180 25 28 30 234 -2.12026 -2.12026 -2.81341
-0.89356 9.31549 15.98525 25 28 30 234 -2.12026 -2.12026 -2.81341
-0.27653 9.14508 18.65745 25 28 30 234 -2.12026 -2.12026 -2.81341
-3.72228 10.72208 11.42246 25 28 30 234 -2.12026 -2.12026 -2.81341
-2.40327 10.06923 12.05021 25 28 30 234 -2.12026 -2.12026 -2.81341
-0.21331 9.07199 10.70094 25 28 30 234 -2.12026 -2.12026 -2.81341
-6.66341 9.95602 14.04223 25 28 30 234 -2.12026 -2.12026 -2.81341
-2.11821 9.97574 19.15216 25 28 30 234 -2.12026 -2.12026 -2.81341
-7.05244 9.78678 14.88262 25 28 30 234 -2.12026 -2.12026 -2.81341
-5.68157 10.45710 18.74412 25 28 30 234 -2.12026 -2.12026 -2.81341
-7.74752 9.41688 16.09654 25 28 30 234 -2.12026 -2.12026 -2.81341
-5.58566 10.42172 10.34351 25 28 30 234 -2.12026 -2.12026 -2.81341
-4.05750 10.92379 10.95703 25 28 30 234 -2.12026 -2.12026 -2.81341
-0.22627 9.00008 15.53031 25 28 30 234 -2.12026 -2.12026 -2.81341
-0.70145 9.29651 12.81952 25 28 30 234 -2.12026 -2.12026 -2.81341
-0.99869 9.44524 12.91179 25 28 30 234 -2.12026 -2.12026 -2.81341
-2.33428 10.10494 11.58801 25 28 30 234 -2.12026 -2.12026 -2.81341
-4.88226 10.80544 18.86810 25 28 30 234 -2.12026 -2.12026 -2.81341
-0.93191 9.42442 15.31793 25 28 30 234 -2.12026 -2.12026 -2.81341
-1.92807 9.89532 19.33991 25 28 30 234 -2.12026 -2.12026 -2.81341
-7.51110 9.57951 10.98304 25 28 30 234 -2.12026 -2.12026 -2.81341
-6.62244 10.00011 11.73330 25 28 30 234 -2.12026 -2.12026 -2.81341
-3.53515 10.62750 18.40990 25 28 30 234 -2.12026 -2.12026 -2.81341
-7.19603 9.69621 13.86841 25 28 30 234 -2.12026 -2.12026 -2.81341
-4.79113 10.84273 18.25802 25 28 30 234 -2.12026 -2.12026 -2.81341
-8.31587 9.11957 14.88627 25 28 30 234 -2.12026 -2.12026 -2.81341
-0.20202 9.07282 12.33282 25 28 30 234 -2.12026 -2.12026 -2.81341
-1.32828 9.65228 19.60503 25 28 30 234 -2.12026 -2.12026 -2.81341
-2.92140 10.39669 16.93657 25 28 30 234 -2.12026 -2.12026 -2.81341
-0.29746 9.06996 16.78364 25 28 30 234 -2.12026 -2.12026 -2.81341
-4.37627 11.09009 15.55648 25 28 30 234 -2.12026 -2.12026 -2.81341
-3.62108 10.67949 13.95798 25 28 30 234 -2.12026 -2.12026 -2.81341
-7.69910 9.46451 18.44147 25 28 30 234 -2.12026 -2.12026 -2.81341
-4.02143 10.86833 19.64411 25 28 30 234 -2.12026 -2.12026 -2.81341
-8.18180 9.25122 14.24107 25 28 30 234 -2.12026 -2.12026 -2.81341
-7.42512 9.60642 13.62948 25 28 30 234 -2.12026 -2.12026 -2.81341
-7.91947 9.38115 16.81896 25 28 30 234 -2.12026 -2.12026 -2.81341
-6.54743 10.05281 11.52884 25 28 30 234 -2.12026 -2.12026 -2.81341
-0.39638 9.13257 16.38355 25 28 30 234 -2.12026 -2.12026 -2.81341
-6.44591 10.05268 14.98896 25 28 30 234 -2.12026 -2.12026 -2.81341
-0.16355 9.02538 12.18962 25 28 30 234 -2.12026 -2.12026 -2.81341
-6.07051 10.27863 18.14872 25 28 30 234 -2.12026 -2.12026 -2.81341
-6.89958 9.90975 18.61841 25 28 30 234 -2.12026 -2.12026 -2.81341
-7.31330 9.67533 12.71458 25 28 30 234 -2.12026 -2.12026 -2.81341
-5.25424 10.71816 14.29800 25 28 30 234 -2.12026 -2.12026 -2.81341
-2.72054 10.23043 14.25250 25 28 30 234 -2.12026 -2.12026 -2.81341
-2.52451 10.12886 15.14688 25 28 30 234 -2.12026 -2.12026 -2.81341
-2.30531 10.02951 12.68185 25 28 30 234 -2.12026 -2.12026 -2.81341
-4.61566 10.93739 14.88466 25 28 30 234 -2.12026 -2.12026 -2.81341
-7.16256 9.76688 12.30638 25 28 30 234 -2.12026 -2.12026 -2.81341
-5.12568 10.75720 16.26221 25 28 30 234 -2.12026 -2.12026 -2.81341
-5.22594 10.61652 12.11766 25 28 30 234 -2.12026 -2.12026 -2.81341
-1.18242 9.49067 16.93409 25 28 30 234 -2.12026 -2.12026 -2.81341
-1.37142 9.57568 10.24965 25 28 30 234 -2.12026 -2.12026 -2.81341
-2.47279 10.08952 17.62191 25 28 30 234 -2.12026 -2.12026 -2.81341
-4.86007 10.82005 16.20552 25 28 30 234 -2.12026 -2.12026 -2.81341
-0.39532 9.14099 19.68146 25 28 30 234 -2.12026 -2.12026 -2.81341
-1.18432 9.49991 16.39390 25 28 30 234 -2.12026 -2.12026 -2.81341
-6.51830 10.00899 14.39078 25 28 30 234 -2.12026 -2.12026 -2.81341
-4.77468 10.90870 12.96111 25 28 30 234 -2.12026 -2.12026 -2.81341
-8.04756 9.30871 17.42008 25 28 30 234 -2.12026 -2.12026 -2.81341
-2.08534 9.96862 12.65357 25 28 30 234 -2.12026 -2.12026 -2.81341
-6.66768 10.01187 16.48461 25 28 30 234 -2.12026 -2.12026 -2.81341
-7.37754 9.59500 13.65722 25 28 30 234 -2.12026 -2.12026 -2.81341
-8.23888 9.20802 15.52685 25 28 30 234 -2.12026 -2.12026 -2.81341
-5.55314 10.49777 18.11094 25 28 30 234 -2.12026 -2.12026 -2.81341
-7.47215 9.54661 17.60644 25 28 30 234 -2.12026 -2.12026 -2.81341
-2.78434 10.32171 15.37357 25 28 30 234 -2.12026 -2.12026 -2.81341
-7.56467 9.53111 13.13386 25 28 30 234 -2.12026 -2.12026 -2.81341
-8.04170 9.23464 14.25047 25 28 30 234 -2.12026 -2.12026 -2.81341
-5.62257 10.48355 19.06659 25 28 30 234 -2.12026 -2.12026 -2.81341
-4.82508 10.81171 18.78276 25 28 30 234 -2.12026 -2.12026 -2.81341
-3.16033 10.36696 10.81405 25 28 30 234 -2.12026 -2.12026 -2.81341
-4.32688 11.06811 16.38278 25 28 30 234 -2.12026 -2.12026 -2.81341
-7.34333 9.58069 13.72835 25 28 30 234 -2.12026 -2.12026 -2.81341
-2.73908 10.31669 19.63420 25 28 30 234 -2.12026 -2.12026 -2.81341
-6.47631 10.04932 10.63983 25 28 30 234 -2.12026 -2.12026 -2.81341
-8.51236 9.11941 19.26360 25 28 30 234 -2.12026 -2.12026 -2.81341
-2.96197 10.42684 10.93989 25 28 30 234 -2.12026 -2.12026 -2.81341
-2.29704 10.04235 19.88683 25 28 30 234 -2.12026 -2.12026 -2.81341
-5.73491 10.38415 17.40249 25 28 30 234 -2.12026 -2.12026 -2.81341
-0.11671 9.00928 11.12797 25 28 30 234 -2.12026 -2.12026 -2.81341
-2.51716 10.14494 18.25838 25 28 30 234 -2.12026 -2.12026 -2.81341
-1.05261 9.40960 11.05105 25 28 30 234 -2.12026 -2.12026 -2.81341
-6.25906 10.11782 17.85286 25 28 30 234 -2.12026 -2.12026 -2.81341
-5.47836 10.54327 10.50043 25 28 30 234 -2.12026 -2.12026 -2.81341
-4.22909 10.97472 10.50324 25 28 30 234 -2.12026 -2.12026 -2.81341
-7.97499 9.35345 10.35401 25 28 30 234 -2.12026 -2.12026 -2.81341
-1.86661 9.89710 18.02538 25 28 30 234 -2.12026 -2.12026 -2.81341
-2.12993 9.93813 14.75918 25 28 30 234 -2.12026 -2.12026 -2.81341
-2.43934 10.08458 19.36709 25 28 30 234 -2.12026 -2.12026 -2.81341
-8.63203 9.01049 18.15524 25 28 30 234 -2.12026 -2.12026 -2.81341
-0.65619 9.24620 16.11007 25 28 30 234 -2.12026 -2.12026 -2.81341
-0.30606 9.11938 13.22259 25 28 30 234 -2.12026 -2.12026 -2.81341
-5.84162 10.29937 12.68616 25 28 30 234 -2.12026 -2.12026 -2.81341
-1.21547 9.52345 16.93770 25 28 30 234 -2.12026 -2.12026 -2.81341
-2.59810 10.15175 19.59829 25 28 30 234 -2.12026 -2.12026 -2.81341
-8.53696 9.12773 16.89935 25 28 30 234 -2.12026 -2.12026 -2.81341
-1.61280 9.70999 16.52571 25 28 30 234 -2.12026 -2.12026 -2.81341
-1.31446 9.55205 12.48349 25 28 30 234 -2.12026 -2.12026 -2.81341
-3.30823 10.53028 13.01428 25 28 30 234 -2.12026 -2.12026 -2.81341
-7.21563 9.67888 12.52722 25 28 30 234 -2.12026 -2.12026 -2.81341
-0.12903 9.00285 12.12617 25 28 30 234 -2.12026 -2.12026 -2.81341
-4.84319 10.87977 14.84861 25 28 30 234 -2.12026 -2.12026 -2.81341
-4.39326 11.12300 12.92302 25 28 30 234 -2.12026 -2.12026 -2.81341
-1.24217 9.58177 15.31870 25 28 30 234 -2.12026 -2.12026 -2.81341
-5.37395 10.58682 10.05972 25 28 30 234 -2.12026 -2.12026 -2.81341
-2.42599 10.11833 17.64756 25 28 30 234 -2.12026 -2.12026 -2.81341
-7.77296 9.43314 13.24364 25 28 30 234 -2.12026 -2.12026 -2.81341
-2.85366 10.30878 19.40749 25 28 30 234 -2.12026 -2.12026 -2.81341
-8.53364 9.10079 16.33147 25 28 30 234 -2.12026 -2.12026 -2.81341
-7.78927 9.49787 12.48919 25 28 30 234 -2.12026 -2.12026 -2.81341
-7.68259 9.43059 17.76842 25 28 30 234 -2.12026 -2.12026 -2.81341
-2.64970 10.19950 18.73989 25 28 30 234 -2.12026 -2.12026 -2.81341
-1.91616 9.90074 18.94049 25 28 30 234 -2.12026 -2.12026 -2.81341
-2.63612 10.24358 11.16753 25 28 30 234 -2.12026 -2.12026 -2.81341
-4.95718 10.79824 11.57824 25 28 30 234 -2.12026 -2.12026 -2.81341
-3.70645 10.72482 15.94229 25 28 30 234 -2.12026 -2.12026 -2.81341
-0.99521 9.42827 16.90271 25 28 30 234 -2.12026 -2.12026 -2.81341
-5.66050 10.42530 12.88465 25 28 30 234 -2.12026 -2.12026 -2.81341
-1.73266 9.75442 16.10145 25 28 30 234 -2.12026 -2.12026 -2.81341
-2.85654 10.34623 15.15659 25 28 30 234 -2.12026 -2.12026 -2.81341
-2.13761 10.01665 13.17802 25 28 30 234 -2.12026 -2.12026 -2.81341
-0.46524 9.14737 11.79911 25 28 30 234 -2.12026 -2.12026 -2.81341
-3.57495 10.71424 14.54131 25 28 30 234 -2.12026 -2.12026 -2.81341
-1.81512 9.85870 12.89226 25 28 30 234 -2.12026 -2.12026 -2.81341
-4.77857 10.88213 15.50883 25 28 30 234 -2.12026 -2.12026 -2.81341
-1.32969 9.60221 19.35200 25 28 30 234 -2.12026 -2.12026 -2.81341
-2.14685 9.96260 17.64144 25 28 30 234 -2.12026 -2.12026 -2.81341
-7.08640 9.75239 16.90584 25 28 30 234 -2.12026 -2.12026 -2.81341
-8.00413 9.26638 11.28460 25 28 30 234 -2.12026 -2.12026 -2.81341
-7.91697 9.36169 17.94403 25 28 30 234 -2.12026 -2.12026 -2.81341
-8.32680 9.15644 19.82337 25 28 30 234 -2.12026 -2.12026 -2.81341
-5.05372 10.75890 18.00526 25 28 30 234 -2.12026 -2.12026 -2.81341
-7.45874 9.56230 11.47997 25 28 30 234 -2.12026 -2.12026 -2.81341
-4.18494 10.91382 15.31310 25 28 30 234 -2.12026 -2.12026 -2.81341
-3.60494 10.63538 18.85176 25 28 30 234 -2.12026 -2.12026 -2.81341
-0.15570 9.00428 10.80051 25 28 30 234 -2.12026 -2.12026 -2.81341
-4.51940 10.98789 11.73596 25 28 30 234 -2.12026 -2.12026 -2.81341
-4.92566 10.83747 11.37140 25 28 30 234 -2.12026 -2.12026 -2.81341
-5.70531 10.40582 18.30884 25 28 30 234 -2.12026 -2.12026 -2.81341
-1.56609 9.72242 13.96149 25 28 30 234 -2.12026 -2.12026 -2.81341
-3.23207 10.45742 11.23967 25 28 30 234 -2.12026 -2.12026 -2.81341
-1.54798 9.68968 16.28304 25 28 30 234 -2.12026 -2.12026 -2.81341
-5.54205 10.47970 19.52307 25 28 30 234 -2.12026 -2.12026 -2.81341
-1.78033 9.82737 15.53622 25 28 30 234 -2.12026 -2.12026 -2.81341
-4.87819 10.82091 16.31631 25 28 30 234 -2.12026 -2.12026 -2.81341
-7.37429 9.60278 17.76177 25 28 30 234 -2.12026 -2.12026 -2.81341
-5.75524 10.38838 12.35940 25 28 30 234 -2.12026 -2.12026 -2.81341
-2.89889 10.36734 17.56375 25 28 30 234 -2.12026 -2.12026 -2.81341
-6.73666 9.96460 17.44361 25 28 30 234 -2.12026 -2.12026 -2.81341
-3.44428 10.65928 13.90621 25 28 30 234 -2.12026 -2.12026 -2.81341
-7.15513 9.79999 14.95226 25 28 30 234 -2.12026 -2.12026 -2.81341
-3.63025 10.70979 10.40093 25 28 30 234 -2.12026 -2.12026 -2.81341
-1.28426 9.60969 18.75149 25 28 30 234 -2.12026 -2.12026 -2.81341
-3.20639 10.47884 13.08593 25 28 30 234 -2.12026 -2.12026 -2.81341
-4.36381 11.04867 12.46755 25 28 30 234 -2.12026 -2.12026 -2.81341
-0.34688 9.11102 11.37214 25 28 30 234 -2.12026 -2.12026 -2.81341
-1.62538 9.66466 10.98134 25 28 30 234 -2.12026 -2.12026 -2.81341
-1.49454 9.70289 18.42203 25 28 30 234 -2.12026 -2.12026 -2.81341
-0.63318 9.24662 10.71129 25 28 30 234 -2.12026 -2.12026 -2.81341
-0.38564 9.10973 13.72415 25 28 30 234 -2.12026 -2.12026 -2.81341
-0.96053 9.39766 11.91709 25 28 30 234 -2.12026 -2.12026 -2.81341
-5.10102 10.72441 15.70277 25 28 30 234 -2.12026 -2.12026 -2.81341
-6.71406 9.95453 17.40522 25 28 30 234 -2.12026 -2.12026 -2.81341
-2.94576 10.40776 18.56205 25 28 30 234 -2.12026 -2.12026 -2.81341
-4.16688 10.92308 19.01590 25 28 30 234 -2.12026 -2.12026 -2.81341
-6.06642 10.27103 11.46585 25 28 30 234 -2.12026 -2.12026 -2.81341
-1.14609 9.44635 13.11559 25 28 30 234 -2.12026 -2.12026 -2.81341
-4.80464 10.90024 14.65602 25 28 30 234 -2.12026 -2.12026 -2.81341
-2.82057 10.31886 17.91787 25 28 30 234 -2.12026 -2.12026 -2.81341
-2.97041 10.38834 16.09965 25 28 30 234 -2.12026 -2.12026 -2.81341
-5.63854 10.41485 15.24660 25 28 30 234 -2.12026 -2.12026 -2.81341
-0.66246 9.26854 19.80775 25 28 30 234 -2.12026 -2.12026 -2.81341
-5.43743 10.61255 14.42789 25 28 30 234 -2.12026 -2.12026 -2.81341
-8.01453 9.32399 13.11277 25 28 30 234 -2.12026 -2.12026 -2.81341
-0.23583 9.00911 16.10794 25 28 30 234 -2.12026 -2.12026 -2.81341
-4.26845 10.99656 12.11598 25 28 30 234 -2.12026 -2.12026 -2.81341
8.40000 1.65027 11.02244 138 83 59 224 -2.20727 -2.20727 -2.52573
8.40000 6.34341 13.92203 129 77 51 224 -2.20727 -2.20727 -2.52573
8.40000 0.68505 17.91123 123 76 55 224 -2.20727 -2.20727 -2.52573
8.40000 6.83351 17.22884 126 77 54 224 -2.20727 -2.20727 -2.52573
8.40000 6.42018 12.01635 124 87 58 224 -2.20727 -2.20727 -2.52573
8.40000 4.37333 16.04319 127 85 53 224 -2.20727 -2.20727 -2.52573
5.38508 7.23659 10.75000 138 82 52 224 -2.20727 -2.20727 -2.52573
8.40000 1.36609 19.11137 137 87 56 224 -2.20727 -2.20727 -2.52573
8.40000 0.76862 15.81011 139 81 51 224 -2.20727 -2.20727 -2.52573
1.39799 3.96229 10.75000 128 79 54 224 -2.20727 -2.20727 -2.52573
7.35516 2.21909 19.25000 125 77 52 224 -2.20727 -2.20727 -2.52573
8.40000 1.51817 13.36290 131 87 54 224 -2.20727 -2.20727 -2.52573
7.91291 6.66006 19.25000 130 85 54 224 -2.20727 -2.20727 -2.52573
1.20000 7.13950 19.21465 126 81 55 224 -2.20727 -2.20727 -2.52573
1.20000 5.27896 16.23963 136 77 54 224 -2.20727 -2.20727 -2.52573
1.20000 6.91377 17.89685 132 84 51 224 -2.20727 -2.20727 -2.52573
6.13883 4.16603 19.25000 124 81 51 224 -2.20727 -2.20727 -2.52573
3.77133 3.42898 10.75000 131 85 53 224 -2.20727 -2.20727 -2.52573
8.40000 3.70345 14.35944 142 86 57 224 -2.20727 -2.20727 -2.52573
1.20000 2.04453 15.93112 137 78 52 224 -2.20727 -2.20727 -2.52573
5.35018 7.60864 19.25000 123 79 53 224 -2.20727 -2.20727 -2.52573
2.39314 4.28913 19.25000 133 77 59 224 -2.20727 -2.20727 -2.52573
1.20000 8.10519 12.46245 125 84 59 224 -2.20727 -2.20727 -2.52573
4.81572 1.88465 19.25000 133 82 59 224 -2.20727 -2.20727 -2.52573
7.88370 7.40457 19.25000 136 77 55 224 -2.20727 -2.20727 -2.52573
4.06691 1.61021 19.25000 140 80 51 224 -2.20727 -2.20727 -2.52573
7.62414 2.05625 19.25000 130 88 57 224 -2.20727 -2.20727 -2.52573
7.96953 0.45736 10.75000 142 84 58 224 -2.20727 -2.20727 -2.52573
4.39770 7.52275 19.25000 132 78 52 224 -2.20727 -2.20727 -2.52573
1.20000 4.25187 15.92699 135 86 53 224 -2.20727 -2.20727 -2.52573
1.55993 5.45285 19.25000 135 84 52 224 -2.20727 -2.20727 -2.52573
4.93059 6.97896 10.75000 135 87 53 224 -2.20727 -2.20727 -2.52573
1.20000 3.84220 15.60007 139 83 58 224 -2.20727 -2.20727 -2.52573
8.40000 8.65443 15.17617 136 79 56 224 -2.20727 -2.20727 -2.52573
6.98093 4.13435 19.25000 123 88 59 224 -2.20727 -2.20727 -2.52573
4.49352 5.97008 19.25000 137 88 54 224 -2.20727 -2.20727 -2.52573
1.48560 3.85402 10.75000 136 85 51 224 -2.20727 -2.20727 -2.52573
1.20000 1.61932 12.62046 127 82 51 224 -2.20727 -2.20727 -2.52573
8.40000 2.05823 15.00072 130 80 55 224 -2.20727 -2.20727 -2.52573
1.20000 6.31069 13.98101 135 88 51 224 -2.20727 -2.20727 -2.52573
8.40000 0.84910 15.80531 125 84 54 224 -2.20727 -2.20727 -2.52573
1.20000 4.50683 18.45538 141 86 51 224 -2.20727 -2.20727 -2.52573
8.40000 6.75026 16.93225 126 77 59 224 -2.20727 -2.20727 -2.52573
4.42978 5.93243 19.25000 122 81 56 224 -2.20727 -2.20727 -2.52573
8.31097 0.27268 10.75000 140 77 55 224 -2.20727 -2.20727 -2.52573
8.40000 8.33252 14.74845 122 80 54 224 -2.20727 -2.20727 -2.52573
1.20000 0.72635 16.75229 133 82 56 224 -2.20727 -2.20727 -2.52573
4.62125 6.76419 10.75000 132 82 52 224 -2.20727 -2.20727 -2.52573
2.50837 1.48938 10.75000 136 89 53 224 -2.20727 -2.20727 -2.52573
3.11632 3.36696 10.75000 127 79 53 224 -2.20727 -2.20727 -2.52573
6.83271 4.05873 19.25000 135 81 52 224 -2.20727 -2.20727 -2.52573
1.20000 8.02057 11.60787 125 78 58 224 -2.20727 -2.20727 -2.52573
3.85148 8.52231 19.25000 135 86 53 224 -2.20727 -2.20727 -2.52573
1.20000 5.01421 14.76349 135 85 59 224 -2.20727 -2.20727 -2.52573
1.77466 0.02541 10.75000 133 78 55 224 -2.20727 -2.20727 -2.52573
6.71742 3.27754 10.75000 124 78 55 224 -2.20727 -2.20727 -2.52573
1.89931 1.77896 19.25000 137 81 58 224 -2.20727 -2.20727 -2.52573
1.51507 5.33560 19.25000 131 83 59 224 -2.20727 -2.20727 -2.52573
1.83084 4.26408 19.25000 134 87 58 224 -2.20727 -2.20727 -2.52573
4.56125 6.90722 10.75000 128 84 54 224 -2.20727 -2.20727 -2.52573
3.93383 4.97860 10.75000 132 79 52 224 -2.20727 -2.20727 -2.52573
5.91169 2.00537 19.25000 127 88 57 224 -2.20727 -2.20727 -2.52573
1.20000 7.71948 13.91780 122 77 59 224 -2.20727 -2.20727 -2.52573
7.66359 5.21057 19.25000 122 81 60 224 -2.20727 -2.20727 -2.52573
3.72696 3.18857 10.75000 130 80 54 224 -2.20727 -2.20727 -2.52573
8.40000 2.48422 12.43090 131 86 60 224 -2.20727 -2.20727 -2.52573
7.13263 1.95398 19.25000 129 76 56 224 -2.20727 -2.20727 -2.52573
1.20000 1.20858 19.14326 133 87 57 224 -2.20727 -2.20727 -2.52573
2.95459 3.71210 10.75000 135 76 55 224 -2.20727 -2.20727 -2.52573
2.25317 6.74368 19.25000 124 78 55 224 -2.20727 -2.20727 -2.52573
1.20000 3.16128 15.93758 132 83 56 224 -2.20727 -2.20727 -2.52573
7.29975 4.90446 19.25000 127 84 53 224 -2.20727 -2.20727 -2.52573
7.27572 4.38202 19.25000 125 78 51 224 -2.20727 -2.20727 -2.52573
3.87154 0.53133 10.75000 128 80 52 224 -2.20727 -2.20727 -2.52573
8.40000 4.98935 15.78990 125 85 51 224 -2.20727 -2.20727 -2.52573
7.29177 1.67601 10.75000 137 86 55 224 -2.20727 -2.20727 -2.52573
1.20000 6.07446 12.65483 132 88 53 224 -2.20727 -2.20727 -2.52573
5.50869 0.79728 19.25000 123 87 58 224 -2.20727 -2.20727 -2.52573
8.40000 2.13556 12.82100 128 84 58 224 -2.20727 -2.20727 -2.52573
4.66546 4.80984 19.25000 125 78 58 224 -2.20727 -2.20727 -2.52573
8.40000 2.08793 14.49848 126 86 53 224 -2.20727 -2.20727 -2.52573
8.03074 4.38574 19.25000 140 84 59 224 -2.20727 -2.20727 -2.52573
1.20000 3.39350 15.35666 128 81 56 224 -2.20727 -2.20727 -2.52573
5.68480 4.53990 10.75000 139 79 56 224 -2.20727 -2.20727 -2.52573
8.40000 8.56534 14.55306 134 87 57 224 -2.20727 -2.20727 -2.52573
6.60463 8.52776 10.75000 138 83 53 224 -2.20727 -2.20727 -2.52573
5.31650 8.26646 19.25000 136 84 54 224 -2.20727 -2.20727 -2.52573
8.09782 0.73862 19.25000 132 77 55 224 -2.20727 -2.20727 -2.52573
1.20000 0.16359 17.83202 126 83 58 224 -2.20727 -2.20727 -2.52573
7.31066 0.53619 10.75000 134 82 58 224 -2.20727 -2.20727 -2.52573
3.80242 5.06029 19.25000 127 84 54 224 -2.20727 -2.20727 -2.52573
7.58569 2.77490 19.25000 137 81 57 224 -2.20727 -2.20727 -2.52573
2.18511 1.74566 10.75000 131 86 52 224 -2.20727 -2.20727 -2.52573
1.20000 1.34252 13.47173 133 79 53 224 -2.20727 -2.20727 -2.52573
2.95984 2.06730 19.25000 125 79 60 224 -2.20727 -2.20727 -2.52573
1.20000 3.18471 16.77521 133 88 58 224 -2.20727 -2.20727 -2.52573
1.20000 0.83313 12.69146 142 83 53 224 -2.20727 -2.20727 -2.52573
8.40000 6.71531 16.79903 131 76 53 224 -2.20727 -2.20727 -2.52573
1.20000 4.19101 12.03927 132 84 51 224 -2.20727 -2.20727 -2.52573
4.02652 6.69698 19.25000 134 83 58 224 -2.20727 -2.20727 -2.52573
1.20000 4.86140 17.19292 135 87 53 224 -2.20727 -2.20727 -2.52573
7.88796 7.58089 19.25000 136 82 51 224 -2.20727 -2.20727 -2.52573
1.20000 3.88842 12.62580 123 81 60 224 -2.20727 -2.20727 -2.52573
6.32772 3.63621 10.75000 128 77 58 224 -2.20727 -2.20727 -2.52573
1.22159 1.91171 10.75000 124 77 60 224 -2.20727 -2.20727 -2.52573
6.08201 2.95760 19.25000 132 80 61 224 -2.20727 -2.20727 -2.52573
8.40000 3.85874 12.91102 127 79 60 224 -2.20727 -2.20727 -2.52573
6.12694 7.40680 19.25000 141 78 58 224 -2.20727 -2.20727 -2.52573
8.40000 3.71393 18.40671 131 79 51 224 -2.20727 -2.20727 -2.52573
4.31347 0.81039 10.75000 131 86 54 224 -2.20727 -2.20727 -2.52573
1.20000 4.54580 16.87796 124 83 57 224 -2.20727 -2.20727 -2.52573
8.40000 7.92542 18.04278 133 85 57 224 -2.20727 -2.20727 -2.52573
8.40000 3.18578 15.86746 142 79 58 224 -2.20727 -2.20727 -2.52573
1.20000 0.00236 13.49065 130 79 52 224 -2.20727 -2.20727 -2.52573
5.73956 1.10124 10.75000 123 82 57 224 -2.20727 -2.20727 -2.52573
3.00809 7.06957 10.75000 139 82 56 224 -2.20727 -2.20727 -2.52573
1.76621 2.89464 19.25000 125 79 52 224 -2.20727 -2.20727 -2.52573
6.26457 0.10469 10.75000 137 85 58 224 -2.20727 -2.20727 -2.52573
8.40000 3.69941 14.34549 135 79 53 224 -2.20727 -2.20727 -2.52573
6.96241 5.00566 19.25000 134 81 52 224 -2.20727 -2.20727 -2.52573
8.40000 4.18180 11.41662 141 87 54 224 -2.20727 -2.20727 -2.52573
4.10870 7.34688 10.75000 123 84 54 224 -2.20727 -2.20727 -2.52573
8.40000 7.91184 15.81013 137 85 54 224 -2.20727 -2.20727 -2.52573
8.01217 7.73340 10.75000 130 80 57 224 -2.20727 -2.20727 -2.52573
1.20000 2.49705 18.89205 131 87 60 224 -2.20727 -2.20727 -2.52573
1.20000 6.78797 15.34355 128 83 53 224 -2.20727 -2.20727 -2.52573
1.52656 6.92816 10.75000 134 86 58 224 -2.20727 -2.20727 -2.52573
1.20000 6.99797 15.33253 132 82 56 224 -2.20727 -2.20727 -2.52573
1.20000 5.77884 18.81878 122 87 57 224 -2.20727 -2.20727 -2.52573
3.90010 4.97320 19.25000 127 80 61 224 -2.20727 -2.20727 -2.52573
8.40000 1.98068 14.89164 138 80 60 224 -2.20727 -2.20727 -2.52573
8.40000 5.69167 11.06919 141 87 51 224 -2.20727 -2.20727 -2.52573
7.38754 1.81453 19.25000 141 79 58 224 -2.20727 -2.20727 -2.52573
1.20000 8.26508 14.98689 123 86 51 224 -2.20727 -2.20727 -2.52573
6.76433 5.68059 19.25000 130 81 53 224 -2.20727 -2.20727 -2.52573
5.56153 0.10315 10.75000 139 81 51 224 -2.20727 -2.20727 -2.52573
7.35227 4.15345 10.75000 138 81 58 224 -2.20727 -2.20727 -2.52573
1.34594 4.68671 19.25000 128 81 53 224 -2.20727 -2.20727 -2.52573
1.92276 7.89615 19.25000 122 85 54 224 -2.20727 -2.20727 -2.52573
7.94100 6.49690 19.25000 123 82 58 224 -2.20727 -2.20727 -2.52573
2.29525 8.52986 10.75000 142 77 60 224 -2.20727 -2.20727 -2.52573
4.85141 5.23895 10.75000 126 88 51 224 -2.20727 -2.20727 -2.52573
1.20000 5.10383 16.71732 126 76 57 224 -2.20727 -2.20727 -2.52573
3.65629 6.08252 10.75000 126 78 61 224 -2.20727 -2.20727 -2.52573
4.12073 7.16179 19.25000 129 87 56 224 -2.20727 -2.20727 -2.52573
1.20000 4.97988 14.04095 134 88 55 224 -2.20727 -2.20727 -2.52573
1.20000 2.98322 17.13939 133 86 58 224 -2.20727 -2.20727 -2.52573
1.20000 2.58633 16.38131 132 87 58 224 -2.20727 -2.20727 -2.52573
8.40000 3.32949 17.17034 141 81 57 224 -2.20727 -2.20727 -2.52573
3.54685 2.62125 19.25000 123 78 57 224 -2.20727 -2.20727 -2.52573
8.40000 7.68886 14.30680 137 77 51 224 -2.20727 -2.20727 -2.52573
6.78229 2.72679 10.75000 137 84 55 224 -2.20727 -2.20727 -2.52573
8.40000 0.55269 13.72643 136 80 52 224 -2.20727 -2.20727 -2.52573
4.96869 7.06381 10.75000 136 78 52 224 -2.20727 -2.20727 -2.52573
3.58346 3.23836 19.25000 127 82 52 224 -2.20727 -2.20727 -2.52573
8.40000 1.32069 12.55520 127 82 52 224 -2.20727 -2.20727 -2.52573
8.40000 7.66018 12.84467 124 76 60 224 -2.20727 -2.20727 -2.52573
5.81138 2.84223 19.25000 128 87 60 224 -2.20727 -2.20727 -2.52573
7.65911 5.17580 19.25000 131 80 59 224 -2.20727 -2.20727 -2.52573
4.67542 5.14607 10.75000 124 77 57 224 -2.20727 -2.20727 -2.52573
7.88221 8.43760 19.25000 124 80 59 224 -2.20727 -2.20727 -2.52573
2.86480 7.25235 10.75000 130 79 60 224 -2.20727 -2.20727 -2.52573
1.20000 6.04266 14.83115 142 87 55 224 -2.20727 -2.20727 -2.52573
8.40000 3.01799 12.74909 126 78 52 224 -2.20727 -2.20727 -2.52573
6.75734 5.91662 10.75000 123 77 52 224 -2.20727 -2.20727 -2.52573
8.40000 0.43878 12.78042 129 88 54 224 -2.20727 -2.20727 -2.52573
3.14022 1.65307 10.75000 124 78 54 224 -2.20727 -2.20727 -2.52573
8.40000 0.25853 12.25411 125 78 51 224 -2.20727 -2.20727 -2.52573
6.30044 2.86022 10.75000 123 84 58 224 -2.20727 -2.20727 -2.52573
8.40000 5.46753 11.81978 127 83 58 224 -2.20727 -2.20727 -2.52573
6.85745 0.00958 10.75000 142 88 52 224 -2.20727 -2.20727 -2.52573
1.85223 4.15859 19.25000 122 77 60 224 -2.20727 -2.20727 -2.52573
2.85495 0.48375 19.25000 127 80 57 224 -2.20727 -2.20727 -2.52573
1.20000 1.81385 12.99886 123 84 56 224 -2.20727 -2.20727 -2.52573
6.35873 8.46272 19.25000 142 79 59 224 -2.20727 -2.20727 -2.52573
6.47784 5.18575 19.25000 125 79 51 224 -2.20727 -2.20727 -2.52573
8.40000 7.29858 13.69490 136 85 55 224 -2.20727 -2.20727 -2.52573
5.40477 8.04573 19.25000 125 83 60 224 -2.20727 -2.20727 -2.52573
2.68427 4.91439 19.25000 124 83 58 224 -2.20727 -2.20727 -2.52573
2.65846 3.79915 19.25000 130 86 55 224 -2.20727 -2.20727 -2.52573
1.20000 6.22805 12.78320 125 80 51 224 -2.20727 -2.20727 -2.52573
3.92172 1.98786 19.25000 131 80 54 224 -2.20727 -2.20727 -2.52573
1.80257 1.56607 10.75000 124 76 59 224 -2.20727 -2.20727 -2.52573
3.08877 8.28820 19.25000 125 86 55 224 -2.20727 -2.20727 -2.52573
6.65106 5.73906 19.25000 123 84 59 224 -2.20727 -2.20727 -2.52573
6.44108 0.63890 19.25000 123 79 52 224 -2.20727 -2.20727 -2.52573
8.40000 4.38289 11.79587 131 87 56 224 -2.20727 -2.20727 -2.52573
1.95254 6.07921 19.25000 126 82 58 224 -2.20727 -2.20727 -2.52573
1.89211 4.97203 19.25000 133 88 58 224 -2.20727 -2.20727 -2.52573
3.20493 3.31930 10.75000 138 84 58 224 -2.20727 -2.20727 -2.52573
3.54579 5.13366 10.75000 131 78 57 224 -2.20727 -2.20727 -2.52573
7.48619 1.24091 19.25000 137 78 53 224 -2.20727 -2.20727 -2.52573
4.85741 0.66095 10.75000 131 86 60 224 -2.20727 -2.20727 -2.52573
8.40000 2.92410 11.32014 132 85 54 224 -2.20727 -2.20727 -2.52573
1.20000 5.85403 18.64771 135 83 59 224 -2.20727 -2.20727 -2.52573
1.83930 3.87091 10.75000 133 88 52 224 -2.20727 -2.20727 -2.52573
1.20000 7.90278 16.46768 126 82 56 224 -2.20727 -2.20727 -2.52573
1.20000 7.59747 15.21919 141 86 59 224 -2.20727 -2.20727 -2.52573
8.40000 2.47786 15.70291 138 84 56 224 -2.20727 -2.20727 -2.52573
1.20000 3.32561 12.03864 137 78 56 224 -2.20727 -2.20727 -2.52573
4.63708 3.43217 19.25000 134 85 61 224 -2.20727 -2.20727 -2.52573
1.20000 7.15019 17.83433 137 88 55 224 -2.20727 -2.20727 -2.52573
8.40000 6.74501 12.64927 125 78 51 224 -2.20727 -2.20727 -2.52573
2.70615 1.64249 19.25000 122 85 52 224 -2.20727 -2.20727 -2.52573
3.56781 3.41367 10.75000 138 78 55 224 -2.20727 -2.20727 -2.52573
1.20000 3.63509 11.53108 134 83 60 224 -2.20727 -2.20727 -2.52573
5.11579 5.75776 19.25000 136 82 52 224 -2.20727 -2.20727 -2.52573
1.63619 2.72770 19.25000 133 81 56 224 -2.20727 -2.20727 -2.52573
1.20000 1.18443 12.32825 134 87 55 224 -2.20727 -2.20727 -2.52573
8.40000 8.21139 18.03947 123 83 57 224 -2.20727 -2.20727 -2.52573
1.79859 0.67798 19.25000 132 85 61 224 -2.20727 -2.20727 -2.52573
5.45193 4.19035 19.25000 133 81 55 224 -2.20727 -2.20727 -2.52573
1.20000 1.29292 12.97426 136 86 55 224 -2.20727 -2.20727 -2.52573
5.77698 3.03014 19.25000 135 85 61 224 -2.20727 -2.20727 -2.52573
7.04619 2.00556 19.25000 142 88 54 224 -2.20727 -2.20727 -2.52573
6.75504 8.20143 19.25000 128 87 56 224 -2.20727 -2.20727 -2.52573
2.70546 6.08911 10.75000 133 83 58 224 -2.20727 -2.20727 -2.52573
4.16039 7.15831 10.75000 125 80 53 224 -2.20727 -2.20727 -2.52573
4.98628 0.85485 10.75000 130 82 56 224 -2.20727 -2.20727 -2.52573
2.67783 7.96197 19.25000 129 80 54 224 -2.20727 -2.20727 -2.52573
1.20000 0.14313 16.86252 125 77 58 224 -2.20727 -2.20727 -2.52573
1.57551 1.33411 10.75000 133 86 53 224 -2.20727 -2.20727 -2.52573
2.61333 4.19531 10.75000 138 77 59 224 -2.20727 -2.20727 -2.52573
1.20000 2.95788 10.79411 137 84 56 224 -2.20727 -2.20727 -2.52573
5.83446 2.12663 19.25000 124 76 59 224 -2.20727 -2.20727 -2.52573
4.53878 2.01653 10.75000 133 85 55 224 -2.20727 -2.20727 -2.52573
8.20072 5.80713 10.75000 124 84 59 224 -2.20727 -2.20727 -2.52573
1.87992 7.85862 10.75000 128 78 56 224 -2.20727 -2.20727 -2.52573
6.61565 1.22879 10.75000 126 77 54 224 -2.20727 -2.20727 -2.52573
1.20000 4.41618 11.35425 139 81 59 224 -2.20727 -2.20727 -2.52573
4.44550 4.43761 10.75000 126 88 52 224 -2.20727 -2.20727 -2.52573
4.19916 0.63566 10.75000 129 85 60 224 -2.20727 -2.20727 -2.52573
2.95148 2.13866 10.75000 129 83 57 224 -2.20727 -2.20727 -2.52573
8.40000 1.85911 17.04994 133 84 56 224 -2.20727 -2.20727 -2.52573
2.58213 1.29835 19.25000 128 79 56 224 -2.20727 -2.20727 -2.52573
4.99995 5.17226 10.75000 137 85 60 224 -2.20727 -2.20727 -2.52573
8.40000 0.03160 14.61597 139 83 52 224 -2.20727 -2.20727 -2.52573
8.40000 5.15830 15.19838 135 88 58 224 -2.20727 -2.20727 -2.52573
8.40000 2.35880 17.12613 139 82 53 224 -2.20727 -2.20727 -2.52573
2.45951 4.04184 19.25000 124 87 51 224 -2.20727 -2.20727 -2.52573
8.40000 3.11544 11.57432 123 85 52 224 -2.20727 -2.20727 -2.52573
1.20000 8.27662 12.47101 135 86 55 224 -2.20727 -2.20727 -2.52573
8.40000 5.28863 12.88016 130 88 59 224 -2.20727 -2.20727 -2.52573
8.40000 7.97210 15.56428 137 88 52 224 -2.20727 -2.20727 -2.52573
8.40000 3.37914 12.39582 141 77 52 224 -2.20727 -2.20727 -2.52573
8.40000 2.22281 10.92894 137 83 57 224 -2.20727 -2.20727 -2.52573
8.40000 4.09187 13.27203 139 85 58 224 -2.20727 -2.20727 -2.52573
7.53506 0.16462 19.25000 139 77 58 224 -2.20727 -2.20727 -2.52573
8.40000 5.06515 18.82923 127 83 52 224 -2.20727 -2.20727 -2.52573
1.20000 8.39347 11.79033 138 79 52 224 -2.20727 -2.20727 -2.52573
8.40000 3.13136 15.08808 134 81 57 224 -2.20727 -2.20727 -2.52573
8.40000 3.81117 12.24240 123 84 54 224 -2.20727 -2.20727 -2.52573
1.20000 1.86607 18.93978 132 88 53 224 -2.20727 -2.20727 -2.52573
7.62701 4.70157 19.25000 131 88 60 224 -2.20727 -2.20727 -2.52573
7.23424 5.92592 19.25000 124 82 55 224 -2.20727 -2.20727 -2.52573
8.40000 4.99320 14.23987 135 83 56 224 -2.20727 -2.20727 -2.52573
1.46262 8.64032 19.25000 123 83 56 224 -2.20727 -2.20727 -2.52573
4.12260 6.73383 10.75000 126 77 55 224 -2.20727 -2.20727 -2.52573
8.40000 7.96107 13.34258 135 78 52 224 -2.20727 -2.20727 -2.52573
7.58554 0.44658 10.75000 124 84 53 224 -2.20727 -2.20727 -2.52573
5.80413 10.27028 19.73861 25 28 30 234 -2.12026 -2.12026 -2.81341
4.05575 10.41571 19.76505 25 28 30 234 -2.12026 -2.12026 -2.81341
8.45225 9.00824 11.40093 25 28 30 234 -2.12026 -2.12026 -2.81341
5.57872 10.31737 19.68209 25 28 30 234 -2.12026 -2.12026 -2.81341
6.40275 10.06104 19.06417 25 28 30 234 -2.12026 -2.12026 -2.81341
3.00323 9.95618 15.42218 25 28 30 234 -2.12026 -2.12026 -2.81341
3.00803 9.93252 17.16437 25 28 30 234 -2.12026 -2.12026 -2.81341
2.48684 9.64680 10.25721 25 28 30 234 -2.12026 -2.12026 -2.81341
3.82284 10.30301 19.76537 25 28 30 234 -2.12026 -2.12026 -2.81341
8.95485 8.71609 19.47176 25 28 30 234 -2.12026 -2.12026 -2.81341
4.44690 10.54774 10.48605 25 28 30 234 -2.12026 -2.12026 -2.81341
1.17315 8.98505 11.43710 25 28 30 234 -2.12026 -2.12026 -2.81341
7.48022 9.44200 12.00779 25 28 30 234 -2.12026 -2.12026 -2.81341
5.15070 10.65580 12.52974 25 28 30 234 -2.12026 -2.12026 -2.81341
5.75891 10.31493 19.04935 25 28 30 234 -2.12026 -2.12026 -2.81341
2.64455 9.70008 18.05896 25 28 30 234 -2.12026 -2.12026 -2.81341
7.53381 9.43191 17.12738 25 28 30 234 -2.12026 -2.12026 -2.81341
3.20425 10.02818 13.61458 25 28 30 234 -2.12026 -2.12026 -2.81341
7.19863 9.59664 18.30095 25 28 30 234 -2.12026 -2.12026 -2.81341
6.08872 10.09752 16.60090 25 28 30 234 -2.12026 -2.12026 -2.81341
8.56191 8.95172 13.56680 25 28 30 234 -2.12026 -2.12026 -2.81341
4.72663 10.69962 17.90320 25 28 30 234 -2.12026 -2.12026 -2.81341
7.69621 9.30248 14.70127 25 28 30 234 -2.12026 -2.12026 -2.81341
4.12660 10.44721 10.11263 25 28 30 234 -2.12026 -2.12026 -2.81341
2.39431 9.65633 19.93963 25 28 30 234 -2.12026 -2.12026 -2.81341
3.09868 9.90731 14.01476 25 28 30 234 -2.12026 -2.12026 -2.81341
8.03161 9.20154 11.00512 25 28 30 234 -2.12026 -2.12026 -2.81341
5.56971 10.38691 13.90838 25 28 30 234 -2.12026 -2.12026 -2.81341
6.58637 9.96284 12.71788 25 28 30 234 -2.12026 -2.12026 -2.81341
0.88270 8.85371 18.79568 25 28 30 234 -2.12026 -2.12026 -2.81341
2.90954 9.88201 16.39992 25 28 30 234 -2.12026 -2.12026 -2.81341
7.88352 9.31989 10.70522 25 28 30 234 -2.12026 -2.12026 -2.81341
4.35826 10.48956 17.93509 25 28 30 234 -2.12026 -2.12026 -2.81341
8.44186 8.99662 18.52819 25 28 30 234 -2.12026 -2.12026 -2.81341
4.98455 10.65870 12.19112 25 28 30 234 -2.12026 -2.12026 -2.81341
3.64109 10.21097 16.72250 25 28 30 234 -2.12026 -2.12026 -2.81341
5.77972 10.30416 10.83153 25 28 30 234 -2.12026 -2.12026 -2.81341
6.50524 9.96638 18.30027 25 28 30 234 -2.12026 -2.12026 -2.81341
3.42695 10.09600 12.32033 25 28 30 234 -2.12026 -2.12026 -2.81341
3.02887 9.92108 18.28217 25 28 30 234 -2.12026 -2.12026 -2.81341
3.74590 10.30385 13.49855 25 28 30 234 -2.12026 -2.12026 -2.81341
8.55569 8.93371 10.09921 25 28 30 234 -2.12026 -2.12026 -2.81341
4.59298 10.70131 14.34099 25 28 30 234 -2.12026 -2.12026 -2.81341
2.71837 9.78623 17.15024 25 28 30 234 -2.12026 -2.12026 -2.81341
1.80336 9.30081 17.68645 25 28 30 234 -2.12026 -2.12026 -2.81341
2.45008 9.57892 10.85383 25 28 30 234 -2.12026 -2.12026 -2.81341
5.86248 10.25522 12.43954 25 28 30 234 -2.12026 -2.12026 -2.81341
3.59359 10.19828 16.90030 25 28 30 234 -2.12026 -2.12026 -2.81341
6.28928 10.00002 14.50641 25 28 30 234 -2.12026 -2.12026 -2.81341
3.67509 10.23146 17.21794 25 28 30 234 -2.12026 -2.12026 -2.81341
4.18412 10.40402 16.60999 25 28 30 234 -2.12026 -2.12026 -2.81341
1.63094 9.24877 12.59720 25 28 30 234 -2.12026 -2.12026 -2.81341
3.97553 10.24280 11.06792 25 28 30 234 -2.12026 -2.12026 -2.81341
9.01696 8.68543 18.64599 25 28 30 234 -2.12026 -2.12026 -2.81341
3.56931 10.22175 10.54488 25 28 30 234 -2.12026 -2.12026 -2.81341
5.59290 10.44045 17.68120 25 28 30 234 -2.12026 -2.12026 -2.81341
7.21425 9.58901 15.43320 25 28 30 234 -2.12026 -2.12026 -2.81341
6.56376 9.95194 19.69000 25 28 30 234 -2.12026 -2.12026 -2.81341
7.73611 9.36181 16.30359 25 28 30 234 -2.12026 -2.12026 -2.81341
5.66426 10.36332 17.47086 25 28 30 234 -2.12026 -2.12026 -2.81341
6.52803 10.01054 16.53647 25 28 30 234 -2.12026 -2.12026 -2.81341
4.02679 10.41339 11.30615 25 28 30 234 -2.12026 -2.12026 -2.81341
5.53563 10.39806 12.55595 25 28 30 234 -2.12026 -2.12026 -2.81341
7.50308 9.41961 10.33245 25 28 30 234 -2.12026 -2.12026 -2.81341
3.43970 10.10407 18.06638 25 28 30 234 -2.12026 -2.12026 -2.81341
2.78809 9.77706 10.08839 25 28 30 234 -2.12026 -2.12026 -2.81341
4.69864 10.71807 15.48371 25 28 30 234 -2.12026 -2.12026 -2.81341
1.74698 9.33508 10.14968 25 28 30 234 -2.12026 -2.12026 -2.81341
3.78215 10.29232 12.33207 25 28 30 234 -2.12026 -2.12026 -2.81341
7.26456 9.58797 11.15639 25 28 30 234 -2.12026 -2.12026 -2.81341
6.06745 10.15599 13.51612 25 28 30 234 -2.12026 -2.12026 -2.81341
1.61554 9.16724 10.23416 25 28 30 234 -2.12026 -2.12026 -2.81341
0.59093 8.71618 16.71511 25 28 30 234 -2.12026 -2.12026 -2.81341
1.83867 9.35382 16.34046 25 28 30 234 -2.12026 -2.12026 -2.81341
2.80749 9.83401 11.71314 25 28 30 234 -2.12026 -2.12026 -2.81341
4.37184 10.60098 11.99181 25 28 30 234 -2.12026 -2.12026 -2.81341
7.28645 9.55617 15.55480 25 28 30 234 -2.12026 -2.12026 -2.81341
2.23546 9.54638 16.69845 25 28 30 234 -2.12026 -2.12026 -2.81341
3.25659 10.02523 18.04565 25 28 30 234 -2.12026 -2.12026 -2.81341
0.88737 8.85331 19.82984 25 28 30 234 -2.12026 -2.12026 -2.81341
0.66825 8.72528 18.87282 25 28 30 234 -2.12026 -2.12026 -2.81341
3.74170 10.29104 18.25505 25 28 30 234 -2.12026 -2.12026 -2.81341
1.20346 9.01862 10.33915 25 28 30 234 -2.12026 -2.12026 -2.81341
2.31525 9.54919 10.85407 25 28 30 234 -2.12026 -2.12026 -2.81341
6.71889 9.89233 13.13894 25 28 30 234 -2.12026 -2.12026 -2.81341
2.18612 9.49950 19.85335 25 28 30 234 -2.12026 -2.12026 -2.81341
6.06007 10.16716 10.31244 25 28 30 234 -2.12026 -2.12026 -2.81341
6.53582 9.91937 17.96726 25 28 30 234 -2.12026 -2.12026 -2.81341
8.41507 8.95838 12.96675 25 28 30 234 -2.12026 -2.12026 -2.81341
4.97663 10.68282 15.45930 25 28 30 234 -2.12026 -2.12026 -2.81341
2.75406 9.83652 11.42085 25 28 30 234 -2.12026 -2.12026 -2.81341
1.02456 8.86435 12.35323 25 28 30 234 -2.12026 -2.12026 -2.81341
2.97888 9.93324 10.87893 25 28 30 234 -2.12026 -2.12026 -2.81341
7.99308 9.27795 10.76997 25 28 30 234 -2.12026 -2.12026 -2.81341
2.17104 9.45262 19.25253 25 28 30 234 -2.12026 -2.12026 -2.81341
1.75090 9.31140 14.55659 25 28 30 234 -2.12026 -2.12026 -2.81341
2.19920 9.47535 19.51069 25 28 30 234 -2.12026 -2.12026 -2.81341
8.02971 9.22172 18.69824 25 28 30 234 -2.12026 -2.12026 -2.81341
4.88111 10.69803 10.66936 25 28 30 234 -2.12026 -2.12026 -2.81341
7.91402 9.25768 15.36243 25 28 30 234 -2.12026 -2.12026 -2.81341
0.67664 8.71353 12.43344 25 28 30 234 -2.12026 -2.12026 -2.81341
3.44290 10.04674 13.99972 25 28 30 234 -2.12026 -2.12026 -2.81341
3.77294 10.28477 14.24193 25 28 30 234 -2.12026 -2.12026 -2.81341
4.88040 10.75622 14.98030 25 28 30 234 -2.12026 -2.12026 -2.81341
5.37553 10.52303 12.54899 25 28 30 234 -2.12026 -2.12026 -2.81341
4.95604 10.65126 16.85739 25 28 30 234 -2.12026 -2.12026 -2.81341
2.68108 9.70125 10.50372 25 28 30 234 -2.12026 -2.12026 -2.81341
2.73037 9.77132 17.31014 25 28 30 234 -2.12026 -2.12026 -2.81341
7.53257 9.41603 14.36451 25 28 30 234 -2.12026 -2.12026 -2.81341
5.66284 10.39250 15.29026 25 28 30 234 -2.12026 -2.12026 -2.81341
4.35291 10.51327 13.35905 25 28 30 234 -2.12026 -2.12026 -2.81341
6.76559 9.87877 16.20815 25 28 30 234 -2.12026 -2.12026 -2.81341
8.99381 8.77132 19.83133 25 28 30 234 -2.12026 -2.12026 -2.81341
1.09671 8.96548 17.99787 25 28 30 234 -2.12026 -2.12026 -2.81341
4.73920 10.75347 10.88908 25 28 30 234 -2.12026 -2.12026 -2.81341
6.06021 10.16598 15.07191 25 28 30 234 -2.12026 -2.12026 -2.81341
1.58885 9.18336 19.34026 25 28 30 234 -2.12026 -2.12026 -2.81341
8.15989 9.08406 10.56515 25 28 30 234 -2.12026 -2.12026 -2.81341
1.89178 9.31923 11.99761 25 28 30 234 -2.12026 -2.12026 -2.81341
3.73637 10.30140 12.09732 25 28 30 234 -2.12026 -2.12026 -2.81341
5.44509 10.48117 19.20206 25 28 30 234 -2.12026 -2.12026 -2.81341
4.52396 10.67134 16.40418 25 28 30 234 -2.12026 -2.12026 -2.81341
2.56158 9.65004 19.42505 25 28 30 234 -2.12026 -2.12026 -2.81341
1.69658 9.24467 17.46474 25 28 30 234 -2.12026 -2.12026 -2.81341
2.91233 9.78862 12.01148 25 28 30 234 -2.12026 -2.12026 -2.81341
6.51267 9.89493 17.02645 25 28 30 234 -2.12026 -2.12026 -2.81341
8.94050 8.84255 15.03654 25 28 30 234 -2.12026 -2.12026 -2.81341
8.44962 8.95881 18.17603 25 28 30 234 -2.12026 -2.12026 -2.81341
4.54717 10.63592 18.59934 25 28 30 234 -2.12026 -2.12026 -2.81341
6.15655 10.07037 10.80650 25 28 30 234 -2.12026 -2.12026 -2.81341
3.09432 9.94651 10.59599 25 28 30 234 -2.12026 -2.12026 -2.81341
3.96789 10.36080 16.59559 25 28 30 234 -2.12026 -2.12026 -2.81341
7.59714 9.38324 13.85277 25 28 30 234 -2.12026 -2.12026 -2.81341
7.85490 9.28352 19.13271 25 28 30 234 -2.12026 -2.12026 -2.81341
3.11784 10.04927 17.89000 25 28 30 234 -2.12026 -2.12026 -2.81341
4.82405 10.78324 17.06406 25 28 30 234 -2.12026 -2.12026 -2.81341
3.83763 10.26845 19.36281 25 28 30 234 -2.12026 -2.12026 -2.81341
6.70219 9.85091 10.89090 25 28 30 234 -2.12026 -2.12026 -2.81341
1.01248 8.93406 17.52371 25 28 30 234 -2.12026 -2.12026 -2.81341
5.09031 10.56273 18.93601 25 28 30 234 -2.12026 -2.12026 -2.81341
7.97498 9.20912 10.52488 25 28 30 234 -2.12026 -2.12026 -2.81341
4.54371 10.66603 16.99586 25 28 30 234 -2.12026 -2.12026 -2.81341
1.38226 9.06708 17.08849 25 28 30 234 -2.12026 -2.12026 -2.81341
6.09951 10.11248 19.15470 25 28 30 234 -2.12026 -2.12026 -2.81341
4.58445 10.63941 13.77816 25 28 30 234 -2.12026 -2.12026 -2.81341
2.92637 9.86160 17.28175 25 28 30 234 -2.12026 -2.12026 -2.81341
7.88956 9.23340 10.70016 25 28 30 234 -2.12026 -2.12026 -2.81341
4.84151 10.73991 17.12340 25 28 30 234 -2.12026 -2.12026 -2.81341
1.50043 9.18269 15.03638 25 28 30 234 -2.12026 -2.12026 -2.81341
1.04241 8.96270 18.29730 25 28 30 234 -2.12026 -2.12026 -2.81341
3.94757 10.35032 19.83472 25 28 30 234 -2.12026 -2.12026 -2.81341
7.95937 9.27220 12.26959 25 28 30 234 -2.12026 -2.12026 -2.81341
2.47496 9.60484 19.39842 25 28 30 234 -2.12026 -2.12026 -2.81341
1.66622 9.18720 17.69081 25 28 30 234 -2.12026 -2.12026 -2.81341
8.68768 8.89525 10.09194 25 28 30 234 -2.12026 -2.12026 -2.81341
8.56893 8.91621 13.76765 25 28 30 234 -2.12026 -2.12026 -2.81341
3.45576 10.10240 18.23798 25 28 30 234 -2.12026 -2.12026 -2.81341
1.31155 9.07420 17.62521 25 28 30 234 -2.12026 -2.12026 -2.81341
3.43785 10.17504 10.48027 25 28 30 234 -2.12026 -2.12026 -2.81341
3.34358 10.09089 19.56135 25 28 30 234 -2.12026 -2.12026 -2.81341
4.12981 10.49242 16.65915 25 28 30 234 -2.12026 -2.12026 -2.81341
7.99406 9.24256 16.46762 25 28 30 234 -2.12026 -2.12026 -2.81341
6.19587 10.09197 11.09217 25 28 30 234 -2.12026 -2.12026 -2.81341
7.85235 9.30955 11.28851 25 28 30 234 -2.12026 -2.12026 -2.81341
5.37389 10.53457 18.38543 25 28 30 234 -2.12026 -2.12026 -2.81341
1.75175 9.26681 14.83615 25 28 30 234 -2.12026 -2.12026 -2.81341
0.90301 8.87894 12.38618 25 28 30 234 -2.12026 -2.12026 -2.81341
9.02175 8.66279 12.72091 25 28 30 234 -2.12026 -2.12026 -2.81341
5.86573 10.29738 18.77863 25 28 30 234 -2.12026 -2.12026 -2.81341
4.14706 10.52049 18.86466 25 28 30 234 -2.12026 -2.12026 -2.81341
0.51784 8.71268 19.34442 25 28 30 234 -2.12026 -2.12026 -2.81341
0.67328 8.76800 10.85768 25 28 30 234 -2.12026 -2.12026 -2.81341
4.30531 10.53949 16.58086 25 28 30 234 -2.12026 -2.12026 -2.81341
3.02862 9.96132 14.46811 25 28 30 234 -2.12026 -2.12026 -2.81341
3.22281 9.97692 10.36028 25 28 30 234 -2.12026 -2.12026 -2.81341
4.77663 10.72314 13.40288 25 28 30 234 -2.12026 -2.12026 -2.81341
3.69430 10.26935 15.20496 25 28 30 234 -2.12026 -2.12026 -2.81341
6.86622 9.78490 19.11204 25 28 30 234 -2.12026 -2.12026 -2.81341
8.63599 8.88159 12.09226 25 28 30 234 -2.12026 -2.12026 -2.81341
5.72339 10.30203 19.40638 25 28 30 234 -2.12026 -2.12026 -2.81341
15.95196 5.48486 19.25000 134 83 56 224 -2.20727 -2.20727 -2.52573
10.82328 4.31211 19.25000 137 77 53 224 -2.20727 -2.20727 -2.52573
16.68557 1.59021 10.75000 127 83 60 224 -2.20727 -2.20727 -2.52573
14.39651 0.17494 10.75000 137 79 54 224 -2.20727 -2.20727 -2.52573
14.04357 4.04154 19.25000 125 85 60 224 -2.20727 -2.20727 -2.52573
15.26845 4.58356 19.25000 133 88 56 224 -2.20727 -2.20727 -2.52573
10.40000 3.32401 15.48617 125 84 52 224 -2.20727 -2.20727 -2.52573
10.40000 4.21767 17.26052 135 78 52 224 -2.20727 -2.20727 -2.52573
17.60000 4.13685 12.09995 140 78 58 224 -2.20727 -2.20727 -2.52573
17.60000 3.82988 17.37047 133 85 52 224 -2.20727 -2.20727 -2.52573
10.40000 3.74921 19.11530 133 85 52 224 -2.20727 -2.20727 -2.52573
14.49141 0.36103 19.25000 130 78 59 224 -2.20727 -2.20727 -2.52573
10.40000 3.89461 12.98264 131 81 61 224 -2.20727 -2.20727 -2.52573
11.98568 4.00444 19.25000 130 79 51 224 -2.20727 -2.20727 -2.52573
10.40000 0.77125 12.25787 131 83 59 224 -2.20727 -2.20727 -2.52573
17.60000 2.00736 18.10619 139 86 60 224 -2.20727 -2.20727 -2.52573
12.93261 5.34017 10.75000 138 77 53 224 -2.20727 -2.20727 -2.52573
10.40000 3.24827 15.79090 131 81 56 224 -2.20727 -2.20727 -2.52573
17.60000 5.32218 15.91103 138 87 55 224 -2.20727 -2.20727 -2.52573
17.44089 4.48374 10.75000 124 86 56 224 -2.20727 -2.20727 -2.52573
15.95144 4.64465 10.75000 133 79 53 224 -2.20727 -2.20727 -2.52573
12.42701 2.47391 19.25000 139 83 51 224 -2.20727 -2.20727 -2.52573
14.11203 0.62235 10.75000 122 88 58 224 -2.20727 -2.20727 -2.52573
11.48244 4.46507 19.25000 138 83 53 224 -2.20727 -2.20727 -2.52573
11.50078 4.78504 10.75000 127 89 52 224 -2.20727 -2.20727 -2.52573
14.40851 5.47920 10.75000 136 77 60 224 -2.20727 -2.20727 -2.52573
10.40000 3.71388 15.39533 126 89 52 224 -2.20727 -2.20727 -2.52573
11.19018 0.17535 10.75000 133 89 53 224 -2.20727 -2.20727 -2.52573
11.36604 3.42374 19.25000 140 84 54 224 -2.20727 -2.20727 -2.52573
10.40000 0.37329 18.05833 135 85 55 224 -2.20727 -2.20727 -2.52573
14.28501 0.68700 19.25000 134 80 59 224 -2.20727 -2.20727 -2.52573
14.87421 5.29999 10.75000 130 85 57 224 -2.20727 -2.20727 -2.52573
17.60000 4.96178 10.79278 137 88 56 224 -2.20727 -2.20727 -2.52573
14.56284 4.18149 19.25000 124 87 61 224 -2.20727 -2.20727 -2.52573
10.40000 0.40193 18.52935 122 79 51 224 -2.20727 -2.20727 -2.52573
10.40000 0.96027 11.56039 138 79 57 224 -2.20727 -2.20727 -2.52573
14.30051 3.82864 19.25000 139 87 51 224 -2.20727 -2.20727 -2.52573
13.95971 0.09324 19.25000 133 86 60 224 -2.20727 -2.20727 -2.52573
10.40000 2.46684 15.83653 130 81 61 224 -2.20727 -2.20727 -2.52573
10.40000 2.01314 15.29030 128 88 54 224 -2.20727 -2.20727 -2.52573
16.19023 3.06961 10.75000 142 83 54 224 -2.20727 -2.20727 -2.52573
15.22708 4.85339 19.25000 127 80 53 224 -2.20727 -2.20727 -2.52573
10.40000 1.58015 11.07659 140 83 60 224 -2.20727 -2.20727 -2.52573
10.40000 4.31279 11.44211 130 86 59 224 -2.20727 -2.20727 -2.52573
14.14232 2.15174 19.25000 136 81 53 224 -2.20727 -2.20727 -2.52573
10.40000 1.04104 18.29404 125 88 55 224 -2.20727 -2.20727 -2.52573
10.40000 4.76288 17.57197 140 88 54 224 -2.20727 -2.20727 -2.52573
17.60000 1.91179 11.67814 130 82 60 224 -2.20727 -2.20727 -2.52573
10.40000 4.33214 16.35386 128 77 53 224 -2.20727 -2.20727 -2.52573
10.40000 1.56770 16.03074 128 88 56 224 -2.20727 -2.20727 -2.52573
13.79800 4.22805 19.25000 135 78 53 224 -2.20727 -2.20727 -2.52573
10.40000 0.18735 13.89888 137 82 56 224 -2.20727 -2.20727 -2.52573
11.59263 3.49517 10.75000 129 79 51 224 -2.20727 -2.20727 -2.52573
16.43738 1.07539 10.75000 126 77 53 224 -2.20727 -2.20727 -2.52573
12.62934 1.09442 10.75000 138 83 59 224 -2.20727 -2.20727 -2.52573
10.40694 5.42594 19.25000 122 88 55 224 -2.20727 -2.20727 -2.52573
10.40000 0.25009 16.61464 139 77 58 224 -2.20727 -2.20727 -2.52573
15.35104 2.22400 19.25000 127 84 53 224 -2.20727 -2.20727 -2.52573
10.95293 0.58000 19.25000 141 88 54 224 -2.20727 -2.20727 -2.52573
10.40000 1.43255 15.06969 126 78 56 224 -2.20727 -2.20727 -2.52573
16.90621 5.52153 19.25000 129 86 52 224 -2.20727 -2.20727 -2.52573
10.40000 2.97862 11.75111 142 86 57 224 -2.20727 -2.20727 -2.52573
17.60000 3.15469 15.34653 140 83 54 224 -2.20727 -2.20727 -2.52573
10.79548 5.13703 10.75000 139 85 52 224 -2.20727 -2.20727 -2.52573
17.60000 5.35555 11.56166 129 82 53 224 -2.20727 -2.20727 -2.52573
10.40000 0.84949 13.47489 139 85 58 224 -2.20727 -2.20727 -2.52573
17.60000 5.65281 12.22945 126 83 58 224 -2.20727 -2.20727 -2.52573
10.40000 1.12677 18.12548 141 81 58 224 -2.20727 -2.20727 -2.52573
15.54672 4.50125 19.25000 131 85 53 224 -2.20727 -2.20727 -2.52573
13.90095 0.05288 19.25000 128 77 52 224 -2.20727 -2.20727 -2.52573
17.60000 1.09378 12.18709 140 78 54 224 -2.20727 -2.20727 -2.52573
10.40000 0.16070 11.53398 132 87 51 224 -2.20727 -2.20727 -2.52573
17.60000 0.11633 11.45090 138 81 57 224 -2.20727 -2.20727 -2.52573
16.26057 1.08599 19.25000 128 89 55 224 -2.20727 -2.20727 -2.52573
16.87658 0.39696 19.25000 137 86 53 224 -2.20727 -2.20727 -2.52573
17.60000 4.84174 13.22130 125 76 54 224 -2.20727 -2.20727 -2.52573
10.63854 3.16060 10.75000 138 80 54 224 -2.20727 -2.20727 -2.52573
13.63920 3.15479 10.75000 142 78 59 224 -2.20727 -2.20727 -2.52573
14.71504 3.60709 10.75000 138 88 52 224 -2.20727 -2.20727 -2.52573
10.40000 2.49202 17.78343 125 78 60 224 -2.20727 -2.20727 -2.52573
12.78637 2.16223 10.75000 130 84 56 224 -2.20727 -2.20727 -2.52573
17.11008 2.80544 19.25000 123 87 58 224 -2.20727 -2.20727 -2.52573
17.60000 1.62127 17.79455 122 81 54 224 -2.20727 -2.20727 -2.52573
10.55991 2.33001 10.75000 126 88 57 224 -2.20727 -2.20727 -2.52573
12.98702 1.81319 19.25000 139 78 51 224 -2.20727 -2.20727 -2.52573
16.96877 1.01245 10.75000 122 80 51 224 -2.20727 -2.20727 -2.52573
10.40000 2.42210 11.55297 133 87 52 224 -2.20727 -2.20727 -2.52573
10.89159 1.99632 19.25000 130 84 51 224 -2.20727 -2.20727 -2.52573
11.24074 4.81871 10.75000 132 79 56 224 -2.20727 -2.20727 -2.52573
10.40000 3.86433 15.10823 136 79 55 224 -2.20727 -2.20727 -2.52573
17.60000 4.95894 16.90489 133 88 54 224 -2.20727 -2.20727 -2.52573
17.60000 4.28486 13.71869 128 78 60 224 -2.20727 -2.20727 -2.52573
10.40000 0.65130 15.71044 122 80 52 224 -2.20727 -2.20727 -2.52573
10.40000 4.25410 17.43319 137 78 60 224 -2.20727 -2.20727 -2.52573
13.47591 4.57409 10.75000 131 84 60 224 -2.20727 -2.20727 -2.52573
10.40000 5.51752 15.36433 122 80 57 224 -2.20727 -2.20727 -2.52573
17.60000 4.92899 17.05479 124 84 54 224 -2.20727 -2.20727 -2.52573
17.60000 0.87926 17.76662 127 88 51 224 -2.20727 -2.20727 -2.52573
12.89272 4.32933 19.25000 131 87 52 224 -2.20727 -2.20727 -2.52573
10.40000 4.92440 18.87945 124 84 52 224 -2.20727 -2.20727 -2.52573
16.63982 3.65314 10.75000 132 88 58 224 -2.20727 -2.20727 -2.52573
17.45579 1.46555 19.25000 127 87 53 224 -2.20727 -2.20727 -2.52573
10.40000 4.59336 17.17016 136 88 59 224 -2.20727 -2.20727 -2.52573
13.74241 1.81702 10.75000 141 77 55 224 -2.20727 -2.20727 -2.52573
16.32621 5.22586 10.75000 128 77 51 224 -2.20727 -2.20727 -2.52573
12.23923 0.47479 10.75000 131 77 58 224 -2.20727 -2.20727 -2.52573
10.40000 1.88292 13.95837 141 77 57 224 -2.20727 -2.20727 -2.52573
15.37200 0.79954 10.75000 139 82 54 224 -2.20727 -2.20727 -2.52573
14.16946 3.62765 19.25000 134 84 57 224 -2.20727 -2.20727 -2.52573
10.40000 4.17645 13.79645 139 77 59 224 -2.20727 -2.20727 -2.52573
17.21108 1.33019 10.75000 139 85 52 224 -2.20727 -2.20727 -2.52573
11.66739 1.03145 19.25000 137 85 56 224 -2.20727 -2.20727 -2.52573
17.60000 0.46237 13.63401 133 77 53 224 -2.20727 -2.20727 -2.52573
10.40000 2.99442 14.58573 133 80 58 224 -2.20727 -2.20727 -2.52573
10.40000 1.96371 12.83139 125 82 57 224 -2.20727 -2.20727 -2.52573
10.40000 4.79648 18.06877 141 77 53 224 -2.20727 -2.20727 -2.52573
17.60000 4.79208 13.44627 135 87 53 224 -2.20727 -2.20727 -2.52573
14.51190 5.19073 19.25000 137 80 53 224 -2.20727 -2.20727 -2.52573
15.20619 3.86092 10.75000 129 78 53 224 -2.20727 -2.20727 -2.52573
15.86035 2.48483 19.25000 124 78 53 224 -2.20727 -2.20727 -2.52573
10.40000 4.96955 16.83750 137 88 51 224 -2.20727 -2.20727 -2.52573
10.40000 3.42669 13.74860 139 84 55 224 -2.20727 -2.20727 -2.52573
10.40000 2.00385 15.25911 137 84 53 224 -2.20727 -2.20727 -2.52573
17.60000 2.90901 11.48537 130 83 53 224 -2.20727 -2.20727 -2.52573
10.40000 3.75489 14.43848 142 77 60 224 -2.20727 -2.20727 -2.52573
17.60000 1.93222 17.03170 142 76 53 224 -2.20727 -2.20727 -2.52573
10.40000 3.13334 19.18250 132 80 56 224 -2.20727 -2.20727 -2.52573
12.05513 5.10061 19.25000 141 83 56 224 -2.20727 -2.20727 -2.52573
13.67478 1.34254 10.75000 135 86 55 224 -2.20727 -2.20727 -2.52573
13.70579 0.83906 19.25000 128 85 58 224 -2.20727 -2.20727 -2.52573
14.91905 2.69919 10.75000 123 86 51 224 -2.20727 -2.20727 -2.52573
17.60000 0.34162 11.71038 129 79 52 224 -2.20727 -2.20727 -2.52573
13.58609 0.41664 19.25000 141 85 58 224 -2.20727 -2.20727 -2.52573
17.60000 1.66569 17.25086 126 89 56 224 -2.20727 -2.20727 -2.52573
15.06997 1.69977 10.75000 137 77 54 224 -2.20727 -2.20727 -2.52573
13.83512 3.21749 19.25000 142 88 54 224 -2.20727 -2.20727 -2.52573
11.88210 5.32788 19.25000 137 79 54 224 -2.20727 -2.20727 -2.52573
17.60000 1.82544 16.24786 136 82 54 224 -2.20727 -2.20727 -2.52573
15.23414 5.07139 19.25000 124 80 56 224 -2.20727 -2.20727 -2.52573
11.76625 4.59250 19.25000 127 81 57 224 -2.20727 -2.20727 -2.52573
12.63912 4.79934 19.25000 134 85 59 224 -2.20727 -2.20727 -2.52573
17.58424 0.36742 10.75000 130 77 53 224 -2.20727 -2.20727 -2.52573
14.14908 0.07240 10.75000 142 86 59 224 -2.20727 -2.20727 -2.52573
15.05619 5.27626 19.25000 131 77 56 224 -2.20727 -2.20727 -2.52573
12.65676 0.04994 19.25000 140 86 60 224 -2.20727 -2.20727 -2.52573
10.40000 3.11475 13.76879 140 86 52 224 -2.20727 -2.20727 -2.52573
14.42962 0.80639 10.75000 125 85 52 224 -2.20727 -2.20727 -2.52573
10.40000 1.37098 18.28933 139 83 54 224 -2.20727 -2.20727 -2.52573
12.70574 0.48145 10.75000 141 84 60 224 -2.20727 -2.20727 -2.52573
10.40000 2.01573 11.53646 128 77 53 224 -2.20727 -2.20727 -2.52573
10.40000 2.08883 18.46001 124 81 60 224 -2.20727 -2.20727 -2.52573
17.60000 2.53489 15.49897 126 85 51 224 -2.20727 -2.20727 -2.52573
17.60000 5.39574 16.67734 137 80 52 224 -2.20727 -2.20727 -2.52573
15.30407 4.29900 10.75000 122 87 51 224 -2.20727 -2.20727 -2.52573
17.60000 5.02144 17.99720 137 78 57 224 -2.20727 -2.20727 -2.52573
12.45630 0.99108 10.75000 123 79 54 224 -2.20727 -2.20727 -2.52573
11.46179 3.32071 10.75000 141 82 55 224 -2.20727 -2.20727 -2.52573
17.60000 4.94697 12.37839 124 85 58 224 -2.20727 -2.20727 -2.52573
13.37177 2.51193 10.75000 137 83 55 224 -2.20727 -2.20727 -2.52573
10.56470 5.02674 19.25000 139 87 56 224 -2.20727 -2.20727 -2.52573
10.40000 3.79658 15.49978 127 87 55 224 -2.20727 -2.20727 -2.52573
11.38347 4.95285 19.25000 133 87 52 224 -2.20727 -2.20727 -2.52573
17.60000 0.77047 16.83500 125 77 54 224 -2.20727 -2.20727 -2.52573
10.40000 2.40071 15.93069 126 82 57 224 -2.20727 -2.20727 -2.52573
10.40000 2.82028 16.19304 126 78 53 224 -2.20727 -2.20727 -2.52573
17.60000 3.03067 13.19485 142 84 52 224 -2.20727 -2.20727 -2.52573
10.40000 3.33107 12.53373 128 81 58 224 -2.20727 -2.20727 -2.52573
17.57263 2.29757 10.75000 139 82 58 224 -2.20727 -2.20727 -2.52573
10.99514 1.45160 19.25000 126 84 54 224 -2.20727 -2.20727 -2.52573
13.96056 4.41057 10.75000 139 81 58 224 -2.20727 -2.20727 -2.52573
17.60000 0.36038 15.42162 134 88 58 224 -2.20727 -2.20727 -2.52573
13.68790 1.84043 10.75000 138 77 57 224 -2.20727 -2.20727 -2.52573
12.03807 0.94059 19.25000 135 81 57 224 -2.20727 -2.20727 -2.52573
17.60000 2.88569 11.72614 128 86 54 224 -2.20727 -2.20727 -2.52573
17.60000 2.29531 14.76017 139 82 52 224 -2.20727 -2.20727 -2.52573
15.73703 2.14858 10.75000 131 77 55 224 -2.20727 -2.20727 -2.52573
11.56097 5.53118 19.25000 138 79 55 224 -2.20727 -2.20727 -2.52573
17.60000 4.06831 14.89600 137 86 60 224 -2.20727 -2.20727 -2.52573
10.40000 1.87478 14.67160 128 79 61 224 -2.20727 -2.20727 -2.52573
10.63974 4.67317 10.75000 126 82 58 224 -2.20727 -2.20727 -2.52573
17.60000 0.67787 18.11329 140 81 55 224 -2.20727 -2.20727 -2.52573
17.60000 5.55716 15.09935 134 76 56 224 -2.20727 -2.20727 -2.52573
17.60000 0.33388 13.68565 134 79 55 224 -2.20727 -2.20727 -2.52573
13.07216 2.58633 19.25000 122 82 59 224 -2.20727 -2.20727 -2.52573
17.60000 0.13458 13.60600 135 78 53 224 -2.20727 -2.20727 -2.52573
14.02742 5.46679 10.75000 129 76 52 224 -2.20727 -2.20727 -2.52573
10.40000 0.33674 18.72140 128 78 53 224 -2.20727 -2.20727 -2.52573
10.40000 2.68586 10.94942 127 80 59 224 -2.20727 -2.20727 -2.52573
10.99295 0.38035 19.25000 126 76 60 224 -2.20727 -2.20727 -2.52573
10.40000 0.65721 12.55530 128 88 51 224 -2.20727 -2.20727 -2.52573
16.26934 0.66428 10.75000 126 83 53 224 -2.20727 -2.20727 -2.52573
17.60000 2.20328 12.83187 124 86 58 224 -2.20727 -2.20727 -2.52573
10.40000 4.56374 13.08731 128 86 58 224 -2.20727 -2.20727 -2.52573
10.44028 1.80968 19.25000 126 76 60 224 -2.20727 -2.20727 -2.52573
11.05741 3.90850 10.75000 141 79 60 224 -2.20727 -2.20727 -2.52573
11.00529 2.32450 10.75000 134 86 55 224 -2.20727 -2.20727 -2.52573
12.36337 4.15707 10.75000 123 84 57 224 -2.20727 -2.20727 -2.52573
10.40000 0.50667 14.77713 141 79 59 224 -2.20727 -2.20727 -2.52573
12.55728 1.72429 10.75000 140 81 58 224 -2.20727 -2.20727 -2.52573
11.30173 3.44866 10.75000 137 87 54 224 -2.20727 -2.20727 -2.52573
10.40000 2.01151 18.20786 129 84 55 224 -2.20727 -2.20727 -2.52573
15.08334 5.16208 19.25000 137 82 53 224 -2.20727 -2.20727 -2.52573
16.55972 3.64132 19.25000 129 89 56 224 -2.20727 -2.20727 -2.52573
15.09427 0.44693 19.25000 132 86 60 224 -2.20727 -2.20727 -2.52573
10.40000 2.34036 17.65494 136 88 55 224 -2.20727 -2.20727 -2.52573
14.03970 1.22057 19.25000 124 82 57 224 -2.20727 -2.20727 -2.52573
17.60000 1.56542 15.29182 125 83 54 224 -2.20727 -2.20727 -2.52573
10.40000 4.34751 14.30102 130 77 60 224 -2.20727 -2.20727 -2.52573
10.40000 3.92853 15.88541 139 80 58 224 -2.20727 -2.20727 -2.52573
17.60000 2.02334 11.33792 127 84 58 224 -2.20727 -2.20727 -2.52573
10.40000 3.09031 18.48898 139 84 52 224 -2.20727 -2.20727 -2.52573
10.97389 2.96940 19.25000 132 86 57 224 -2.20727 -2.20727 -2.52573
15.60662 3.43233 19.25000 141 88 57 224 -2.20727 -2.20727 -2.52573
10.40000 4.16666 16.70371 139 77 53 224 -2.20727 -2.20727 -2.52573
17.26774 2.39835 19.25000 126 89 51 224 -2.20727 -2.20727 -2.52573
10.40000 3.00760 18.29704 132 83 58 224 -2.20727 -2.20727 -2.52573
10.40000 1.72608 17.50731 131 79 59 224 -2.20727 -2.20727 -2.52573
17.60000 0.82937 15.97486 142 87 58 224 -2.20727 -2.20727 -2.52573
10.40000 1.44929 17.71792 137 84 58 224 -2.20727 -2.20727 -2.52573
13.39285 4.55730 10.75000 130 83 53 224 -2.20727 -2.20727 -2.52573
11.48620 1.21349 19.25000 142 80 60 224 -2.20727 -2.20727 -2.52573
10.40000 1.00622 18.02887 128 86 57 224 -2.20727 -2.20727 -2.52573
17.60000 0.86612 13.15681 139 85 57 224 -2.20727 -2.20727 -2.52573
17.60000 4.94591 18.27725 127 83 55 224 -2.20727 -2.20727 -2.52573
17.48225 1.74012 10.75000 137 85 54 224 -2.20727 -2.20727 -2.52573
15.89309 4.61874 10.75000 132 84 58 224 -2.20727 -2.20727 -2.52573
10.95087 3.09223 10.75000 136 87 59 224 -2.20727 -2.20727 -2.52573
16.47384 3.16839 19.25000 126 89 53 224 -2.20727 -2.20727 -2.52573
11.60003 2.90627 19.25000 126 84 51 224 -2.20727 -2.20727 -2.52573
16.89369 1.76492 19.25000 132 80 60 224 -2.20727 -2.20727 -2.52573
16.52604 0.24471 19.25000 137 86 61 224 -2.20727 -2.20727 -2.52573
12.18020 1.81673 10.75000 124 79 51 224 -2.20727 -2.20727 -2.52573
10.40000 1.71070 18.48024 139 79 53 224 -2.20727 -2.20727 -2.52573
14.35876 2.83701 19.25000 141 78 53 224 -2.20727 -2.20727 -2.52573
17.60000 3.63123 11.45745 124 78 59 224 -2.20727 -2.20727 -2.52573
12.66288 5.42839 10.75000 128 86 52 224 -2.20727 -2.20727 -2.52573
14.67942 2.65649 10.75000 139 85 57 224 -2.20727 -2.20727 -2.52573
10.40000 4.64930 15.41543 132 87 54 224 -2.20727 -2.20727 -2.52573
11.38800 5.15583 19.25000 142 79 61 224 -2.20727 -2.20727 -2.52573
13.36211 2.76730 10.75000 136 79 55 224 -2.20727 -2.20727 -2.52573
17.60000 0.20827 11.96042 131 82 57 224 -2.20727 -2.20727 -2.52573
10.40000 5.41472 18.42732 123 84 55 224 -2.20727 -2.20727 -2.52573
10.40000 3.01486 17.78854 122 84 53 224 -2.20727 -2.20727 -2.52573
10.40000 2.10609 16.01263 132 83 54 224 -2.20727 -2.20727 -2.52573
13.88761 0.66077 10.75000 141 86 59 224 -2.20727 -2.20727 -2.52573
10.40000 4.96268 15.76768 127 76 52 224 -2.20727 -2.20727 -2.52573
17.60000 0.26100 17.32814 135 87 59 224 -2.20727 -2.20727 -2.52573
15.18843 3.85899 19.25000 140 82 55 224 -2.20727 -2.20727 -2.52573
15.50105 1.47095 10.75000 134 85 60 224 -2.20727 -2.20727 -2.52573
14.95621 0.98310 19.25000 130 88 51 224 -2.20727 -2.20727 -2.52573
17.60000 0.74274 11.79775 135 83 60 224 -2.20727 -2.20727 -2.52573
15.97788 2.83439 19.25000 129 83 52 224 -2.20727 -2.20727 -2.52573
10.40000 5.11191 12.26753 129 80 55 224 -2.20727 -2.20727 -2.52573
16.25334 1.54289 19.25000 136 77 53 224 -2.20727 -2.20727 -2.52573
17.60000 4.34850 16.24267 122 83 59 224 -2.20727 -2.20727 -2.52573
10.40000 1.97599 11.78754 125 87 51 224 -2.20727 -2.20727 -2.52573
11.93034 4.12585 19.25000 138 81 55 224 -2.20727 -2.20727 -2.52573
10.40000 3.19382 13.92291 140 80 52 224 -2.20727 -2.20727 -2.52573
12.42200 4.72303 10.75000 136 84 58 224 -2.20727 -2.20727 -2.52573
17.60000 3.48857 12.79716 133 77 57 224 -2.20727 -2.20727 -2.52573
15.25310 7.17184 12.35276 25 28 30 234 -2.12026 -2.12026 -2.81341
10.69392 6.13634 14.49790 25 28 30 234 -2.12026 -2.12026 -2.81341
16.67442 6.41207 14.11224 25 28 30 234 -2.12026 -2.12026 -2.81341
18.23111 5.67564 18.01166 25 28 30 234 -2.12026 -2.12026 -2.81341
11.38352 6.49773 14.34276 25 28 30 234 -2.12026 -2.12026 -2.81341
15.00525 7.33622 17.21900 25 28 30 234 -2.12026 -2.12026 -2.81341
16.21803 6.67068 13.90887 25 28 30 234 -2.12026 -2.12026 -2.81341
10.49239 6.04514 10.61318 25 28 30 234 -2.12026 -2.12026 -2.81341
17.52353 6.05678 11.42068 25 28 30 234 -2.12026 -2.12026 -2.81341
10.21310 5.94514 14.13679 25 28 30 234 -2.12026 -2.12026 -2.81341
10.09689 5.85402 12.80682 25 28 30 234 -2.12026 -2.12026 -2.81341
15.38939 7.09808 16.19015 25 28 30 234 -2.12026 -2.12026 -2.81341
14.67655 7.49820 17.85286 25 28 30 234 -2.12026 -2.12026 -2.81341
18.14198 5.78760 18.93307 25 28 30 234 -2.12026 -2.12026 -2.81341
16.71004 6.48792 18.32574 25 28 30 234 -2.12026 -2.12026 -2.81341
13.58084 7.54773 10.88041 25 28 30 234 -2.12026 -2.12026 -2.81341
16.36585 6.63990 10.83434 25 28 30 234 -2.12026 -2.12026 -2.81341
11.02541 6.34425 19.78890 25 28 30 234 -2.12026 -2.12026 -2.81341
11.99981 6.79647 13.84994 25 28 30 234 -2.12026 -2.12026 -2.81341
17.75055 6.01114 16.23855 25 28 30 234 -2.12026 -2.12026 -2.81341
17.41270 6.14355 15.98880 25 28 30 234 -2.12026 -2.12026 -2.81341
12.50234 7.05610 12.63369 25 28 30 234 -2.12026 -2.12026 -2.81341
18.26722 5.66736 16.37167 25 28 30 234 -2.12026 -2.12026 -2.81341
13.06494 7.32571 17.77965 25 28 30 234 -2.12026 -2.12026 -2.81341
18.21043 5.75305 19.55795 25 28 30 234 -2.12026 -2.12026 -2.81341
10.83068 6.22344 14.23862 25 28 30 234 -2.12026 -2.12026 -2.81341
12.86364 7.21391 17.81773 25 28 30 234 -2.12026 -2.12026 -2.81341
15.39304 7.14225 15.97516 25 28 30 234 -2.12026 -2.12026 -2.81341
14.88168 7.28033 15.06910 25 28 30 234 -2.12026 -2.12026 -2.81341
13.93988 7.77148 15.54689 25 28 30 234 -2.12026 -2.12026 -2.81341
11.59172 6.65924 18.68486 25 28 30 234 -2.12026 -2.12026 -2.81341
12.53304 7.15372 17.26114 25 28 30 234 -2.12026 -2.12026 -2.81341
13.91367 7.80643 14.91226 25 28 30 234 -2.12026 -2.12026 -2.81341
14.18265 7.72695 13.21512 25 28 30 234 -2.12026 -2.12026 -2.81341
17.04468 6.32059 17.10348 25 28 30 234 -2.12026 -2.12026 -2.81341
17.25116 6.30080 15.24979 25 28 30 234 -2.12026 -2.12026 -2.81341
16.06426 6.81924 18.87166 25 28 30 234 -2.12026 -2.12026 -2.81341
15.91172 6.81226 15.02911 25 28 30 234 -2.12026 -2.12026 -2.81341
10.12074 5.91777 19.52141 25 28 30 234 -2.12026 -2.12026 -2.81341
11.52636 6.54921 19.88726 25 28 30 234 -2.12026 -2.12026 -2.81341
16.53842 6.56338 10.31535 25 28 30 234 -2.12026 -2.12026 -2.81341
16.55985 6.58943 19.46468 25 28 30 234 -2.12026 -2.12026 -2.81341
15.33670 7.21883 10.55298 25 28 30 234 -2.12026 -2.12026 -2.81341
10.33816 6.00693 18.61940 25 28 30 234 -2.12026 -2.12026 -2.81341
17.13189 6.25094 18.49131 25 28 30 234 -2.12026 -2.12026 -2.81341
17.62467 6.14555 12.67696 25 28 30 234 -2.12026 -2.12026 -2.81341
13.12870 7.35946 12.81020 25 28 30 234 -2.12026 -2.12026 -2.81341
10.09120 5.84412 13.55649 25 28 30 234 -2.12026 -2.12026 -2.81341
15.07851 7.21940 13.95643 25 28 30 234 -2.12026 -2.12026 -2.81341
17.95935 5.83014 19.57659 25 28 30 234 -2.12026 -2.12026 -2.81341
17.29757 6.19283 10.12241 25 28 30 234 -2.12026 -2.12026 -2.81341
9.92325 5.76647 11.25451 25 28 30 234 -2.12026 -2.12026 -2.81341
15.00189 7.28657 19.20764 25 28 30 234 -2.12026 -2.12026 -2.81341
15.57617 7.05615 15.87148 25 28 30 234 -2.12026 -2.12026 -2.81341
16.18016 6.74169 10.70666 25 28 30 234 -2.12026 -2.12026 -2.81341
12.16771 6.87983 15.58900 25 28 30 234 -2.12026 -2.12026 -2.81341
16.08663 6.79988 14.85697 25 28 30 234 -2.12026 -2.12026 -2.81341
16.02888 6.77709 18.03091 25 28 30 234 -2.12026 -2.12026 -2.81341
13.18789 7.45057 17.86633 25 28 30 234 -2.12026 -2.12026 -2.81341
13.93676 7.77846 16.53774 25 28 30 234 -2.12026 -2.12026 -2.81341
15.30690 7.15373 17.77259 25 28 30 234 -2.12026 -2.12026 -2.81341
17.17393 6.19507 15.63971 25 28 30 234 -2.12026 -2.12026 -2.81341
10.69754 6.13797 18.96364 25 28 30 234 -2.12026 -2.12026 -2.81341
15.97389 6.83045 10.19883 25 28 30 234 -2.12026 -2.12026 -2.81341
10.83121 6.23668 11.75361 25 28 30 234 -2.12026 -2.12026 -2.81341
14.31514 7.62244 10.60665 25 28 30 234 -2.12026 -2.12026 -2.81341
11.12491 6.42682 10.66420 25 28 30 234 -2.12026 -2.12026 -2.81341
16.52738 6.62773 16.67095 25 28 30 234 -2.12026 -2.12026 -2.81341
11.82867 6.76587 14.41143 25 28 30 234 -2.12026 -2.12026 -2.81341
16.40197 6.63900 17.90127 25 28 30 234 -2.12026 -2.12026 -2.81341
17.48015 6.14279 13.69675 25 28 30 234 -2.12026 -2.12026 -2.81341
17.90969 5.89167 16.30296 25 28 30 234 -2.12026 -2.12026 -2.81341
14.58466 7.51511 14.06540 25 28 30 234 -2.12026 -2.12026 -2.81341
9.95720 5.80805 13.58110 25 28 30 234 -2.12026 -2.12026 -2.81341
15.04640 7.31858 18.26409 25 28 30 234 -2.12026 -2.12026 -2.81341
16.95502 6.35067 12.52733 25 28 30 234 -2.12026 -2.12026 -2.81341
17.14316 6.28284 12.87609 25 28 30 234 -2.12026 -2.12026 -2.81341
16.14714 6.75120 12.78221 25 28 30 234 -2.12026 -2.12026 -2.81341
17.82018 5.94237 18.36158 25 28 30 234 -2.12026 -2.12026 -2.81341
13.42437 7.45465 17.25239 25 28 30 234 -2.12026 -2.12026 -2.81341
18.16592 5.75347 15.99051 25 28 30 234 -2.12026 -2.12026 -2.81341
10.70948 6.18156 10.58053 25 28 30 234 -2.12026 -2.12026 -2.81341
13.61245 7.62287 13.82761 25 28 30 234 -2.12026 -2.12026 -2.81341
11.30538 6.46892 19.48076 25 28 30 234 -2.12026 -2.12026 -2.81341
11.50287 6.58164 18.79355 25 28 30 234 -2.12026 -2.12026 -2.81341
13.48026 7.55422 17.45507 25 28 30 234 -2.12026 -2.12026 -2.81341
10.81404 6.20609 14.50056 25 28 30 234 -2.12026 -2.12026 -2.81341
10.33826 6.01640 17.79929 25 28 30 234 -2.12026 -2.12026 -2.81341
16.38760 6.59941 11.06499 25 28 30 234 -2.12026 -2.12026 -2.81341
15.44010 7.10240 18.23504 25 28 30 234 -2.12026 -2.12026 -2.81341
9.72613 5.68358 18.02655 25 28 30 234 -2.12026 -2.12026 -2.81341
9.94042 5.80409 13.03081 25 28 30 234 -2.12026 -2.12026 -2.81341
14.98582 7.30861 17.98359 25 28 30 234 -2.12026 -2.12026 -2.81341
17.16913 6.22881 12.88769 25 28 30 234 -2.12026 -2.12026 -2.81341
10.05013 5.92130 11.66398 25 28 30 234 -2.12026 -2.12026 -2.81341
14.70421 7.47551 11.25709 25 28 30 234 -2.12026 -2.12026 -2.81341
9.87174 5.82269 18.34641 25 28 30 234 -2.12026 -2.12026 -2.81341
10.17315 5.91273 13.34853 25 28 30 234 -2.12026 -2.12026 -2.81341
12.56701 7.10653 12.85872 25 28 30 234 -2.12026 -2.12026 -2.81341
16.45731 6.58126 16.81993 25 28 30 234 -2.12026 -2.12026 -2.81341
16.56638 6.50884 10.10017 25 28 30 234 -2.12026 -2.12026 -2.81341
15.75587 6.91718 11.13915 25 28 30 234 -2.12026 -2.12026 -2.81341
13.72053 7.66696 13.40549 25 28 30 234 -2.12026 -2.12026 -2.81341
15.10009 7.25292 16.22204 25 28 30 234 -2.12026 -2.12026 -2.81341
12.80619 7.19495 17.97435 25 28 30 234 -2.12026 -2.12026 -2.81341
16.25572 6.65167 16.73603 25 28 30 234 -2.12026 -2.12026 -2.81341
15.68676 6.99900 13.41247 25 28 30 234 -2.12026 -2.12026 -2.81341
10.42262 6.01783 15.87847 25 28 30 234 -2.12026 -2.12026 -2.81341
17.51637 6.02745 15.50058 25 28 30 234 -2.12026 -2.12026 -2.81341
16.37472 6.59913 14.01036 25 28 30 234 -2.12026 -2.12026 -2.81341
12.82008 7.16725 14.80343 25 28 30 234 -2.12026 -2.12026 -2.81341
15.21124 7.17259 10.91997 25 28 30 234 -2.12026 -2.12026 -2.81341
14.16975 7.72472 10.36021 25 28 30 234 -2.12026 -2.12026 -2.81341
16.50793 6.55148 16.39663 25 28 30 234 -2.12026 -2.12026 -2.81341
12.57320 7.08295 13.62512 25 28 30 234 -2.12026 -2.12026 -2.81341
16.16572 6.74678 19.63206 25 28 30 234 -2.12026 -2.12026 -2.81341
16.02338 6.82443 10.44609 25 28 30 234 -2.12026 -2.12026 -2.81341
11.40114 6.52299 13.01266 25 28 30 234 -2.12026 -2.12026 -2.81341
16.98510 6.31386 10.38071 25 28 30 234 -2.12026 -2.12026 -2.81341
15.20277 7.18251 11.60318 25 28 30 234 -2.12026 -2.12026 -2.81341
15.66934 7.01959 14.42079 25 28 30 234 -2.12026 -2.12026 -2.81341
17.31628 6.16561 10.57857 25 28 30 234 -2.12026 -2.12026 -2.81341
9.75543 5.67623 14.99177 25 28 30 234 -2.12026 -2.12026 -2.81341
13.20547 7.30916 18.39980 25 28 30 234 -2.12026 -2.12026 -2.81341
12.64049 7.16082 18.13305 25 28 30 234 -2.12026 -2.12026 -2.81341
14.29722 7.69461 10.77956 25 28 30 234 -2.12026 -2.12026 -2.81341
13.69695 7.67280 13.24573 25 28 30 234 -2.12026 -2.12026 -2.81341
15.06468 7.24764 10.59815 25 28 30 234 -2.12026 -2.12026 -2.81341
15.10637 7.26857 10.86137 25 28 30 234 -2.12026 -2.12026 -2.81341
16.47005 6.63173 19.10556 25 28 30 234 -2.12026 -2.12026 -2.81341
11.13061 6.41188 19.35738 25 28 30 234 -2.12026 -2.12026 -2.81341
9.83442 5.81807 16.76678 25 28 30 234 -2.12026 -2.12026 -2.81341
14.93407 7.29444 10.22644 25 28 30 234 -2.12026 -2.12026 -2.81341
12.38193 6.99248 16.45088 25 28 30 234 -2.12026 -2.12026 -2.81341
13.42456 7.49121 11.58554 25 28 30 234 -2.12026 -2.12026 -2.81341
14.94912 7.36963 14.06015 25 28 30 234 -2.12026 -2.12026 -2.81341
10.90261 6.25827 13.68885 25 28 30 234 -2.12026 -2.12026 -2.81341
16.79527 6.42033 13.51555 25 28 30 234 -2.12026 -2.12026 -2.81341
17.40412 6.10178 14.51698 25 28 30 234 -2.12026 -2.12026 -2.81341
16.02118 6.78708 10.38867 25 28 30 234 -2.12026 -2.12026 -2.81341
16.00189 6.82868 13.18994 25 28 30 234 -2.12026 -2.12026 -2.81341
13.92299 7.74048 12.05363 25 28 30 234 -2.12026 -2.12026 -2.81341
10.61298 6.17709 10.24377 25 28 30 234 -2.12026 -2.12026 -2.81341
11.53004 6.60564 15.34938 25 28 30 234 -2.12026 -2.12026 -2.81341
17.06325 6.24383 19.90908 25 28 30 234 -2.12026 -2.12026 -2.81341
15.79193 6.89971 14.86482 25 28 30 234 -2.12026 -2.12026 -2.81341
10.67660 6.09016 17.25171 25 28 30 234 -2.12026 -2.12026 -2.81341
16.70750 6.46861 16.09956 25 28 30 234 -2.12026 -2.12026 -2.81341
16.71083 6.40380 14.40100 25 28 30 234 -2.12026 -2.12026 -2.81341
13.80542 7.68979 13.80342 25 28 30 234 -2.12026 -2.12026 -2.81341
17.02156 6.30703 17.22153 25 28 30 234 -2.12026 -2.12026 -2.81341
12.31385 6.99437 16.72994 25 28 30 234 -2.12026 -2.12026 -2.81341
10.97436 6.31348 13.12012 25 28 30 234 -2.12026 -2.12026 -2.81341
17.99058 5.87497 15.86030 25 28 30 234 -2.12026 -2.12026 -2.81341
11.43462 6.50041 12.22630 25 28 30 234 -2.12026 -2.12026 -2.81341
12.64107 7.15908 13.63086 25 28 30 234 -2.12026 -2.12026 -2.81341
12.55921 7.07574 18.64871 25 28 30 234 -2.12026 -2.12026 -2.81341
15.93485 6.86695 15.43163 25 28 30 234 -2.12026 -2.12026 -2.81341
10.45116 6.16914 18.08473 25 28 30 234 -2.12026 -2.12026 -2.81341
9.92466 5.82921 15.59572 25 28 30 234 -2.12026 -2.12026 -2.81341
12.86427 7.22506 16.11335 25 28 30 234 -2.12026 -2.12026 -2.81341
17.63115 5.99344 17.69237 25 28 30 234 -2.12026 -2.12026 -2.81341
14.68850 7.41684 18.03724 25 28 30 234 -2.12026 -2.12026 -2.81341
12.95498 7.32579 19.69743 25 28 30 234 -2.12026 -2.12026 -2.81341
18.16343 5.78324 18.44728 25 28 30 234 -2.12026 -2.12026 -2.81341
11.03904 6.31561 17.77856 25 28 30 234 -2.12026 -2.12026 -2.81341
10.00956 5.81250 18.83231 25 28 30 234 -2.12026 -2.12026 -2.81341
16.72044 6.49234 16.51908 25 28 30 234 -2.12026 -2.12026 -2.81341
12.51938 7.08344 19.59508 25 28 30 234 -2.12026 -2.12026 -2.81341
11.96920 6.78694 16.91452 25 28 30 234 -2.12026 -2.12026 -2.81341
15.75926 6.92799 16.05721 25 28 30 234 -2.12026 -2.12026 -2.81341
10.96493 6.33902 17.02488 25 28 30 234 -2.12026 -2.12026 -2.81341
14.16833 7.75677 12.43096 25 28 30 234 -2.12026 -2.12026 -2.81341
12.11421 6.81508 16.25696 25 28 30 234 -2.12026 -2.12026 -2.81341
13.16850 7.37328 11.67529 25 28 30 234 -2.12026 -2.12026 -2.81341
17.74590 5.92659 13.01949 25 28 30 234 -2.12026 -2.12026 -2.81341
13.22486 7.39165 17.95605 25 28 30 234 -2.12026 -2.12026 -2.81341
12.84105 7.21220 18.80547 25 28 30 234 -2.12026 -2.12026 -2.81341
16.76883 6.38118 10.74689 25 28 30 234 -2.12026 -2.12026 -2.81341
16.54264 6.52518 17.19277 25 28 30 234 -2.12026 -2.12026 -2.81341
26.80000 3.15493 16.11500 133 79 60 224 -2.20727 -2.20727 -2.52573
25.90579 5.35413 19.25000 124 82 53 224 -2.20727 -2.20727 -2.52573
19.60000 0.16950 11.99017 125 77 55 224 -2.20727 -2.20727 -2.52573
26.80000 5.32301 14.12370 141 85 60 224 -2.20727 -2.20727 -2.52573
26.80000 3.18448 12.69191 130 86 52 224 -2.20727 -2.20727 -2.52573
24.41922 5.07739 19.25000 134 87 58 224 -2.20727 -2.20727 -2.52573
26.80000 5.16699 10.90922 137 77 51 224 -2.20727 -2.20727 -2.52573
19.60000 2.39008 17.59495 142 82 56 224 -2.20727 -2.20727 -2.52573
26.80000 2.73433 12.29636 126 83 58 224 -2.20727 -2.20727 -2.52573
26.80000 0.06636 17.80627 135 77 61 224 -2.20727 -2.20727 -2.52573
26.03454 3.58641 10.75000 126 82 58 224 -2.20727 -2.20727 -2.52573
26.80000 0.92872 14.52115 124 78 60 224 -2.20727 -2.20727 -2.52573
20.69228 1.67112 10.75000 140 84 52 224 -2.20727 -2.20727 -2.52573
21.44012 1.88293 19.25000 128 80 58 224 -2.20727 -2.20727 -2.52573
19.60000 3.82424 16.00161 134 84 51 224 -2.20727 -2.20727 -2.52573
22.30845 4.37278 19.25000 139 86 53 224 -2.20727 -2.20727 -2.52573
19.60000 3.78567 16.35086 136 88 58 224 -2.20727 -2.20727 -2.52573
19.60000 4.34495 12.69417 138 88 58 224 -2.20727 -2.20727 -2.52573
19.60000 2.51986 17.54073 136 85 59 224 -2.20727 -2.20727 -2.52573
19.60000 0.75515 12.96953 134 82 57 224 -2.20727 -2.20727 -2.52573
20.09180 0.56793 10.75000 130 81 59 224 -2.20727 -2.20727 -2.52573
19.79118 5.45053 10.75000 141 84 59 224 -2.20727 -2.20727 -2.52573
24.85870 3.18811 19.25000 128 81 59 224 -2.20727 -2.20727 -2.52573
19.60000 5.43778 14.92685 128 83 54 224 -2.20727 -2.20727 -2.52573
22.28727 2.08519 19.25000 137 86 58 224 -2.20727 -2.20727 -2.52573
19.60000 4.88757 15.54271 135 80 60 224 -2.20727 -2.20727 -2.52573
26.80000 4.81195 18.50975 129 79 54 224 -2.20727 -2.20727 -2.52573
24.19951 2.91825 10.75000 128 80 59 224 -2.20727 -2.20727 -2.52573
20.54834 2.42933 10.75000 134 82 58 224 -2.20727 -2.20727 -2.52573
26.80000 0.86442 18.25997 135 87 58 224 -2.20727 -2.20727 -2.52573
25.02972 5.29955 19.25000 122 89 60 224 -2.20727 -2.20727 -2.52573
20.29044 6.07986 19.25000 138 79 57 224 -2.20727 -2.20727 -2.52573
19.60000 1.79116 11.26347 134 83 52 224 -2.20727 -2.20727 -2.52573
23.41952 4.03692 10.75000 128 86 56 224 -2.20727 -2.20727 -2.52573
22.33279 0.38600 10.75000 133 82 54 224 -2.20727 -2.20727 -2.52573
22.25891 2.09523 10.75000 127 84 52 224 -2.20727 -2.20727 -2.52573
26.80000 3.78114 12.75499 123 79 51 224 -2.20727 -2.20727 -2.52573
26.80000 4.83576 13.46519 133 79 51 224 -2.20727 -2.20727 -2.52573
26.80000 6.25407 18.88005 127 85 57 224 -2.20727 -2.20727 -2.52573
26.80000 2.81727 11.44785 133 80 51 224 -2.20727 -2.20727 -2.52573
26.80000 1.05303 17.03601 130 79 61 224 -2.20727 -2.20727 -2.52573
23.13584 0.16697 19.25000 140 85 59 224 -2.20727 -2.20727 -2.52573
25.52113 2.84472 19.25000 130 81 54 224 -2.20727 -2.20727 -2.52573
20.31010 5.77142 19.25000 134 76 51 224 -2.20727 -2.20727 -2.52573
19.60000 5.87765 14.66271 129 87 56 224 -2.20727 -2.20727 -2.52573
22.61624 3.72680 19.25000 133 86 60 224 -2.20727 -2.20727 -2.52573
26.80000 2.02702 11.77449 131 79 51 224 -2.20727 -2.20727 -2.52573
24.54370 2.21970 19.25000 135 77 56 224 -2.20727 -2.20727 -2.52573
19.60000 5.43623 18.61803 128 83 51 224 -2.20727 -2.20727 -2.52573
21.77482 0.29462 19.25000 138 88 54 224 -2.20727 -2.20727 -2.52573
19.60000 4.45447 10.86390 137 86 59 224 -2.20727 -2.20727 -2.52573
26.80000 0.09194 12.78127 136 89 53 224 -2.20727 -2.20727 -2.52573
26.80000 4.60888 16.93338 126 84 55 224 -2.20727 -2.20727 -2.52573
26.05670 4.72116 19.25000 137 83 59 224 -2.20727 -2.20727 -2.52573
20.86992 6.07704 10.75000 137 82 59 224 -2.20727 -2.20727 -2.52573
26.80000 0.67889 18.32493 138 80 51 224 -2.20727 -2.20727 -2.52573
26.80000 3.67470 10.91144 134 78 55 224 -2.20727 -2.20727 -2.52573
19.60000 1.28394 18.10210 122 81 59 224 -2.20727 -2.20727 -2.52573
21.33139 0.33844 10.75000 134 77 58 224 -2.20727 -2.20727 -2.52573
26.80000 2.47556 12.45678 123 85 51 224 -2.20727 -2.20727 -2.52573
26.80000 5.75107 18.94273 130 88 60 224 -2.20727 -2.20727 -2.52573
19.60000 0.87611 18.44155 131 76 57 224 -2.20727 -2.20727 -2.52573
19.60000 0.42492 12.26122 135 79 60 224 -2.20727 -2.20727 -2.52573
19.60000 0.82988 12.51523 123 81 56 224 -2.20727 -2.20727 -2.52573
26.80000 2.45716 15.36874 136 87 58 224 -2.20727 -2.20727 -2.52573
21.98418 3.11685 10.75000 141 87 52 224 -2.20727 -2.20727 -2.52573
26.51786 4.23023 10.75000 136 77 56 224 -2.20727 -2.20727 -2.52573
22.29795 5.59292 10.75000 127 84 55 224 -2.20727 -2.20727 -2.52573
19.83518 3.94853 19.25000 142 77 59 224 -2.20727 -2.20727 -2.52573
19.60000 1.32549 15.63111 130 76 60 224 -2.20727 -2.20727 -2.52573
23.64731 2.93795 19.25000 133 84 54 224 -2.20727 -2.20727 -2.52573
19.60000 5.69083 19.12967 131 79 55 224 -2.20727 -2.20727 -2.52573
19.60000 5.24804 13.02896 127 88 59 224 -2.20727 -2.20727 -2.52573
26.18447 1.05912 10.75000 124 77 51 224 -2.20727 -2.20727 -2.52573
22.31473 5.59970 10.75000 128 89 58 224 -2.20727 -2.20727 -2.52573
26.44959 2.28248 19.25000 138 82 59 224 -2.20727 -2.20727 -2.52573
19.60000 0.06096 11.79782 140 82 59 224 -2.20727 -2.20727 -2.52573
26.80000 3.07683 19.09575 128 78 55 224 -2.20727 -2.20727 -2.52573
24.38596 1.43939 19.25000 135 80 53 224 -2.20727 -2.20727 -2.52573
23.27931 4.69527 10.75000 136 79 60 224 -2.20727 -2.20727 -2.52573
26.80000 0.00123 14.50518 142 88 58 224 -2.20727 -2.20727 -2.52573
19.60000 5.63359 15.69344 124 85 51 224 -2.20727 -2.20727 -2.52573
23.14601 0.32111 10.75000 123 82 59 224 -2.20727 -2.20727 -2.52573
26.80000 3.21476 15.41664 139 84 53 224 -2.20727 -2.20727 -2.52573
21.02965 0.29544 10.75000 135 82 52 224 -2.20727 -2.20727 -2.52573
25.42274 5.88692 10.75000 133 86 59 224 -2.20727 -2.20727 -2.52573
19.60000 5.20499 15.73151 137 84 59 224 -2.20727 -2.20727 -2.52573
20.22380 5.68138 19.25000 128 86 51 224 -2.20727 -2.20727 -2.52573
19.60000 3.63864 17.69551 136 77 51 224 -2.20727 -2.20727 -2.52573
22.78294 0.26611 10.75000 129 88 59 224 -2.20727 -2.20727 -2.52573
26.80000 0.96051 14.31483 140 77 51 224 -2.20727 -2.20727 -2.52573
21.44208 4.48090 10.75000 132 84 51 224 -2.20727 -2.20727 -2.52573
19.60000 0.57844 13.58879 131 86 53 224 -2.20727 -2.20727 -2.52573
20.14252 2.32347 10.75000 131 85 56 224 -2.20727 -2.20727 -2.52573
25.97812 3.20061 19.25000 122 85 59 224 -2.20727 -2.20727 -2.52573
19.60000 1.54604 17.13136 138 87 60 224 -2.20727 -2.20727 -2.52573
19.96036 0.47210 19.25000 123 82 58 224 -2.20727 -2.20727 -2.52573
22.60471 6.02010 10.75000 141 87 51 224 -2.20727 -2.20727 -2.52573
23.03308 4.50099 10.75000 130 78 54 224 -2.20727 -2.20727 -2.52573
26.80000 2.82348 18.59141 136 81 54 224 -2.20727 -2.20727 -2.52573
26.80000 3.20227 13.60994 125 82 58 224 -2.20727 -2.20727 -2.52573
19.60000 5.94470 14.90008 132 85 52 224 -2.20727 -2.20727 -2.52573
26.02316 4.65874 10.75000 140 76 59 224 -2.20727 -2.20727 -2.52573
21.87421 3.63049 10.75000 136 84 51 224 -2.20727 -2.20727 -2.52573
26.80000 4.84542 11.34516 140 80 51 224 -2.20727 -2.20727 -2.52573
26.18425 1.08317 19.25000 141 82 52 224 -2.20727 -2.20727 -2.52573
26.74351 1.19299 19.25000 135 84 60 224 -2.20727 -2.20727 -2.52573
24.11982 5.14392 10.75000 135 86 57 224 -2.20727 -2.20727 -2.52573
21.32650 2.06862 10.75000 129 82 55 224 -2.20727 -2.20727 -2.52573
19.60000 4.34264 18.28971 132 81 54 224 -2.20727 -2.20727 -2.52573
19.60000 5.82159 15.40846 142 87 57 224 -2.20727 -2.20727 -2.52573
25.98835 2.93893 10.75000 129 80 60 224 -2.20727 -2.20727 -2.52573
23.85890 2.02343 19.25000 124 82 51 224 -2.20727 -2.20727 -2.52573
22.13091 3.06451 19.25000 134 80 53 224 -2.20727 -2.20727 -2.52573
20.36336 1.61212 10.75000 128 82 54 224 -2.20727 -2.20727 -2.52573
23.24579 1.61986 10.75000 142 81 61 224 -2.20727 -2.20727 -2.52573
26.00301 3.14852 10.75000 142 78 57 224 -2.20727 -2.20727 -2.52573
23.23931 0.11561 19.25000 136 77 53 224 -2.20727 -2.20727 -2.52573
26.80000 4.50699 16.58948 135 82 57 224 -2.20727 -2.20727 -2.52573
19.60000 3.54955 14.61048 141 81 60 224 -2.20727 -2.20727 -2.52573
23.19986 4.55317 10.75000 126 77 53 224 -2.20727 -2.20727 -2.52573
23.07631 3.01691 10.75000 135 76 58 224 -2.20727 -2.20727 -2.52573
22.03225 0.65745 10.75000 142 85 59 224 -2.20727 -2.20727 -2.52573
25.86940 0.10885 19.25000 139 83 56 224 -2.20727 -2.20727 -2.52573
20.73596 6.10152 10.75000 128 88 61 224 -2.20727 -2.20727 -2.52573
23.62296 3.64554 10.75000 134 84 56 224 -2.20727 -2.20727 -2.52573
24.28027 3.48780 10.75000 137 79 54 224 -2.20727 -2.20727 -2.52573
19.60000 4.69541 16.78416 132 86 58 224 -2.20727 -2.20727 -2.52573
19.60000 4.72226 19.09568 124 76 53 224 -2.20727 -2.20727 -2.52573
21.52057 2.10284 19.25000 139 76 54 224 -2.20727 -2.20727 -2.52573
26.80000 1.16079 13.45480 135 85 58 224 -2.20727 -2.20727 -2.52573
19.60000 4.16488 14.27855 132 82 58 224 -2.20727 -2.20727 -2.52573
25.84686 2.57051 19.25000 123 81 58 224 -2.20727 -2.20727 -2.52573
26.80000 3.61622 10.93618 141 85 51 224 -2.20727 -2.20727 -2.52573
26.80000 0.56003 18.73487 128 88 52 224 -2.20727 -2.20727 -2.52573
24.57191 4.36471 19.25000 122 85 60 224 -2.20727 -2.20727 -2.52573
24.71920 3.23362 19.25000 123 78 57 224 -2.20727 -2.20727 -2.52573
24.91325 3.23627 19.25000 141 79 58 224 -2.20727 -2.20727 -2.52573
24.61344 4.34238 19.25000 133 84 58 224 -2.20727 -2.20727 -2.52573
19.60000 2.34516 15.81375 123 85 58 224 -2.20727 -2.20727 -2.52573
19.60000 1.56858 17.86669 136 86 61 224 -2.20727 -2.20727 -2.52573
26.80000 2.28562 18.48785 136 86 51 224 -2.20727 -2.20727 -2.52573
20.55902 2.94099 10.75000 125 84 52 224 -2.20727 -2.20727 -2.52573
19.60000 4.49191 14.31037 134 86 60 224 -2.20727 -2.20727 -2.52573
19.99544 4.08387 19.25000 129 78 55 224 -2.20727 -2.20727 -2.52573
26.80000 1.56214 11.79791 138 80 58 224 -2.20727 -2.20727 -2.52573
26.80000 3.69043 13.15320 126 85 52 224 -2.20727 -2.20727 -2.52573
26.80000 6.19113 18.46238 134 86 55 224 -2.20727 -2.20727 -2.52573
20.29978 0.18631 19.25000 123 86 52 224 -2.20727 -2.20727 -2.52573
20.14347 0.33388 10.75000 134 77 59 224 -2.20727 -2.20727 -2.52573
26.80000 4.71157 14.27959 139 77 53 224 -2.20727 -2.20727 -2.52573
24.09437 5.69980 10.75000 135 82 57 224 -2.20727 -2.20727 -2.52573
26.80000 0.41800 11.09359 139 83 51 224 -2.20727 -2.20727 -2.52573
22.25342 0.97706 10.75000 131 87 59 224 -2.20727 -2.20727 -2.52573
21.33116 3.38843 10.75000 137 81 59 224 -2.20727 -2.20727 -2.52573
24.57200 4.98930 19.25000 133 80 58 224 -2.20727 -2.20727 -2.52573
23.94781 3.20376 10.75000 137 82 51 224 -2.20727 -2.20727 -2.52573
19.60000 0.82627 15.29824 133 86 55 224 -2.20727 -2.20727 -2.52573
21.40362 3.62524 10.75000 134 85 53 224 -2.20727 -2.20727 -2.52573
20.18677 4.79432 19.25000 127 83 59 224 -2.20727 -2.20727 -2.52573
26.80000 0.23535 13.62990 134 85 52 224 -2.20727 -2.20727 -2.52573
22.88007 0.48477 19.25000 134 86 56 224 -2.20727 -2.20727 -2.52573
24.05646 5.27390 19.25000 125 88 58 224 -2.20727 -2.20727 -2.52573
19.60000 1.11532 14.58036 125 77 53 224 -2.20727 -2.20727 -2.52573
19.60000 0.29953 12.39034 130 81 54 224 -2.20727 -2.20727 -2.52573
19.60000 0.12739 16.66218 125 83 51 224 -2.20727 -2.20727 -2.52573
19.60000 4.44487 13.49510 137 77 58 224 -2.20727 -2.20727 -2.52573
22.90726 5.83833 10.75000 141 86 53 224 -2.20727 -2.20727 -2.52573
26.00659 4.85631 10.75000 141 81 56 224 -2.20727 -2.20727 -2.52573
26.80000 3.97063 15.44188 125 78 52 224 -2.20727 -2.20727 -2.52573
26.80000 1.11534 13.94865 122 87 54 224 -2.20727 -2.20727 -2.52573
25.85166 1.65955 10.75000 140 82 52 224 -2.20727 -2.20727 -2.52573
26.80000 5.75992 16.06341 133 76 52 224 -2.20727 -2.20727 -2.52573
23.94263 0.64119 19.25000 126 87 56 224 -2.20727 -2.20727 -2.52573
19.60000 5.64955 13.25033 132 83 55 224 -2.20727 -2.20727 -2.52573
26.80000 3.38184 15.99064 134 79 57 224 -2.20727 -2.20727 -2.52573
26.80000 1.56984 14.21739 135 79 60 224 -2.20727 -2.20727 -2.52573
26.80000 5.83400 18.04754 133 77 60 224 -2.20727 -2.20727 -2.52573
21.08731 5.44101 10.75000 142 80 55 224 -2.20727 -2.20727 -2.52573
26.80000 5.01284 12.14180 127 82 53 224 -2.20727 -2.20727 -2.52573
26.80000 1.72351 11.47250 131 85 52 224 -2.20727 -2.20727 -2.52573
20.91970 1.92205 19.25000 123 89 53 224 -2.20727 -2.20727 -2.52573
26.80000 4.37492 11.00920 124 81 58 224 -2.20727 -2.20727 -2.52573
25.55319 4.47819 19.25000 135 86 57 224 -2.20727 -2.20727 -2.52573
25.03813 0.96457 10.75000 135 85 60 224 -2.20727 -2.20727 -2.52573
23.51846 3.03188 19.25000 141 80 52 224 -2.20727 -2.20727 -2.52573
26.80000 5.02060 17.20123 133 80 55 224 -2.20727 -2.20727 -2.52573
22.85584 0.49024 10.75000 127 84 57 224 -2.20727 -2.20727 -2.52573
23.90137 1.61587 10.75000 129 87 57 224 -2.20727 -2.20727 -2.52573
26.10632 2.83209 10.75000 136 79 60 224 -2.20727 -2.20727 -2.52573
23.70701 2.31938 10.75000 127 86 58 224 -2.20727 -2.20727 -2.52573
21.62835 3.35113 19.25000 134 80 57 224 -2.20727 -2.20727 -2.52573
24.29417 3.65558 10.75000 129 83 60 224 -2.20727 -2.20727 -2.52573
19.60000 3.89883 13.48474 131 78 53 224 -2.20727 -2.20727 -2.52573
21.73666 4.97626 19.25000 132 88 53 224 -2.20727 -2.20727 -2.52573
22.36812 0.78611 10.75000 123 78 59 224 -2.20727 -2.20727 -2.52573
21.91506 6.14743 10.75000 122 77 52 224 -2.20727 -2.20727 -2.52573
26.80000 5.63301 14.16498 125 86 54 224 -2.20727 -2.20727 -2.52573
25.42801 3.88654 19.25000 136 89 52 224 -2.20727 -2.20727 -2.52573
26.80000 6.25165 12.56390 138 88 54 224 -2.20727 -2.20727 -2.52573
19.60000 5.83694 15.88003 135 85 59 224 -2.20727 -2.20727 -2.52573
19.60000 5.70033 12.20046 126 80 56 224 -2.20727 -2.20727 -2.52573
19.60000 2.53746 16.36592 138 83 53 224 -2.20727 -2.20727 -2.52573
23.60490 4.96213 10.75000 124 78 51 224 -2.20727 -2.20727 -2.52573
26.80000 6.27667 13.09869 130 85 60 224 -2.20727 -2.20727 -2.52573
19.60000 2.87010 13.35450 127 88 56 224 -2.20727 -2.20727 -2.52573
19.60000 3.87667 13.19387 126 80 59 224 -2.20727 -2.20727 -2.52573
26.80000 4.59891 12.90037 129 85 59 224 -2.20727 -2.20727 -2.52573
19.60000 4.00609 17.07834 133 88 61 224 -2.20727 -2.20727 -2.52573
19.60000 3.61771 11.46435 134 86 53 224 -2.20727 -2.20727 -2.52573
26.80000 0.90084 14.15985 122 77 60 224 -2.20727 -2.20727 -2.52573
19.78423 5.03186 19.25000 128 87 59 224 -2.20727 -2.20727 -2.52573
26.80000 5.31985 16.49404 142 87 60 224 -2.20727 -2.20727 -2.52573
19.60000 3.85716 15.40714 141 77 58 224 -2.20727 -2.20727 -2.52573
19.60000 2.12596 13.27219 129 87 58 224 -2.20727 -2.20727 -2.52573
19.60000 2.47462 13.97122 140 84 56 224 -2.20727 -2.20727 -2.52573
23.77256 4.44148 10.75000 129 85 57 224 -2.20727 -2.20727 -2.52573
24.16369 5.42340 19.25000 135 76 53 224 -2.20727 -2.20727 -2.52573
19.60000 0.48603 16.91933 123 77 60 224 -2.20727 -2.20727 -2.52573
19.60000 3.57735 14.03405 141 82 58 224 -2.20727 -2.20727 -2.52573
19.60000 1.62488 12.55407 139 83 55 224 -2.20727 -2.20727 -2.52573
25.36752 2.78868 10.75000 131 77 60 224 -2.20727 -2.20727 -2.52573
20.55860 4.96309 19.25000 137 79 56 224 -2.20727 -2.20727 -2.52573
19.60000 1.20522 14.62059 127 83 52 224 -2.20727 -2.20727 -2.52573
19.60000 3.81906 11.71420 133 86 52 224 -2.20727 -2.20727 -2.52573
26.80000 1.63258 17.21911 125 80 53 224 -2.20727 -2.20727 -2.52573
19.79231 5.75934 19.25000 138 76 56 224 -2.20727 -2.20727 -2.52573
19.60000 4.89562 17.37692 140 87 58 224 -2.20727 -2.20727 -2.52573
19.60000 6.09874 18.88520 137 83 54 224 -2.20727 -2.20727 -2.52573
22.56357 3.36118 19.25000 132 87 54 224 -2.20727 -2.20727 -2.52573
19.60000 3.34007 18.60836 136 80 60 224 -2.20727 -2.20727 -2.52573
26.80000 5.12466 15.01849 127 83 58 224 -2.20727 -2.20727 -2.52573
26.80000 2.91084 17.06279 139 86 57 224 -2.20727 -2.20727 -2.52573
25.81465 0.00134 10.75000 125 80 58 224 -2.20727 -2.20727 -2.52573
19.60000 2.41687 15.37972 125 82 54 224 -2.20727 -2.20727 -2.52573
26.80000 3.69896 18.62076 141 88 53 224 -2.20727 -2.20727 -2.52573
19.60000 0.15997 15.36695 136 84 53 224 -2.20727 -2.20727 -2.52573
24.71953 4.96991 19.25000 136 80 57 224 -2.20727 -2.20727 -2.52573
26.80000 5.08272 13.64433 127 76 55 224 -2.20727 -2.20727 -2.52573
26.80000 0.15407 12.69485 129 84 54 224 -2.20727 -2.20727 -2.52573
26.80000 0.88031 16.21951 127 80 56 224 -2.20727 -2.20727 -2.52573
26.80000 4.04157 18.02446 141 79 51 224 -2.20727 -2.20727 -2.52573
22.82853 0.24509 10.75000 135 83 58 224 -2.20727 -2.20727 -2.52573
26.80000 3.96857 11.08837 139 81 57 224 -2.20727 -2.20727 -2.52573
19.84576 0.17674 10.75000 130 80 54 224 -2.20727 -2.20727 -2.52573
26.80000 3.32550 11.94510 122 84 58 224 -2.20727 -2.20727 -2.52573
24.11012 1.93124 19.25000 137 77 54 224 -2.20727 -2.20727 -2.52573
22.29754 3.64475 10.75000 136 85 51 224 -2.20727 -2.20727 -2.52573
19.60000 4.44542 14.55394 139 87 55 224 -2.20727 -2.20727 -2.52573
26.46752 2.59938 19.25000 127 80 51 224 -2.20727 -2.20727 -2.52573
26.80000 5.09613 15.85959 136 85 51 224 -2.20727 -2.20727 -2.52573
26.80000 1.86158 12.33072 139 80 59 224 -2.20727 -2.20727 -2.52573
26.80000 1.21954 10.79866 128 82 58 224 -2.20727 -2.20727 -2.52573
26.80000 3.17963 18.60238 139 82 56 224 -2.20727 -2.20727 -2.52573
25.90739 6.17090 19.25000 126 80 51 224 -2.20727 -2.20727 -2.52573
26.80000 1.47468 11.09525 137 79 55 224 -2.20727 -2.20727 -2.52573
26.70312 5.48669 10.75000 125 87 57 224 -2.20727 -2.20727 -2.52573
26.80000 3.89149 14.96454 123 87 55 224 -2.20727 -2.20727 -2.52573
22.91285 1.50003 10.75000 124 87 61 224 -2.20727 -2.20727 -2.52573
19.60000 4.38940 11.01277 136 89 52 224 -2.20727 -2.20727 -2.52573
22.53373 8.06911 19.91646 25 28 30 234 -2.12026 -2.12026 -2.81341
23.05609 8.34810 12.65513 25 28 30 234 -2.12026 -2.12026 -2.81341
26.06390 7.01195 11.69284 25 28 30 234 -2.12026 -2.12026 -2.81341
26.20731 6.94503 14.13224 25 28 30 234 -2.12026 -2.12026 -2.81341
24.45340 7.82033 15.19002 25 28 30 234 -2.12026 -2.12026 -2.81341
23.62838 8.20319 13.29852 25 28 30 234 -2.12026 -2.12026 -2.81341
19.07462 6.38485 15.96145 25 28 30 234 -2.12026 -2.12026 -2.81341
24.22164 7.92254 14.72996 25 28 30 234 -2.12026 -2.12026 -2.81341
21.09429 7.39870 12.50334 25 28 30 234 -2.12026 -2.12026 -2.81341
22.52620 8.00518 19.57200 25 28 30 234 -2.12026 -2.12026 -2.81341
19.58802 6.67553 15.59280 25 28 30 234 -2.12026 -2.12026 -2.81341
20.42796 7.06562 14.57786 25 28 30 234 -2.12026 -2.12026 -2.81341
19.08750 6.47267 18.13297 25 28 30 234 -2.12026 -2.12026 -2.81341
26.82401 6.61225 17.78247 25 28 30 234 -2.12026 -2.12026 -2.81341
27.25449 6.43222 11.91901 25 28 30 234 -2.12026 -2.12026 -2.81341
22.68093 8.17817 18.82343 25 28 30 234 -2.12026 -2.12026 -2.81341
24.61634 7.70815 15.40903 25 28 30 234 -2.12026 -2.12026 -2.81341
27.01121 6.53853 13.23643 25 28 30 234 -2.12026 -2.12026 -2.81341
23.45744 8.29729 14.75551 25 28 30 234 -2.12026 -2.12026 -2.81341
20.67177 7.13163 13.91218 25 28 30 234 -2.12026 -2.12026 -2.81341
21.80979 7.71057 16.14683 25 28 30 234 -2.12026 -2.12026 -2.81341
20.07257 6.93520 19.85406 25 28 30 234 -2.12026 -2.12026 -2.81341
21.20362 7.41683 19.19114 25 28 30 234 -2.12026 -2.12026 -2.81341
25.92990 7.15490 15.38030 25 28 30 234 -2.12026 -2.12026 -2.81341
23.51659 8.27449 13.09888 25 28 30 234 -2.12026 -2.12026 -2.81341
23.81297 8.11151 14.24197 25 28 30 234 -2.12026 -2.12026 -2.81341
19.24766 6.53982 14.87422 25 28 30 234 -2.12026 -2.12026 -2.81341
21.15069 7.45074 17.59801 25 28 30 234 -2.12026 -2.12026 -2.81341
23.63150 8.21399 19.10853 25 28 30 234 -2.12026 -2.12026 -2.81341
24.18919 7.86562 10.12461 25 28 30 234 -2.12026 -2.12026 -2.81341
27.19980 6.51317 15.85500 25 28 30 234 -2.12026 -2.12026 -2.81341
25.10178 7.52361 10.83833 25 28 30 234 -2.12026 -2.12026 -2.81341
27.27412 6.41982 19.25657 25 28 30 234 -2.12026 -2.12026 -2.81341
21.54531 7.63493 12.20766 25 28 30 234 -2.12026 -2.12026 -2.81341
25.78936 7.17010 15.32054 25 28 30 234 -2.12026 -2.12026 -2.81341
23.04897 8.36812 15.69388 25 28 30 234 -2.12026 -2.12026 -2.81341
25.80037 7.15050 17.20657 25 28 30 234 -2.12026 -2.12026 -2.81341
20.82698 7.19300 17.86441 25 28 30 234 -2.12026 -2.12026 -2.81341
20.36449 7.02428 14.19189 25 28 30 234 -2.12026 -2.12026 -2.81341
20.22108 6.96839 18.50765 25 28 30 234 -2.12026 -2.12026 -2.81341
23.41208 8.28900 16.69230 25 28 30 234 -2.12026 -2.12026 -2.81341
21.45536 7.54750 19.78127 25 28 30 234 -2.12026 -2.12026 -2.81341
25.15535 7.51423 17.47940 25 28 30 234 -2.12026 -2.12026 -2.81341
25.54357 7.28848 13.00444 25 28 30 234 -2.12026 -2.12026 -2.81341
24.91280 7.58541 13.25803 25 28 30 234 -2.12026 -2.12026 -2.81341
23.35657 8.35895 16.31891 25 28 30 234 -2.12026 -2.12026 -2.81341
24.48306 7.79184 17.51013 25 28 30 234 -2.12026 -2.12026 -2.81341
20.24373 7.04727 15.95049 25 28 30 234 -2.12026 -2.12026 -2.81341
22.65046 8.08390 10.49570 25 28 30 234 -2.12026 -2.12026 -2.81341
24.29615 7.86820 10.80493 25 28 30 234 -2.12026 -2.12026 -2.81341
23.22462 8.40071 13.13165 25 28 30 234 -2.12026 -2.12026 -2.81341
22.41293 8.00883 16.09480 25 28 30 234 -2.12026 -2.12026 -2.81341
18.93020 6.33066 17.94835 25 28 30 234 -2.12026 -2.12026 -2.81341
22.71942 8.20826 11.09842 25 28 30 234 -2.12026 -2.12026 -2.81341
21.60320 7.63088 19.86244 25 28 30 234 -2.12026 -2.12026 -2.81341
25.13820 7.42798 16.72853 25 28 30 234 -2.12026 -2.12026 -2.81341
27.12117 6.51155 16.29403 25 28 30 234 -2.12026 -2.12026 -2.81341
23.16555 8.44576 14.57574 25 28 30 234 -2.12026 -2.12026 -2.81341
21.73654 7.70504 19.03582 25 28 30 234 -2.12026 -2.12026 -2.81341
24.35180 7.86347 18.17455 25 28 30 234 -2.12026 -2.12026 -2.81341
21.06030 7.39735 10.98604 25 28 30 234 -2.12026 -2.12026 -2.81341
20.19207 6.94299 16.33561 25 28 30 234 -2.12026 -2.12026 -2.81341
23.13442 8.37916 12.07777 25 28 30 234 -2.12026 -2.12026 -2.81341
23.76972 8.12404 15.67724 25 28 30 234 -2.12026 -2.12026 -2.81341
23.34558 8.30981 13.49479 25 28 30 234 -2.12026 -2.12026 -2.81341
20.06117 6.96555 14.16878 25 28 30 234 -2.12026 -2.12026 -2.81341
22.19087 7.94815 16.08007 25 28 30 234 -2.12026 -2.12026 -2.81341
26.19142 6.94558 17.21486 25 28 30 234 -2.12026 -2.12026 -2.81341
22.72162 8.19475 14.86161 25 28 30 234 -2.12026 -2.12026 -2.81341
21.25974 7.43849 17.57203 25 28 30 234 -2.12026 -2.12026 -2.81341
25.87939 7.08295 17.02014 25 28 30 234 -2.12026 -2.12026 -2.81341
27.43562 6.33402 11.05560 25 28 30 234 -2.12026 -2.12026 -2.81341
19.56549 6.65082 14.53506 25 28 30 234 -2.12026 -2.12026 -2.81341
23.30004 8.37626 18.94261 25 28 30 234 -2.12026 -2.12026 -2.81341
25.42148 7.34183 11.50680 25 28 30 234 -2.12026 -2.12026 -2.81341
24.02330 8.06531 15.80739 25 28 30 234 -2.12026 -2.12026 -2.81341
21.74149 7.71976 16.95485 25 28 30 234 -2.12026 -2.12026 -2.81341
26.79311 6.67814 16.46626 25 28 30 234 -2.12026 -2.12026 -2.81341
22.30083 7.97559 10.88615 25 28 30 234 -2.12026 -2.12026 -2.81341
27.38728 6.36707 19.56683 25 28 30 234 -2.12026 -2.12026 -2.81341
25.74489 7.19015 12.09915 25 28 30 234 -2.12026 -2.12026 -2.81341
25.54869 7.27542 16.40005 25 28 30 234 -2.12026 -2.12026 -2.81341
22.48886 8.08712 19.42835 25 28 30 234 -2.12026 -2.12026 -2.81341
26.55926 6.76996 13.49353 25 28 30 234 -2.12026 -2.12026 -2.81341
19.88451 6.79683 12.51071 25 28 30 234 -2.12026 -2.12026 -2.81341
21.44404 7.61593 13.06723 25 28 30 234 -2.12026 -2.12026 -2.81341
22.07753 7.86285 18.74069 25 28 30 234 -2.12026 -2.12026 -2.81341
20.47452 7.04147 14.04388 25 28 30 234 -2.12026 -2.12026 -2.81341
22.51160 8.10399 18.26407 25 28 30 234 -2.12026 -2.12026 -2.81341
23.70202 8.15113 10.88774 25 28 30 234 -2.12026 -2.12026 -2.81341
21.90903 7.85232 10.14128 25 28 30 234 -2.12026 -2.12026 -2.81341
22.94897 8.33519 19.04905 25 28 30 234 -2.12026 -2.12026 -2.81341
25.03816 7.48421 16.44385 25 28 30 234 -2.12026 -2.12026 -2.81341
26.47239 6.81903 17.91610 25 28 30 234 -2.12026 -2.12026 -2.81341
21.87662 7.78134 15.34300 25 28 30 234 -2.12026 -2.12026 -2.81341
22.16244 7.93229 14.84586 25 28 30 234 -2.12026 -2.12026 -2.81341
19.47365 6.69024 16.22648 25 28 30 234 -2.12026 -2.12026 -2.81341
25.74905 7.17535 19.52170 25 28 30 234 -2.12026 -2.12026 -2.81341
26.43740 6.85179 10.23834 25 28 30 234 -2.12026 -2.12026 -2.81341
26.94985 6.54410 12.87807 25 28 30 234 -2.12026 -2.12026 -2.81341
19.29122 6.51796 12.20835 25 28 30 234 -2.12026 -2.12026 -2.81341
19.85425 6.70576 13.10588 25 28 30 234 -2.12026 -2.12026 -2.81341
27.36653 6.38094 15.37209 25 28 30 234 -2.12026 -2.12026 -2.81341
26.77629 6.65309 14.11158 25 28 30 234 -2.12026 -2.12026 -2.81341
25.41345 7.43397 15.82985 25 28 30 234 -2.12026 -2.12026 -2.81341
25.71776 7.18588 17.85667 25 28 30 234 -2.12026 -2.12026 -2.81341
23.53698 8.25020 14.95182 25 28 30 234 -2.12026 -2.12026 -2.81341
25.52303 7.22762 15.56630 25 28 30 234 -2.12026 -2.12026 -2.81341
20.92193 7.28155 16.44360 25 28 30 234 -2.12026 -2.12026 -2.81341
23.07609 8.39482 13.34765 25 28 30 234 -2.12026 -2.12026 -2.81341
21.52897 7.63016 13.82155 25 28 30 234 -2.12026 -2.12026 -2.81341
24.06271 8.00005 10.79477 25 28 30 234 -2.12026 -2.12026 -2.81341
20.39031 7.04520 18.73068 25 28 30 234 -2.12026 -2.12026 -2.81341
19.62248 6.71415 12.12734 25 28 30 234 -2.12026 -2.12026 -2.81341
20.77836 7.24357 18.40616 25 28 30 234 -2.12026 -2.12026 -2.81341
18.96154 6.36440 13.55769 25 28 30 234 -2.12026 -2.12026 -2.81341
20.54373 7.17226 12.99238 25 28 30 234 -2.12026 -2.12026 -2.81341
18.91200 6.30413 18.63678 25 28 30 234 -2.12026 -2.12026 -2.81341
27.00042 6.60685 13.40254 25 28 30 234 -2.12026 -2.12026 -2.81341
24.28549 7.89931 11.61905 25 28 30 234 -2.12026 -2.12026 -2.81341
21.29120 7.45409 18.90013 25 28 30 234 -2.12026 -2.12026 -2.81341
26.17763 6.96592 15.53145 25 28 30 234 -2.12026 -2.12026 -2.81341
26.60501 6.77220 13.04629 25 28 30 234 -2.12026 -2.12026 -2.81341
26.44607 6.84075 18.27605 25 28 30 234 -2.12026 -2.12026 -2.81341
27.43311 6.38952 10.97473 25 28 30 234 -2.12026 -2.12026 -2.81341
24.77045 7.68906 17.17469 25 28 30 234 -2.12026 -2.12026 -2.81341
26.97772 6.55055 14.19649 25 28 30 234 -2.12026 -2.12026 -2.81341
24.11291 8.02633 14.44339 25 28 30 234 -2.12026 -2.12026 -2.81341
20.89232 7.19746 13.20567 25 28 30 234 -2.12026 -2.12026 -2.81341
19.85969 6.76946 12.26252 25 28 30 234 -2.12026 -2.12026 -2.81341
21.89184 7.80965 18.32987 25 28 30 234 -2.12026 -2.12026 -2.81341
27.00518 6.55097 18.37579 25 28 30 234 -2.12026 -2.12026 -2.81341
19.51927 6.62932 18.91022 25 28 30 234 -2.12026 -2.12026 -2.81341
23.54014 8.25337 17.94843 25 28 30 234 -2.12026 -2.12026 -2.81341
21.38822 7.53164 16.40041 25 28 30 234 -2.12026 -2.12026 -2.81341
21.61911 7.68720 10.26500 25 28 30 234 -2.12026 -2.12026 -2.81341
26.78464 6.73974 10.52146 25 28 30 234 -2.12026 -2.12026 -2.81341
21.53491 7.64155 12.39770 25 28 30 234 -2.12026 -2.12026 -2.81341
22.55736 8.11613 19.16722 25 28 30 234 -2.12026 -2.12026 -2.81341
21.85987 7.78332 12.57057 25 28 30 234 -2.12026 -2.12026 -2.81341
20.80640 7.31589 17.07275 25 28 30 234 -2.12026 -2.12026 -2.81341
21.28031 7.52359 16.80563 25 28 30 234 -2.12026 -2.12026 -2.81341
20.93409 7.33049 11.66245 25 28 30 234 -2.12026 -2.12026 -2.81341
26.25650 6.90378 13.85909 25 28 30 234 -2.12026 -2.12026 -2.81341
22.73712 8.15430 12.02111 25 28 30 234 -2.12026 -2.12026 -2.81341
20.80854 7.21236 16.53885 25 28 30 234 -2.12026 -2.12026 -2.81341
21.15386 7.44635 15.57462 25 28 30 234 -2.12026 -2.12026 -2.81341
24.62132 7.73979 10.79256 25 28 30 234 -2.12026 -2.12026 -2.81341
25.55928 7.20339 12.52744 25 28 30 234 -2.12026 -2.12026 -2.81341
25.90370 7.12069 10.36573 25 28 30 234 -2.12026 -2.12026 -2.81341
21.13773 7.44275 13.31410 25 28 30 234 -2.12026 -2.12026 -2.81341
20.81335 7.23677 12.79376 25 28 30 234 -2.12026 -2.12026 -2.81341
21.36728 7.53319 12.32776 25 28 30 234 -2.12026 -2.12026 -2.81341
21.13166 7.35869 16.60735 25 28 30 234 -2.12026 -2.12026 -2.81341
24.83600 7.63383 15.84819 25 28 30 234 -2.12026 -2.12026 -2.81341
25.14401 7.51312 15.87886 25 28 30 234 -2.12026 -2.12026 -2.81341
24.20518 7.95108 10.54032 25 28 30 234 -2.12026 -2.12026 -2.81341
19.76278 6.75940 17.94474 25 28 30 234 -2.12026 -2.12026 -2.81341
23.10909 8.38854 10.54880 25 28 30 234 -2.12026 -2.12026 -2.81341
23.21829 8.41728 12.72490 25 28 30 234 -2.12026 -2.12026 -2.81341
21.05990 7.37315 12.51884 25 28 30 234 -2.12026 -2.12026 -2.81341
23.56973 8.22540 13.94238 25 28 30 234 -2.12026 -2.12026 -2.81341
19.02143 6.37138 15.46405 25 28 30 234 -2.12026 -2.12026 -2.81341
26.39680 6.88584 14.35440 25 28 30 234 -2.12026 -2.12026 -2.81341
25.84593 7.10146 16.17628 25 28 30 234 -2.12026 -2.12026 -2.81341
19.38486 6.56414 15.72668 25 28 30 234 -2.12026 -2.12026 -2.81341
22.20273 7.97116 18.99819 25 28 30 234 -2.12026 -2.12026 -2.81341
21.72429 7.69888 11.19186 25 28 30 234 -2.12026 -2.12026 -2.81341
27.43932 6.37520 19.53150 25 28 30 234 -2.12026 -2.12026 -2.81341
22.42162 7.96778 12.09571 25 28 30 234 -2.12026 -2.12026 -2.81341
26.18115 6.97233 11.47628 25 28 30 234 -2.12026 -2.12026 -2.81341
26.00539 7.09756 11.66309 25 28 30 234 -2.12026 -2.12026 -2.81341
20.16149 6.95924 12.39983 25 28 30 234 -2.12026 -2.12026 -2.81341
20.79426 7.24321 11.91442 25 28 30 234 -2.12026 -2.12026 -2.81341
23.03140 8.33431 18.04610 25 28 30 234 -2.12026 -2.12026 -2.81341
20.33835 7.01928 10.55270 25 28 30 234 -2.12026 -2.12026 -2.81341
19.74824 6.78026 13.07570 25 28 30 234 -2.12026 -2.12026 -2.81341
22.77130 8.24887 14.64303 25 28 30 234 -2.12026 -2.12026 -2.81341
26.75085 6.66644 15.05319 25 28 30 234 -2.12026 -2.12026 -2.81341
20.87066 7.27211 11.83109 25 28 30 234 -2.12026 -2.12026 -2.81341
28.80000 0.96805 11.89534 127 79 52 224 -2.20727 -2.20727 -2.52573
28.80000 6.42572 16.19203 140 80 60 224 -2.20727 -2.20727 -2.52573
31.77573 0.46351 19.25000 140 86 58 224 -2.20727 -2.20727 -2.52573
36.00000 1.34596 10.96567 129 79 52 224 -2.20727 -2.20727 -2.52573
31.89668 6.53547 19.25000 140 82 57 224 -2.20727 -2.20727 -2.52573
36.00000 3.33592 16.74804 137 81 57 224 -2.20727 -2.20727 -2.52573
36.00000 3.84484 14.06851 131 88 57 224 -2.20727 -2.20727 -2.52573
28.80000 2.08609 14.40315 135 83 53 224 -2.20727 -2.20727 -2.52573
28.80000 2.43576 12.03735 130 83 54 224 -2.20727 -2.20727 -2.52573
36.00000 1.87579 14.13911 130 87 54 224 -2.20727 -2.20727 -2.52573
30.68619 4.50081 10.75000 131 87 54 224 -2.20727 -2.20727 -2.52573
35.25475 2.50561 10.75000 139 87 60 224 -2.20727 -2.20727 -2.52573
36.00000 5.29385 13.29186 127 83 61 224 -2.20727 -2.20727 -2.52573
35.66758 2.58592 10.75000 124 77 60 224 -2.20727 -2.20727 -2.52573
36.00000 4.13452 14.57919 127 88 53 224 -2.20727 -2.20727 -2.52573
36.00000 5.01476 15.49501 129 81 55 224 -2.20727 -2.20727 -2.52573
34.96916 0.11624 19.25000 134 89 55 224 -2.20727 -2.20727 -2.52573
28.81602 3.75149 10.75000 127 84 56 224 -2.20727 -2.20727 -2.52573
28.80000 6.61360 11.61048 134 88 56 224 -2.20727 -2.20727 -2.52573
36.00000 1.34325 18.77463 137 86 54 224 -2.20727 -2.20727 -2.52573
30.14350 6.30796 10.75000 123 82 53 224 -2.20727 -2.20727 -2.52573
30.38003 5.00044 10.75000 124 78 52 224 -2.20727 -2.20727 -2.52573
36.00000 2.29857 16.01445 137 83 60 224 -2.20727 -2.20727 -2.52573
36.00000 6.40999 15.45003 127 87 52 224 -2.20727 -2.20727 -2.52573
35.50847 2.56714 19.25000 123 84 60 224 -2.20727 -2.20727 -2.52573
36.00000 6.76902 16.67644 128 79 51 224 -2.20727 -2.20727 -2.52573
36.00000 1.26700 14.82287 138 84 59 224 -2.20727 -2.20727 -2.52573
33.72096 5.57607 10.75000 132 79 59 224 -2.20727 -2.20727 -2.52573
36.00000 6.66297 18.68351 126 84 57 224 -2.20727 -2.20727 -2.52573
28.80000 2.65350 18.86382 123 88 56 224 -2.20727 -2.20727 -2.52573
30.30030 4.06387 19.25000 142 83 57 224 -2.20727 -2.20727 -2.52573
36.00000 7.31379 16.63953 123 88 58 224 -2.20727 -2.20727 -2.52573
36.00000 2.71282 16.03929 134 81 61 224 -2.20727 -2.20727 -2.52573
34.10760 5.62767 10.75000 137 82 59 224 -2.20727 -2.20727 -2.52573
29.69313 2.85103 19.25000 123 85 59 224 -2.20727 -2.20727 -2.52573
32.37367 5.45912 10.75000 136 87 55 224 -2.20727 -2.20727 -2.52573
31.18973 6.88461 19.25000 129 80 59 224 -2.20727 -2.20727 -2.52573
33.87999 0.27776 10.75000 132 83 59 224 -2.20727 -2.20727 -2.52573
30.59247 1.23321 19.25000 139 79 56 224 -2.20727 -2.20727 -2.52573
28.80000 4.01698 10.82852 129 78 53 224 -2.20727 -2.20727 -2.52573
36.00000 4.81746 17.29058 136 86 54 224 -2.20727 -2.20727 -2.52573
30.18906 4.50599 10.75000 131 84 53 224 -2.20727 -2.20727 -2.52573
34.59541 4.75488 10.75000 137 85 54 224 -2.20727 -2.20727 -2.52573
30.85681 1.41020 19.25000 141 82 55 224 -2.20727 -2.20727 -2.52573
29.69086 7.10153 19.25000 142 83 52 224 -2.20727 -2.20727 -2.52573
28.80000 4.11374 13.43928 122 82 56 224 -2.20727 -2.20727 -2.52573
34.16906 2.95310 19.25000 136 88 57 224 -2.20727 -2.20727 -2.52573
36.00000 2.12227 17.53430 142 85 57 224 -2.20727 -2.20727 -2.52573
31.77002 6.34589 19.25000 138 84 54 224 -2.20727 -2.20727 -2.52573
35.49419 7.16775 19.25000 139 83 56 224 -2.20727 -2.20727 -2.52573
28.80000 2.87125 17.95358 138 83 59 224 -2.20727 -2.20727 -2.52573
36.00000 2.20420 11.71850 134 79 51 224 -2.20727 -2.20727 -2.52573
29.71181 6.82427 19.25000 122 76 56 224 -2.20727 -2.20727 -2.52573
34.72256 1.15923 10.75000 136 86 51 224 -2.20727 -2.20727 -2.52573
28.80000 3.94001 15.66443 140 85 52 224 -2.20727 -2.20727 -2.52573
29.39207 1.36904 10.75000 123 79 52 224 -2.20727 -2.20727 -2.52573
33.45279 3.59342 19.25000 133 83 57 224 -2.20727 -2.20727 -2.52573
29.47730 4.24384 19.25000 123 84 58 224 -2.20727 -2.20727 -2.52573
36.00000 6.97640 16.32212 137 88 59 224 -2.20727 -2.20727 -2.52573
32.07659 2.93871 19.25000 142 78 57 224 -2.20727 -2.20727 -2.52573
36.00000 2.06051 14.28609 127 87 58 224 -2.20727 -2.20727 -2.52573
28.80000 2.32665 17.39068 130 80 56 224 -2.20727 -2.20727 -2.52573
36.00000 5.34850 14.09880 139 80 53 224 -2.20727 -2.20727 -2.52573
31.72004 6.24403 10.75000 139 87 60 224 -2.20727 -2.20727 -2.52573
34.29298 0.11730 19.25000 134 84 52 224 -2.20727 -2.20727 -2.52573
36.00000 3.47195 13.26544 135 82 61 224 -2.20727 -2.20727 -2.52573
35.89305 1.46118 19.25000 139 82 60 224 -2.20727 -2.20727 -2.52573
33.13662 4.28233 10.75000 127 85 60 224 -2.20727 -2.20727 -2.52573
36.00000 2.96696 18.40499 140 82 53 224 -2.20727 -2.20727 -2.52573
36.00000 1.55393 17.05615 135 80 60 224 -2.20727 -2.20727 -2.52573
36.00000 4.22348 11.19937 135 81 58 224 -2.20727 -2.20727 -2.52573
28.80000 2.19786 12.63845 134 79 56 224 -2.20727 -2.20727 -2.52573
30.59700 5.31829 19.25000 135 83 55 224 -2.20727 -2.20727 -2.52573
28.83690 2.37314 10.75000 134 87 51 224 -2.20727 -2.20727 -2.52573
28.80000 2.29097 12.62197 133 78 54 224 -2.20727 -2.20727 -2.52573
34.22631 3.98394 10.75000 138 79 59 224 -2.20727 -2.20727 -2.52573
28.80000 3.92494 11.56774 135 86 60 224 -2.20727 -2.20727 -2.52573
28.80000 6.58650 13.71877 135 85 61 224 -2.20727 -2.20727 -2.52573
30.09659 3.42048 19.25000 125 83 59 224 -2.20727 -2.20727 -2.52573
36.00000 5.60137 16.86850 138 84 52 224 -2.20727 -2.20727 -2.52573
34.34850 6.05657 10.75000 128 83 59 224 -2.20727 -2.20727 -2.52573
31.36968 6.21295 19.25000 124 86 57 224 -2.20727 -2.20727 -2.52573
32.28594 4.78275 19.25000 123 89 51 224 -2.20727 -2.20727 -2.52573
35.43241 6.43905 19.25000 130 77 59 224 -2.20727 -2.20727 -2.52573
36.00000 2.06794 13.95926 141 83 52 224 -2.20727 -2.20727 -2.52573
36.00000 6.80003 19.21797 123 84 51 224 -2.20727 -2.20727 -2.52573
28.80000 2.36697 16.83395 140 86 55 224 -2.20727 -2.20727 -2.52573
28.85537 3.24593 10.75000 128 88 54 224 -2.20727 -2.20727 -2.52573
36.00000 0.94975 15.42093 140 79 59 224 -2.20727 -2.20727 -2.52573
28.80000 0.83101 12.13833 135 87 59 224 -2.20727 -2.20727 -2.52573
36.00000 4.98431 19.02466 139 87 60 224 -2.20727 -2.20727 -2.52573
36.00000 3.46146 13.12261 123 80 51 224 -2.20727 -2.20727 -2.52573
29.30172 4.81534 10.75000 130 80 60 224 -2.20727 -2.20727 -2.52573
28.80000 1.49857 14.10248 133 80 56 224 -2.20727 -2.20727 -2.52573
35.27054 4.77237 19.25000 123 86 51 224 -2.20727 -2.20727 -2.52573
36.00000 0.14921 11.94179 139 87 56 224 -2.20727 -2.20727 -2.52573
28.80000 3.66211 11.03450 131 86 54 224 -2.20727 -2.20727 -2.52573
30.24030 6.49946 10.75000 129 85 52 224 -2.20727 -2.20727 -2.52573
36.00000 0.74673 14.45160 138 88 51 224 -2.20727 -2.20727 -2.52573
36.00000 1.80389 12.64049 126 81 55 224 -2.20727 -2.20727 -2.52573
33.07029 3.35872 10.75000 122 78 56 224 -2.20727 -2.20727 -2.52573
36.00000 5.68335 15.86627 136 82 57 224 -2.20727 -2.20727 -2.52573
28.80000 2.04677 13.04583 134 88 51 224 -2.20727 -2.20727 -2.52573
34.51764 6.80580 10.75000 141 83 55 224 -2.20727 -2.20727 -2.52573
30.83265 1.81064 10.75000 134 79 53 224 -2.20727 -2.20727 -2.52573
33.25763 3.16913 10.75000 134 83 58 224 -2.20727 -2.20727 -2.52573
36.00000 1.25262 16.90983 134 88 52 224 -2.20727 -2.20727 -2.52573
36.00000 6.13281 17.55881 142 84 60 224 -2.20727 -2.20727 -2.52573
36.00000 2.08658 12.85860 135 83 54 224 -2.20727 -2.20727 -2.52573
36.00000 7.01824 12.51092 135 87 54 224 -2.20727 -2.20727 -2.52573
29.02746 5.31216 19.25000 139 81 53 224 -2.20727 -2.20727 -2.52573
29.55629 4.65678 10.75000 127 76 54 224 -2.20727 -2.20727 -2.52573
33.24514 2.79925 19.25000 131 76 51 224 -2.20727 -2.20727 -2.52573
36.00000 0.59500 15.24158 137 86 52 224 -2.20727 -2.20727 -2.52573
28.80000 3.59812 14.76689 127 79 59 224 -2.20727 -2.20727 -2.52573
28.80000 3.33057 15.75239 125 78 53 224 -2.20727 -2.20727 -2.52573
28.80000 7.11035 11.44804 127 81 54 224 -2.20727 -2.20727 -2.52573
28.80000 4.89423 14.83759 127 76 52 224 -2.20727 -2.20727 -2.52573
36.00000 1.55665 15.65514 130 88 55 224 -2.20727 -2.20727 -2.52573
34.02486 2.94369 19.25000 138 86 55 224 -2.20727 -2.20727 -2.52573
28.80000 7.31517 13.98787 142 78 56 224 -2.20727 -2.20727 -2.52573
28.80000 5.80458 12.00102 141 76 57 224 -2.20727 -2.20727 -2.52573
28.80000 1.93930 16.77762 124 77 56 224 -2.20727 -2.20727 -2.52573
35.68919 5.99696 19.25000 139 86 52 224 -2.20727 -2.20727 -2.52573
31.94342 7.03721 19.25000 137 86 59 224 -2.20727 -2.20727 -2.52573
35.64187 0.15046 19.25000 135 88 52 224 -2.20727 -2.20727 -2.52573
35.75314 4.15032 10.75000 123 88 58 224 -2.20727 -2.20727 -2.52573
28.80000 5.25778 14.67159 123 85 56 224 -2.20727 -2.20727 -2.52573
28.80000 3.38050 12.24373 142 88 59 224 -2.20727 -2.20727 -2.52573
31.74233 6.78756 19.25000 133 85 60 224 -2.20727 -2.20727 -2.52573
36.00000 5.45550 16.23225 133 78 59 224 -2.20727 -2.20727 -2.52573
28.80000 6.81115 13.44840 124 85 59 224 -2.20727 -2.20727 -2.52573
35.53846 0.34974 19.25000 136 86 52 224 -2.20727 -2.20727 -2.52573
28.80000 2.26088 14.84849 125 82 60 224 -2.20727 -2.20727 -2.52573
28.80000 3.86476 14.64587 139 85 58 224 -2.20727 -2.20727 -2.52573
28.80000 5.25650 11.32929 140 80 53 224 -2.20727 -2.20727 -2.52573
29.68625 2.26373 19.25000 134 84 53 224 -2.20727 -2.20727 -2.52573
32.75790 6.68260 19.25000 134 88 59 224 -2.20727 -2.20727 -2.52573
32.97976 3.95034 10.75000 136 85 58 224 -2.20727 -2.20727 -2.52573
35.25060 1.48625 19.25000 135 82 53 224 -2.20727 -2.20727 -2.52573
28.80000 6.69005 13.18308 139 76 59 224 -2.20727 -2.20727 -2.52573
35.82431 3.11660 10.75000 135 79 60 224 -2.20727 -2.20727 -2.52573
35.71832 4.66578 10.75000 124 80 52 224 -2.20727 -2.20727 -2.52573
32.80293 4.47979 19.25000 140 79 54 224 -2.20727 -2.20727 -2.52573
35.65014 0.74670 19.25000 134 81 52 224 -2.20727 -2.20727 -2.52573
28.80000 0.23045 17.49708 127 83 56 224 -2.20727 -2.20727 -2.52573
28.80000 1.94356 15.07173 127 86 55 224 -2.20727 -2.20727 -2.52573
28.80000 5.35335 13.94578 130 79 59 224 -2.20727 -2.20727 -2.52573
28.80000 4.24499 14.06207 137 83 51 224 -2.20727 -2.20727 -2.52573
36.00000 6.76479 10.77860 130 76 59 224 -2.20727 -2.20727 -2.52573
28.80000 0.84669 11.26558 128 87 52 224 -2.20727 -2.20727 -2.52573
33.65972 4.87715 10.75000 129 76 51 224 -2.20727 -2.20727 -2.52573
31.79225 6.66003 10.75000 125 89 55 224 -2.20727 -2.20727 -2.52573
35.08162 5.04120 19.25000 136 78 59 224 -2.20727 -2.20727 -2.52573
36.00000 4.10501 13.84773 141 88 54 224 -2.20727 -2.20727 -2.52573
28.80000 1.87935 15.91751 136 81 54 224 -2.20727 -2.20727 -2.52573
30.40128 2.88720 19.25000 132 77 53 224 -2.20727 -2.20727 -2.52573
28.80000 3.82541 13.98117 125 79 58 224 -2.20727 -2.20727 -2.52573
35.72914 3.64262 10.75000 124 77 54 224 -2.20727 -2.20727 -2.52573
36.00000 2.54877 16.77707 132 78 53 224 -2.20727 -2.20727 -2.52573
34.28417 5.16548 10.75000 126 87 59 224 -2.20727 -2.20727 -2.52573
36.00000 0.06332 16.09963 142 84 55 224 -2.20727 -2.20727 -2.52573
29.21999 4.89807 10.75000 133 89 57 224 -2.20727 -2.20727 -2.52573
28.80000 1.92349 11.51021 126 83 58 224 -2.20727 -2.20727 -2.52573
33.15276 0.43138 19.25000 126 81 51 224 -2.20727 -2.20727 -2.52573
34.11759 0.10907 19.25000 124 85 54 224 -2.20727 -2.20727 -2.52573
35.51039 1.82989 10.75000 128 82 55 224 -2.20727 -2.20727 -2.52573
35.34079 4.15346 10.75000 128 87 58 224 -2.20727 -2.20727 -2.52573
31.73036 3.02466 19.25000 132 84 59 224 -2.20727 -2.20727 -2.52573
36.00000 5.92602 12.58115 132 77 52 224 -2.20727 -2.20727 -2.52573
28.83560 5.04931 19.25000 125 87 53 224 -2.20727 -2.20727 -2.52573
36.00000 3.62862 17.71202 140 87 56 224 -2.20727 -2.20727 -2.52573
36.00000 6.66735 15.15855 136 87 59 224 -2.20727 -2.20727 -2.52573
36.00000 5.66006 15.81233 124 86 60 224 -2.20727 -2.20727 -2.52573
30.76647 0.09247 10.75000 131 78 52 224 -2.20727 -2.20727 -2.52573
34.44199 3.30555 19.25000 124 83 56 224 -2.20727 -2.20727 -2.52573
28.80000 1.47825 16.54977 133 85 53 224 -2.20727 -2.20727 -2.52573
29.67492 3.72130 10.75000 129 85 57 224 -2.20727 -2.20727 -2.52573
28.91109 1.09909 19.25000 130 84 60 224 -2.20727 -2.20727 -2.52573
36.00000 2.05549 19.19401 129 78 55 224 -2.20727 -2.20727 -2.52573
28.80000 5.28426 15.77835 134 77 57 224 -2.20727 -2.20727 -2.52573
36.00000 1.33218 10.75066 135 80 56 224 -2.20727 -2.20727 -2.52573
35.92545 6.51318 19.25000 138 87 58 224 -2.20727 -2.20727 -2.52573
36.00000 3.23644 15.47978 138 87 59 224 -2.20727 -2.20727 -2.52573
33.20032 2.83152 10.75000 126 78 51 224 -2.20727 -2.20727 -2.52573
36.00000 5.90745 14.61448 141 84 55 224 -2.20727 -2.20727 -2.52573
36.00000 6.94144 17.39783 135 85 51 224 -2.20727 -2.20727 -2.52573
33.75439 1.21467 10.75000 130 85 58 224 -2.20727 -2.20727 -2.52573
36.00000 6.50539 13.46248 130 81 51 224 -2.20727 -2.20727 -2.52573
28.80000 2.14554 15.88932 134 82 55 224 -2.20727 -2.20727 -2.52573
28.80000 3.65431 13.65102 140 85 51 224 -2.20727 -2.20727 -2.52573
28.80000 5.08616 12.25417 138 82 60 224 -2.20727 -2.20727 -2.52573
28.80000 4.46086 19.14883 128 81 58 224 -2.20727 -2.20727 -2.52573
32.25752 2.67824 10.75000 129 85 51 224 -2.20727 -2.20727 -2.52573
28.80000 6.34611 18.95937 137 89 59 224 -2.20727 -2.20727 -2.52573
34.45864 3.77887 10.75000 122 85 56 224 -2.20727 -2.20727 -2.52573
28.80000 7.15777 11.76835 133 83 60 224 -2.20727 -2.20727 -2.52573
28.80000 2.73733 15.89571 126 79 52 224 -2.20727 -2.20727 -2.52573
31.22846 3.32822 19.25000 133 78 57 224 -2.20727 -2.20727 -2.52573
28.80000 3.01914 17.72142 136 84 54 224 -2.20727 -2.20727 -2.52573
28.80000 0.01960 18.26537 137 79 53 224 -2.20727 -2.20727 -2.52573
28.80000 3.09102 11.20935 125 81 56 224 -2.20727 -2.20727 -2.52573
36.00000 1.72381 16.43626 141 87 53 224 -2.20727 -2.20727 -2.52573
36.00000 1.14812 11.98530 127 88 56 224 -2.20727 -2.20727 -2.52573
30.65567 0.73367 10.75000 137 82 52 224 -2.20727 -2.20727 -2.52573
28.80000 6.56976 18.97123 137 77 51 224 -2.20727 -2.20727 -2.52573
31.16137 4.83306 10.75000 135 87 52 224 -2.20727 -2.20727 -2.52573
33.08004 6.73706 19.25000 134 79 52 224 -2.20727 -2.20727 -2.52573
31.56034 4.39399 19.25000 137 88 51 224 -2.20727 -2.20727 -2.52573
28.80000 2.63911 12.53892 138 80 53 224 -2.20727 -2.20727 -2.52573
28.80000 4.09533 13.89590 127 81 55 224 -2.20727 -2.20727 -2.52573
28.80000 0.60228 14.47941 142 88 56 224 -2.20727 -2.20727 -2.52573
31.81078 2.45933 10.75000 141 78 59 224 -2.20727 -2.20727 -2.52573
36.00000 5.55872 13.41049 134 89 53 224 -2.20727 -2.20727 -2.52573
36.00000 3.93940 11.25555 133 83 56 224 -2.20727 -2.20727 -2.52573
36.00000 6.84607 18.63597 136 84 52 224 -2.20727 -2.20727 -2.52573
28.80000 6.93803 12.50557 138 86 52 224 -2.20727 -2.20727 -2.52573
28.80000 0.33062 14.49193 126 83 59 224 -2.20727 -2.20727 -2.52573
31.90888 3.55427 10.75000 141 82 57 224 -2.20727 -2.20727 -2.52573
36.00000 6.48127 17.97565 125 77 54 224 -2.20727 -2.20727 -2.52573
28.80000 0.01964 18.55962 142 86 56 224 -2.20727 -2.20727 -2.52573
32.13215 0.99930 19.25000 136 77 52 224 -2.20727 -2.20727 -2.52573
28.80000 0.67259 14.23597 122 80 60 224 -2.20727 -2.20727 -2.52573
29.36047 2.16442 19.25000 129 87 57 224 -2.20727 -2.20727 -2.52573
28.94532 6.80319 10.75000 131 78 60 224 -2.20727 -2.20727 -2.52573
34.33736 7.05068 19.25000 132 89 52 224 -2.20727 -2.20727 -2.52573
30.66442 6.16181 19.25000 123 82 60 224 -2.20727 -2.20727 -2.52573
28.80000 1.51981 12.61827 125 79 58 224 -2.20727 -2.20727 -2.52573
32.43532 1.18959 10.75000 136 76 57 224 -2.20727 -2.20727 -2.52573
36.00000 2.53891 18.71882 134 87 55 224 -2.20727 -2.20727 -2.52573
28.80000 6.04713 10.93656 127 78 53 224 -2.20727 -2.20727 -2.52573
35.96589 2.18131 10.75000 140 81 61 224 -2.20727 -2.20727 -2.52573
28.80000 7.06221 11.14496 135 87 58 224 -2.20727 -2.20727 -2.52573
36.00000 0.81765 15.38959 123 86 55 224 -2.20727 -2.20727 -2.52573
28.80000 0.80741 14.50200 122 83 53 224 -2.20727 -2.20727 -2.52573
36.00000 4.84406 15.98230 141 76 60 224 -2.20727 -2.20727 -2.52573
36.00000 0.31878 13.54778 123 85 52 224 -2.20727 -2.20727 -2.52573
31.46178 6.89314 19.25000 127 82 51 224 -2.20727 -2.20727 -2.52573
32.31762 1.94832 19.25000 130 86 56 224 -2.20727 -2.20727 -2.52573
36.00000 6.53967 11.73125 133 78 60 224 -2.20727 -2.20727 -2.52573
28.80000 1.06604 12.59190 142 84 56 224 -2.20727 -2.20727 -2.52573
28.80000 3.39871 14.06431 134 86 53 224 -2.20727 -2.20727 -2.52573
36.00000 0.78608 16.01459 130 83 51 224 -2.20727 -2.20727 -2.52573
36.00000 3.35877 11.25919 124 81 52 224 -2.20727 -2.20727 -2.52573
29.81852 0.50886 10.75000 132 81 60 224 -2.20727 -2.20727 -2.52573
30.45504 3.15765 10.75000 135 82 54 224 -2.20727 -2.20727 -2.52573
33.51702 4.26439 19.25000 136 88 60 224 -2.20727 -2.20727 -2.52573
33.04482 5.02447 19.25000 129 84 55 224 -2.20727 -2.20727 -2.52573
28.80000 2.16133 15.57408 124 87 51 224 -2.20727 -2.20727 -2.52573
36.00000 2.11922 17.99530 130 86 51 224 -2.20727 -2.20727 -2.52573
34.47521 1.83951 10.75000 124 76 58 224 -2.20727 -2.20727 -2.52573
28.80000 1.61853 10.85433 131 89 56 224 -2.20727 -2.20727 -2.52573
36.00000 4.71991 11.49477 125 77 55 224 -2.20727 -2.20727 -2.52573
35.27454 0.21331 10.75000 123 85 60 224 -2.20727 -2.20727 -2.52573
31.32733 5.61959 19.25000 126 76 52 224 -2.20727 -2.20727 -2.52573
36.00000 2.06402 16.40638 122 86 59 224 -2.20727 -2.20727 -2.52573
29.62813 2.37126 19.25000 139 88 59 224 -2.20727 -2.20727 -2.52573
35.55112 1.32594 10.75000 127 81 54 224 -2.20727 -2.20727 -2.52573
28.88334 4.06456 10.75000 127 77 56 224 -2.20727 -2.20727 -2.52573
34.29404 2.24230 19.25000 139 80 61 224 -2.20727 -2.20727 -2.52573
36.30098 7.64916 15.47894 25 28 30 234 -2.12026 -2.12026 -2.81341
32.75952 9.35169 13.70563 25 28 30 234 -2.12026 -2.12026 -2.81341
30.86173 8.79112 16.99108 25 28 30 234 -2.12026 -2.12026 -2.81341
30.61860 8.65339 14.44767 25 28 30 234 -2.12026 -2.12026 -2.81341
34.68732 8.43328 11.94142 25 28 30 234 -2.12026 -2.12026 -2.81341
33.99735 8.74716 12.56411 25 28 30 234 -2.12026 -2.12026 -2.81341
32.58363 9.44689 14.24174 25 28 30 234 -2.12026 -2.12026 -2.81341
34.27771 8.68294 10.27082 25 28 30 234 -2.12026 -2.12026 -2.81341
34.44665 8.52481 18.12445 25 28 30 234 -2.12026 -2.12026 -2.81341
32.97954 9.26024 12.16020 25 28 30 234 -2.12026 -2.12026 -2.81341
29.94118 8.29695 12.23691 25 28 30 234 -2.12026 -2.12026 -2.81341
34.85102 8.38128 17.94387 25 28 30 234 -2.12026 -2.12026 -2.81341
31.87557 9.24998 18.77293 25 28 30 234 -2.12026 -2.12026 -2.81341
36.15678 7.72259 11.67205 25 28 30 234 -2.12026 -2.12026 -2.81341
32.60007 9.35081 18.00846 25 28 30 234 -2.12026 -2.12026 -2.81341
35.08848 8.24507 18.93733 25 28 30 234 -2.12026 -2.12026 -2.81341
28.80159 7.77112 14.69329 25 28 30 234 -2.12026 -2.12026 -2.81341
35.35407 8.13375 16.43934 25 28 30 234 -2.12026 -2.12026 -2.81341
29.75080 8.26132 17.46869 25 28 30 234 -2.12026 -2.12026 -2.81341
32.70385 9.37582 16.67118 25 28 30 234 -2.12026 -2.12026 -2.81341
33.50357 8.91304 17.17393 25 28 30 234 -2.12026 -2.12026 -2.81341
30.36151 8.54152 16.89615 25 28 30 234 -2.12026 -2.12026 -2.81341
30.15406 8.40535 19.54485 25 28 30 234 -2.12026 -2.12026 -2.81341
31.75098 9.19320 10.30322 25 28 30 234 -2.12026 -2.12026 -2.81341
30.39310 8.56911 18.11714 25 28 30 234 -2.12026 -2.12026 -2.81341
30.80952 8.69074 16.70112 25 28 30 234 -2.12026 -2.12026 -2.81341
34.64405 8.46255 15.77788 25 28 30 234 -2.12026 -2.12026 -2.81341
28.25552 7.48636 12.91589 25 28 30 234 -2.12026 -2.12026 -2.81341
35.15823 8.09933 11.45146 25 28 30 234 -2.12026 -2.12026 -2.81341
34.85626 8.34849 11.06764 25 28 30 234 -2.12026 -2.12026 -2.81341
36.47285 7.54292 14.75639 25 28 30 234 -2.12026 -2.12026 -2.81341
36.35651 7.61934 17.70591 25 28 30 234 -2.12026 -2.12026 -2.81341
28.45320 7.56811 10.11433 25 28 30 234 -2.12026 -2.12026 -2.81341
32.40135 9.55757 10.94512 25 28 30 234 -2.12026 -2.12026 -2.81341
36.30618 7.65346 13.22455 25 28 30 234 -2.12026 -2.12026 -2.81341
35.12714 8.19266 13.03394 25 28 30 234 -2.12026 -2.12026 -2.81341
33.30023 9.09542 13.03460 25 28 30 234 -2.12026 -2.12026 -2.81341
29.78857 8.27929 11.78353 25 28 30 234 -2.12026 -2.12026 -2.81341
29.85334 8.27806 15.42979 25 28 30 234 -2.12026 -2.12026 -2.81341
30.10642 8.42975 13.16575 25 28 30 234 -2.12026 -2.12026 -2.81341
32.32574 9.50004 10.12643 25 28 30 234 -2.12026 -2.12026 -2.81341
31.50787 9.08209 11.67673 25 28 30 234 -2.12026 -2.12026 -2.81341
28.46767 7.60953 18.36020 25 28 30 234 -2.12026 -2.12026 -2.81341
32.19321 9.38963 11.10510 25 28 30 234 -2.12026 -2.12026 -2.81341
31.34879 8.94893 12.98642 25 28 30 234 -2.12026 -2.12026 -2.81341
28.61917 7.68166 17.56580 25 28 30 234 -2.12026 -2.12026 -2.81341
29.65507 8.24987 11.64813 25 28 30 234 -2.12026 -2.12026 -2.81341
34.10699 8.68096 16.58603 25 28 30 234 -2.12026 -2.12026 -2.81341
33.20778 9.11728 11.76809 25 28 30 234 -2.12026 -2.12026 -2.81341
33.05486 9.20168 14.43025 25 28 30 234 -2.12026 -2.12026 -2.81341
34.94653 8.28112 17.91420 25 28 30 234 -2.12026 -2.12026 -2.81341
36.41960 7.53649 16.51559 25 28 30 234 -2.12026 -2.12026 -2.81341
30.66447 8.60999 17.83977 25 28 30 234 -2.12026 -2.12026 -2.81341
31.33078 8.99730 15.43842 25 28 30 234 -2.12026 -2.12026 -2.81341
33.45173 8.99477 13.12948 25 28 30 234 -2.12026 -2.12026 -2.81341
34.25945 8.60679 19.24257 25 28 30 234 -2.12026 -2.12026 -2.81341
30.77991 8.77857 19.25588 25 28 30 234 -2.12026 -2.12026 -2.81341
30.75513 8.72739 10.94609 25 28 30 234 -2.12026 -2.12026 -2.81341
29.40468 8.05377 17.14118 25 28 30 234 -2.12026 -2.12026 -2.81341
28.86209 7.77013 16.46006 25 28 30 234 -2.12026 -2.12026 -2.81341
34.01439 8.73452 13.62153 25 28 30 234 -2.12026 -2.12026 -2.81341
30.52812 8.60137 16.38274 25 28 30 234 -2.12026 -2.12026 -2.81341
32.25526 9.53163 13.19662 25 28 30 234 -2.12026 -2.12026 -2.81341
35.55717 8.06631 18.28932 25 28 30 234 -2.12026 -2.12026 -2.81341
30.64310 8.67860 18.12126 25 28 30 234 -2.12026 -2.12026 -2.81341
29.05367 7.88975 19.26764 25 28 30 234 -2.12026 -2.12026 -2.81341
36.69068 7.42411 19.31681 25 28 30 234 -2.12026 -2.12026 -2.81341
33.75559 8.85221 13.74973 25 28 30 234 -2.12026 -2.12026 -2.81341
28.90561 7.78439 13.56906 25 28 30 234 -2.12026 -2.12026 -2.81341
32.76369 9.33910 13.39542 25 28 30 234 -2.12026 -2.12026 -2.81341
35.28909 8.10809 11.22056 25 28 30 234 -2.12026 -2.12026 -2.81341
31.33856 9.00133 19.25668 25 28 30 234 -2.12026 -2.12026 -2.81341
32.50378 9.43968 13.12451 25 28 30 234 -2.12026 -2.12026 -2.81341
33.17508 9.20007 15.61583 25 28 30 234 -2.12026 -2.12026 -2.81341
30.12207 8.36119 16.62669 25 28 30 234 -2.12026 -2.12026 -2.81341
31.45856 9.07191 12.55189 25 28 30 234 -2.12026 -2.12026 -2.81341
36.69557 7.50703 19.16417 25 28 30 234 -2.12026 -2.12026 -2.81341
28.83469 7.76457 18.79410 25 28 30 234 -2.12026 -2.12026 -2.81341
32.06498 9.39743 12.21818 25 28 30 234 -2.12026 -2.12026 -2.81341
33.90972 8.80162 10.71139 25 28 30 234 -2.12026 -2.12026 -2.81341
36.06012 7.74964 14.74398 25 28 30 234 -2.12026 -2.12026 -2.81341
35.19633 8.20268 12.56946 25 28 30 234 -2.12026 -2.12026 -2.81341
30.30203 8.51875 11.99924 25 28 30 234 -2.12026 -2.12026 -2.81341
35.98273 7.71661 10.61207 25 28 30 234 -2.12026 -2.12026 -2.81341
35.39063 8.09061 16.70330 25 28 30 234 -2.12026 -2.12026 -2.81341
32.76310 9.33475 19.59393 25 28 30 234 -2.12026 -2.12026 -2.81341
35.57970 7.94944 11.01705 25 28 30 234 -2.12026 -2.12026 -2.81341
30.96662 8.84332 10.96233 25 28 30 234 -2.12026 -2.12026 -2.81341
33.61570 8.90705 15.00252 25 28 30 234 -2.12026 -2.12026 -2.81341
32.28204 9.49646 19.06457 25 28 30 234 -2.12026 -2.12026 -2.81341
28.24466 7.45221 12.05045 25 28 30 234 -2.12026 -2.12026 -2.81341
35.79863 7.87487 13.85890 25 28 30 234 -2.12026 -2.12026 -2.81341
33.94763 8.78550 18.71209 25 28 30 234 -2.12026 -2.12026 -2.81341
28.98784 7.85372 10.19786 25 28 30 234 -2.12026 -2.12026 -2.81341
30.15535 8.45333 19.90012 25 28 30 234 -2.12026 -2.12026 -2.81341
29.92642 8.27107 16.71474 25 28 30 234 -2.12026 -2.12026 -2.81341
29.25818 7.95334 13.26348 25 28 30 234 -2.12026 -2.12026 -2.81341
34.44581 8.57419 11.30543 25 28 30 234 -2.12026 -2.12026 -2.81341
32.91335 9.27972 11.14971 25 28 30 234 -2.12026 -2.12026 -2.81341
32.48934 9.46780 18.51569 25 28 30 234 -2.12026 -2.12026 -2.81341
29.65071 8.18937 12.84989 25 28 30 234 -2.12026 -2.12026 -2.81341
32.20760 9.40433 15.30791 25 28 30 234 -2.12026 -2.12026 -2.81341
30.59341 8.65553 17.40953 25 28 30 234 -2.12026 -2.12026 -2.81341
33.23420 9.13156 16.95729 25 28 30 234 -2.12026 -2.12026 -2.81341
30.91595 8.83478 18.30532 25 28 30 234 -2.12026 -2.12026 -2.81341
35.71134 7.91294 17.73057 25 28 30 234 -2.12026 -2.12026 -2.81341
36.23537 7.64266 16.64565 25 28 30 234 -2.12026 -2.12026 -2.81341
29.35580 8.00914 19.05079 25 28 30 234 -2.12026 -2.12026 -2.81341
30.64868 8.72462 11.12843 25 28 30 234 -2.12026 -2.12026 -2.81341
34.52363 8.47636 18.96446 25 28 30 234 -2.12026 -2.12026 -2.81341
31.99539 9.32101 13.80263 25 28 30 234 -2.12026 -2.12026 -2.81341
29.71797 8.20886 16.89782 25 28 30 234 -2.12026 -2.12026 -2.81341
31.28497 9.04232 17.11090 25 28 30 234 -2.12026 -2.12026 -2.81341
29.75912 8.21121 18.48473 25 28 30 234 -2.12026 -2.12026 -2.81341
31.16862 8.86390 10.91100 25 28 30 234 -2.12026 -2.12026 -2.81341
30.72866 8.72860 11.05560 25 28 30 234 -2.12026 -2.12026 -2.81341
28.36670 7.56863 15.94438 25 28 30 234 -2.12026 -2.12026 -2.81341
28.75100 7.75048 11.72693 25 28 30 234 -2.12026 -2.12026 -2.81341
30.57898 8.61921 16.89246 25 28 30 234 -2.12026 -2.12026 -2.81341
30.54337 8.61403 18.92517 25 28 30 234 -2.12026 -2.12026 -2.81341
36.39093 7.59642 19.11726 25 28 30 234 -2.12026 -2.12026 -2.81341
36.52214 7.49110 10.99062 25 28 30 234 -2.12026 -2.12026 -2.81341
32.42829 9.52076 13.13388 25 28 30 234 -2.12026 -2.12026 -2.81341
28.81392 7.75659 14.85330 25 28 30 234 -2.12026 -2.12026 -2.81341
30.36596 8.52234 15.45271 25 28 30 234 -2.12026 -2.12026 -2.81341
28.33307 7.52616 10.26095 25 28 30 234 -2.12026 -2.12026 -2.81341
34.19253 8.66681 10.26716 25 28 30 234 -2.12026 -2.12026 -2.81341
32.45483 9.48045 18.95796 25 28 30 234 -2.12026 -2.12026 -2.81341
29.16227 7.91683 15.63869 25 28 30 234 -2.12026 -2.12026 -2.81341
32.56072 9.40778 15.88207 25 28 30 234 -2.12026 -2.12026 -2.81341
31.20468 8.89538 15.74037 25 28 30 234 -2.12026 -2.12026 -2.81341
33.96554 8.77501 16.50973 25 28 30 234 -2.12026 -2.12026 -2.81341
34.47935 8.50862 12.66532 25 28 30 234 -2.12026 -2.12026 -2.81341
29.62966 8.16493 16.58754 25 28 30 234 -2.12026 -2.12026 -2.81341
28.78277 7.76918 14.77594 25 28 30 234 -2.12026 -2.12026 -2.81341
31.52710 9.07388 11.01131 25 28 30 234 -2.12026 -2.12026 -2.81341
30.00555 8.31770 17.18878 25 28 30 234 -2.12026 -2.12026 -2.81341
30.44012 8.58126 12.44088 25 28 30 234 -2.12026 -2.12026 -2.81341
34.14577 8.64887 10.36448 25 28 30 234 -2.12026 -2.12026 -2.81341
35.94380 7.74406 12.90195 25 28 30 234 -2.12026 -2.12026 -2.81341
31.49974 9.06639 15.93874 25 28 30 234 -2.12026 -2.12026 -2.81341
29.07154 7.84206 12.27136 25 28 30 234 -2.12026 -2.12026 -2.81341
34.67324 8.40253 13.19765 25 28 30 234 -2.12026 -2.12026 -2.81341
32.00822 9.29674 12.08019 25 28 30 234 -2.12026 -2.12026 -2.81341
29.71411 8.24323 12.01564 25 28 30 234 -2.12026 -2.12026 -2.81341
34.59904 8.51713 18.83494 25 28 30 234 -2.12026 -2.12026 -2.81341
28.68884 7.75047 19.65370 25 28 30 234 -2.12026 -2.12026 -2.81341
34.23434 8.65873 17.78774 25 28 30 234 -2.12026 -2.12026 -2.81341
30.73375 8.73245 15.04001 25 28 30 234 -2.12026 -2.12026 -2.81341
32.83969 9.31852 14.52932 25 28 30 234 -2.12026 -2.12026 -2.81341
36.61240 7.43421 14.78901 25 28 30 234 -2.12026 -2.12026 -2.81341
31.51222 9.03360 19.24415 25 28 30 234 -2.12026 -2.12026 -2.81341
28.24358 7.46265 14.72638 25 28 30 234 -2.12026 -2.12026 -2.81341
32.25278 9.42178 17.24459 25 28 30 234 -2.12026 -2.12026 -2.81341
32.79284 9.29750 14.83736 25 28 30 234 -2.12026 -2.12026 -2.81341
34.47489 8.53872 11.30114 25 28 30 234 -2.12026 -2.12026 -2.81341
33.00664 9.18394 11.95103 25 28 30 234 -2.12026 -2.12026 -2.81341
31.07401 8.87723 10.41963 25 28 30 234 -2.12026 -2.12026 -2.81341
29.55142 8.16831 19.30997 25 28 30 234 -2.12026 -2.12026 -2.81341
29.88598 8.31212 14.77937 25 28 30 234 -2.12026 -2.12026 -2.81341
29.43070 8.12194 10.57924 25 28 30 234 -2.12026 -2.12026 -2.81341
32.72445 9.35423 12.14320 25 28 30 234 -2.12026 -2.12026 -2.81341
28.13231 7.48123 19.44137 25 28 30 234 -2.12026 -2.12026 -2.81341
29.64360 8.15642 14.85987 25 28 30 234 -2.12026 -2.12026 -2.81341
33.39825 9.04939 18.46109 25 28 30 234 -2.12026 -2.12026 -2.81341
29.51596 8.11935 16.55727 25 28 30 234 -2.12026 -2.12026 -2.81341
33.14964 9.11075 10.78010 25 28 30 234 -2.12026 -2.12026 -2.81341
29.91578 8.31270 18.51038 25 28 30 234 -2.12026 -2.12026 -2.81341
35.80594 7.86254 18.16031 25 28 30 234 -2.12026 -2.12026 -2.81341
30.21406 8.48347 18.09577 25 28 30 234 -2.12026 -2.12026 -2.81341
36.36933 7.59614 15.04040 25 28 30 234 -2.12026 -2.12026 -2.81341
28.39113 7.53852 14.61422 25 28 30 234 -2.12026 -2.12026 -2.81341
30.79475 8.75611 15.52284 25 28 30 234 -2.12026 -2.12026 -2.81341
32.12277 9.40102 12.43932 25 28 30 234 -2.12026 -2.12026 -2.81341
31.77827 9.23585 12.56695 25 28 30 234 -2.12026 -2.12026 -2.81341
29.24764 7.91899 10.21415 25 28 30 234 -2.12026 -2.12026 -2.81341
32.01114 9.29078 15.63161 25 28 30 234 -2.12026 -2.12026 -2.81341
29.66700 8.20965 11.01330 25 28 30 234 -2.12026 -2.12026 -2.81341
31.31638 9.01350 15.63290 25 28 30 234 -2.12026 -2.12026 -2.81341
36.28077 7.62622 18.26364 25 28 30 234 -2.12026 -2.12026 -2.81341
